:020000040800F2
:10E00000008002208D2B0208518D0208518D0208DC
:10E01000518D0208518D0208518D02080000000048
:10E02000000000000000000000000000E9E7010817
:10E03000518D0208000000008FE80108EFE8010898
:10E04000518D0208518D0208518D0208518D020830
:10E05000518D0208518D0208518D0208518D020820
:10E06000518D0208518D0208518D0208518D020810
:10E07000518D0208518D0208518D0208518D020800
:10E08000518D0208518D0208518D0208BDF801081A
:10E09000A9F70108518D0208C1F80108518D020845
:10E0A000518D0208518D0208518D0208518D0208D0
:10E0B000518D0208518D020800000000518D0208A8
:10E0C000518D0208518D0208518D0208518D0208B0
:10E0D000518D0208518D0208518D0208518D0208A0
:10E0E000518D0208518D0208000000000000000060
:10E0F0000000000000000000000000000000000020
:10E1000000000000518D020800000000518D02083F
:10E11000518D020800000000518D0208000000002F
:10E12000518D0208518D0208518D0208518D02084F
:10E13000518D0208518D0208518D02080000000027
:10E14000518D0208518D0208518D0208518D02082F
:10E15000518D0208518D0208518D0208518D02081F
:10E16000518D0208518D0208518D020800000000F7
:10E1700000000000518D02080000000000000000B7
:10E18000518D0208518D0208518D0208518D0208EF
:10E19000518D0208000000002DE9F04F85B0039179
:10E1A0000778A7F10903042B044607F07F0200F16A
:10E1B0000100F5D9202AF3D02B2F04BF677804463D
:10E1C0002D2F75D09FED427B8DED007B4FF0000829
:10E1D0004FF000099FB34FF0000C25464FF0000AA6
:10E1E000DFF8FCB0644619E017F08CFF80468946E2
:10E1F000304617F01DFF42464B4617F0CDFD524604
:10E20000804689465B46DDE900013CB318F0A4F87E
:10E21000CDE90001A44615F8017F7FB1A7F13006D2
:10E22000092E52465B4640464946DDD9CCB92E2FD1
:10E2300017D115F8017F0124002FEFD12C4642465B
:10E240004B46DDE9000117F05DFF80468946039BE0
:10E25000404649461C6005B0BDE8F08F4FF0010C08
:10E26000D9E72C46BCF1000F29D042464B46DDE9E8
:10E27000000117F047FF07F0DF07452F804689466A
:10E28000E5D10399681C0A221AF074FC144902466D
:10E29000002018F097FA02460B464046494617F010
:10E2A00031FF804689464046494605B0BDE8F08FBB
:10E2B0009FED097B67788DED007B013486E7DFF801
:10E2C00024904FF000084046494605B0BDE8F08F65
:10E2D000000000000000F03F000000000000F0BF60
:10E2E000000024400000F87F2DE9F0470023144689
:10E2F00000228046894618F077F928B109F10043D9
:10E3000099462D23237001340022002340464946BC
:10E3100018F060F928B13022002322706370BDE844
:10E32000F0874046494619F04DF818F09BF973A361
:10E33000D3E9002307464946404618F055F900281E
:10E340004ED170A3D3E900234046494618F06AF93C
:10E35000002845D10E2F07F1010540F3B980A7F140
:10E360000E0632460020624918F02CFA02460B468F
:10E370004046494617F0F0FF00225E4B17F00CFDB7
:10E3800018F05CFA002DA7F10F0E4FF0010C4DDDD7
:10E39000594FDFF87881012245F6F3294FF02E0A14
:10E3A000494508BF40454FF030030AD3B0EB0800A1
:10E3B00061EB0901494508BF404503F10103F5D26E
:10E3C000DBB2237050EA010304F101084AD19542FF
:10E3D00052DD0132102A4FD0444677E90289DFE747
:10E3E000002F33DB3A460020414918F0EBF9024692
:10E3F0000B464046494617F0AFFF3BA3D3E9002345
:10E4000080468946012500264046494617F07AFE97
:10E410000022384B17F0C0FC18F010FA002DBC4653
:10E420004FF0FF3E37464FF00006B1DC2346302266
:10E430004FF02E0803F8022B84F80180FC4345D0EE
:10E440001C4403F8012BA342FBD1A1E77A42002030
:10E45000274918F0B7F902460B464046494617F0DF
:10E4600051FECAE7954202F1010204BF84F801A0FF
:10E4700004F10208102AAFD16EB14246302102F8F1
:10E48000011BC2F1010373444344002BF7DC2EEA65
:10E49000EE7301339844BCF1010F12D0BCF1000FB0
:10E4A0004FF0650388F80030C5BF2B2388F8013092
:10E4B00008F1010108F102016046BDE8F0470CF0E7
:10E4C00003BC002388F80030BDE8F0871C465FE7F6
:10E4D000C7F10E020020064918F074F93E460246C4
:10E4E0000B46012790E700BF0000901EC4BCD64237
:10E4F000000024400000E03FF09402088DEDB5A03C
:10E50000F7C6B03E50EFE2D6E41A4B4400407A1012
:10E5100070B54FF0FF3006F0BFF804466FF07F4053
:10E5200006F0BAF80646204617F072FD00220C4BA2
:10E5300017F0E8FD044630460D4617F069FD06A3C6
:10E54000D3E9002317F008FF02460B462046294670
:10E5500017F022FC70BD00BF0000E0DFFFFF6F433B
:10E560000000F03D00000000294B70B50646186819
:10E570000D4609F041FA00283DDB08F0CFFF002EE0
:10E58000044639DD234B186817F052FD1EA3D3E96A
:10E59000002317F0B7FD0022002317F0FDFB18F051
:10E5A00061F8236820EAE071B1F5806FA8BF4FF4ED
:10E5B0008061DB682046984723681749D3F880308C
:10E5C00091FBF6F120469847002D14DDA5F11406C5
:10E5D000012EB8BF012630460DF04AF923682046C7
:10E5E000DB6800219847A81B0128B8BF0120BDE8BF
:10E5F00070400DF03DB970BD03680021DB68BDE8D7
:10E6000070401847AFF30080101010101010104029
:10E61000E40500200802002040420F000000000036
:10E6200038B5154B1B68002B04460CBF182005207D
:10E6300008F074FF0546204617F0FAFC0CA3D3E956
:10E64000002317F05FFD0022002317F0A5FB18F050
:10E6500009F82B6820EAE071B1F5007FDB68A8BFFC
:10E660004FF4007128469847044B1C6038BD00BF2A
:10E670001010101010100040E405002008020020C7
:10E6800030B52D4B8DB01A680092009A120205D455
:10E69000009A42F400020092009A1A60274A284B1E
:10E6A000126801921B6802930DF0A8FE17F0C0FCDF
:10E6B000CDE90401019B9BB20193029B9BB20293A3
:10E6C000DDE904011AA3D3E9002317F01BFD1D4B5C
:10E6D0000022CDE90401CDE906230298019BC01A6E
:10E6E00017F096FCCDE90801DDE90445019817F023
:10E6F0008FFC02460B462046294617F04BFBCDE91E
:10E700000A01DDE90601DDE90823DDE90A4517F024
:10E7100023FE22462B4617F0F5FC00220A4B17F089
:10E720003BFB17F0C7FF039003980DB030BD00BF4F
:10E730009A9999999999F13F08030450A875FF1F78
:10E74000CA75FF1F0000544000003E40000000005A
:10E750002DE9F04F2DED028B044683B0C06817F011
:10E7600067FC80462069894617F062FC8246606932
:10E770008B4617F05DFC024601F1004306460F464A
:10E780004046494618F0D2FC17F0B4FFE062054657
:10E7900018F084FB0190284618F034FB019B0546D5
:10E7A000184617F057FC42464B4617F0ABFC804624
:10E7B0002846894617F04EFC32463B4617F0A2FC2D
:10E7C00002460B464046494617F0E4FA02460B461D
:10E7D0005046594618F0AAFC17F08CFF002208EEAC
:10E7E000100A00233046394617F01CFF28B3B5EE57
:10E7F000C08AF1EE10FA1CDD11A7D7E9006718EE08
:10E80000100A17F027FC02460B463046394617F02F
:10E81000C1FA32463B4617F0BFFA17F06BFFA06211
:10E82000E38843F00203E38003B0BDEC028BBDE854
:10E83000F08F05A7D7E90067E1E784ED0A8AEFE7E3
:10E84000EA2E4454FB21F93FEA2E4454FB21F9BF40
:10E8500008B50DF009FDDFED0C7A07EE100A67EE42
:10E86000277A17EE900A17F0F5FB05A3D3E90023EA
:10E8700017F072FD17F0F6FE08BD00BFAFF3008081
:10E88000EA2E4454FB2119400000B443000000006C
:10E8900008B50DF0FDFCDFED0C7A07EE100A67EE0F
:10E8A000277A17EE900A17F0D5FB05A3D3E90023CA
:10E8B00017F052FD17F0D6FE08BD00BFAFF3008081
:10E8C000EA2E4454FB2119400000B443000000002C
:10E8D000494A21F0004393422DE9704304460D4616
:10E8E00049DC464A93420E460EDC3FA3D3E900239F
:10E8F00017F052FA0022424B17F094FE00284AD03B
:10E9000020462946BDE870833E4A934239DCB3F184
:10E91000804F40DD18F064F92246804689462B4638
:10E920002046294617F0EEFB0022354B17F034FA4B
:10E9300018F0F2FF42464B4617F02EFA02460B46FD
:10E9400000202F4917F008FD424604460D464B466D
:10E950004046494617F020FA02460B462046294613
:10E9600017F01AFA02F040F8002E08DC01F100431B
:10E970001946BDE8708302460B4617F00DFABDE854
:10E98000708318F02DF902F02FF819A3D3E90023B2
:10E9900017F002FAE8E722462B462046294617F0F0
:10E9A000B1FB804689462046294618F019F9002215
:10E9B00004460D46124B4046494617F0EDF918F053
:10E9C000ABFF00220E4B17F0E7F902460B4640461C
:10E9D000494617F0C1FC22462B4617F0DDF900F03E
:10E9E000A7FAC1E7AFF300809C7500883CE4377E4E
:10E9F000EF39FAFE422EE63FFFFFEF7FFFFF2F3E8B
:10EA00000000F03F0000B0412DE9F84FBE4B21F06F
:10EA100000469E4204460D468A460EDDBB4B9E4292
:10EA200000F3B18000F0AC80BAF1000F40F3EA804F
:10EA300099A1D1E90001BDE8F88FB54B9E4200F3E2
:10EA4000BA80A3F1DE739E4240F3A5804FF0FF3BF6
:10EA500022462B462046294617F054FB02460B4619
:10EA60008046894617F04EFB8DA3D3E90023064666
:10EA70000F4617F047FB8CA3D3E9002317F08CF95E
:10EA800032463B4617F03EFB89A3D3E9002317F03B
:10EA900083F932463B4617F035FB87A3D3E90023C1
:10EAA00017F07AF932463B4617F02CFB84A3D3E9E2
:10EAB000002317F071F932463B4617F023FB82A37F
:10EAC000D3E9002317F068F942464B4617F01AFBCA
:10EAD0007FA3D3E90023804689463046394617F0A4
:10EAE00011FB7DA3D3E9002317F054F932463B46CE
:10EAF00017F008FB7AA3D3E9002317F04BF932464D
:10EB00003B4617F0FFFA78A3D3E9002317F042F948
:10EB100032463B4617F0F6FA75A3D3E9002317F007
:10EB200039F932463B4617F0EDFA02460B464046AD
:10EB3000494617F031F922462B4617F0E3FABBF1AC
:10EB4000FF3F02460B4661D0724B734E4FEACB0B30
:10EB50005B44D3E9002317F01DF922462B4617F03A
:10EB600019F9B34402460B46DBE9000117F012F92C
:10EB7000BAF1000F0DDA01F100431946BDE8F88F34
:10EB800000283FF451AF22462B462046294617F075
:10EB900003F9BDE8F88F58A3D3E9002317F0FCF878
:10EBA00000225E4B17F03EFD00283FF44FAF204699
:10EBB0002946BDE8F88F18F013F8594B9E420446D9
:10EBC0000D4629DCA3F550239E424EDC02460B463F
:10EBD00017F0E2F80022514B17F0DCF8002206464D
:10EBE0000F464FF080432046294617F0D5F80246DD
:10EBF0000B463046394617F0AFFB4FF0000B04468A
:10EC00000D4625E73EA1D1E90001C2E7204629468D
:10EC100017F0C0F8BDE8F88F424B9E421ADC002284
:10EC2000414B17F0B7F8002206460F463E4B2046F0
:10EC3000294617F067FA0022384B17F0ADF8024664
:10EC40000B463046394617F087FB4FF0020B04465F
:10EC50000D46FDE602460B460020344917F07CFBCA
:10EC60004FF0030B04460D46F2E600222B4B17F043
:10EC700091F8002206460F46284B2046294617F0F9
:10EC80008BF802460B463046394617F065FB4FF0CD
:10EC9000010B04460D46DBE6182D4454FB21F93FD9
:10ECA00011DA22E33AAD903FEB0D76244B7BA93F7E
:10ECB000513DD0A0660DB13F6E204CC5CD45B73F4C
:10ECC000FF8300922449C23F0D5555555555D53FF8
:10ECD0002F6C6A2C44B4A2BF9AFDDE522DDEAD3FEC
:10ECE0006D9A74AFF2B0B33F711623FEC671BC3F8C
:10ECF000C4EB98999999C93F9C7500883CE4377E8C
:10ED0000182D4454FB21F9BFFFFF0F440000F07F92
:10ED1000FFFFDB3F18950208F89402080000F03F5F
:10ED2000FFFFF23FFF7F03400000F83F0000F0BF0D
:10ED30002DE9F041C1F30A57A7F2FF35132D024622
:10ED40000B460C468846064620DC002D4ADB364F33
:10ED50002F4101EA070C5CEA000C1CD030A3D3E978
:10ED6000002317F019F80022002317F05BFC48B1CC
:10ED7000002C04DD4FF4801343FA05F5A84428EA7B
:10ED80000704002621463046BDE8F081332D06DD1C
:10ED9000B5F5806F38D010461946BDE8F081A7F26E
:10EDA00013474FF0FF3C2CFA07F70742F3D01CA3A0
:10EDB000D3E9002316F0F0FF0022002317F032FC05
:10EDC0000028DFD0002C09DD142D22D00123C5F14D
:10EDD000340503FA05F5AE1928BF984426EA07065C
:10EDE0004446CFE70EA3D3E9002316F0D5FF002257
:10EDF000002317F017FC0028C4D0002C0CDB26439E
:10EE000005D00026094CBDE716F0C6FFC5E734461D
:10EE1000B8E704F10108E1E700264FF00044B1E74C
:10EE20009C7500883CE4377EFFFF0F000000F03F38
:10EE30002DE9F041C1F30A57A7F2FF35132D024621
:10EE40000B460C46884606461DDC002D3CDB364F43
:10EE50002F4101EA070C5CEA000C19D030A3D3E97A
:10EE6000002316F099FF0022002317F0DBFBC8B344
:10EE7000002C04DA4FF4801343FA05F5A84428EA7D
:10EE8000070400262EE0332D06DDB5F5806F2DD06A
:10EE900010461946BDE8F081A7F213474FF0FF3C3A
:10EEA0002CFA07F70742F3D01DA3D3E9002316F08D
:10EEB00073FF0022002317F0B5FB98B1002C21DB73
:10EEC00026EA070644460DE015A3D3E9002316F011
:10EED00063FF0022002317F0A5FB18B1002C08DB0C
:10EEE0000026344621463046BDE8F08116F054FF36
:10EEF000D0E724F000430D4A1E43002E18BF1446ED
:10EF00000026EFE7142D08D00123C5F1340503FADC
:10EF100005F5AE1928BF9844D2E704F10108CFE700
:10EF20009C7500883CE4377EFFFF0F000000F0BFB7
:10EF30002DE9F04FD84B994287B08046894643DD92
:10EF4000D64B99420E4600F3F480D54B994240F3DC
:10EF50002D819FEDBB7B8DED047B4FEA215A04464A
:10EF6000AAF2FF3ACF4BC6F313069E4246F07F55F6
:10EF700000F3128145F44015204629460022CA4B71
:10EF800016F008FF002204460D46C84B17F0BAF8E9
:10EF900022462B4617F0B6F8A046CDE90201A94655
:10EFA000CDE90001002E3AD1002200232046294657
:10EFB00017F010FB002800F01B81BAF1000F40F0A1
:10EFC000858100200021B8E0B94B21F000449C422B
:10EFD0000A460FDD0022B74B17F0FCFA002800F0BC
:10EFE000AF80002200230020B34917F0B5F907B025
:10EFF000BDE8F08FB14B9C4240F3AF80B04B1A4458
:10F000009A4240F2D3800022A84B17F07BF8424688
:10F010004B4617F077F8CDE900014FF0000A0022C7
:10F020004FF080434046494616F0B6FE02460B4676
:10F030004046494617F090F902460B4606460F46F1
:10F0400017F060F880A3D3E9002304460D4617F0BB
:10F0500059F87FA3D3E9002316F09EFE22462B46E3
:10F0600017F050F87CA3D3E9002316F095FE224652
:10F070002B4617F047F87AA3D3E9002316F08CFE4D
:10F0800022462B4617F03EF877A3D3E9002316F06B
:10F0900083FE22462B4617F035F875A3D3E90023EB
:10F0A00016F07AFE22462B4617F02CF872A3D3E90D
:10F0B000002316F071FE22462B4617F023F8DDE9F7
:10F0C000002316F069FE32463B4617F01BF8044653
:10F0D0000D46BAF1000F00F0A880504616F0A8FFC8
:10F0E00067A3D3E9002382468B4617F00BF866A38B
:10F0F000D3E9002306460F465046594617F002F85A
:10F10000DDE9042316F048FE22462B4616F044FEA5
:10F1100002460B46DDE9000116F03CFE42464B4636
:10F1200016F038FE02460B463046394616F032FEDF
:10F1300003E002460B4616F02FFE07B0BDE8F08F45
:10F1400042464B464046494616F024FE02460B46D0
:10F1500017F002F907B0BDE8F08F0022594B16F006
:10F160001BFE0022002317F05DFA10B1564B9C42A3
:10F1700062DD42464B464046494616F0C3FF002238
:10F180004A4B16F0BFFF02460B464046494616F072
:10F1900001FE07B0BDE8F08F45F40015C6F58016F6
:10F1A00020462946B6100AF1010AE7E600223E4B46
:10F1B0004046494616F0F0FD4FEA215AAAF2FF3ABE
:10F1C000BAF1000F04460D460E4640F3BD8042469C
:10F1D0004B4616F0DFFD02460B460020324916F082
:10F1E000D9FD22462B4617F0B7F8CDE90401B9E660
:10F1F00027A3D3E900232046294616F083FF0246C1
:10F200000B460020284916F0C5FDDDE9022316F063
:10F2100079FF06460F46BAF1000F75D102460B463C
:10F220002046294616F0B6FD87E702460B46DDE983
:10F23000000116F0AFFDA6E7404649467DE700BF56
:10F24000000000000000000044523EDF12F1C23F07
:10F250009FC678D0099AC33FDE03CB966446C73F6A
:10F26000AF788E1DC571CC3F599322942449D23F6B
:10F2700004FA97999999D93F935555555555E53FB6
:10F280000000E0FE422EE63F763C7935EF39EA3D5C
:10F29000555555555555E53F7982DA3FFFFFEF7FCC
:10F2A000FFFF3F439DA006000000F03F0000E03F4D
:10F2B000FFFFEF3F0000F0BF000050C3FFFF1F3E05
:10F2C0003C412D4000005043FFFF8F3C504616F05C
:10F2D000AFFE24A3D3E9002306460F4616F012FF23
:10F2E000DDE9042316F058FD20A3D3E900230446EA
:10F2F0000D463046394616F005FF02460B462046BD
:10F30000294616F049FD18E7504616F091FE17A35E
:10F31000D3E9002382468B4616F0F4FE11A3D3E90D
:10F320000023804689465046594616F0EBFEDDE93B
:10F33000042316F031FD02460B463046394616F0DE
:10F3400029FD22462B4674E70022054B16F022FDCC
:10F3500002460B464046494616F01CFD41E700BFF9
:10F360000000F03F763C7935EF39EA3D0000E0FEE1
:10F37000422EE63F0000000008B517F0A5FF04A3E9
:10F38000D3E9002316F0E8FF08BD00BFAFF300800B
:10F39000EF39FAFE422EE63F2DE9F043DFF8B48064
:10F3A0008BB004460D4601F0F7F898F900300133B0
:10F3B00006460F462CD022462B462046294617F0FB
:10F3C0003BF9814620BB2046294617F009FC1FA3C4
:10F3D000D3E9002317F026F9D0B1194A98F9003083
:10F3E000CDF820900321CDE90445CDE90245CDE9D2
:10F3F000001293B113490020022BCDE9060111D16F
:10F4000019F036FA22230360089B9BB9DDE90667F1
:10F41000304639460BB0BDE8F0830B4B4FF06042ED
:10F42000CDE90623684619F0ADF80028E8D0089B1E
:10F43000002BEBD019F01CFA089B0360E6E700BF35
:10F4400038AA02080000F07FFFFFEF477DF8B98F70
:10F45000CE338640060400202DE9F043DFF8E48037
:10F460008BB004460D4601F047F998F9003001339E
:10F4700006460F4633D02046294619F07DF870B372
:10F480002CA3D3E900232046294617F0CBF8814668
:10F4900050BB2AA3D3E900232046294617F0A4F83D
:10F4A000E8B198F90030204ACDF8209000200021E2
:10F4B0000426022BCDE90445CDE902450096CDE9AD
:10F4C0000601019229D0684619F05CF828B3089B20
:10F4D0001BB119F0CDF9089B0360DDE906673046E2
:10F4E00039460BB0BDE8F0830F4A98F9003001921D
:10F4F00003210022CDE90445CDE90245009108929F
:10F500002BB90A4B4FF06042CDE90623DBE70849EF
:10F510000020022BCDE90601D5D119F0A9F922234B
:10F520000360D4E7AFF3008040AA0208FFFFEF4773
:10F530000000F07FEF39FAFE422E864051302DD583
:10F54000104987C0060400202DE9F04FDFF82C9306
:10F550008DB006460F4614461D4601F09DFC99F9F4
:10F560000080B8F1FF3FCDE9000136D022462B469E
:10F570002046294617F060F8834670BB32463B466A
:10F580003046394617F058F88246002840F0A280ED
:10F59000304639460022002317F01CF810B3002231
:10F5A00000232046294617F015F88346002867D027
:10F5B0009FEDA77B0122AC4BCDF828A00292CDE9AC
:10F5C0000467CDE906458DED087B0393B8F1000F84
:10F5D00041D09FEDA17B8DED007BDDE900010DB0F9
:10F5E000BDE8F08FDDE9000118F0C6FF8046002875
:10F5F00000F08D804FF0000A4FF0000BDDE90001B4
:10F6000052465B4616F0E6FF0028E6D03046394603
:10F6100018F0B2FF0028E0D02046294618F0ACFFD1
:10F620000028DAD099F900308F4A03920421002291
:10F63000022BCDE90467CDE90645CDE908AB02917F
:10F640000A9203D002A818F09DFF50B919F010F9E2
:10F650002223036005E002A818F094FF002800F0C0
:10F660009B800A9B1BB119F003F90A9B03609DED77
:10F67000087B8DED007BDDE900010DB0BDE8F08F6A
:10F680002046294618F078FF0028A6D00022002343
:10F690002046294616F0A8FF00289ED0724A99F904
:10F6A0000030CDF828B00121CDE90467CDE9064549
:10F6B000CDE90212002B74D06C490020022BCDE959
:10F6C000080172D119F0D4F8212303600A9B002BA2
:10F6D000CDD0C8E7002200232046294616F07AFF45
:10F6E00000283FF47AAF624B5F49CDF828B0002282
:10F6F0000120B8F1020FCDE904670290CDE906457B
:10F70000CDE908230391A6D1CDE9002365E7304672
:10F71000394618F031FF00283FF46CAF20462946E7
:10F7200018F02AFF00283FF465AFDDE900231046FA
:10F73000194616F081FF99F900A000286BD1032328
:10F74000DFF824C10A902946204602930022494B43
:10F75000CDF80CC0CDE90645CDE9046716F0D2FC22
:10F7600004460D46BAF1000F25D1DFF814B14FF071
:10F77000604A0022002330463946CDE908AB16F036
:10F7800033FF38BB02A818F0FDFE00289ED119F007
:10F790006FF82223036099E719F06AF821230360C8
:10F7A0005FE79FED2B7B8DED087B02A818F0EAFE4A
:10F7B00000288BD186E79FED2A7B0022002330466C
:10F7C00039468DED087B16F00FFFA0B9BAF1020F94
:10F7D000DDD0D7E72046294618F0DCFE22462B462E
:10F7E00016F0F8FEA0B9244B99F900A04FF0604242
:10F7F000CDE90823EAE72046294618F0CBFE224649
:10F800002B4616F0E7FE18B9184B0022CDE9082365
:10F8100099F900A0DAE70122134BCDF82880029273
:10F82000CDE90467CDE906450393BAF1000FB8D0DE
:10F83000002200231046194616F08EFDBAF1020F81
:10F84000CDE908013FF43EAFAFE700BFAFF3008062
:10F850000000000000000000000000000000F03F79
:10F86000000000000000F07F58AA02080000F0FF2E
:10F870000000F03F0000E03FFFFFEFC7060400205C
:10F88000FFFFEF47000000002DE9F84FC44E21F0C4
:10F890000043B34204460D460DDD03F1404303F53A
:10F8A0008013034340F0B980002940F340810020D9
:10F8B0000021BDE8F88FBB4EB34208DCBA4A934240
:10F8C00000F3B5809CA1D1E90001BDE8F88F0029C3
:10F8D000C0F2708102460B460020B44916F05AFA75
:10F8E0000022B34B16F00EFC04460D4618F014F837
:10F8F00093A3D3E90023894680462946204616F083
:10F9000001FC91A3D3E9002316F046FA22462B46C8
:10F9100016F0F8FB8EA3D3E9002316F03BFA22463B
:10F920002B4616F0EFFB8CA3D3E9002316F034FA34
:10F9300022462B4616F0E6FB89A3D3E9002316F0F6
:10F9400029FA22462B4616F0DDFB87A3D3E90023D4
:10F9500016F022FA22462B4616F0D4FB84A3D3E9F4
:10F96000002382468B462046294616F0CBFB82A315
:10F97000D3E9002316F00EFA22462B4616F0C2FBFE
:10F980007FA3D3E9002316F007FA22462B4616F090
:10F99000B9FB7DA3D3E9002316F0FCF922462B46E0
:10F9A00016F0B0FB0022814B16F0F6F902460B462A
:10F9B0005046594616F0D0FC42464B4616F0A2FB84
:10F9C000002682468B4632464B463046494616F064
:10F9D00099FB02460B462046294616F0DBF93246D3
:10F9E00004460D464B464046494616F0D5F90246B8
:10F9F0000B462046294616F0AFFC02460B46504601
:10FA0000594616F0C9F932464B4616F0C5F902467A
:10FA10000B4616F0C1F9BDE8F88F02460B4616F00A
:10FA2000B9F902460B4616F097FCBDE8F88F02467E
:10FA30000B4616F067FB42A3D3E9002306460F46A8
:10FA400016F060FB40A3D3E9002316F0A5F9324677
:10FA50003B4616F057FB3EA3D3E9002316F09AF974
:10FA600032463B4616F04EFB3BA3D3E9002316F08B
:10FA700093F932463B4616F045FB39A3D3E9002300
:10FA800016F088F932463B4616F03CFB36A3D3E924
:10FA9000002316F081F932463B4616F033FB34A3BF
:10FAA000D3E90023804689463046394616F02AFBC2
:10FAB00031A3D3E9002316F06DF932463B4616F028
:10FAC00021FB2FA3D3E9002316F066F932463B460B
:10FAD00016F018FB2CA3D3E9002316F05BF932468D
:10FAE0003B4616F00FFB0022304B16F055F902464C
:10FAF0000B464046494616F02FFC22462B4616F090
:10FB000001FB02460B4622A1D1E9000116F042F9A1
:10FB100002460B462046294616F03CF902460B46A3
:10FB200005A1D1E9000116F035F9BDE8F88F1AA159
:10FB3000D1E9000179E700BF182D4454FB21F93FBA
:10FB400009F7FD0DE13D023F88B20175E0EF493F45
:10FB50003B8F68B52882A43F5544880E55C1C93FE4
:10FB60007D6FEB0312D6D43F555555555555C53FBE
:10FB700082922EB1C5B8B33F59018D1B6C06E63F8A
:10FB8000C88A599CE52A00404B2D8A1C273A03401D
:10FB9000075C143326A6913C182D4454FB210940E0
:10FBA000FFFFEF3FFFFFDF3F0000603C0000F03F42
:10FBB0000000E03F00225C4B16F0EEF800225B4BA9
:10FBC00016F0A0FA40A3D3E9002304460D4616F030
:10FBD00099FA3FA3D3E9002316F0DEF822462B461C
:10FBE00016F090FA3CA3D3E9002316F0D3F822468E
:10FBF0002B4616F087FA3AA3D3E9002316F0CCF887
:10FC000022462B4616F07EFA37A3D3E9002316F0DE
:10FC1000C1F822462B4616F075FA35A3D3E9002326
:10FC200016F0BAF822462B4616F06CFA8046894642
:10FC30002046294617F070FE2FA3D3E9002306467D
:10FC40000F462046294616F05DFA2DA3D3E900237E
:10FC500016F0A0F822462B4616F054FA2AA3D3E950
:10FC6000002316F099F822462B4616F04BFA28A3EB
:10FC7000D3E9002316F08EF822462B4616F042FAFE
:10FC80000022294B16F088F802460B4640464946AA
:10FC900016F062FB32463B4616F034FA1EA3D3E957
:10FCA000002316F077F832463B4616F075F8024608
:10FCB0000B4616F071F802460B4619A1D1E9000176
:10FCC00016F068F8B1E600BF09F7FD0DE13D023F0F
:10FCD00088B20175E0EF493F3B8F68B52882A43FA9
:10FCE0005544880E55C1C93F7D6FEB0312D6D43FF2
:10FCF000555555555555C53F82922EB1C5B8B33FA0
:10FD000059018D1B6C06E63FC88A599CE52A0040C4
:10FD10004B2D8A1C273A0340075C143326A6913CDE
:10FD2000182D4454FB2109400000F03F0000E03F43
:10FD3000414A91422DE9F84304460D4637DD3F4ADA
:10FD400091420B4608DD02F1795291423DDD0246B7
:10FD500016F022F8BDE8F88301F1404202F5801266
:10FD600002432ED0B1F1804F37DC0022344B16F025
:10FD700011F802460B4604460D4616F00DF82246D1
:10FD800006460F462B462046294616F0BBF902468A
:10FD90000B463046394615F0FFFF17F0BDFD2246F1
:10FDA0002B4615F0F9FFBDE8F843FFF7C1B802464E
:10FDB0000B4615F0EFFF02460B4616F0CDFABDE8F4
:10FDC000F88300200021BDE8F88300F00DFE18A3A1
:10FDD000D3E9002315F0E0FFF1E7024616F092F9AF
:10FDE0000022174B15F0D6FF17F096FD22468046ED
:10FDF00089462B462046294615F0CEFF2246064668
:10FE00000F462B464046494615F0C6FF02460B46B4
:10FE100000200B4916F0A0FA0B4602463946304640
:10FE200015F0B8FFBDE8F84300F0DEBDAFF3008089
:10FE3000EF39FAFE422EE63FFFFFEF3FFFFFAF41F3
:10FE40000000F03F000000002DE9F04FAE4B21F024
:10FE500000479F4287B004460D4611DD07F1404739
:10FE600007F5801703463B4321D002460B4615F0A9
:10FE700091FF02460B4616F06FFA07B0BDE8F08F0F
:10FE8000A24B9F420E4629DCB7F1795F80F2468192
:10FE900081A3D3E9002315F07FFF00229C4B16F0CD
:10FEA000C1FBD8B12046294607B0BDE8F08F7CA33E
:10FEB000D3E9002316F026F97BA3D3E900230646F5
:10FEC0000F462046294616F01DF902460B463046DD
:10FED000394615F061FF07B0BDE8F08F204629468E
:10FEE00016F07EFE02460B460020894915F052FFAF
:10FEF0000022884B16F006F96DA3D3E900230446CF
:10FF00000D4616F0FFF86CA3D3E9002315F044FF6B
:10FF100022462B4616F0F6F869A3D3E9002315F024
:10FF200039FF22462B4616F0EDF867A3D3E90023EC
:10FF300015F032FF22462B4616F0E4F864A3D3E90D
:10FF4000002315F027FF22462B4616F0DBF862A3AC
:10FF5000D3E9002315F020FF22462B4616F0D2F8F5
:10FF60005FA3D3E90023CDE900012046294616F01E
:10FF7000C9F85DA3D3E9002315F00CFF22462B46F8
:10FF800016F0C0F85AA3D3E9002315F005FF224666
:10FF90002B4616F0B7F858A3D3E9002315F0FAFE64
:10FFA00022462B4616F0AEF8594B002215F0F4FE0F
:10FFB00082468B4620462946CDE902AB17F0ACFCC1
:10FFC000554B9F428046894600F3198102460B46F5
:10FFD00015F0E2FEDDE90223CDE90401DDE90001CF
:10FFE00016F0BAF902460B46DDE9040116F08AF86C
:10FFF0004FF0000ACDE9000152464B4650464946B3
:020000040801F1
:1000000016F080F802460B462046294615F0C2FE3F
:10001000524604460D464B464046494615F0BCFE46
:1000200002460B462046294616F096F902460B4634
:1000300015F0B2FE02460B461BA1D1E9000115F0F6
:10004000A9FE02460B46DDE9000115F0A3FE52466B
:1000500004460D464B465046494615F09DFE024665
:100060000B4627A1D1E9000115F094FE02460B468C
:100070002046294615F08EFE02460B4620A1D1E906
:10008000000115F087FE002E3FF7F7AE01F10043A7
:100090001946F2E6AFF300809C7500883CE4377E99
:1000A000182D4454FB21F93F075C143326A6913CDC
:1000B00009F7FD0DE13D023F88B20175E0EF493FD0
:1000C0003B8F68B52882A43F5544880E55C1C93F6F
:1000D0007D6FEB0312D6D43F555555555555C53F49
:1000E00082922EB1C5B8B33F59018D1B6C06E63F15
:1000F000C88A599CE52A00404B2D8A1C273A0340A8
:10010000182D4454FB21E93FFFFFEF3FFFFFDF3F86
:100110000000F03F0000E03F3233EF3F02460B4665
:1001200015F0F0FF4BA3D3E9002306460F4615F068
:10013000E9FF4AA3D3E9002315F02EFE32463B46E1
:1001400015F0E0FF47A3D3E9002315F023FE324664
:100150003B4615F0D7FF45A3D3E9002315F01CFE5D
:1001600032463B4615F0CEFF42A3D3E9002315F0FB
:1001700011FE32463B4615F0C5FF40A3D3E90023EC
:1001800015F00AFE32463B4615F0BCFF3DA3D3E90D
:100190000023804689463046394615F0B3FF3BA31D
:1001A000D3E9002315F0F6FD32463B4615F0AAFFD1
:1001B00038A3D3E9002315F0EFFD32463B4615F096
:1001C000A1FF36A3D3E9002315F0E4FD32463B46F8
:1001D00015F098FF00221E4B15F0DEFD02460B467F
:1001E0004046494616F0B8F822462B4615F08AFFDD
:1001F00022462B4615F0D0FD07B0BDE8F08F5246E1
:100200005B46DDE9000116F0A7F842464B4615F0C3
:1002100079FF42464B4615F0BFFD02460B4615F0EE
:10022000BBFD07A3D3E9002315F0B4FD02460B463E
:1002300005A1D1E9000115F0ADFD24E7AFF3008081
:10024000075C143326A6913C182D4454FB21F93F3A
:100250000000F03F09F7FD0DE13D023F88B2017556
:10026000E0EF493F3B8F68B52882A43F5544880E94
:1002700055C1C93F7D6FEB0312D6D43F5555555537
:100280005555C53F82922EB1C5B8B33F59018D1B5C
:100290006C06E63FC88A599CE52A00404B2D8A1C13
:1002A000273A0340000000002DE9F84F1D46534255
:1002B000134325F00049DFF8C8C149EAD373634509
:1002C000144606460F4626D8C0F1000848EA000842
:1002D00021F0004A4AEAD878E04503468B461AD80E
:1002E00005F1404808F5801858EA0208AE4643D0A8
:1002F0004FEAA57808F002085AEA030348EAD178E1
:1003000011D1B8F1020F55D0B8F1030F09D14AA1AC
:10031000D1E9000105E032463B462046294615F06A
:100320003BFDBDE8F88F59EA020329D0E1452ED004
:10033000E24525D0AAEB09094FEA2959B9F13C0F4A
:100340003CDC002D3EDA19F13C0F3BDA00200021A5
:10035000B8F1010F4ED0B8F1020F3ED0B8F1000F46
:10036000DFD037A3D3E9002315F014FD36A3D3E97A
:10037000002315F00FFDD4E7BDE8F84FFEF744BBAE
:10038000BBF1000F12DB32A1D1E90001C9E7CA4578
:1003900034D0B8F1020F0DD0B8F1030FB7D0B8F1D7
:1003A000010F4FF0000036D00021BAE72AA1D1E9B1
:1003B0000001B6E724A1D1E90001B2E724A1D1E907
:1003C0000001C5E722462B463046394615F0C4FFEA
:1003D00016F006FCFEF718FBBAE719A3D3E90023D1
:1003E00015F0D8FC02460B4617A1D1E9000115F023
:1003F000D1FC96E701F10043194692E7B8F1020FEC
:1004000014D0B8F1030F0DD0B8F1010F06D014A12C
:10041000D1E9000185E74FF0004182E712A1D1E95F
:1004200000017EE712A1D1E900017AE712A1D1E92A
:10043000000176E7AFF30080182D4454FB2109C07A
:10044000075C143326A6A13C182D4454FB21094017
:10045000182D4454FB21F93F182D4454FB21F9BFBA
:10046000182D4454FB21E93F182D4454FB21E9BFCA
:10047000D221337F7CD902C0D221337F7CD9024084
:100480000000F07F0000000043422DE9F0470343E5
:1004900021F000463C4A46EAD373934204460D4697
:1004A0002AD8964240D0394B9E428A462EDD384BA0
:1004B0009E4235463FDD33460246314615F06CFC20
:1004C000224606460F462B4600202F4915F062FCB7
:1004D00002460B463046394615F03EFFFEF728FD32
:1004E00000222C4B15F00EFEBAF1000F0CDA01F1D0
:1004F00000431946BDE8F08702460B4615F04AFC5A
:1005000002460B4615F028FFBDE8F0871CA3D3E98F
:10051000002315F041FC0022002316F083F848B1B7
:1005200020462946BDE8F0870022002315F014FF7D
:10053000BDE8F087354622462B462046294615F071
:100540002BFC22462B4606460F4615F0DBFD2246C5
:10055000804689462B4600200B4915F01BFC0246BD
:100560000B464046494615F0F7FE32463B4615F02D
:1005700013FCFEF7DDFC0022064B15F0C3FDB3E7CC
:100580009C7500883CE4377E0000F03FFFFF2F3E63
:10059000FFFFDF3F0000E03F2DE9F8434E4B21F025
:1005A00000449C4206460F461BDC4C4B9C4222DD1D
:1005B0004B4B9C4254DD4B4B9C4246DD4A4B9C428C
:1005C0006FDD01339C4269D041A3D3E9002310467B
:1005D000194615F097FD06460F4630463946BDE8E8
:1005E000F88302460B4615F08DFD06460F46304651
:1005F0003946BDE8F88316F0F3FA02F04DFC00220C
:100600003A4B8046894615F0C7FBB4F1725F064647
:100610000F46ECDB42464B464046494615F072FD1C
:1006200032463B4604460D463046394615F0B4FB8B
:1006300002460B462046294615F08EFE00222B4B23
:1006400015F0AAFB06460F46D1E716F0C9FA00F0EE
:1006500053F80022264B15F055FD06460F46C6E717
:1006600016F0BEFA00F048F80022214B06460F466D
:1006700015F048FD324604460D463B4600201C4915
:1006800015F06AFE02460B462046294615F084FB0B
:1006900006460F4630463946BDE8F883154B98426A
:1006A00092D83046394616F09BFA0022104B15F0CE
:1006B00029FD00F021F8002204460D460C4B15F0F0
:1006C00021FD22462B4615F01DFD06460F468EE7FE
:1006D0009C7500883CE4377EFFFFEF7F422ED63FBB
:1006E000FFFF3540412E8640CD3386400000F03F6D
:1006F0000000E03F7DF8B98F2DE9F047B04F21F0C1
:100700000042BA4284B004460D464FEAD17610D971
:10071000AC4FBA4240F28A80C1F31303034302464E
:1007200040F0F180002E7ED00020002104B0BDE812
:10073000F087A54B9A4200F2B680A44B9A4240F251
:10074000D1804FF0000A22462B462046294615F05C
:10075000D9FC85A3D3E9002306460F4615F0D2FC49
:1007600083A3D3E9002315F015FB32463B4615F071
:10077000C9FC81A3D3E9002315F00EFB32463B46AA
:1007800015F0C0FC7EA3D3E9002315F003FB32462D
:100790003B4615F0B7FC7CA3D3E9002315F0FCFA27
:1007A00032463B4615F0AEFC02460B462046294633
:1007B00015F0F0FA02460B4606460F46204629463B
:1007C00015F0A0FC80468946BAF1000F00F0AB801E
:1007D00032463B4600204FF0804115F0DBFA0246DE
:1007E0000B464046494615F0B7FD02460B46DDE98B
:1007F000020115F0CFFADDE9002315F0CBFA0B4624
:1008000002467349002015F0C5FA6FF47F739A45CC
:1008100080F2A3800AF57A7A01EB0A5100224FF0A8
:10082000B87315F06FFC04B0BDE8F08758A3D3E9A6
:10083000002315F0F7FE00286BD157A3D3E900235E
:100840002046294615F0D0FE00287FF46DAF61499F
:1008500053A3D3E9002301EBC6062046294615F031
:1008600051FCD6E9002315F097FA15F0FBFE8246FD
:1008700015F0DEFB4CA3D3E9002306460F4615F026
:1008800041FC02460B462046294615F083FA48A350
:10089000D3E90023CDE900013046394615F032FC9A
:1008A000CDE9020115E04C4B9A42D0D84B4BF400F5
:1008B0002344D3E9002315F06DFA494B234493ED0B
:1008C000007BCDE900018DED027BC6F1010AAAEBA8
:1008D000060ADDE90223DDE9000115F05BFA0446B2
:1008E0000D4630E734A3D3E9002315F055FA002272
:1008F000374B15F097FEA8B3204629460022344B0B
:1009000015F04AFA8FE70B4615F046FA04B0BDE839
:10091000F08729A3D3E900231046194615F0F2FB0E
:1009200004B0BDE8F0873046394600224FF08043DE
:1009300015F030FA02460B464046494615F00CFDCC
:1009400022462B4615F026FA02460B460020204987
:1009500015F020FA04B0BDE8F08701EB0A5104B0AD
:10096000BDE8F0878246EEE6D0A4BE726937663EE7
:10097000F16BD2C541BDBB3E2CDE25AF6A56113F9F
:1009800093BDBE166CC1663F3E5555555555C53F86
:10099000EF39FAFE422E864051302DD5104987C0DE
:1009A000FE822B654715F73F0000E0FE422EE63F32
:1009B000763C7935EF39EA3D9C7500883CE4377E1A
:1009C000412E8640FFFFEF7F422ED63FFFFF2F3E96
:1009D0000000F03F38950208B1A2F03F48950208A8
:1009E00058950208000000002DE9F04FB1F5801F76
:1009F00085B006460F460B4680F2D08021F00042BB
:100A0000024300F0DA800029C0F2E9800022D64BD0
:100A100015F078FBD54A0B46934206460F466FF019
:100A2000350E00F3C180C3F3130505F5152C0CF644
:100A3000647C0CF4801C8CF07F5282F440121C15F4
:100A400042EA0507A4F2FF3474440022C84B304642
:100A5000394604EB1C5415F09DF9AB1CC3F313038A
:100A6000022B82468B464FF0000240F3AF804FF0DE
:100A7000804315F091F902460B465046594615F051
:100A80006BFC064620460F4615F0D2FA3246CDE9F9
:100A900002013B4630463946CDE9006715F032FB8E
:100AA00002460B468046894615F02CFB9AA3D3E9F3
:100AB000002306460F4615F025FB99A3D3E9002332
:100AC00015F06AF932463B4615F01CFB96A3D3E9B4
:100AD000002315F061F932463B4615F013FB94A351
:100AE000D3E9002315F058F942464B4615F00AFBAE
:100AF00091A3D3E90023804689463046394615F054
:100B000001FB8FA3D3E9002315F046F932463B469B
:100B100015F0F8FA8CA3D3E9002315F03DF932461D
:100B20003B4615F0EFFA0B4602464946404615F0A3
:100B300033F9A5F5C223C5F5D725A3F27A4351357C
:100B40001D43002D06460F4640F387800022894B47
:100B50005046594615F0D6FA52465B4615F0D2FA81
:100B600002460B46804689463046394615F014F950
:100B7000DDE9002315F0C6FA06460F46002C40F0CA
:100B8000818002460B464046494615F003F902466D
:100B90000B465046594615F0FDF80BE0734A934258
:100BA0004FF0000E7FF73FAF32463B4630463946A6
:100BB00015F0F2F805B0BDE8F08F00220023002008
:100BC0006D4915F0C9FB05B0BDE8F08F002315F0A5
:100BD00001FD60B1002C7CD100200021EAE7024633
:100BE00015F0D8F80022002315F0B6FBE2E758A371
:100BF000D3E900235046594615F084FA02460B46C5
:100C000000205C4915F0C6F8524606460F465B4682
:100C10005046594615F076FA02460B46304639469C
:100C200015F070FA06460F462CB3204615F000FA70
:100C300049A3D3E900238046894615F063FA48A307
:100C4000D3E9002304460D464046494615F05AFABA
:100C500002460B46304639462CE002460B465046CB
:100C6000594615F097F8DDE9002315F04BFA0646D2
:100C70000F46002C47D132463B465046594615F0A8
:100C800089F897E734A3D3E90023DDE9020115F0E1
:100C900039FA33A3D3E9002304460D46DDE9020106
:100CA00015F030FA32463B4615F076F802460B4610
:100CB0004046494615F06EF852465B4615F06AF814
:100CC00002460B462046294615F064F805B0BDE8FB
:100CD000F08F204615F0ACF91FA3D3E90023064698
:100CE0000F4615F00FFA1EA3D3E9002304460D4664
:100CF0003046394615F006FA02460B46204629468C
:100D000015F04AF856E7DDE9028913A3D3E9002379
:100D10004046494691E700BF44523EDF12F1C23FD0
:100D2000DE03CB966446C73F599322942449D23FB1
:100D3000935555555555E53F9FC678D0099AC33F01
:100D4000AF788E1DC571CC3F04FA97999999D93F18
:100D5000555555555555D53F0000E0FE422EE63F0E
:100D6000763C7935EF39EA3D00005043FFFFEF7FD5
:100D70000000F03F0000E03F000050C30000000012
:100D8000B1F5801F2DE9F84304460D460B4619DAEC
:100D900021F00042024359D000295FDB00223A4B88
:100DA00015F0B0F9394A0D462B46934204466FF0D0
:100DB00035010CDD22462B462046294614F0ECFF77
:100DC000BDE8F883314A93424FF00001F2DC181578
:100DD000A0F2FF3008444FEAD0794844C3F3130827
:100DE00015F026F9C9F57F73033348EA0355064623
:100DF0000F4620462946FFF7F7FD1DA3D3E9002340
:100E0000804689463046394615F07CF91AA3D3E965
:100E1000002304460D464046494615F073F9024644
:100E20000B462046294614F0B7FF15A3D3E900234B
:100E300004460D463046394615F064F902460B4625
:100E40002046294614F0A8FFBDE8F88300220023BD
:100E500000200F4915F080FABDE8F883024614F02F
:100E600099FF0022002315F077FAA9E7AFF300807D
:100E7000362BF111F3FE593D0EE526157BCBDB3FFA
:100E800000609F501344D33F00005043FFFFEF7FAB
:100E9000000050C3000000002DE9F04F23F0004592
:100EA00055EA020493B00DD06B4E21F00044B442D9
:100EB0000F4682460BDD04F1404404F5801454EAE9
:100EC0000A0350D16549002013B0BDE8F08F9B465E
:100ED000944647D0B542EEDC5F4EB5425DD0002F60
:100EE00080468946CDE900235BDB0026BCF1000F7C
:100EF0000ED1594B9D423FD0584B9D4200F0888007
:100F0000BBF1804F00F09C80554B9B4500F0B883AF
:100F10004046494615F064FEBAF1000F06D1002C98
:100F200059D04E4B27F040429A4254D0FF0F013F18
:100F300056EA070373D04B4B9D4240F39B8003F16D
:100F400004739D4240F33E84474B9C4272DDBBF1EB
:100F5000000F72DD3EA3D3E900231046194615F0B9
:100F6000D1F8B1E728B1414813B0BDE8F04F17F010
:100F70000BBBA542F7DCAFE704F1404303F5801358
:100F800053EA0A039ED0384B9C4240F38383BBF163
:100F9000000F52DBDDE9000196E7BCF1000F9ED0A7
:100FA00089E7334B9D4231DCA3F154739D429CDDB4
:100FB0002B15A3F2FF33142B40F3A583C3F13403A5
:100FC0002CFA03F202FA03F363458ED102F0010218
:100FD000C2F102068AE7BBF1000F05DA02460B46B2
:100FE00000201E4915F0B8F9002FBFF66DAF04F1CF
:100FF000404404F5801454EA060300F03F84012EB7
:101000007FF462AF01F1004319465DE702266DE708
:10101000BBF1000FC0F248834046494654E74246C0
:101020004B461046194614F0B5FE02460B4615F025
:1010300093F949E7BBF1000F8CDB0020002143E767
:1010400042464B464046494615F05CF83CE700BF37
:101050009C7500883CE4377E0000F07F0000F03F84
:101060000000E03F0000E041FFFFEF3F9CA80208C6
:10107000FFFF3F43B4F5801F80F261830022D24B13
:1010800015F040F86FF0340C0C462315CF4DC4F327
:101090001302A3F2FF3342F07F546344AA420B933E
:1010A00044F4401440F33F83C94B9A4240F3048414
:1010B0009FEDAF7B8DED087B8DED107B9FEDAE7BC3
:1010C0000B9B8DED067B01330B93A4F5801400255B
:1010D000DDE906232146824614F05CFEA346DDE9E5
:1010E00006238046894650462146CDE90CAB14F0D4
:1010F00053FE02460B460020B64915F02DF90A466C
:101100000146CDE90E12134649460246404614F008
:10111000F9FF631043F0005382468B4603F500232A
:101120008C46CDE904AB5919D3460023CDE902BC66
:101130000293DDE902AB002004460D4602460B4651
:101140005046594614F0DEFF02460B4640464946DB
:1011500014F020FEDDE90623804689462046294614
:1011600014F018FE02460B46DDE90C0114F012FEE5
:1011700052465B4614F0C6FF02460B4640464946BF
:1011800014F008FEDDE90E2314F0BCFFDDE9044590
:10119000CDE9060122462B462046294614F0B2FF2F
:1011A00077A3D3E9002304460D4614F0ABFF76A3E2
:1011B000D3E9002314F0F0FD22462B4614F0A2FFE1
:1011C00073A3D3E9002314F0E7FD22462B4614F065
:1011D00099FF71A3D3E9002314F0DEFD22462B46CC
:1011E00014F090FF6EA3D3E9002314F0D5FD22463E
:1011F0002B4614F087FF6CA3D3E9002314F0CCFD39
:101200002246804689462B462046294614F07AFF1E
:1012100002460B464046494614F074FF52460446C7
:101220000D465B46DDE9040114F0B6FDDDE9062359
:1012300014F068FF22462B4614F0AEFD524680465D
:1012400089465B465046594614F05CFF0022624BCB
:10125000CDE90C0114F0A0FD42464B4614F09CFD74
:1012600002980D46044622462B465046594614F035
:1012700049FF002282468B46574B2046294614F0F0
:1012800089FDDDE90C2314F085FD02460B4640463E
:10129000494614F07FFDDDE9042314F033FF2246B4
:1012A000804689462B46DDE9060114F02BFF0246F5
:1012B0000B464046494614F06FFD8046894602467B
:1012C0000B465046594614F067FD029838A3D3E9FF
:1012D000002304460D4614F015FF5246CDE90401E3
:1012E0005B462046294614F055FD02460B46404613
:1012F000494614F04FFD30A3D3E9002314F002FF58
:101300002FA3D3E90023804689462046294614F0BE
:10131000F9FE02460B464046494614F03DFDDDE924
:10132000102314F039FD80460B98894614F080FE96
:10133000424682468B464B46DDE9040114F02CFD03
:10134000DDE9082314F028FD52465B4614F024FD25
:10135000029852465B4604460D4614F01BFDDDE93B
:10136000082314F017FDDDE9042337E0AFF3008014
:101370000000000000000000000000000000F03F3E
:10138000EF4E454A287ECA3F65DBC9934A86CD3F6A
:1013900001411DA96074D13F4D268F515555D53F50
:1013A000FFAB6FDBB66DDB3F033333333333E33FE8
:1013B000000000E009C7EE3FFD033ADC09C7EE3F3D
:1013C000F5015B14E02F3EBE000040438E98030001
:1013D00079B60B000000F03F0000084014F0DAFC82
:1013E0000B4602464946404614F0D4FC013E56EAFC
:1013F000070382468B4600F05E819FEDD37B8DED27
:10140000047BDDE9001200230E461746CDE9026792
:101410000293DDE9026708463B461146324614F066
:10142000B9FC22462B4614F06DFEDDE90023804610
:1014300089465046594614F065FE02460B46404622
:10144000494614F0A9FC3246804689463B46204670
:101450002946CDE9008914F055FE0B4602460646A2
:101460000F464046494614F097FCD14B994204463A
:101470000D468A4640F3248101F13F4303F5E00322
:10148000034340F0FF81B2A3D3E90023DDE900016B
:1014900014F082FC3246804689463B462046294667
:1014A00014F078FC02460B464046494615F0BAF85F
:1014B000002840F0E781A8464FEA2853A3F2FE3205
:1014C0004FF4801313415344C3F30A52B94DA2F2AF
:1014D000FF321541C3F3130423EA05010020C2F1D2
:1014E000140B44F48014BAF1000F02460B4644FA80
:1014F0000BFB30463946B8BFCBF1000B14F04AFC69
:1015000006460F463246DDE900013B4614F044FC36
:101510004FEA0B5A0D4600248FA3D3E9002320463F
:10152000294614F0EFFD3246804689463B46204668
:10153000294614F02FFC02460B46DDE9000114F0A9
:1015400029FC87A3D3E9002314F0DCFD86A3D3E9AB
:10155000002306460F462046294614F0D3FD0246D6
:101560000B463046394614F017FC06460F46024635
:101570000B464046494614F00FFC42464B46044693
:101580000D4614F007FC02460B463046394614F06F
:1015900001FC2246804689462B462046294614F007
:1015A000B1FD73A3D3E9002306460F4614F0AAFD4C
:1015B00071A3D3E9002314F0EDFB32463B4614F04F
:1015C000A1FD6FA3D3E9002314F0E6FB32463B46AE
:1015D00014F098FD6CA3D3E9002314F0DBFB324632
:1015E0003B4614F08FFD6AA3D3E9002314F0D4FB2B
:1015F00032463B4614F086FD02460B4620462946FD
:1016000014F0C8FB06460F4602460B462046294604
:1016100014F078FD0022CDE900014FF08043304600
:10162000394614F0B7FB02460B46DDE9000114F021
:1016300093FE424606460F464B462046294614F086
:1016400061FD42464B4614F0A7FB02460B4630466E
:10165000394614F09FFB22462B4614F09BFB0246B2
:101660000B460020544914F095FB8A44BAF5801FBC
:10167000C0F232815146DDE9042314F043FD23E436
:10168000002FFFF645AC4046494613B0BDE8F04F89
:1016900016F042B9BBF1000FBFF6CFACDDE9003464
:1016A000184604F100410FE442464B4600204249EF
:1016B00014F052FE08E49FED387B8DED047BA0E62C
:1016C0003E4B21F00048984540F3EA803C4B0B44E8
:1016D00003430AD132463B4614F05CFBDDE90023AC
:1016E00014F096FF00283FF4E7AEDDE904012CA3D7
:1016F000D3E9002314F006FD29A3D3E9002314F055
:1017000001FDFFF7E1BBBCF1000F40F0D280C3F157
:10171000140345FA03F202FA03F3AB4200F0E0804F
:101720006646FFF7E9BB9FED207B8DED087B8DEDD5
:10173000107B9FED057B00258DED067BC8E44FF007
:10174000000CA2E4AFF30080000000000000F03FB6
:10175000FE822B654715973C00000000432EE63FB4
:10176000EF39FAFE422EE63F396CA80C615C20BED0
:10177000D0A4BE726937663EF16BD2C541BDBB3E97
:101780002CDE25AF6A56113F93BDBE166CC1663F75
:101790003E5555555555C53F000000000000F0BFAF
:1017A00059F3F8C21F6EA501000000000000000000
:1017B000FFFF8F40FFFF0F000000F03FFFCB904086
:1017C00000346F3F5A4B9C427FF734AC594B9C42DC
:1017D0003FF7BDAB0022574B14F0DCFA44A3D3E92A
:1017E000002304460D4614F08DFC43A3D3E90023E7
:1017F00082468B462046294614F084FC0022CDE91F
:1018000002014D4B2046294614F07CFC02460B4653
:101810003BA1D1E9000114F0BDFA22462B4614F099
:1018200071FC02460B460020444914F0B3FA2246EC
:10183000804689462B462046294614F063FC024622
:101840000B464046494614F05DFC2FA3D3E9002324
:1018500014F058FC02460B46DDE9020114F09AFA36
:1018600002460B46804689465046594614F094FA83
:10187000002004460D4652465B46AFE502460B4645
:10188000FFF7CFBBDDE9040121A3D3E9002314F066
:1018900039FC1FA3D3E9002314F034FCFFF714BB79
:1018A000264B98453FF708AEDDE902239246934662
:1018B00031E60026FFF72CBB9FED177B8DED087BF3
:1018C0009FED177B8DED107B9FED177B4FF48025EF
:1018D0008DED067BFFF7FCBB5A4601F029FDCAE6F9
:1018E00002F00102C2F10206FFF706BBAFF300806F
:1018F000000000604715F73F44DF5DF80BAE543E33
:10190000555555555555D53FFE822B654715F73F23
:101910009C7500883CE4377E0000004003B8E23F3D
:1019200006D0CF43EBFD4C3E000000000000F83F26
:10193000FEFFEF3F0000F03F0000D03F0000E03F1F
:101940002DE9F047CA4B21F000479F4290B08046F6
:10195000894640F38F80C74B9F420C46924626DC57
:101960000029B9A3D3E9002340F38F8014F012FAC1
:10197000C14B9F4204460D4600F04781B4A3D3E912
:10198000002314F007FA02460B46CAE9002320465A
:10199000294614F0FFF9AEA3D3E9002314F0FAF9B5
:1019A0000125CAE90201284610B0BDE8F087B34B13
:1019B0009F4240F38980B24B9F4200F31C813D154A
:1019C000A5F21645A7EB055319461F46064614F027
:1019D00049FE14F02DFB8046894642464B46304670
:1019E0003946CDE90A8914F0D5F90022A54B14F047
:1019F00089FB8946804614F035FE14F019FB064633
:101A00000F4632463B4640464946CDE90C6714F046
:101A1000C1F900229B4B14F075FB00220023CDE995
:101A20000E0114F0D7FD002800F06081002330463D
:101A30003946002214F0CEFD002814BF01230223F2
:101A4000914A019202212A4600910AA8514600F0CB
:101A500087FB002C054614DADAF80420DAF80C309B
:101A600002F1004203F100434542CAF80420CAF8DB
:101A70000C3006E000200021C2E90089C2E9020121
:101A80000025284610B0BDE8F08714F085F97A4BA0
:101A90009F4204460D4600F00B816DA3D3E900235D
:101AA00014F07AF902460B46CAE90023294620467B
:101AB00014F070F966A3D3E9002314F06DF94FF028
:101AC000FF35CAE90201DCE715F08AF862A3D3E921
:101AD00000238046894614F015FB00226B4B14F05E
:101AE0005BF914F0BFFD054614F0A2FA56A3D3E942
:101AF0000023CDE9060114F005FB02460B464046E3
:101B0000494614F047F952A3D3E900238046894699
:101B1000DDE90601CDE9028914F0F4FA1F2D024631
:101B20000B46CDE9042340F3B380DDE90423DDE96E
:101B3000020114F02FF9804689463F15C9F30A5374
:101B4000FB1A102B40F3B18045A3D3E90023DDE954
:101B5000060114F0D7FA8046894602460B46DDE9B5
:101B6000020114F017F902460B46DDE90201CDE946
:101B7000082314F00FF942464B4614F00BF93AA330
:101B8000D3E9002380468946DDE9060114F0BAFA5C
:101B900042464B4614F0FEF80B46CDE904010246DE
:101BA000DDE9080114F0F6F8C1F30A53FF1A312FEA
:101BB0008046894600F39C809DED087BCAE9008938
:101BC0008DED027B42464B46DDE9020114F0E2F85E
:101BD000DDE9042314F0DEF8002CCAE90201BFF6A7
:101BE00050AF09F1004401F100436D42CAE900849D
:101BF000CAE9020345E702460B4614F0CBF800257C
:101C0000CAE90201CAE900013BE715A3D3E90023B1
:101C100014F0C0F814A3D3E900230D46044614F0D1
:101C2000B9F802460B46CAE900232946204614F0BB
:101C3000B1F80DA3D3E9002314F0ACF80125CAE9EB
:101C400002011EE7AFF3008000004054FB21F93F82
:101C50003163621A61B4D03D83C8C96D305FE43F1F
:101C60000000601A61B4D03D7370032E8A19A33B43
:101C7000FB21E93F7BD90240FB21F93FFB213941A0
:101C8000FFFFEF7F00007041F4AA02080000E03F70
:101C90004046494614F07EF8394B6A1E804653F898
:101CA0002230BB4289463FF448AFCAE9008989E740
:101CB0002BA3D3E9002314F06FF82BA3D3E900235F
:101CC0000D46044614F068F802460B46CAE90023A4
:101CD0002946204614F05EF823A3D3E9002314F02C
:101CE0005BF84FF0FF35CAE90201CAE60323A7E615
:101CF0001FA3D3E90023DDE9060114F003FA064629
:101D00000F4602460B46DDE9080114F043F8804611
:101D1000894602460B46DDE90801CDE9028914F047
:101D200039F832463B4614F035F813A3D3E90023C3
:101D300006460F46DDE9060114F0E4F932463B465B
:101D400014F028F802460B4640464946CDE90423E4
:101D500014F020F880468946A7E700BFAFF3008063
:101D60000000601A61B4D03D7370032E8A19A33B42
:101D70000000002E8A19A33BC14920259A837B3994
:101D800074AA020800000000574A2DE9F84F21F01C
:101D90000048904506460F462CDC544B0029B4BF42
:101DA000534D544D98454FF0000411DC524B98456B
:101DB00026DC4BA3D3E9002313F0EEFF00224F4BA8
:101DC00014F030FC002840D030463946BDE8F88F8A
:101DD0004B4B984530DD4B4B984568DD01339845BA
:101DE00062D0304639463EA3D3E9002314F08AF985
:101DF000BDE8F88F02460B4613F0CEFFBDE8F88F22
:101E000014F0EEFE01F048F83F4B984506460F46A9
:101E100023DD0022394B13F0BFFF02460B4630464C
:101E2000394614F099FA32463B4613F0B5FF224684
:101E30002B4614F067F9E1E714F0D2FEFEF75CFCE4
:101E400022462B4614F05EF9D8E73046394614F0A6
:101E5000C7FE01F021F806460F4632463B463046A3
:101E6000394613F099FF324682468B463B46304650
:101E7000394614F047F90022804689461F4B304608
:101E8000394613F089FF02460B464046494614F096
:101E900063FA02460B465046594613F07BFF224632
:101EA0002B4614F02FF9A9E7184B984299D83046E1
:101EB000394614F095FE00220E4B14F023F9FEF77C
:101EC0001BFC06460F4602460B462046294614F0E8
:101ED00019F932463B4614F015F98FE7AFF300804D
:101EE0003374AC3C1F7BAC7FFFFFEF7FFFFF3540BF
:101EF0000000E0BF0000E03FFFFF2F3E0000F03F8A
:101F0000412E8640CD338640FFFFEF3F7DF8B98FED
:101F10002DE9F04F21F00048B8F1795F85B0064611
:101F20000F4692469B466BDA14F09CFB002800F0AB
:101F3000E18032463B463046394614F0E3F874A35C
:101F4000D3E9002304460D4614F0DCF872A3D3E96C
:101F5000002313F021FF22462B4614F0D3F870A380
:101F6000D3E9002313F016FF22462B4614F0CAF8DB
:101F70006DA3D3E9002313F00FFF22462B4614F084
:101F8000C1F86BA3D3E9002313F004FF22462B46CC
:101F900014F0B8F868A3D3E9002313F0FDFE22463D
:101FA0002B4614F0AFF8CDE900010022664B204625
:101FB000294614F0A7F8DDE900238046894620462B
:101FC000294614F09FF8524604460D465B463046BB
:101FD000394614F097F802460B462046294613F07E
:101FE000D9FE02460B464046494613F0D3FE024650
:101FF0000B460020554913F0CDFE05B0BDE8F08F2B
:1020000002460B4614F07EF841A3D3E900230446B0
:102010000D4614F077F840A3D3E9002313F0BCFE7B
:1020200022462B4614F06EF83DA3D3E9002313F0AB
:10203000B1FE22462B4614F065F83BA3D3E90023FA
:1020400013F0AAFE22462B4614F05CF838A3D3E91D
:10205000002313F09FFE22462B4614F053F836A3BC
:10206000D3E9002313F098FE2B46224614F04AF8D9
:10207000374B9845CDE9000197DD364B98453EDC5E
:10208000A8F500130022002030499046994613F02D
:1020900081FECDE9020100222B4B2046294614F097
:1020A00031F842464B4613F075FEDDE900238046C9
:1020B00089462046294614F025F8524604460D4626
:1020C0005B463046394614F01DF802460B46204662
:1020D000294613F05FFE02460B464046494613F080
:1020E00059FE02460B46DDE9020113F053FE05B02E
:1020F000BDE8F08F1549002005B0BDE8F08F9FEDD9
:10210000107B4FF000088DED027BDFF84C90C2E7AA
:10211000D43888BEE9FAA8BDC4B1B4BD9EEE213E54
:10212000AD529C804F7E923E9015CB19A001FA3E95
:102130007751C1166CC1563F4C5555555555A53F65
:10214000000000000000E73F0000E03F0000F03F1B
:102150003233D33F0000E93F0000D23F00000000CF
:102160002DE9F04FADF5197DBE4CA29EBE4D54F841
:1021700026600793D41E85FB0475E417C4EBA50401
:1021800024EAE4741D46631CA3EB8303013D02EBC8
:10219000C3030593731904960994019503900B9159
:1021A000A4EB05071AD43B44002400255E1C0DF166
:1021B0008008DDF88C9208E059F8270013F038FF0A
:1021C0000137B742E8E8020108D0002FF4DA0137FE
:1021D00020462946B742E8E80201F6D1049B002BCD
:1021E000079B4FEAC30302932ADB039A20A902EB61
:1021F000030801EB0309049B72AA02EBC30B0DF564
:10220000E07A019B002B4FF000064FF0000711DB36
:10221000039C4D4675E90223F4E8020113F072FFB6
:1022200002460B463046394613F0B6FD4445064695
:102230000F46EFD1EAE80267DA4509F10809E0D173
:10224000DDE90204049920448B0082460BA8A3F127
:102250000802C31808930CAB13440A938B4698AB3F
:1022600003EBCB03BBF1000F53E9284529DD70AB2D
:1022700003EBCB080DF1300900227C4B20462946A8
:1022800013F040FF14F0EEF913F0D2FE0022784B69
:1022900006460F4613F036FF02460B4620462946F7
:1022A00013F078FD14F0DEF978E9022349F8040B05
:1022B0003946304613F070FD70AB984504460D4624
:1022C000DAD1DDF81490204629464A4601F030F86C
:1022D00000224FF07F5304460D4613F013FFFCF726
:1022E000A7FD0022634B13F00DFF02460B4620466C
:1022F000294613F04FFD0D46044614F0B3F980460D
:1023000013F096FE0B4602462946204613F042FD86
:102310004B46002B06460F4640F3E1800BF1FF329F
:102320000CA9C9F1180351F8225045FA03F101FA3A
:1023300003F30CA8EB1A40F82230C9F117058844C2
:1023400043FA05F5002D2CDDBBF1000F08F1010863
:1023500040F381820C9C002C40F0A780BBF1010F60
:102360000AD00CA9012251F8044F531C002C40F054
:102370009E809B451A46F6D1059B002B0EDD012B56
:1023800000F0D980022B09D10BF1FF320CAB0CA964
:1023900053F82230C3F3150341F82230022D00F028
:1023A000AF80002200233046394614F013F900288C
:1023B00000F05382049B0BF1FF394B4510DC0BF10D
:1023C00080430CAA013B089802EB8303002253F8D8
:1023D0000419834242EA0102F9D1002A40F0B68092
:1023E000049B0CAA013B52F82330002B40F0A18043
:1023F0000A9A012352F8041901330029FAD05B44E8
:102400000BF10109994506934CDC099A079909EBF0
:10241000020801EB0B0508F1804802EB030BA39BBC
:1024200008F1FF3803EB880870AB03EBC909A39BE5
:1024300020A903EB8B0301EBC505029358F8040FA9
:1024400013F0F6FD0B4601990246002905F1080B31
:10245000C5E900234FF000064FF000071CDB039C8A
:102460000CE000BF94AF0208ABAAAA2A0000703E9D
:10247000000070410000204075E90223F4E80201E9
:1024800013F040FE02460B463046394613F084FCFA
:10249000544506460F46EFD1029B9845E9E802678E
:1024A0005D46CBD1DDF818B0D9E6012300220CA996
:1024B000C4F180749B4541F822400EDD51F8232081
:1024C00001EB8B0001EB83036FF07F4100E01A68A2
:1024D0008A1A43F8042B8342F9D101244CE706D130
:1024E0000BF1FF330CAA52F82350ED152AE7002216
:1024F0007B4B14F08DF8002840F0A381054650E78F
:1025000032463B460020774913F044FC06460F460E
:10251000002C3FF446AF059A7249002000F008FFF6
:1025200002460B463046394613F034FC06460F4649
:1025300037E7012363E70BF1FF320CAB0CA953F82B
:102540002230C3F3160341F8223027E70CAB059A7B
:1025500053F82930183ACDE9068505926BB909F18F
:102560008043013B0CA901EB830353F8041909F1E3
:10257000FF39183A0029F8D00592059A59490020E8
:1025800000F0D6FEB9F1000F04460D46C0F2C0813E
:102590004FEAC90370AA02EB030808930CAB03EBE4
:1025A0008906DFF844B14FF0000A08F10807043645
:1025B00056F8040D13F03CFD22462B4613F0A2FD05
:1025C0005B4667E9020152462046294613F09AFD10
:1025D0000CAB9E4204460D46EAD148AB03930193EF
:1025E000CDF8149009F10103DDF810900293C34671
:1025F0004FF0000AB9F1000FC0F22A81DFF8EC8039
:102600005D4635A3D3E9002300260027002403E01C
:10261000544510DCF8E80223F5E8020113F072FDDE
:1026200002460B463046394613F0B6FB0134A1454D
:1026300006460F46ECDA019BE3E802670193029B32
:102640000AF1010A9A45ABF1080BD3D1A29BDDF840
:102650001490032B39D8DFE813F0D90006000600E8
:102660004D0048AB0393B9F1000F4FF000004FF05D
:10267000000109DB039D05EBC904083474E902235A
:1026800013F08AFBA542F9D1079B002B40F01E8175
:102690000B9BC3E900010B4603990246D1E90001F7
:1026A00013F078FBB9F1000F0CDD4AAD01240134C1
:1026B000F5E8022313F070FBA145F8DA079B002B25
:1026C00040F014810B9BC3E90201069B03F0070055
:1026D0000DF5197DBDE8F08F00000040FB21F93FAA
:1026E0000000E03F0000F03F0000703E80950208CF
:1026F00048AB0393B9F1000F40F32781039ACDF85B
:1027000010904FEAC9030193D318D3E900AB09F144
:102710000053013B02EBC9080293914678E9026736
:1027200052465B463046394613F036FB04460D46AA
:1027300002460B463046394613F02CFB52465B46A8
:1027400013F02AFBC145A246AB46C8E90201C8E91D
:102750000045E3D1DDF81090B9F1010F40F3F580A9
:10276000019B039A02991344C900D3E9006701F160
:10277000080A019192440DF5947B7AE90289324668
:102780003B464046494613F007FB04460D460246C9
:102790000B464046494613F0FDFA32463B4613F0DD
:1027A000FBFAD34526462F46CAE90201CAE900458D
:1027B000E3D1019C039B1034002000211C4403F151
:1027C000100574E9022313F0E7FAA542F9D1039C3E
:1027D000079ED4E90023D4E90245002E00F08A8048
:1027E00003F1004701F100430B99C1E90403069B83
:1027F0002646944605F1004403F00700C1E900C7EE
:10280000C1E902640DF5197DBDE8F08F089C039DB8
:102810000834002000212C4474E9022313F0BCFA90
:10282000A542F9D1079B13B101F1004319460B9B57
:10283000C3E90001069B03F007000DF5197DBDE813
:10284000F08FBBF1000F08F1010874DD022581E56E
:1028500000260027EFE600248EE5CDE90685059DDC
:10286000304639466A4200F063FD0022384B064686
:102870000F4613F0CDFE00B30022364B30463946EA
:1028800013F040FC13F0EEFE044613F0D1FB0022DF
:102890002F4B13F037FC0B4602463946304613F0F7
:1028A00079FA13F0DFFE0BF101090CAB183543F890
:1028B0002B00059543F829405FE63046394613F072
:1028C000D1FE0CABD94643F82B0056E60B9C01F128
:1028D0000043C4E900030B4603990246D1E9000115
:1028E00013F058FAB9F1000F3FF7DFAE01F10043E2
:1028F0001946E7E60B9EC6E90023069BC6E90401DC
:1029000003F00700C6E902450DF5197DBDE8F08F1B
:10291000A29B032B3FF6D9AE01A252F823F000BFD1
:10292000312901086326010863260108F126010800
:102930000020002176E732463B460020064913F08E
:1029400029FA022506460F462BE5002000213EE726
:10295000000070410000703E0000F03F00000000E9
:102960002DE9F04F21F00046B6F1795F85B00446BD
:102970000D469046994604DA13F074FE002800F0E4
:10298000858022462B462046294613F0BBFB06468F
:102990000F4602460B462046294613F0B3FB41A3DF
:1029A000D3E9002382468B463046394613F0AAFB12
:1029B0003EA3D3E9002313F0EDF932463B4613F072
:1029C000A1FB3CA3D3E9002313F0E6F932463B46D2
:1029D00013F098FB39A3D3E9002313F0DBF9324657
:1029E0003B4613F08FFB37A3D3E9002313F0D4F950
:1029F0000E9BCDE900019BB30022294B404649467E
:102A000013F080FBDDE90023CDE902015046594671
:102A100013F078FB02460B46DDE9020113F0BAF928
:102A200032463B4613F06EFB42464B4613F0B2F97A
:102A300019A3D3E9002306460F465046594613F022
:102A400061FB02460B463046394613F0A5F90246B3
:102A50000B462046294613F09DF905B0BDE8F08FDE
:102A600002460B463046394613F04CFB0AA3D3E925
:102A7000002313F08FF952465B4613F043FB2246C6
:102A80002B4613F089F905B0BDE8F08F20462946A2
:102A900005B0BDE8F08F00BF495555555555C53FA8
:102AA0000000E03F7CD5CF5A3AD9E53DEB9C2B8A1C
:102AB000E6E55A3E7DFEB157E31DC73ED561C1191B
:102AC000A0012A3FA6F810111111813F000000005B
:102AD0002DE9F04FC04C21F0004687B0A642824657
:102AE0008B460F46CDE900231ADC13F0BBFD00280E
:102AF0003FD1109B524601331343334300F0B7815B
:102B0000109B012B00F0C0815B460020B34913F0FD
:102B100023FC04460D462046294607B0BDE8F08F49
:102B2000AF4B9E4225DD002909DADDE9004522464A
:102B300005F10043CDE900230BF100418B465246DD
:102B40005B4685A1D1E9000113F024F9DDE90023FA
:102B500004460D4682A1D1E9000113F01BF99FED57
:102B6000827B22462B468DED007B13F015F98246C1
:102B70008B4652465B465046594613F0C3FA02460E
:102B80000B468046894613F0BDFA424604460D4680
:102B90004B465046594613F0B5FA75A3D3E90023C6
:102BA000CDE902012046294613F0ACFA72A3D3E91D
:102BB000002313F0F1F822462B4613F0A3FA70A37A
:102BC000D3E9002313F0E8F822462B4613F09AFAD3
:102BD0006DA3D3E9002313F0DFF822462B4613F050
:102BE00091FA6BA3D3E9002313F0D6F822462B46C3
:102BF00013F088FA68A3D3E9002313F0CDF8424616
:102C00004B4613F07FFA66A3D3E90023CDE9040114
:102C10002046294613F076FA63A3D3E9002313F084
:102C2000BBF822462B4613F06DFA61A3D3E90023CB
:102C300013F0B2F822462B4613F064FA5EA3D3E9F0
:102C4000002313F0A9F822462B4613F05BFA5CA38D
:102C5000D3E9002313F0A0F822462B4613F052FAD2
:102C600059A3D3E9002313F097F802460B46DDE998
:102C7000040113F091F8DDE9022313F043FADDE9D2
:102C8000004522462B4613F087F842464B4613F088
:102C900039FA22462B4613F07FF84DA3D3E90023DF
:102CA00004460D46DDE9020113F02CFA22462B46BC
:102CB00013F072F80B460246804689465046594644
:102CC00013F06AF8464B9E4204460D4600F38C8092
:102CD000109B012B3BD002460B4600203F4913F0CE
:102CE0003BFB002406460F462046294652465B46DB
:102CF000CDE90067CDE90201009413F04BF8DDE95E
:102D000000AB02460B464046494613F043F8524694
:102D10005B4613F0F7F9524604460D465B46DDE983
:102D2000020113F0EFF900222E4B13F035F80246A2
:102D30000B462046294613F02FF832463B4613F047
:102D4000E1F952465B4613F027F804460D4620464B
:102D5000294607B0BDE8F08F182D4454FB21E93F08
:102D6000075C143326A6813C000000000000000030
:102D7000D47ABF74702AFB3EE9A7F0320FB8123F35
:102D800068108D1AF726303F1583E0FEC8DB573FE9
:102D900093846EE9E326823FFE41B31BBAA1AB3FA9
:102DA000735360DBCB75F3BEA69237A0887E143FC9
:102DB0000165F2F2D844433F280356C9226D6D3FA6
:102DC00037D60684F464963F7AFE10111111C13F84
:102DD000635555555555D53FFFFF2F3E0000F0BFB9
:102DE0002794E53F0000F03F109813F021F92246A8
:102DF000CDE900012B462046294613F083F9DDE991
:102E00000023CDE902012046294612F0C5FF024603
:102E10000B46DDE9020113F09FFA42464B4612F0E1
:102E2000B9FF02460B465046594612F0B3FF024620
:102E30000B4612F0B1FF02460B46DDE9000112F02D
:102E4000A9FF0446B81700F00200C0F101000D46CA
:102E500013F0EEF802460B462046294613F052F9CD
:102E600004460D462046294607B0BDE8F08F50467F
:102E7000594613F0B5FE02460B460020044913F0F4
:102E80006BFA04460D4662E754465D465FE700BFB5
:102E90000000F03F000000002DE9F04FCC4A21F087
:102EA0000043934285B082468B460C4620D9C94ADE
:102EB000934200F2D780002C80F2A481ACA3D3E926
:102EC00000235046594612F067FF0022002313F0FA
:102ED0008BFB002840F0D180A7A3D3E90023504604
:102EE000594613F00FF902460B460020BA4994E107
:102EF000BA4A934200F2E580B94A934240F22E81E9
:102F0000002301930022B74B5046594613F0FAF8BC
:102F100006460F4602460B465046594613F0F2F855
:102F200097A3D3E9002304460D4613F0EBF896A3CC
:102F3000D3E9002312F030FF22462B4613F0E2F8CB
:102F400093A3D3E9002312F025FF22462B4613F06A
:102F5000D9F891A3D3E9002312F01EFF22462B4695
:102F600013F0D0F88EA3D3E9002312F013FF22460A
:102F70002B4613F0C7F800229B4B12F00DFF804642
:102F8000894602460B463046394613F0BBF80246E6
:102F90000B460020954912F0FDFE064602460B4600
:102FA0000F464046494612F0F5FE324680468946B5
:102FB0003B465046594613F0A5F802460B46002002
:102FC0008B4912F0E7FE02460B464046494613F095
:102FD000C3F922462B4613F095F8019E02460B4694
:102FE000002E4DD0DDE9026732463B4612F0D2FE9C
:102FF00052465B4613F086F832463B4612F0CAFE54
:103000002B46224612F0C6FE019B013306460F46B0
:1030100000F02381019B012B7BD0019A531C392B9B
:103020004FEA025500F22881019A132A40F3558194
:10303000019BC3F57F7403340022230512F0ACFE1C
:1030400002460B465046594612F0A4FE0022664B3B
:1030500012F0A2FE824605EB010B5046594605B020
:10306000BDE8F08F634A93421BD9C1F313030343B6
:10307000024640F012810029EFDA00205E490DE09F
:103080005046594613F03EF822462B4612F082FE77
:1030900002460B465046594612F07CFE05B0BDE88C
:1030A000F08F41A3D3E9002313F0BCFA00283FF4CA
:1030B00002AF3FA3D3E900231046194613F022F8CC
:1030C000ECE74E4A934200F2EC8000293AA3D3E9A0
:1030D000002339DA12F060FE39A7D7E900674FF014
:1030E000FF3380468946019332463B464046494677
:1030F00012F050FE02460B4682468B464046494639
:1031000012F048FE32463B4612F044FECDE9020181
:10311000F8E600223A4B5046594613F065FA00286B
:1031200000F0CC805046594600222E4B12F034FE5F
:1031300002460B463046394612F02CFE00224FF074
:10314000404312F0DFFFA9E712F024FE012380467E
:10315000894601931CA7D7E90067C5E714A3D3E903
:10316000002312F019FE02460B468FE7AFF30080F2
:1031700059F3F8C21F6EA501FE822B654715F73F74
:103180002DC3096EB7FD8ABE3952E686CACFD03E3E
:10319000B7DBAA9E19CE143F8555FE19A0015A3FF0
:1031A000F41011111111A13FEF39FAFE422E8640A1
:1031B0009C7500883CE4377E0000E0FE422EE63F2E
:1031C000763C7935EF39EABD763C7935EF39EA3D21
:1031D00079684340412E86400000E0BF422ED63F32
:1031E000FFFF8F3C0000E03F0000F03F0000084080
:1031F00000001840FFFFEF7F0000F0BFB1A2F03FDA
:103200000000D0BF44A3D3E900235046594612F032
:1032100079FF02460B460020414912F0BDFD13F034
:1032200021FA019012F004FF37A3D3E900230646E8
:103230000F4612F067FF02460B465046594612F001
:10324000A9FD33A3D3E90023804689463046394699
:1032500012F058FF06460F4646E702460B46504618
:10326000594612F097FD00222D4B12F04BFF002221
:103270002B4B12F08FFD11E752465B4612F08AFD90
:1032800002460B460020274912F084FD6B181946B0
:103290000022244B12F07EFD00E70B4612F07CFD6D
:1032A000FCE61DA3D3E9002312F02CFF002C0246FC
:1032B0000B464FF00000AFDA1B49AEE732463B4603
:1032C0005046594612F066FD02460B4612F064FD68
:1032D0000022144B12F060FDE0E64FF4001343FAB5
:1032E00002F452465B4612F055FDC4F17F570026AA
:1032F00007F5401702460B463046394612F04AFDA4
:10330000A8E600BFAFF300800000E0FE422EE63FDB
:10331000763C7935EF39EA3DFE822B654715F73F5C
:103320000000E03F0000F03F0000E0BF00000000B0
:10333000F8B5C1F30A5304460D460E4617460BBBBB
:1033400021F00046034633431BD0354B002212F0D8
:10335000D9FE344B9F4204460D4635DBC1F30A5378
:103360000E46363B3B4440F2FE72934232DC002B69
:1033700011DD26F0FF4626F4E00646EA0355204616
:103380002946F8BD40F2FF729342EBD102460B464C
:1033900012F002FDF8BD13F1350F28DA4CF250336C
:1033A0009F4222462B460ADD19A1D1E9000115F002
:1033B00051FA17A3D3E9002312F0A4FEF8BD16A119
:1033C000D1E9000115F046FA13A3D3E9002312F066
:1033D00099FEF8BD22462B460DA1D1E9000115F05A
:1033E00039FA0BA3D3E9002312F08CFEF8BD26F0C6
:1033F000FF4626F4E006363346EA035520462946C2
:103400000022094B12F07EFEF8BD00BFAFF3008032
:103410009C7500883CE4377E59F3F8C21F6EA50105
:1034200000005043B03CFFFF0000903C10B5054C3D
:10343000237833B9044B13B10448AFF30080012360
:10344000237010BDA80400200000000054B1020841
:1034500008B5034B1BB103490348AFF3008008BD17
:1034600000000000AC04002054B10208154B002BF2
:1034700008BF134B9D46A3F5803A00218B460F46AB
:103480001348144A121A06F0F9FC0F4B002B00D017
:1034900098470E4B002B00D09847002000210400D5
:1034A0000D000D48002802D00C480DF0D5FB15F09A
:1034B0003DFB200029000DF0AFFB0DF0C9FB00BF64
:1034C000000008000080022000000000090C020833
:1034D00020040020B8320020590C0208000000002F
:1034E000F0B5214D2C6883B014B1204603B0F0BD77
:1034F0004FF49C700DF0B2FB4FF0FF3104460320F7
:1035000001F010FC00B204F009F84FF0FF3106465C
:10351000022001F007FC00B204F000F83146024638
:1035200020460AF04BF904F1DC0600231A46304627
:10353000012109F0BBFF4FF0FF31012001F0F2FB48
:1035400000B203F0EBFF98274FF0050C024633461C
:10355000214604F1E400CDE9007C07F0EDF82046B7
:103560002C6003B0F0BD00BFC40400202DE9F04181
:1035700004460F46FFF7B4FF00F1E405064628466F
:1035800007F0F8F8082C19D0A4F10903012B07D98A
:103590003A46214610230D20BDE8F04103F0AABEB3
:1035A000D6F8E43028469B6A98470528F0DCD6F820
:1035B000E43028465B6A08219847E9E7D6F8E4300A
:1035C00028469B6A98470228E2DCD6F8E430284671
:1035D0005B6A04219847DBE710B52DED028BFFF7FE
:1035E0007FFF00F1E404204608F014FE07EE900A85
:1035F0002046F8EEE78A08F01BFE07EE900A204608
:10360000B8EEE78A08F022FE68EE087A07EE100AA4
:10361000E8EEA87AB8EEC77AE7EE077AF5EE407AD8
:10362000F1EE10FAB1EEE78A06D4FDEEC87ABDECF1
:10363000028B17EE900A10BD17EE900A14F006F8F0
:10364000F3E700BF08B503281CD8DFE800F0140D2D
:103650000602BDE80840FFF7BFBFFFF741FFBDE826
:103660000840E43008F0F2BDFFF73AFFBDE808403B
:10367000E43008F0DDBDFFF733FFBDE80840E4307B
:1036800008F0C8BD002008BD08B550B1012806D11A
:10369000FFF726FFBDE80840E430FBF7F9B800204B
:1036A00008BDFFF71DFFBDE80840E430FBF7D0B8C8
:1036B00010B50446FFF714FF2146E430BDE8104082
:1036C00008F0C0BB08B501F055FCFBF755FEBDE89E
:1036D000084001F0B5B900BF08B501F04BFCFBF79D
:1036E000BBFEBDE8084001F0ABB900BF08B501F072
:1036F00041FC13F0EBFABDE8084001F0A1B900BFAE
:1037000008B501F037FC13F0DDFEBDE8084001F01C
:1037100097B900BF08B501F02DFCFBF73DFEBDE8F1
:10372000084001F08DB900BF08B501F023FC13F08B
:10373000FFFCBDE8084001F083B900BF08B501F007
:1037400019FCFBF7C5F8BDE8084001F079B900BFE6
:1037500008B501F00FFC13F041FCBDE8084001F092
:103760006FB900BF70B5049E96420C4624DB154627
:103770006BB9042A19D0022A02D110F0010310D02B
:1037800001462A46204605F0F1F9002070BD10449C
:103790000D4410F8013D01F8013B8D42F9D10020A4
:1037A00070BD02880A80184670BD10F00303E7D18F
:1037B00002680A60184670BD0846002106F05EFBEC
:1037C0004FF0FF3070BD00BF0830704740B1002996
:1037D00005DB43688B4202DD0844007A7047002015
:1037E000704700BF30B1002904DB43688B42C4BF7F
:1037F00040180272704700BF40B1002905DB4368E2
:10380000994202DA0844007A70470020704700BFEE
:10381000830704D1030F0CBF012000207047012053
:10382000704700BF30B1002904DB43689942BCBF38
:1038300040180272704700BFF8B5002B20DB00294A
:103840001EDB46688E421BDB5468761AE51AB542C9
:10385000A8BF3546002D13DB824202F108070C4653
:1038600000F108062A4605D0F918301905F07EF94E
:103870000020F8BDF118381915F0C5FA0020F8BD80
:103880004FF0FF30F8BD00BF4068704710B4141E01
:1038900010DB4268A2420DDB33EA230328BF134644
:1038A000121B08309A422044A8BF1A465DF8044B08
:1038B00006F0E4BA5DF8044B704700BF10B44368EB
:1038C0008B4200F108041846A8BF084632EA2201DC
:1038D00028BF19461B1A99422044A8BF19465DF813
:1038E000044B00F0A5BE00BF70B5002BBCBF436801
:1038F0009B1A002A0E4620DB44689918A1421CDC62
:1039000091421ADBCBB136F0004116D05942B14298
:1039100014DAB34212DD0830002E00EB020515DB8D
:103920009C1B2246A919284615F06DFA3246281923
:103930000021BDE8704006F0A1BA70BD002211461A
:103940004FF0FF33BDE87040FFF7A0BF74429A19F3
:103950002946281915F057FA224628460021BDE8C5
:10396000704006F08BBA00BF03460830596800F07B
:10397000DBBD00BF70B5054600206968490000F056
:1039800059FD6B68002B14DD0A4EEB1D02465C7876
:103990002411991F345D94715C7804F00F04491B65
:1039A000345DD4716C688C4202F1020203F10103B0
:1039B000EDDC70BDC8950208002BBCBF43689B1AA4
:1039C000002A30DB70B445689C18AC4229DC944274
:1039D00027DB33B331F0004423D00029B8BF01EB1B
:1039E000032191FBF3F403FB1411002900F10800FB
:1039F000B8BFC918024411448A42134411D00C467E
:103A000004E08A4204460FD094420AD0204615783A
:103A100010F8016B02F8016B83422570F1D10C465E
:103A2000F2E770BC704770470146EDE700B583B020
:103A30004FF0FF3300930023FFF7FEFE03B05DF865
:103A400004FB00BF10B50C1E0EDD4168083002F00B
:103A5000B9F81F2C07DC0123A34020FA04F4013B32
:103A6000444004EA030010BD002010BD01460020C0
:103A700000F0DEBD38B50021054600F083FD0146AB
:103A8000002000F0D5FD044600F10801284600F0B2
:103A900079FD204638BD00BF30B5013A83B00446F9
:103AA0000D460F2A13D8DFE802F014140808611439
:103AB000141B1B734A2554675A38184601F0ECFA58
:103AC000012D04DD80B2E20754BF2080208003B0C6
:103AD00030BD184601F0E0FA002DF8DD2070F6E761
:103AE000184601F0D9FA012DF1DDC0F3072360700B
:103AF0002370ECE7184601F065FA032D0090E6DD2F
:103B00009DF800009DF801109DF802209DF80330FB
:103B10002370E070A1706270D9E7184601F02AFAAC
:103B2000072DCDE90001D2DD0DF1FF3204F10803CC
:103B300012F8011F03F8011D9C42F9D1C7E718468E
:103B400001F040FA032DC2DDA3070CBF2060206006
:103B5000BDE7184601F038FB032DF5DCB7E7184642
:103B600001F032FB032D0090CADCB0E7184601F0EB
:103B700093FA032DE8DCAAE7184601F0FBF9072DBC
:103B8000CDE90001A3DD6B4603CB206061609EE7B9
:103B9000184601F081FA032D0090B1DC97E700BFD1
:103BA00030B4141E07DB456808300A462044291B40
:103BB00030BCFFF771BF30BC704700BF00B5013AA1
:103BC00085B00F2A00F28880DFE802F01623303D2E
:103BD0004A56595C5F6265717480830800910123C5
:103BE00008220DEB0201FFF7BDFDDDE9020100F047
:103BF00027FF05B05DF804FB00910023012202A914
:103C0000FFF7B0FD9DF9080001F024F805B05DF85C
:103C100004FB00910023012202A9FFF7A3FD9DF8F8
:103C2000080001F017F805B05DF804FB00910023CF
:103C3000022202A9FFF796FDBDF9080001F00AF87B
:103C400005B05DF804FB00910023022202A9FFF7F2
:103C500089FDBDF8080000F0FDFF05B05DF804FB2C
:103C600000910023042202A9FFF77CFD029800F0D6
:103C7000F1FF05B05DF804FB01230091BEE70123CD
:103C80000091C8E700910123D2E700910123DCE70E
:103C900000910123E6E700910023042202A9FFF727
:103CA00061FD029800F0E0FF05B05DF804FB0091B3
:103CB0000123F2E700910023042202A9FFF752FD3D
:103CC000029800F0BFFF05B05DF804FB00910023EF
:103CD00086E700910123EFE700208AE7131E09DB46
:103CE00010B4446808300A461844E11A5DF8044BE1
:103CF000FFF764BF002000F0ADBF00BF03F004BABF
:103D000008B503F005FA20F0404008BD03F0F2BA10
:103D100006F0DCBDC11703F063B900BF03F06EB954
:103D200003F07EB900B583B003F0EAF902AB63E9B2
:103D300002010821184601F045FF20F0404003B081
:103D40005DF804FB00B583B003F0DAF902AB63E978
:103D500002010821184600F06BFC03B05DF804FB7B
:103D600081B138B50B680C4608461B6A9847236832
:103D700005465B6A2046984701462846BDE838401C
:103D800003F058BD704700BF01F03CBE012002F0B7
:103D900029B900BF08B5022002F024F940F293309F
:103DA000BDE8084006F0A4BD014B1860704700BF95
:103DB000C8040020704700BF00207047002A2DE98A
:103DC000F04340F3B38000252E464FF0ED0CDFF8B2
:103DD000BCE11CE003F0E004C02C2AD003F0F004A6
:103DE000E02C3FD003F0F804F02C5AD00135023615
:103DF00058B19F09044667F03F0704F8027B03F0BF
:103E00003F0363F07F034370204695420EDA4B5D1B
:103E10001C06DFD47F2B05F10105E8D80136002808
:103E2000F3D09542037000F10100F0DB3046BDE8AD
:103E3000F0836C1C9442D1DA4F197F7807F0C008E8
:103E4000B8F1800FCAD14FEA831807F03F0708F492
:103E5000F86848EA07077F2F6CDC02362546002801
:103E6000C7D1D4E7AC1C9442BCDA4C19677807F090
:103E7000C008B8F1800FB5D194F8028008F0C004F2
:103E8000802CAFD11C0308F03F08BF01A4B207F497
:103E90007C6744EA08043C43B4F5006FA6DB0335B5
:103EA0002DE0EC1C9442A1DA4C19677807F0C008A9
:103EB000B8F1800F9AD194F8028008F0C009B9F1E6
:103EC000800F93D194F8039009F0C004802C8DD119
:103ED0009C0409F03F093F0304F4E01407F47C3725
:103EE0004FEA881844EA09043C4308F47C6844EA31
:103EF0000804A4F5803777453FF678AF0435B4F56C
:103F0000803F1AD2033600283FF47FAF270BC4F35B
:103F1000851304F03F0467F01F0763F07F0364F02C
:103F20007F0407704370847003306EE700263046CC
:103F3000BDE8F0833B46023559E7063600283FF4DA
:103F400064AFA4F58034A70AC4F3090407F5584701
:103F500004F55C43C7F38518C3F3851407F03F07E6
:103F600003F03F0368F07F0867F07F0764F07F0489
:103F700063F07F0380F800C080F803C080F8018000
:103F800087700471437106303FE700BFFFFF0F00E9
:103F900003781A0601D41846704703F0E002C02ADD
:103FA00010D003F0F002E02AF5D1427881781803AE
:103FB000930103F47C6380B2184301F03F03034391
:103FC0001846704740789B0100F03F0003F4F86307
:103FD00003431846704700BFC3888B423AD370B47E
:103FE0001B095B000C0986884ABB8568EA184CB13E
:103FF00004F10040013835F81030F61AB6B21A4410
:1040000001F00F010024234602E001339E4213DB3E
:104010000134A14202EB0300D55C0EDB2806F4D587
:1040200005F0E000C02805F0F00511D0E02D08BF34
:10403000023301339E42EBDA002070BC704700F17E
:1040400008021A44002CDDD000EB4400C388D4E7FA
:104050000133DAE70020704780880A308008704713
:10406000063070478088704783888B4226BF0630B1
:1040700040180020704700BF80880A3080087047D1
:1040800006307047808870478188E1B130B4841D64
:104090000020034602E00133994210DDE25C150680
:1040A00000F10100F7D502F0E005C02D02F0F002AA
:1040B00007D0E02A08BF023301339942EEDC30BC5E
:1040C00070470133E7E70846704700BF70B400222D
:1040D0008688851D134602E001339E4213DB0132C0
:1040E000914205EB0300EC5C0EDB2006F4D504F0F6
:1040F000E000C02804F0F00408D0E02C08BF023330
:1041000001339E42EBDA002070BC70470133E3E7D5
:1041100003207047C38880681B0900EB4300704789
:1041200080887047C08870470022FFF755BF00BFE6
:10413000C38880881B0900EB43000C30800870475F
:10414000C38800F108021B0902EB4300704700BF5F
:104150000122FFF741BF00BF40680B308008704765
:104160002DE9F041C4888588240907460B46640080
:10417000002A44D000F10808444421B12A462046D0
:1041800004F0F4FC00236355FE88360986B3A8F1D9
:10419000020808EB460625442746281B1DD4227832
:1041A0001021002307E00133984204EB030C14DBD9
:1041B0000139E25C20D012F0800FF4D002F0E00C64
:1041C000BCF1C00F02F0F00214D0E02A08BF0233A5
:1041D0000133984204EB030CEADA4FF45C7006F00A
:1041E00087FB00231C46DB1B28F8023F4645D4D141
:1041F000BDE8F0810133D6E764466346F3E716462F
:104200008268144429B96155C6883609D7F80880F0
:10421000BCE72A46204604F0A9FC6655FE8836090C
:10422000F4E700BF806808B101F0C2BD704700BF6D
:1042300010B50446406801F0E7FDA068BDE81040F5
:1042400001F0E2BD2DE9F04F404DA98883B08246D0
:10425000002957D13D48DFF8F8905246002706461E
:10426000B84602F0A3FA0DE002F0B8FA03684B4535
:1042700004465FD09B6A9847236880445B6A204667
:1042800098470744AB883046002BEDD14FEA18140D
:104290006400781C204402F0AFF8A988019004441F
:1042A000002935D129485246814602F07FFA14E0B0
:1042B00002F094FA264B02689A4283462ED0526A44
:1042C0009047DBF800200646136A58469847324666
:1042D0000146204604F04AFC3444AA884846002A95
:1042E000E6D101991B4BCAF8081050461146AAF8AE
:1042F0000470AAF80680CAF8003003B0BDE8F04F99
:10430000FFF72EBF40F2713006F0F2FAA988A1E75C
:1043100040F2713006F0ECFAA988C3E78268A988F8
:10432000484602F043FADBF80420A988484602F028
:104330003DFAD2E78268A988304602F037FA62680F
:10434000A988304602F032FA9CE700BFD004002072
:10435000389602088096020810B50446FFF772FFEF
:10436000E08810BD10B50446FFF76CFFA08810BDB3
:1043700010B50446FFF766FFE388A0681B0900EB51
:10438000430010BD38B50D460446FFF75BFF2946D4
:1043900020460022BDE83840FFF71EBE704700BF30
:1043A0000320704703207047C0887047704700BFE4
:1043B00080887047704700BF80887047704700BF93
:1043C000084B1B685BB15A68904201D0002AF8D1B3
:1043D0004A1C04D09A68914201D0002AF1D11846B3
:1043E000704700BFCC0400202DE9F041104F3B681E
:1043F00013B90AE01B6843B15C688442FAD19C6837
:104400008C42F7D1DA60BDE8F08104461020904676
:104410000D4602F003F83B68446006468560036081
:10442000012140F80C8F02F051F83E60BDE8F081A8
:10443000CC0400202DE9F0410C1E07461FDB1CB305
:10444000A6B22FB37B1E191913F9012F002A27DBFF
:104450009942F9D1DFF8C880E01D01F021FF05463F
:1044600008B1C0F80080AE8039462246A81D04F08D
:104470007DFB2C440023A3712846BDE8F08114F095
:104480001EFD0446002CDBD1234D2846BDE8F081FB
:10449000E01D01F005FF0546002839D1BE80E8E7A0
:1044A000132C02DCDFF87C80D6E70020034602E014
:1044B00001339C4210DDFA5C110600F10100F7D5D2
:1044C00002F0E001C02902F0F0021FD0E02A08BF8C
:1044D000023301339C42EEDC1FFA80F80028B8BF9B
:1044E0000F300011093404EB400001F0D9FE0546FD
:1044F00008B10A4B03602846AE80A5F8068039460D
:104500000122FFF72DFE2846BDE8F0810133CFE7F9
:10451000034B86800360ACE70898020810970208F6
:10452000E0960208B0960208F8B50C1E054603DBBB
:104530003CB9134C2046F8BD14F0C1FC0446002CD5
:10454000F7D0224629460020FFF738FC8442064671
:1045500010D001F063FF224607462946FFF72EFCE4
:1045600031463846FFF766FF0446384601F084FEC0
:104570002046F8BD21462846BDE8F840FFF75ABF5F
:10458000089802082DE9F047036804461B6A88462C
:104590009847236806465B6A20469847074680B1DD
:1045A00000242546335DED2B06EB04000BD0B8F15B
:1045B000000F01D008F8053001350134BC42F1D3B9
:1045C0002846BDE8F08704F10509B945EFD2FFF7A9
:1045D000DFFC8246E01C3044FFF7DAFCAAF55843C2
:1045E000B3F5806FE9D2A0F55C42B2F5806FE4D2FA
:1045F000B8F1000F19D000F5105000EB8323991487
:1046000061F00F0108F8051008EB0502C3F305304F
:10461000C3F3851103F03F0360F07F0061F07F0179
:1046200063F07F0350709170D37004354C46C4E73B
:1046300070B50D1E12DD064605F1080001F030FED2
:10464000044608B1094B0360656004F108002A467E
:10465000314636B104F08AFA204670BD044C20463B
:1046600070BD05F00BFC204670BD00BF7C970208B2
:10467000FC970208014B1860704700BF040200203D
:10468000034A044B116803FB00F048401060704778
:1046900004020020CB5725CA30B40E4D2A680446C8
:1046A00021460020930983EAD273534083EA121310
:1046B00083EA92035208534042EAC37202F00103B4
:1046C000490843EA4000EDD18442E9D32A6030BC76
:1046D000704700BF04020020004870470898020895
:1046E00000B583B27F2B83B029DD00F03F00B3F526
:1046F000006F40F0800043F3871213DB1B1302F0BE
:104700003F0263F01F0362F07F028DF80600032171
:1047100001A88DF804308DF80520FFF78BFE03B05B
:104720005DF804FB62F03F028DF80500022101A84C
:104730008DF80420FFF77EFE03B05DF804FB012135
:1047400001A88DF80430FFF775FE03B05DF804FB97
:104750002DE9F0470E4600286FD004464A4B002949
:1047600042D0984279D09E426CD02368474DAB42EC
:1047700077D05B6A20469847336880465B6A30464C
:10478000984700EB0805322D81466DD823682046F6
:104790001B6A9847336882461B6A30469847294609
:1047A00006460020FFF746FE03681B6A0746984747
:1047B00042460446514604F0D9F94A46314604EBD4
:1047C000080004F0D3F965B194F90030002B3DDB0B
:1047D0002919601C03E010F9013B002B36DB8842ED
:1047E000F9D13846BDE8F087984234D00368274DA8
:1047F000274EAB42BDD1A0680368AB4234D05B6AA0
:104800009847336807465B6A3046984738443228F1
:104810002AD80C2001F044FD074600B10560384657
:1048200001F06EFE63687B603146A068FFF790FF81
:10483000B860384601F072FED3E7154C01B3124B55
:104840009E4292D127463846BDE8F087114B3B6027
:104850003846BDE8F0870E4FC3E70F463846BDE83F
:10486000F0873368AB42C6D10C2001F019FD074632
:1048700008B1064B0360C7E901463846BDE8F0873A
:10488000054B264675E700BF0898020838960208CF
:104890005C980208B0960208E0960208884228D088
:1048A000F8B503680C465B6A0546984723680746D7
:1048B0005B6A204698472B6806461B6A284698473D
:1048C000236805461B6A20469847BE4228BF3E46DD
:1048D000401B2B461978C25C914204D02CBF0120AA
:1048E0004FF0FF30F8BD01335A1BB242F2D900201D
:1048F000F8BD0020704700BF03689B6A184700BFDF
:10490000F8B5161E2DDD03689B6A0C4605469847D0
:10491000002CBCBF241824EAE474001BB04212DD52
:104920002B682146DB6A284698472B68A119074661
:10493000DB6A28469847044648B1E11B3846BDE883
:10494000F840FFF777BD00280BDD0646E8E740F2A8
:10495000723005F0CDFFE11B3846BDE8F840FFF7A7
:1049600069BD0148F8BD00BF08980208002858D06A
:10497000002956D02DE9F047036805461B6A144606
:104980000E4698472B6824EAE4718046DB6A284685
:1049900098472B6804465B6A284698473368A4EB1F
:1049A0000805451B5B6A3046984707469CB385421D
:1049B00031D3336830461B6A9847814690F800A08F
:1049C00002E0BD42344626D32378534505F1FF3536
:1049D00004F10106F5D13A464946204614F004FA9E
:1049E0000028EED1A4EB0804002C16DD034602E0FB
:1049F00001339C4211DD18F80320110600F101007B
:104A0000F6D502F0E001C02902F0F00207D0E02A5A
:104A100008BF0233ECE74FF0FF30BDE8F087013309
:104A2000E6E74FF0FF30704708B5FFF79FFF013012
:104A300018BF012008BD00BF80F00100704700BF13
:104A40000A1E38B511D138B302460B4604460D464E
:104A500011F0F2FD002841D10C2001F021FC08B139
:104A60001F4B0360C0E9014538BDC2F30A54A4F2EC
:104A7000FF331D2B12D8142B054618DC0028E3D178
:104A8000A4F2F33412FA04F4DED1D002C3F11F030E
:104A900040F00040D8401AE0012038BD1E2BD3D191
:104AA0000028D1D10F4B9A42CED10F4838BDA4F285
:104AB000134410FA04F4C7D1D002C3F11F0140F02F
:104AC0000040C3F13403C84025FA03F31843002A19
:104AD000B8BF4042400040F0010038BD0E2038BD54
:104AE000AC9702080000D0C1010000802DE9F04120
:104AF000036882B01B6A984701A9F9F74DFB0022B1
:104B0000002306460F4611F065FD60BB27F0004507
:104B1000304629464FF0FF321F4B34464FF0010814
:104B200011F08AFD38B94FF0FF321B4B3046294651
:104B300011F078FDF0B118F0FF0F1FD100224FF4F3
:104B40008013204629464FF0010811F075FD38B951
:104B50002046294600224FF4801311F045FDB0B1E4
:104B600018F0FF0F0AD130463946FFF769FF02B04F
:104B7000BDE8F081804618F0FF0FDFD0074F002618
:104B800030463946FFF75CFF02B0BDE8F081804651
:104B900018F0FF0FE7D0F1E7FFFFEF7F0000F87F8D
:104BA00008B511F045FABDE80840FFF749BF00BF5E
:104BB000F8B50368DB6A04469847A0B10646FFF7DC
:104BC000E7F9074688B9236820461B6A9847236897
:104BD00005465B6A204698472844864203D03B46F8
:104BE00043F00100F8BD0E20F8BD4300B0EB630FA9
:104BF000F6D0BDE8F840FFF7D3BF00BF08B1FFF71C
:104C0000D7BF0E20704700BF70B110B5FFF7D0FFBF
:104C10000E28044606D0C30708D56010BDE8104032
:104C2000FFF75EBD064810BD0548704740F2713081
:104C300005F05EFE6010BDE81040FFF751BD00BFFB
:104C40000898020808B511F005FABDE80840FFF71A
:104C5000F7BE00BF4300B0EB630F01D0FFF7A0BF6A
:104C600043F00100704700BFB0F1804F08B503D298
:104C7000400040F0010008BD11F0CAF9BDE808404D
:104C8000FFF7DEBE002814BF42200A20704700BF95
:104C900008B5F9F73DFCBDE80840FFF7D1BE00BFFD
:104CA00001FB00F0704700BF90FBF1F0704700BFC0
:104CB00010B50C2001F0F4FA044608B101F092FEA0
:104CC000204610BD00897047043001F0FDBD00BFD3
:104CD00003460A460430198901F0D6BD043001F0BC
:104CE00003BE00BF03894268994234BF52F82100D5
:104CF00000207047043001F0C7BD00BF043001F050
:104D000001BE00BF043001F021BE00BF024B1B6892
:104D1000588CC000704700BF10050020704700BFCE
:104D20000020704738B5184B1B688BB15C6A7CB1AA
:104D30002368984225D05BB1002300E042B10233E2
:104D400054F823208242F9D101339B00E05838BD4A
:104D50000D460446FFF7E4FF78B103689C420ED08D
:104D60005BB1002300E042B1023350F82320A2429D
:104D7000F9D101339B00C05838BD284638BD042303
:104D8000F9E70423E2E700BF100500204068704700
:104D90004160704710B5082001F082FA044608B15E
:104DA00001F028FE204610BD70B50C1E05461646C3
:104DB0000EDB83889C420BDA05EB8404E36823B1A5
:104DC0000B2140F2863001F071FEE660284670BD8E
:104DD0000A2140F2863001F069FEEDE705F088BD5A
:104DE00018B1024B984208BF00207047089802088B
:104DF000003018BF0120704710B5142001F050FAA0
:104E0000044608B101F0FEFD204610BD10B5044671
:104E100001F002FE002806DB238AE268984202D2F3
:104E200052F8200010BD002010BD00BF224B1B68AF
:104E30002DE9F041DE6AB3683468834204F1FF353E
:104E400006F104061ED856F8253083421AD3002DE9
:104E500014DD641056F82430984210D0012203E08B
:104E600056F8243083420AD098428CBF621C04F169
:104E7000FF355419AA424FEA6404F1DD00242046AC
:104E8000BDE8F081002DF9DD07464FF0010806E08E
:104E9000B4BF04F1010804F1FF354545EEDB08EB32
:104EA00005046410394656F82400FFF7F7FC002883
:104EB000EED12046BDE8F08110050020034B1B68B1
:104EC0000131DB6A53F82110FFF7A0BF1005002065
:104ED000F8B504460F46164601F09EFD011E04F18A
:104EE0000C0505DB32462846BDE8F84001F0CCBC95
:104EF0003A462189201D01F0C7FC3246218A284606
:104F0000BDE8F84001F0C0BC034B1B680131DB6A0F
:104F100053F82110FFF7DCBF10050020014B186883
:104F2000704700BF0C050020704700BF820708B51E
:104F300008D130B1036823F00103DA78F92A13D1DC
:104F4000987808BD0028FCD0C3070FD40E280DD0D8
:104F500042280DD00A280BD0062805D040F2213077
:104F600005F0C6FC042008BD042008BD022008BDD1
:104F7000012008BD0E281FD010B5044670B915E0F9
:104F8000FFF7D4FF0346022B204612D0032B0DD18E
:104F9000FFF7ACFD0E28044608D03CB1A30720461D
:104FA000EED000F00FF811F043F810BD00200449D6
:104FB00010BDD4E9010110BD00200149704700BFB8
:104FC0000000F87FC107034651D4820704D59B092E
:104FD00014BF01200020704700284AD02DE9F0417D
:104FE000FFF7C8FF21F000450F464FF0FF3229467A
:104FF000274B064604464FF0010811F01DFB40B94F
:105000004FF0FF32224B3046294611F00BFB00B91E
:10501000804618F0FF0F2ED100224FF48013204657
:1050200029464FF0010811F007FB40B920462946F8
:1050300000224FF4801311F0D7FA00B9804618F01F
:10504000FF0F18D13046394611F0B0FE0022114B47
:1050500012F0DAF80022002304460D4611F0C4FADB
:1050600060B92046294611F025FBBDE8F0814010CB
:105070007047002070470020BDE8F0812046294697
:105080000022044B10F088FE04460D46E9E700BFFD
:10509000FFFFEF7F0000F041FFF794BF38B50D46EA
:1050A000FFF790FF04462846FFF78CFF00F01F0033
:1050B00004FA00F04300B0EB630F03D0BDE83840C2
:1050C000FFF76EBD43F0010038BD00BF38B50D4697
:1050D000FFF778FF04462846FFF774FF00F01F0033
:1050E00044FA00F04300B0EB630F03D0BDE8384052
:1050F000FFF756BD43F0010038BD00BF38B50D467F
:10510000FFF760FF04462846FFF75CFF604043005E
:10511000B0EB630F03D0BDE83840FFF741BD43F06B
:10512000010038BD38B50D46FFF74CFF0446284650
:10513000FFF748FF20434300B0EB630F03D0BDE807
:105140003840FFF72DBD43F0010038BD08B5FFF72B
:1051500039FFC0434300B0EB630F03D0BDE8084004
:10516000FFF71EBD43F0010008BD00BF38B50D4676
:10517000FFF728FF04462846FFF724FF204043009E
:10518000B0EB630F03D0BDE83840FFF709BD43F033
:10519000010038BD38B50D46FFF714FF0446284618
:1051A000FFF710FF00F01F0024FA00F0B0F1804F6D
:1051B00003D2400040F0010038BD10F029FFBDE8E7
:1051C0003840FFF73DBC00BF0E2816D008B5034697
:1051D000C0B19B0708D0FFF7F5FE07EE900AF8EE86
:1051E000E77A17EE900A08BDFFF7C4FE11F082FAC5
:1051F00007EE900A17EE900A08BDDFED057A17EE6C
:10520000900A7047DFED027A17EE900A08BD00BFE2
:105210000000C07F70B50E46FFF7ACFE0446304676
:105220000D46FFF7A7FE02460B462046294610F022
:10523000B3FDBDE87040FFF703BC00BF70B50E467C
:10524000FFF798FE044630460D46FFF793FE0246F0
:105250000B462046294610F09DFDBDE87040FFF743
:10526000EFBB00BF01F00103184203D0C3130133A9
:10527000012B12D9D0B50C46FFF77CFE064620461E
:105280000F46FFF777FE02460B463046394610F0D0
:1052900039FFBDE8D040FFF7D3BBCB130133012B5F
:1052A000E8D84310481000FB03F04300B0EB630F55
:1052B00002D143F001007047FFF772BC032912D0FE
:1052C000D0B50C46FFF756FE064620460F46FFF7C0
:1052D00051FE02460B463046394611F03DF8BDE816
:1052E000D040FFF7ADBB7047F8B50C46C107034689
:1052F00003D5E20701D5620811D11846FFF73AFE3F
:10530000064620460F46FFF735FE0B460246394655
:10531000304611F079FFBDE8F840FFF791BBFFF789
:1053200051FE05462046FFF74DFE95FBF0F303FBCB
:1053300010504300B0EB630F03D0BDE8F840FFF717
:105340002FBC43F00100F8BD70B50E46FFF712FE0A
:10535000044630460D46FFF70DFE02460B4620463A
:105360002946FAF7F1F8BDE87040FFF769BB00BFC6
:10537000C2072DE9F8430C460BD5CB0709D54010E1
:105380004C10844241DB3DD1640044F00100BDE893
:10539000F883FFF7EFFD064620460F46FFF7EAFDCC
:1053A00004460D4602460B463046394611F03AF99E
:1053B00090B922462B463046394611F00BF928B1F8
:1053C00030463946BDE8F843FFF73ABB22462B4644
:1053D00034463D4616461F46F9F79AF8224680465F
:1053E00089462B463046394610F0D4FC42464B469F
:1053F00010F088FE22462B4610F0CEFCBDE8F843A4
:10540000FFF71EBB234604461846001BFFF744F96E
:1054100020444400B0EB640F02D144F00100B6E731
:10542000BDE8F843FFF7BCBB08B5FFF7A3FD11F0DB
:105430004BFFBDE80840FFF703BB00BF08B5FFF70F
:1054400099FD11F0BFFFBDE80840FFF7F9BA00BFB2
:1054500008B5FFF78FFDF9F7EBFCBDE80840FFF753
:10546000EFBA00BF08B5FFF785FDF9F761FCBDE8AD
:105470000840FFF7E5BA00BF08B5FFF77BFD11F064
:1054800095FCBDE80840FFF7DBBA00BF08B5FFF7A1
:1054900071FD054B002210F07FFCF9F7C9FCBDE857
:1054A0000840FFF7CDBA00BF0000E03F0E280BD048
:1054B0000E2909D08842F8B5044607D001F0010250
:1054C000104205D00020F8BD002070470120F8BD33
:1054D0000D46FFF72BFD06462846FFF727FD8642BF
:1054E000F0D144EA05039B07ECD1032E15D0022E20
:1054F000E8D12046FFF73EFD064628460F46FFF757
:1055000039FD0B4602463946304611F063F84FF03C
:10551000010300B90346D8B2F8BD29462046FFF77B
:10552000BDF9B0FA80F04009F8BD00BF08B5FFF73B
:10553000BDFF002814BF42200A2008BD08B5FFF7B0
:10554000B5FF00280CBF42200A2008BD0E281AD043
:105550000E29F8B50C4614D00628054615D0422869
:105560003FD00A281CD00629034600F08380422C35
:1055700011D00A2C37D09C4210D004F001031D42F8
:1055800011D00020F8BD00207047062906D0422C1B
:105590004FF00003EDD10322934204D10120F8BD66
:1055A0000123062CE3D12846FFF7C0FC064620461F
:1055B000FFF7BCFC032E22D003282FD0012E14D0DD
:1055C000012821D08642DCD145EA04039B07D8D1CB
:1055D000032847D0022828D0601BB0FA80F0400989
:1055E000F8BD0323DDE70122D6E7062D33D0422D97
:1055F0004FF0020634D00A2DE2D10125E0E702285F
:1056000013D00328DCD1DFE7062C4FF0020020D0B6
:10561000422C23D00A2CD5D10124D3E7022E04D06A
:10562000012EAED1062DE2D1ABE72846FFF7A2FC52
:10563000064620460F46FFF79DFC02460B463046C5
:10564000394610F0C7FF4FF0010400B90446E0B23C
:10565000F8BD0024B6E702260025B1E70324B1E730
:105660000325ADE721462846FFF718F9B0FA80F088
:105670004009F8BD00228FE7FFF768BF08B5FFF7C4
:1056800065FF002814BF42200A2008BD08B5FFF7B7
:105690005DFF00280CBF42200A2008BDF8B507892D
:1056A00045687FB10E46043D002402E00134A74264
:1056B00008D0314655F8040FFFF748FF0028F5D011
:1056C0002046F8BD4FF0FF30F8BD00BF10B50022F6
:1056D0000446FFF7E3FF011E04DB201D01F012F971
:1056E000012010BD002010BD38B58307044608D145
:1056F00048B1FFF71BFC032812D0022815D0012067
:1057000038BD0A2801D1002038BD0028FBD00E2862
:10571000F9D00628F7D010F1FF3018BF012038BDAE
:105720000C48201A18BF012038BD2046FFF722FC84
:1057300002460B4604460D4610F07EFF0028E2D1DB
:10574000204629460022002310F044FFB0FA80F0E2
:10575000400938BD08980208422805D00A2801D01F
:10576000FFF7C2BF00207047012070470E2847D0C6
:105770000E2945D0F8B50C460546FFF7D7FB06467F
:105780002046FFF7D3FB032E2CD0A54228D0284675
:10579000FFF7F0FB064620460F46FFF7EBFB3246CD
:1057A00004460D463B463046394610F045FF08BBDF
:1057B00022462B462046294610F03EFFD0B922460D
:1057C0002B463046394610F00FFFB0B922462B4623
:1057D0003046394610F026FF003018BF0120F8BDD2
:1057E0000020F8BD0328D0D121462846BDE8F84066
:1057F000FFF754B86FF00100F8BD4FF0FF30F8BD6F
:105800006FF00100704700BF38B501F0010313EAE3
:10581000000404D08842ACBF0020012038BDFFF74F
:10582000A5FF831C14BFC00F204638BD10B501F082
:105830000104204203D0884207DC422010BDFFF75C
:1058400095FF831C01D00028F7DD0A2010BD00BFA2
:1058500010B501F00104204203D0884207DA42204B
:1058600010BDFFF783FF831C01D00028F7DB0A205F
:1058700010BD00BF10B501F00104204203D08842E2
:1058800005DB422010BDFFF771FF0028F9DA0A207E
:1058900010BD00BF10B501F00104204203D08842C2
:1058A00005DD422010BDFFF761FF0028F9DC0A206A
:1058B00010BD00BFF0B591B00446FFF737FB0328D9
:1058C0003DD002280FD0052848D0002C4CD00A2CFF
:1058D00042D00E2C45D0422C55D02C4B2C48062CB7
:1058E00008BF18462CE0E3072CD40E2C39D02046F4
:1058F000FFF740FB21F000450F464FF0FF322946ED
:10590000244B064610F098FE38B9304629464FF031
:10591000FF32204B10F072FE40B332463B46304619
:10592000394610F089FEE0B9304639466A46F8F744
:10593000DBFC68464FF0FF31FEF77CFD00E02046BF
:1059400011B0F0BD6946601005F0BEF968464FF031
:10595000FF31FEF76FFDF3E70F48F1E70F4811B095
:10596000F0BD0F4811B0F0BD0E48E9E70023304606
:105970003946002210F038FE0B4C0C4B002814BFA7
:1059800020461846DCE70A48DAE700BF5C980208C0
:1059900080980208FFFFEF7F749802089098020831
:1059A00040980208EC9702084C98020830980208C8
:1059B0006898020808B5FFF7B9FA052810D8DFE89B
:1059C00000F0030507090B0D084808BD084808BD8D
:1059D000084808BD084808BD084808BD084808BD73
:1059E00040F2223004F084FF002008BD2098020815
:1059F000DC970208A4980208C4980208B498020828
:105A00001098020870B50446FFF790FA042813D1E5
:105A100064B1A3070AD12168164821F00102536935
:105A2000834220D02046BDE87040184721461248E6
:105A3000BDE8704005F09EBB2046FFF73BFF0546E2
:105A40002046FFF7B7FF03681B6A98472B68064696
:105A50001B6A284698472246034631460748BDE858
:105A6000704005F087BB138805481289BDE8704077
:105A700005F080BB055A0108409702086C970208A0
:105A80004C97020810B504460A461248214605F014
:105A900071FB7CB1A30705D1216821F00101CB780E
:105AA000F92B10D0062C05D140F2DD30BDE81040B6
:105AB00004F01EBF2046FFF739FABDE8104000F59C
:105AC000757004F015BF0B898A78034805F052FB06
:105AD000E8E700BFDC950208FC95020808B501461E
:105AE000044805F047FB4FF46470BDE8084004F03B
:105AF000FFBE00BF6896020810B501F00BFB04461C
:105B0000102000F08BFC22690260206110BD00BFF4
:105B100038B501F0FFFA0469054634B123682B61FA
:105B20002046BDE8384000F0A7BB40F2533004F0F7
:105B3000DFFEF3E7F0B585B0074601F0EBFA046944
:105B400006468CB194E80F006D46306185E80F0081
:105B5000204600F091FB0A4B77611B6828463146CE
:105B60009B6B984705B0F0BD064805F003FB38462F
:105B7000FFF748FF40F2E73004F0BAFEE2E700BF6B
:105B8000100500201C96020810B501F0C3FA446904
:105B900012239C42436101D0204610BD40F2533095
:105BA00004F0A6FE204610BD08B501F0B3FA436923
:105BB000122B05D0FFF7E8FFBDE80840FFF7BABF9A
:105BC00008BD00BF79B110B4084B094C014410F86E
:105BD000012B04FB03F3884283EA0203F7D1184642
:105BE0005DF8044B7047014B18467047C59D1C81FA
:105BF0009301000138B5046834F00304054611D060
:105C0000A30F14D12846E3699847054625B1B5F599
:105C1000004F05D9002C03DB40F2493004F068FE48
:105C2000284638BD40F2513004F062FEEAE7C4F382
:105C30009905EBE738B5144B9A881B6892B1551E4D
:105C400053F8251088421AD0023A03EB82032A4601
:105C500002E0216881420BD0013A511C1C46A3F19D
:105C60000403F6D14FF45270BDE8384004F040BE52
:105C7000954204D0044800F0B1FD206038BD0248D0
:105C8000BDE8384000F0AABDE4040020F8B54FF4A8
:105C9000804005F08BFF43F6F87304460246194630
:105CA000002520486360A56105F064FA62689307E7
:105CB0002ED11D491D4F4D6888681D4ED31C23F001
:105CC0000043104423F00303013543F00043C1E9CE
:105CD00001503968A360E16004F108031548316898
:105CE0003B6003EB9203036079B18C420DD30A68E9
:105CF000A2B1944203D211E09C4203D31A46136826
:105D0000002BF9D123601460F8BD21603460F8BD28
:105D10004FF4527004F0ECFD6268CAE713460A467D
:105D2000F0E700BF44990208EC04002008050020B9
:105D3000D8040020E004002018210148FEF778BCB8
:105D4000EC040020036823F00103188880087047E2
:105D500030B338B5C5680446A5B155E90132686865
:105D6000A96862605A0F032AC4E9020105D040F213
:105D7000493004F0BDFD55F8043C43F0004345F8BC
:105D8000043C38BD50F8043C5A0F032A09D143F0B3
:105D9000004344F8043C0020BDE8384001F0C2B99B
:105DA000704740F2493004F0A3FD54F8043CEEE79C
:105DB00038B550F8043CDB070546A0F104041CD4B8
:105DC000104B1B6873B103F108029442F9D3596870
:105DD0000A449442F5D255F8043C43F0010345F8D7
:105DE000043C38BD40F24A3004F082FD55F8043CD2
:105DF00043F0010345F8043C38BD40F24F3004F055
:105E000077FDDDE7D8040020830709D140B1030FF7
:105E100006D00168114B194202D1CB78F92B00D082
:105E200070470F4B10B504461B688BB103F1080295
:105E30009442F9D3586802449442F5D2094841F09B
:105E40000101216022468188BDE8104000F0AEBC0F
:105E500040F24A3004F04CFD2168EFE703000040B7
:105E6000D8040020D004002000294DD02DE9F84F9F
:105E70000F468046DFF89CB0DFF89CA0DFF88C90DE
:105E8000061F002502E00135AF423BD056F8044F13
:105E9000A307F8D1002CF6D0230FF4D0206810EA25
:105EA0000B0FF0D1C378F92BEDD1DAF8003053B1F4
:105EB00003F108018C4203D35A680A44944207D381
:105EC0001B68002BF4D140F24A3004F011FD206829
:105ED000B9F8041040F00100206022460B4800F0A1
:105EE00065FCB9F80430642BCDD90C2005F05EFEBA
:105EF0000135074A08EB85037D1BC0E901351168B0
:105F000001601060BDE8F88F704700BFD00400202A
:105F1000DC04002003000040D804002038B50568E8
:105F20004DB104462846FFF743FFA1882846BDE847
:105F30003840FFF799BF38BD830709D140B1030F3F
:105F400006D00168234B194202D1CB78F92B00D03F
:105F50007047214B2DE9F04104461B68002B33D0DC
:105F600003F108029442F8D3586802449442F4D2F0
:105F700021F0030341F001019B6921600BB1204630
:105F80009847164D164C2F46AB8883B923681846A0
:105F9000C3B1D3E90026D3F80880226005F02CFEB7
:105FA00041463046FFF760FFAB88002BEED0384605
:105FB00000F014FC036823F003039B69002BE3D07B
:105FC0009847E1E7BDE8F08140F24A3004F090FCE8
:105FD0002168CDE703000040D8040020D004002051
:105FE000DC0400202DE9F04F954B1B7885B09C0711
:105FF000039005D54FF4527004F07AFC904B1B7857
:106000008F49904A43F002030B70039B14689588F4
:1060100013F0020640F0F7806DB104EB850554F8EB
:10602000040B20F0010310F0010F18BF1868FFF7F0
:1060300083FFA542F3D1844C039801F079F82368DB
:10604000B3B1824B1B68B3F82A8000F049FD256884
:10605000A0EB080705EB8805002E40F0E4803FB177
:106060000024013455F8040BFFF766FFA742F8D16E
:10607000774A784B16781D683EB10024013455F8F4
:10608000040BFFF759FFA642F8D17349734A0B6816
:10609000176801330B60724B00221A60002F00F06A
:1060A000CB80CDE90122904691467B68029A07F1A8
:1060B00008059B0805EB83061A44B54202924AD2B2
:1060C0002B6813F0010140F086801A0F062A00F0B9
:1060D0008280AE4240F28F80AA4601E0DAF80030BA
:1060E000002B4FEA13720FDBD80714D4062A12D004
:1060F000590009D4DB78F92B40F2493001D004F083
:10610000F7FB504600F03CFB5046FFF773FD0AEBEF
:10611000800A5645E2D8AAEB05044FEAA40CE045F4
:106120004FEA8C024FF0FF01284642F0004BB8BF07
:10613000E046E14403F0A2FE042CC5F800B053DDB4
:1061400000236B60019B002B50D0019B01955D608B
:106150005546AE42B4D83F68002FA6D1414D029BB0
:106160002A684FEA890101EB09179C007F004FEA7A
:1061700088039AB13A4A12684FEA590972B1106815
:10618000C0F39906B14506D246E01068C0F3990005
:106190000644B14541D35268002AF6D12E484269DF
:1061A000C0E90313A2B18A4212D8039AD20703D5D9
:1061B00022462D4804F0DEFFBC4201D3FFF766FD06
:1061C0001F4A137823F00203137005B0BDE8F08F67
:1061D000214A5161E9E723F001032B602846FFF7CC
:1061E00009FD05EB8005B4E75546B2E71C4B019568
:1061F0001D605546ADE74FF00043B8F1000F2B602E
:10620000A7DA8846A5E7194804F0B4FF2A462146D4
:10621000174804F0AFFFFFE630464844801B02EB0E
:1062200080022A60BAE73A462946124804F0A2FFE3
:10623000002F7FF415AF1BE73B463C463946ADE7E0
:1062400042270020E40400200C0500201005002057
:106250004327002004050020EC040020D80400207F
:1062600008050020E0040020289902080899020887
:10627000109902081C99020850F8043C5A0F032A8E
:1062800010B5044605D040F2493004F031FB54F813
:10629000043C43F0004344F8043C204610BD00BFDA
:1062A0002DE9F04F85B0C51CB0F5003F03904FEAD3
:1062B000950500F389804A4BDFF834815B68C3F3AE
:1062C0000803002B61D198F800301A075DD143F024
:1062D000010388F8003000F01DFF10B14368002B67
:1062E00079D0DFF810913F4F0024D9F800B0BBF10E
:1062F000000F51D0002603E05E468B4600294BD0AC
:1063000040F2513014B93A685A454DD31BF0030F8F
:1063100002D15FEA1B7301D104F0EAFADBF800A0B6
:10632000BAF1000F40F24B3001DB04F0E1FACAF39E
:106330009902521B002ADBF80410DDDB0AD0900022
:1063400040F000404BF825000BEB8505012A1CBFEF
:1063500069602946002E3BD071600022CBF80020F6
:1063600049B14A683AB1930701D1130F03D14FF4F1
:10637000547004F0BDFA98F80020584622F001024B
:1063800088F8002005B0BDE8F08F40F2923004F0AC
:10639000AFFA98F800309AE734B1012C08D01520F4
:1063A00004F0A6FA0134A0E70020FFF71BFEF9E78E
:1063B0000D490E48D1E9023209690091039904F0B0
:1063C000D9FEFFF763FCEDE7162004F091FA72E7BF
:1063D000C9F80010C1E740F24E3004F089FA80E7B6
:1063E00000ED00E0E0040020EC040020D498020856
:1063F0004227002008050020033010B520F00304D8
:10640000201DFFF74DFFE31D23F0804323F003031E
:1064100043F0804340F8043B10BD00BF08B538B1DD
:10642000FFF7EAFF50F8043C43F0005340F8043C07
:1064300008BD00BFF8B5214B5B68C3F308030646EF
:106440000F46002B34D100F065FE1D4D1D4AF31B95
:106450009B102B7004461760A8B10C20FFF7CCFFEF
:1064600050F8043C6268026043F00053A26840F8B0
:10647000043CE368C0E90123E0600023A6602B70C0
:1064800063602046F8BD1820FFF7B6FF0E4A50F8AB
:10649000043C1268026043F00053122240F8043CAE
:1064A00000234261C0E90333044600F03BFEE4E709
:1064B00040F2923004F01CFAC5E700BF00ED00E0A6
:1064C00043270020040500200C05002061B10129AC
:1064D00038B50ADD4C1E013C0121051DFFF7F6FF12
:1064E000631C2846F7D138BD7047044B40F00102C9
:1064F00099881846BDE8384000F058B9E4040020F7
:10650000830702D108B1030F00D17047024B024646
:106510009988184600F04AB9E4040020820703462F
:1065200002D108B11B0F00D17047FFF783BB00BF3A
:106530004068FFF769BC00BF0430FFF7EFBC00BF45
:1065400003460C309988FFF78FBC00BF4068FFF707
:106550005BBC00BF10B504460430FFF7DFFC04F15C
:106560000C00BDE81040FFF7D9BC00BF50F8043B59
:1065700023F00103198804398908FFF775BC00BFAF
:106580000320704703207047808880000F30800808
:10659000704700BF02207047052070470349044A36
:1065A0000023C1E90033C2E900337047E40400204E
:1065B000D004002000F016BD002801DB00F00EBD65
:1065C000704700BF704700BF0023C0E90133704728
:1065D0000023C0E90133C0E903337047054B10B411
:1065E0001A68846883880146A21A03485DF8044B40
:1065F00004F0C0BD10050020409A02080146426820
:10660000014804F0B7BD00BF58990208014602894D
:10661000014804F0AFBD00BFF09902082DE9F04732
:10662000C4888C4205460E462FD24FEA8408D0F823
:106630000090002C39D03F2C35DDB4F5007F3DDBD8
:1066400004F580774FF6FE724FF6FF73974288BFCE
:106650001F46B742B8BF3746B80005F0A7FA8246D2
:106660001CB14246494602F081FA3A1B92000021D1
:106670000AEB080003F002FC484605F0BDFAC5F835
:1066800000A0EF80AE80BDE8F08782889142F9D209
:106690000068521A00EB81009200002103F0EEFB2B
:1066A000AE80BDE8F0876700D3E704290F46B8BF86
:1066B0000427B80005F07AFA8246D6E7034B08EBC8
:1066C0000407A3FB07377F08C3E700BFABAAAAAA4A
:1066D000704700BF704700BF0B6823F0010370B51F
:1066E0001B89042B0C46054602D16DB9204670BDAE
:1066F0001048012240F2853104F03CFD40F2853023
:1067000004F0F6F8002DF1D0E81C8000FFF7C8FD7A
:10671000064608B1084B0360A368B360AAB2B5800F
:106720009200002106F10C00344603F0A7FB20463E
:1067300070BD00BF309A0208A499020838B50269FA
:106740000D4B9A42054609D00C4803224FF4627162
:1067500004F010FD4FF4627004F0CAF82888FFF7C7
:106760009FFD044600B105602A880021043A201DDF
:1067700003F084FB204638BDC5650108309A020845
:10678000036823F001031B69184700BF036823F067
:1067900001031B69184700BF036823F0010301468A
:1067A0001A88014804F0E6BC889902084FF6FE7387
:1067B00099420AD883888B4270B5054616460C4626
:1067C00004D92B6843F8246070BD70470131FFF78E
:1067D00025FF2B6843F8246070BD00BF83884BB150
:1067E000013B9BB202688380002152F8230042F8EB
:1067F0002310704718467047C38870B54BB33F2BC2
:106800000FDDB3F5007F2CDB03F580744FF6FE72CD
:10681000944223D8A4B28C4238BF0C46A34207D37B
:1068200070BD5C00A4B28C4238BF0C46A342F7D2C4
:106830000546A000FFF7E0FDEB880646E3B9E21A43
:10684000920006EB8300002103F018FB2E60EC8021
:1068500070BD042938BF04210C46E7E74FF6FF74EA
:10686000E4E7084A03EB8304A2FB0424C4F34F04C7
:106870008C4238BF0C46D9E79A00296802F076F9B5
:10688000EB88DCE7ABAAAAAA30B5C3888B4283B0F9
:1068900005460C4609D9036843F82120AB889C4281
:1068A00024BF0134AC8003B030BD4FF6FE73994273
:1068B000F9D8013189B20192FFF79EFF2B68019A46
:1068C00043F82420EAE700BF38B5C3888B4204466A
:1068D0008DB201D2AB4201D9A58038BD2946FFF760
:1068E0008BFFA58038BD00BF83884BB1013B9BB2B5
:1068F00002688380002152F8230042F82310704779
:1069000018467047F8B583888B421DD905684A1C24
:106910008F009342044655F8216005EB070007D825
:10692000013B9BB20022A38045F823203046F8BDEE
:106930005A1A02F18042013A391D2944920012F09C
:1069400062FAA3882568EBE70026EFE783888B428D
:106950001CD970B50E461546591CC28889B28A42A8
:1069600004460FD9701C216880009B1B061F9A00EB
:106970000844314412F047FAA38822680133955144
:10698000A38070BDFFF738FFA388EBE7FFF77CBF5C
:1069900070B505460A48EB88AA88296804F0EAFB26
:1069A000EB885BB1074E00242B68304653F8241067
:1069B00004F0E0FBEB880134A342F5D870BD00BFC2
:1069C000049A0208289A020810B501460446028972
:1069D000034804F0CFFB201DBDE81040FFF7D8BFEF
:1069E0006C990208024A02600022C0E90122704745
:1069F000BC9A0208024A026000224260704700BF4F
:106A00008C9A0208034A02600022C0E90122C0E910
:106A1000032270475C9A02082DE9F843068947680B
:106A20000C46002E34D03B6899423AD03B460020B9
:106A300003E053F8042FA24225D00130B042F8D130
:106A4000236820465B6A9847236880461B6A204675
:106A50009847043F8146002457F8045F2B68284676
:106A60005B6A98478045284608D12B681B6A98477F
:106A700042460146484612F0B7F930B10134B442FB
:106A8000EAD14FF0FF30BDE8F8832046BDE8F88337
:106A90000B6808465B6A9847236820461B6A98473C
:106AA000EFE70020EFE700BF704700BF10B50446D6
:106AB0000A460448214604F05DFB2046BDE810402C
:106AC00003F016BF309A0208014B1B681869704723
:106AD00010050020014B1B689869704710050020C5
:106AE000014B1B68188C704710050020014B1B6878
:106AF000D86B7047100500200268F8B544F21023E7
:106B00009A4200D0FEE741681B4B0A681B4F9A422D
:106B10000446396013D0088C194E8000FFF77EFCC4
:106B20003B6830601A8C0021920003F0A7F93D68A1
:106B3000144B2A6831689A420E600AD0FEE7124868
:106B4000103104F017FB40F29F30BDE8F84003F02D
:106B5000CFBEA3682A699A42F0D100F065FA3A687C
:106B60000023146B05F140001A461946A047BDE802
:106B7000F84000F031BA00BF718E3B921005002042
:106B80000C050020708E3B92D49902080148FFF753
:106B9000B3BF00BF0090020848B110F0030207D154
:106BA000036823F00103D978F92903D01046704710
:106BB000002070471889A0F10600B0FA80F0400963
:106BC000704700BF70B505460C20FFF769FB04460F
:106BD00020B1154B03600023C0E901333DB1AB0781
:106BE00005D12B6823F00103DA78F92A01D0204679
:106BF00070BD0E4A9342FAD12E89002EF7D020465E
:106C0000FFF77EFC63899E4203D93146201DFFF7C2
:106C1000F3FDB20069682681606801F0A7FF204695
:106C2000FFF77CFC204670BDBC9A02085C9A020803
:106C300038B50D46044608B1830714D040F29B30A6
:106C400003F056FE29462046FFF7E6FE051E08DB48
:106C50002946201DFFF756FE294604F10C00FFF7D8
:106C600051FE422038BD036823F00103DA78F92A87
:106C7000E4D1024A9342E5D0E0E700BF5C9A020803
:106C800070B50E46FEF776F9044630460D46FEF71F
:106C900071F902460B462046294610F047FABDE836
:106CA0007040FDF7CDBE00BF08B5FEF763F90FF0E9
:106CB000DFFFBDE80840FDF7C3BE00BF08B5FEF723
:106CC00059F90FF091FFBDE80840FDF7B9BE00BFCC
:106CD00008B5FEF74FF90FF03BFFBDE80840FDF7A0
:106CE000AFBE00BF08B5FEF745F9F7F78DFEBDE86A
:106CF0000840FDF7A5BE00BF08B5FEF73BF910F050
:106D0000C3F9BDE80840FDF79BBE00BF08B5FEF71C
:106D100031F910F011F9BDE80840FDF791BE00BF50
:106D200008B5FEF727F910F033FCBDE80840FDF781
:106D300087BE00BF2DE9F04100F57A6682B00746B4
:106D400030460D4600F0F0FB044618B1204602B074
:106D5000BDE8F08105F0F003102B1DD0202B16D1DB
:106D60004FF00208384600F0D9FB0746182009F01A
:106D700075FF05F00F053946CDE90058B2B2012381
:106D8000044605F05FFE204602B0BDE8F0812A20EF
:106D9000A04603F0ADFDE5E74FF00108E2E700BFD4
:106DA00038B50D464FF0FF31FDF7BCFF044601300A
:106DB00005D029462046BDE83840FFF7BBBF2A2052
:106DC00003F096FD29462046BDE83840FFF7B2BFE4
:106DD0002DE9F041884617461D46064600F0A4FB03
:106DE00018B104462046BDE8F08129464046FFF729
:106DF000A1FF294680463846FFF79CFF0546102034
:106E000009F02CFFB3B2AA88B8F80410044606F0C3
:106E10000BFB4046002105F049FE2846002105F005
:106E200045FE2046012106F0A1FA2046BDE8F0818A
:106E300070B54FF0FF3104460420FDF773FF4FF0AB
:106E4000FF3105460520FDF76DFF20210646CA20CB
:106E5000FDF768FF5CB1012C14D0022C0DD1034664
:106E6000324629460320BDE87040FFF7B1BF014616
:106E70002846BDE87040FFF75DBF2A2003F038FDCB
:106E8000002070BD01463046BDE87040FFF752BF9C
:106E9000007C2021FFF74EBF8088102300F02ABA23
:106EA00008B50368DB699847003018BF012008BDAA
:106EB00008B504F09DFF003018BF012008BD00BFD9
:106EC000808870470048704716FCFFFF054B1A6822
:106ED00010B4146B0023A4461A4619465DF8044BFF
:106EE000604700BF1005002070B584B06C4684E890
:106EF0000F0094E80F00BDF80260154CBDF800507B
:106F000084E80F0031462846FDF75AFA0446304619
:106F1000FDF7A0FE06463CB10E4BE0681A68002360
:106F2000146B31461A46A04728460021FDF748FA5F
:106F300058B1084BC0681A68146B002331461A46D2
:106F4000A44604B0BDE87040604704B070BD00BF07
:106F5000900400201005002004F020BD08B5064E66
:106F6000054632680023146B19461A462846A04786
:106F7000142004F07DFCF4E71005002038B5054628
:106F80000B4B45F8443B04460A4B4364284608F043
:106F9000E1F9A36E1BB104F15C009B689847284699
:106FA00008F0DAFA204605F0C5FB204638BD00BFE0
:106FB00060A00208BCA6020810B5044604F0C6F999
:106FC000034638B100200CB144F820301B6A013070
:106FD000002BF8D110BD00BF04F0E0BC04F048BCA9
:106FE00009F0E2BE20B10146024A034804F032BB78
:106FF000704700BFD1B901085D6F010850B108B5F5
:107000000146054A054804F025FB0120BDE808407B
:1070100004F02EBC704700BF596F0108CD6E010807
:1070200089B280B204F04ABCF0B583B000F06CFBCA
:10703000284B1B681F8D5FB3274E002404E0B54228
:1070400012D041D82C602C46042004F0AFFD0190F2
:10705000019B5B070546F2D504F0CEFD082004F045
:10706000A5FD0546B542ECD1284604F0C5FD3846DD
:1070700004F09CFD854203D040F2E73003F038FC79
:1070800034B1256820462C4604F0B6FD002CF8D11A
:10709000124C1348134E04F0ADF904F5807501E06D
:1070A000AC420AD054F8040F0028F9D003681B68DA
:1070B000B342F5D09847AC42F4D100F0B9FB03B02D
:1070C000BDE8F04000F016BB40F2E73003F010FCE2
:1070D000B8E700BF1005002000100020F0090020D4
:1070E00014050020C56E0108044B10B51C68FDF79F
:1070F0000DFEFF34204420F0FF0010BD10050020DD
:1071000000200021704700BF08B505F015FB08BD41
:1071100005F022BB024B186800B1406A704700BFFF
:10712000F80E0020014B1B6858627047F80E0020D3
:107130002DE9F04FDFF81C91D9F8003087B0002B13
:1071400070D0824604F002F90346002874D000246F
:107150001B6A0134002BFBD1A500284604F026FD54
:107160000390FFF729FFA04257D1002C41DD039B7C
:10717000A3F1040B0AF0020302930BEB0503009347
:107180004FF000085BF8047F7E6A7EB37069FEF7FB
:10719000D3FEDDF808A0CDF804B00436D9F80030ED
:1071A00034689F422BD03868BD6803F0BDFBD9F826
:1071B0000030281A9F420444756807D03868D7F811
:1071C00008B003F0B1FBABEB00000544BAF1000FCF
:1071D00019D1A54205D954F8040BFEF7ADFEAC4217
:1071E000F9D3B668002ED9D1DDF804B0009B5B4519
:1071F000C8D1039807B0BDE8F04F04F0FDBC756836
:10720000BAF1000FE5D02B1B41469B1022461048D7
:1072100003F0B0FF08F10108DBE74FF44B7003F017
:1072200067FBA2E7012004F0C1FC0590059807B0B8
:10723000BDE8F04F04F0E0BC04F0B8FC0390FFF7A9
:10724000BBFE0028D5D04FF44B7003F051FBD0E7C4
:10725000EC9A0208F80E002038B505460D4B45F8AB
:10726000443B04460C4B4364284608F073F8A36E75
:107270001BB104F15C009B689847284608F06CF944
:10728000204605F057FA2046702111F062FD204695
:1072900038BD00BF60A00208BCA6020870B50D4E44
:1072A0000D4D0E4C304607F009F82A460C49304681
:1072B00009F0CCFC0B4806F09DF9204605F09EFD38
:1072C0002A462046084909F0C1FC084B084A1A60C2
:1072D00070BD00BF20040020000200201405002023
:1072E0007D6F01089004002055CD01083C05002069
:1072F000349D02082DE9F04182B016461F4604462F
:107300000D46FDF75DF838B132462946204602B0F9
:10731000BDE8F041FDF768B80F2CBFB201D1C02F16
:10732000F2D1282009F09AFCA1B280460097094BBF
:10733000AAB204F0B5FC4146074805F03FFC00281E
:10734000E2D0404604F0C4FC4046282111F001FD83
:10735000DAE700BFE96E01081405002000B585B02A
:107360008AB2012381B2684606F024F905B05DF8BF
:1073700004FB00BF4FF0FF310148FDF7D5B800BF57
:10738000F89A020808B505F08BFE08BD704700BFEB
:10739000704700BF014820F0604070470080022025
:1073A00070B54FF0FF311920FDF7BCFC00B200F0C2
:1073B000B5F84FF0FF3105461820FDF7B3FC00B2D9
:1073C00000F0ACF80646DC2009F048FC32462946BD
:1073D000044606F0F3F9014B1C6070BD4005002027
:1073E0002DE9F041114F3B6882B004460E469046AD
:1073F0009BB1304600F0B2F8054638686100046879
:10740000CDF8008089B23346246A05F10802A0470E
:1074100030B9284602B0BDE8F081FFF7C1FFE8E7C8
:10742000284604F0E9FB0025F3E700BF40050020F3
:1074300070B50C4E346884B00D465CB126686B683C
:107440000092400081B2B669204605F10802B047BB
:1074500004B070BDCDE90202FFF7A2FF3468DDE998
:107460000202EBE7400500202F282DE9F0470446F3
:107470003DD8214E214D335D28688BBB204F397894
:107480000131890004F0E8FB28601C2009F0E6FBCC
:10749000DFF870C040F2DF312CFA04F9C4F1200C9F
:1074A00001FA0CFC49EA0C09A4F1200C21FA0CFCAD
:1074B00049EA0C09002309F0010213430CBF012320
:1074C0000323E2B204F16401804603F0D9FB39786A
:1074D00028684A1CD2B240F82180325513463A70CF
:1074E00003F18043013B50F82300BDE8F0872A20D8
:1074F00003F0FEF9BDE700BF44050020740500203D
:1075000044270020FF9F03F408B54FF0FF31FDF73B
:1075100009FCBDE80840FFF7A7BF00BF002801DB5A
:10752000FFF7A2BF002070470B4B10B403F5807427
:1075300001E0A3420AD053F8042B002AF9D0918825
:107540008142F6D110465DF8044B70470022104688
:107550005DF8044B704700BFF4090020014600208D
:10756000FDF766B8014B9868704700BF9004002093
:1075700003685B69184700BF0368DB68184700BFF2
:1075800003685B68184700BF03681B68184700BFA3
:1075900070B5036804460D4616461B6D03219847D7
:1075A0003246294620891023BDE87040FFF7A2BE6D
:1075B00070B58C1E012C00D970BD036805461646B7
:1075C0000C461B6D0221984732462146288910231C
:1075D000BDE87040FFF78EBE2DE9F047A1F1040A27
:1075E00004461646D71705F0B7F8BAFA8AFA4FEAF2
:1075F0005A1A8046894609E005F0AEF8B0EB080259
:1076000061EB09039F4208BF964220D323682046BE
:107610005B68984750450546EED105F09DF88246D7
:1076200009E005F099F8B0EB080261EB09039F420D
:1076300008BF96420BD3236820465B689847854273
:10764000EFD005F089F8A0EB0A00BDE8F087002034
:10765000BDE8F08731B1036801290CBF0221002188
:107660001B6C1847036801211B6C18470368D3F88B
:1076700080301847026810B4146940F2DC53A44605
:107680004FF4FA625DF8044B604700BF0368DB6F9C
:10769000184700BF70B5154C257882B01DB1144B4A
:1076A000187802B070BD1F20FFF738FF0368064648
:1076B0005B689847336830461B6C012198470195F9
:1076C000019B632B05DC019B01330193019B632B21
:1076D000F9DD336830465B689847054A003018BFCB
:1076E000012001231070237002B070BD45270020D7
:1076F0004627002008B50348FCF7BCFFBDE808405A
:10770000FFF7C8BFA10D0C00704700BFF8B54FF0E0
:10771000FF311320FDF706FB00B2FFF7FFFE4FF02D
:10772000FF3105461220FDF7FDFA00B2FFF7F6FE25
:107730004FF0FF3106461720FDF7F4FA00B2FFF7CD
:10774000EDFE0746E82009F089FA3B463246294615
:10775000044606F0A3FC024BE4341C60F8BD00BFF5
:107760007805002010B5094C236882B0014633B17A
:107770001A689268184602B0BDE8104010470190A0
:10778000FFF7C4FF23680199F2E700BF78050020E6
:1077900070B50F4E356884B00C469DB178B1426823
:1077A00000F108014CB104F10803646828680094F2
:1077B000C4682846A04704B070BD2346F6E70246D9
:1077C0000146EFE70390FFF7A1FF35680398E5E76F
:1077D0007805002010B5094C236882B0014633B10A
:1077E0001A681268184602B0BDE8104010470190B0
:1077F000FFF78CFF23680199F2E700BF78050020AE
:1078000010B50A4C236882B0014643B11A68546827
:1078100018460822234602B0BDE8104018470190E0
:10782000FFF774FF23680199F0E700BF7805002097
:10783000704700BF024B1B6803B11847704700BF79
:107840007C05002010B50A4C23687BB1082109484B
:10785000984709482368016843B104309847236872
:1078600023B102210548BDE81040184710BD00BFF4
:107870007C050020009B0208F40A00200C9B0208F3
:107880002DE9F043354B1A789BB00446894692B3F4
:10789000FFF700FF20B9422C56D91BB0BDE8F0839A
:1078A000B9F1000FF9D02E4AE31782FB0412C3EBA3
:1078B000620303EB830203EB43039F00A41A7D1CC6
:1078C00004EB44040C37A600BD4206F1230806F180
:1078D0002E06E2DAB04508DA44460122204629465F
:1078E000144402F02BFBB442F7D10135BD42F1D173
:1078F0001BB0BDE8F08301251D70FFF7CBFE00280B
:10790000C6D13220FFF76AFB0920FFF707FE0368A4
:10791000144E1B68294698476422134901A801F0B8
:1079200025F96D460DF16408182009F097F955F80E
:10793000042F0123D2B20021074606F035FB45454E
:1079400046F8047FF0D1A3E7084B53F824000368FE
:107950001B6849461BB0BDE8F04318474727002085
:10796000676666667C050020109B02088005002083
:1079700038B5054602F0D6FA0024631901219B7937
:10798000204603B919460134FFF77AFF192CF4D1C8
:10799000BDE8384002F0E8BA10B502F0C3FA00249E
:1079A000204600210134FFF76BFF192CF8D1BDE808
:1079B000104002F0D9BA00BF704700BF704700BF47
:1079C00010B5044682B00820FFF7A8FD00230193FC
:1079D0000CB1022301930199036800291B68D4BFED
:1079E0000021012102B0BDE81040184708B5FFF79B
:1079F000CDF8002008BD00BF08B5072824D8DFE86F
:107A000000F01E09070B0D121704FFF743FED8B94B
:107A1000032008BD052008BD022008BDFFF73AFE7F
:107A200090B1012008BDFFF735FE68B1092008BDFF
:107A3000FFF730FE002814BF0A20052008BDFFF71D
:107A400029FE08B1182008BD4FF0FF3008BD00BF67
:107A5000024B1A68824218BF18607047E405002084
:107A6000014B1868704700BF080200202DE9F04163
:107A700084B0037C4A6800920193019C019B03F04F
:107A80000F030193019D012303FA05F50E4602F051
:107A900011FF804602F014FF009B002B2CDD241107
:107AA000A402ADB206F1070C04F190442F040020AB
:107AB00008261CF8011F072241FA02F3DB0721D533
:107AC0000296A561029B022B05DD029B013B0293FE
:107AD000029B022BF9DCA761029B002B05DD029BB8
:107AE000013B0293029B002BF9DC12F1FF32E3D23F
:107AF000009B01308342DCDC18F0010F1BD004B086
:107B0000BDE8F0810396A561039B062B05DD039B71
:107B1000013B0393039B062BF9DCA761039B002B1E
:107B2000E3DD039B013B0393039B002BF9DC12F184
:107B3000FF32C1D2DCE704B0BDE8F04102F0BEBEC6
:107B4000704700BF704700BF024B1B6803EB40004B
:107B5000704700BF10050020704700BF704700BF8E
:107B6000704700BF704700BF4268014693890248D2
:107B7000528903F0FFBA00BF949B020843685889FA
:107B8000884207DD002A05DB98898242ACBF0020CD
:107B9000012070470020704770B506464068457A5E
:107BA000012D82B000F110040ED0042D27D183895D
:107BB0009B001F335B119B0001FB0344C2B920787B
:107BC00000F00F0002B070BD83890733DB1001FBAA
:107BD00003440AB104EBE2040123217802F0070216
:107BE00003FA02F20A4214BF1846002002B070BD28
:107BF0005310E05CD307E3D5001102B070BD40F232
:107C00003530CDE9001202F073FE00997368019AD5
:107C10005B7A641A32B1012BDCD0042BE8D000204F
:107C200002B070BD042BCAD0012BF8D1D4E700BF3D
:107C300070B506464068447A012C84B000F1100506
:107C400013D0042C29D1808980001F30401180007E
:107C500001FB00519ABB91F9000020F00F0003F0E6
:107C60000F0303430B7004B070BD80890730C01050
:107C700001FB00510AB101EBE201012002F0070211
:107C800000FA02F2087823B920EA0200087004B072
:107C900070BD1043087004B070BD40F23530CDE9BE
:107CA0000223019102F024FEDDE9022301997068AC
:107CB000691A407A82B10128DDD00428D3D101EBC2
:107CC0006201D20791F90000C7D500F00F0040EA29
:107CD00003130B7004B070BD0428BCD00128CCD0B5
:107CE00004B070BD2DE9F84F0A9FBF1A48BF7F420C
:107CF000A3EB01094CBF4FF0FF3B4FF0010B7F009E
:107D00008B42A7EB09050C469846164682464FEA79
:107D100049090EDB324621460B9B50460134FFF7E2
:107D200087FF002DC4BFA5EB09055E44A0453D4477
:107D3000F0DABDE8F88F00BF2DE9F84FDDF82880B4
:107D40005B1A48BF5B42A8EB02094CBF4FF0FF3BF8
:107D50004FF0010B5F009045A7EB090514460E4656
:107D600082464FEA49090EDB224631460B9B5046BC
:107D70000134FFF75DFF002DC4BFA5EB09055E448C
:107D8000A0453D44F0DABDE8F88F00BFD0E90132EC
:107D9000013282609A0701D11A0F08D110B504464A
:107DA000596803F10800FCF743FC606010BD7047A0
:107DB00030B445680B68688923EAE374431EA34224
:107DC000A8BF23460B60AB891168013B21EAE17132
:107DD0008B42A8BF0B46136030BC704738B5FCF728
:107DE00027FC0546FEF78CFB0C20FEF759FA0446EB
:107DF00028B10A4A456000230260836025B1284605
:107E0000FEF78CFB204638BD40F2353002F070FDA5
:107E10002846FEF783FB204638BD00BFB09B020812
:107E2000B0F5FA6F24D8B1F5FA6F21D8012A70B5F0
:107E300018D0042A1ED18B001F335C11830003FB72
:107E400004F308330D460446194600201646FFF792
:107E5000C5FF4368872100225E725C819D81197293
:107E6000DA8170BDCB1DDB1000FB03F30833E9E7BB
:107E700000207047002070BD38B14368082B02DD38
:107E8000027A872A02D0002070477047427A012A7E
:107E90000FD0042AF7D18289408992001F325211F3
:107EA000800000FB02F00830181AB0FA80F0400998
:107EB0007047828940890732D21000FB02F00830F7
:107EC000F2E700BF48B14268042A04DD037AE12BDF
:107ED00014D0E42B02D0002070477047817A437A97
:107EE0001F2000EB81009B00401103FB00F30833CF
:107EF000181F801AB0FA80F040097047817A437ADF
:107F0000C81DC01003FB00F30833F1E7436858892C
:107F1000704700BF43689889704700BF01207047D1
:107F200043689A0704D11B0F0CBF01200020704743
:107F3000012070478068003018BF0120704700BFE3
:107F40002DE9F0410D1E04DB04461F46FFF716FE27
:107F500008B9BDE8F08116462046FFF717FF3B46FB
:107F6000324629462046BDE8F041FFF761BE00BF1A
:107F700070B50C1E04DB25460446FFF7FFFD08B96B
:107F8000002070BD29462046BDE87040FFF704BEC2
:107F90004068437A042B00D0704743898B42FBD959
:107FA00070B4848955685E1AA30004FB06F4AC42E1
:107FB00003F11F034FEA6313A8BF2C469B00103048
:107FC000641001FB030112D0013C08190A32013987
:107FD00011F8013F03F00F0302F8023C0B788142D5
:107FE0004FEA231302F8013C02F10202F0D170BC07
:107FF000704700BF2DE9F04143685D7A042D01D040
:10800000BDE8F081B3F80A808845F9D904461746DF
:108010009D890E46FFF7BAFE63685A7A012A03F17A
:10802000100424D0042A26D1998989001F314911CE
:1080300089007B68A8EB060805FB08F09842A8BFFA
:108040001846401001FB0641DAD007F10A02084445
:1080500012F8023C12F8014C03F00F0343EA041338
:1080600001F8013B814202F10202F1D1C8E799898E
:108070000731C910DDE740F2353002F039FC4FF02E
:10808000FF31D6E72DE9F04786B0CDE902210BB1EB
:108090000E9D15B906B0BDE8F08745686E89B142FE
:1080A0000446F7DAAD89AA42F4DA01390B440E9995
:1080B000013A0A44002BCDE90432EBDB002AE9DB6C
:1080C00005AA04A9FFF774FE02AA03A92046FFF738
:1080D0006FFE6168DDE90475DDE9022388890137F7
:1080E00001354607A7EB0307A5EB020505D123B928
:1080F0001AB94B899F4200F0CA802046FFF746FE1E
:1081000061684B7A012B00F09380042B40F0C7800C
:10811000B1F80CE00F984FEA8E0E0EF11F0E00F032
:108120000F06DDE902324FEA6E1E06EB06164FEA35
:108130008E0E5FFA86FA01F11008B1F80CC04FEA12
:108140008C0C0CF11F0C4FEA6C1C4FEA8C0C02FBE0
:108150000C8C002B40F09880002F07F1FF3106DCDB
:1081600098E7042B2FD001394B1CF44492D063685C
:108170005B7A012BF5D1029A002D02F0070203FA77
:1081800002F3F0DDE046002205E0384388F8000005
:1081900001329542E7DDB3F5807F0BD0DFB25B00A3
:1081A0000F9E98F80000002EEFD120EA070088F813
:1081B0000000EDE708F10100AB1A072B80462FDC29
:1081C00002230127ECE7029B13F0010F14BFF027F5
:1081D0000F27002DC7DDE04600200DE0FAB23F0179
:1081E00098F8003083EA0A0902EA09020130534094
:1081F000854288F80030B6DDB7F5706FEED108F132
:1082000001022B1A012B9046A3F1020302DCF02796
:108210000F22E5E70230854202F801ABF2DCA2E76B
:108220000832954200F801ABA3F10803C5DC9AE7D8
:10823000B1F80CE00EF1070E4FEAEE0EF446DDE960
:10824000023201F110080CFB028C0F9A42F3000677
:108250005FFA86FA002B3FF47FAF0CEBE30C7BE771
:1082600040F23530CDE9003202F042FB019A009B2A
:10827000A8EB020CA3B36268527A012A4FF0FF3ECA
:10828000EBD0042A7FF468AF0CEB630C64E7854203
:108290007FF433AF20460F9900F026F8FAE640F25B
:1082A000353002F025FB6168487A012808D1B1F821
:1082B0000CC00CF1070C4FEAEC0C4FF0FF3EBEE790
:1082C0000F9B03F00F0606EB061604285FFA86FAEA
:1082D000DDE9023201F11008C2D14FF0FF3E2CE778
:1082E0004FF0FF3E38E700BF30B5054683B00C467F
:1082F00019B1436899894A072DD12846FFF746FDF1
:1083000069684A7A01F110034968012AE4B218BF8A
:1083100004F00F04A1F108010CBF44F3000404EBC6
:1083200004140329E2B20ED998070DD102EB022002
:1083300021F0030400EB00401C4443F8040BA3426B
:10834000FBD101F0030121B119441A7001339942A4
:10835000FBD103B030BD00225B890091019411462E
:10836000FFF790FE03B030BD10B5141482B0CDE914
:10837000004313B20A1409B2FFF784FE02B010BD25
:108380002DE9F04784B0CDE900210BB10C9C14B964
:1083900004B0BDE8F08745686E89B1428246F7DADD
:1083A000AE89B242F4DA6D7A042DF1D10D9C656884
:1083B0000F2DEDDD01390B440C99013A0A44002BD5
:1083C000CDE90232E4DB002AE2DB03AA02A9FFF7CF
:1083D000EFFC6A4601A95046FFF7EAFCDDE90223FB
:1083E000DDE90061013201335046A2EB01089E1B1A
:1083F000FFF7CCFCDAF804700D9A7B7A012B02F1BE
:10840000080544D0042B53D1B7F80CC04FEA8C0CAC
:108410000CF11F0C4FEA6C1CDDE900494FEA8C0C93
:108420001037634603FB0977002C61D1B8F1000FC8
:1084300008F1FF34ACDD009B002E03F001021FDDCC
:108440003B7838460AB301220EE0437801320846F1
:1084500003F00F0103F0F003695C01F00F010B431F
:10846000964203700CDD0132191103F00F0315F869
:1084700001E0014643EA0E13964201F8013BE4DCB9
:10848000013C631C6744D6D182E70122E0E7B7F8DC
:108490000CC0DDE900490CF1070C4FEAEC0C103779
:1084A000634603FB0977002CC0D007EBE407BDE768
:1084B00040F2353002F01CFADAF80430DDF80490AE
:1084C0005A7A009C012A03F1100714D0042A1BD009
:1084D00040F2353002F00CFAA7EB09078CB1DAF85C
:1084E00004305B7A012B4FF0FF3CDED0042B9DD192
:1084F00007EB64079AE79B890733DB104FF0FF3CDB
:10850000CFE74FF0FF3C91E79B899B001F335B1146
:108510009B004FF0FF3C85E710B5141482B0CDE905
:10852000004313B20A1409B2FFF72AFF02B010BDCC
:1085300081B108B54068496842684B689A4201D0E9
:10854000002008BD0831083010F04EFCB0FA80F071
:10855000400908BD08467047406841680830FFF789
:108560003DBC00BF2DE9F0410746FFF70FFC7B68DB
:108570005A892AB300269C89013C002C1CDD002569
:108580002A4631463846FFF707FB224680463146E9
:108590003846FFF701FB2A46034631463846FFF7C7
:1085A00047FB01352246434631463846013CFFF73A
:1085B0003FFBA542E4DB7B685A8901369642DADB51
:1085C000BDE8F08170B5436805465A7A59899889A3
:1085D000FFF726FC6B685A890646B2B100249A89D7
:1085E0007AB1214600222846FFF7D6FA22460346F2
:1085F00000213046FFF71CFB6B689A890134002A82
:10860000EFD15A8901349442E9DB304670BD00BF96
:108610002DE9F043436899897E2983B05ADC81466D
:108620005A7A58894900FFF7FBFBD9F804304268B1
:10863000597A5F890129804602F110043FD004294C
:1086400057D19E89B6001F367611B600517A01299E
:108650003CD0042944D19589AD001F356D11AD0082
:10866000D9F804202848517A284A012908BF104621
:108670000FB303F10F0E4FF0000905F1FF3C002D81
:1086800014DD7146002311F8012F02F00F0263453B
:10869000825C227008BF013405D00A7812110234BE
:1086A000825C04F8012C0233AB42ECDB09F10109D6
:1086B000B945B644E3D1404603B0BDE8F0839E8996
:1086C000517A073601294FEAE606C2D19589073566
:1086D000ED10C5E74FF00008404603B0BDE8F08359
:1086E00040F2353001934FF0FF3502F001F9019B64
:1086F000B6E740F2353001934FF0FF3602F0F8F85C
:10870000D8F80420019BA1E7849B0208749B02080F
:10871000F8B543685B7A042B00D0F8BD02F00F0671
:108720008E42FAD005460F46FFF730FB6B6817B94B
:108730009A89520721D15A68082A03F11001ECD016
:108740001144340109390F3364B213F8010F00F0FA
:108750000F02BA4204BF20F00F003043B7EB101FE6
:1087600003D100F00F002043C0B299421870ECD141
:10877000F8BD9A8901379742CFDA5A89002AF8D092
:10878000002404E06B685A8901349442F1DA3A46D5
:1087900021462846FFF700FA0028F3D133463A462F
:1087A00021462846FFF744FAECE700BF2DE9F041E7
:1087B0001C4684B08C420746DDE90A5306DB8BE099
:1087C0002E46204615460C4632460146A142F7DBAE
:1087D000B2EB0508A1EB040610D1002E6CD04FF0CF
:1087E000010C0B932A4606EB0C0321463846CDF8C4
:1087F00028C004B0BDE8F041FFF744BC7EB9B8F131
:10880000000F64DD08F10102CDE90A232A46214662
:108810003846012304B0BDE8F041FFF733BC00291E
:1088200052DBD7F804C0BCF80A00A0424CDD002C93
:1088300005DA04FB08F494FBF6F42D1B00248842AF
:1088400007DC0138411A08FB01FE01469EFBF6F0E9
:1088500002449542BCF80C0045DB824234DA002D1C
:1088600032DB002A05DA06FB02F292FBF8F2891AE3
:108870000022854207DB0138451B06FB05FC054647
:108880009CFBF8F004443846CDE902230191FFF740
:108890007DFAB8F1000FDDE90112039B3ADB464592
:1088A000CDE90A2338460B462A4621463CDC04B073
:1088B000BDE8F041FFF740BA2A462146384604B0E9
:1088C000BDE8F041FFF73CBB04B0BDE8F081C8F162
:1088D0000101CDE90A139AE7164608462A462146C1
:1088E0003546044674E78542EEDA002AECDB002DBB
:1088F00005DA06FB05F595FBF8F5641B00258242B9
:10890000C1DB0138821A06FB02FC02469CFBF8F030
:108910000144B8E7C8F1000846450B9309DD0A9207
:108920000B462A462146384604B0BDE8F041FFF721
:10893000D9B90A9523463846B9E700BF10B51414D3
:1089400082B0CDE9004313B20A1409B2FFF72EFF3B
:1089500002B010BDF8B50F1E16DB144600221E46ED
:108960000546FFF70BF978B1069B002B0CDB0022C4
:1089700019462846FFF702F930B1079B002B03DDAB
:108980006B685A7A042A00D0F8BD7268517A0429BB
:10899000FAD19889558981001F3149111033890016
:1089A00007FB0137079B1E198642A8BF0646002C0D
:1089B0004FEA054595FBF3F52FDB01D007EB640784
:1089C0000021938906989B001F335B119B00A642F0
:1089D00000FB03F302F11002D6DD02EB030C4B1493
:1089E000CA031CF803304CBF1A1103F00F0297F9A9
:1089F000003014F0010F03F00F0004BF23F00F0349
:108A0000134340EA021004F1010414BF07F8010BFC
:108A10003B70B4422944E2D1F8BD05FB04F1494260
:108A20000024CEE730B51D1483B01CB2CDE900455B
:108A300013460A1409B2FFF78DFF03B030BD00BF23
:108A40002DE9F04F89B05C000594C4F10104039452
:108A50005C1E53D4012306928B46824607930493EF
:108A6000002507E0049A013C02321344A542049217
:108A7000039343DC069E129B4FEA4509A6EB0508CB
:108A800009F10109CDE90093424601230BEB0401F2
:108A90005046FFF7F7FA6700129B0137361BCDE906
:108AA0000073324601230BEB05015046FFF7EAFA4B
:108AB000129B019342460123ABEB04015046CDF8D3
:108AC0000090FFF7DFFA129B0193324601230097D3
:108AD000ABEB05015046FFF7D5FA039B059A002B37
:108AE000A3EB0203BEDC039A079B11460135194430
:108AF000A54203F1020303910793BBDD09B0BDE872
:108B0000F08F00BF10B582B00C46009309B2134637
:108B10002214FFF795FF02B010BD00BF10B504226C
:108B2000FFF77EF90446D8B143685A68083A032A29
:108B300003F110030BD913F0030009D122F0030154
:108B4000194443F8040B8B42FBD102F003022AB113
:108B50001A440021197001339342FBD1204610BD05
:108B600040F2913001F0C4FE204610BD032A70B4DB
:108B70000FD940EA01039B0710D003461A440C7832
:108B8000E4B21C700133934201F10101F7D170BCD2
:108B900070470346002AF1D170BC704722F00303EE
:108BA000CE18041F51F8045B44F8045FB142F9D1B8
:108BB00002F003020344002AE0D1EDE770B54A68F1
:108BC000436855895E89AE4200D070BD96899D8903
:108BD000AE42FAD1527A5B7A9A42F6D10D460446F9
:108BE000FFF7D4F8696860684A681030083A1031B5
:108BF000BDE87040FFF7BABF2DE9F04FD1F804C0CF
:108C0000BCF80A5005EB0209B9F1000F8BB058DD32
:108C10004468B4F80AB05A45074652DABCF80C006A
:108C20001E18002E03964CDDB4F80C80434548DA3C
:108C3000002BC0F2C880A8EB030E86457646A8BF7D
:108C400006460696667A0296149E9CF809A016F1CE
:108C5000020F02D1002A00F09980BAF1010F00F052
:108C60003281BAF1040F40F01C8680001F304011A1
:108C7000800004900298012800F01981042840F037
:108C80002186B4F80CC048684FEA8C0C0CF11F0C1C
:108C90004FEA6C1C4FEA8C06103001961034059098
:108CA00043B17868407A012800F08A80042801D115
:108CB00004EB63040298042800F08A8002990129D9
:108CC00003D000200BB0BDE8F08FBAF1010FF8D14E
:108CD0007968487AB1F80CA001F11008A8EB0401FA
:108CE00001280AF1FF3A069100F0CC85042840F0F3
:108CF0001786BAF1000F40F0268606990791002DDD
:108D0000DFD003990198059ECDF8089003F0070A7B
:108D10005144089100FB0244A1F10808059307E0C3
:108D2000049B1E44019B1C44029B01329A42C8D002
:108D30005A45F5D2069B059F03EB040E079B47455A
:108D4000B446254603EB040980F2A785002103926F
:108D500007E001432970474505F10105194680F2F6
:108D6000C0801CF8013BAE4507F1080703FA0AF37F
:108D7000F1D843EA2121A945C9B2ECD3149A287845
:108D80000132E6D10142E6D001209BE7002B7FF4BF
:108D900064AF029EB2457FF460AF5D457FF45DAF86
:108DA00040457FF45AAF38460193FFF707FF019B18
:108DB000184687E7002B00F0EC854FF0FF3001905C
:108DC00004EBE30476E74645A8BF4646069639E736
:108DD000BAF1040F00F0A880BAF1010F7FF471AF6F
:108DE000002B51DB002D3FF46CAF059D594203F081
:108DF0000100002B01F007014FF0010305F1010A0A
:108E0000019D03FA01F3149905FB0244069DB4BFCA
:108E1000002001230901054406934BB20390AE469E
:108E2000029307E0049B01329A44019B4A451C448B
:108E30003FF447AF5A45F5D2039B1AF801CC73456E
:108E40002546D046EEDA0699059210E095F9000025
:108E5000029A00F00F071743149A20F00F001043F6
:108E6000002E3CD02F700135013373455AD0B1F537
:108E7000807F2DD0084649001CEA000F03F0010650
:108E8000E4D1002EF0D0EEE74868467A1030012E8B
:108E90000590C3F1000400F05D85042E40F060856C
:108EA000059901EB640105917C6810349AE7B4F8E8
:108EB0000CC048680CF1070C4FEAEC061030019624
:108EC00010340590ECE60730C01004900298D2E60A
:108ED00098F800C0022108F101080120CCE72870B1
:108EE000C2E7039A0899CF1B002F7FF719AFAE4551
:108EF0003FF616AFA945FFF413AF9CF80010287891
:108F000001FA0AF141EA2323C7F10807FF2141FAD8
:108F100007F714993B400131DBB200F0FC840343B6
:108F20002B70FDE6059A7DE704998910002D3FF42A
:108F3000C8AE0398DDF814A0CDF80C904045A8BF4A
:108F4000404606460198059300FB0244A6F108003E
:108F500006908800029003F00100A8F10807049031
:108F60008C465A4580F0EA801498002851462346E2
:108F7000C0F2FB80DDE90430251DE646002B40F001
:108F8000AE81904667E0B84203F00F0200F3E08044
:108F90003AB115F8049C29F00F0949EA020205F8D4
:108FA000042C13F0F00F09D015F8049C23F00F02E5
:108FB00009F00F0949EA020205F8042CC3F303295A
:108FC000B9F1000F07D015F8032C22F00F0242EA86
:108FD000090205F8032C4FEA133919F00F0F07D0D7
:108FE00015F8032C02F00F0242EA091205F8032CCF
:108FF000C3F30349B9F1000F07D015F8022C22F092
:109000000F0242EA090205F8022C4FEA135919F03F
:109010000F0F07D015F8022C02F00F0242EA0912D6
:1090200005F8022CC3F30369B9F1000F07D015F856
:10903000012C22F00F0242EA090205F8012C1B0F55
:1090400007D015F8012C02F00F0242EA031305F8CD
:10905000013C083004351EF1FF3EC0F02682002896
:1090600051F8043B8FDA13F0F00F0DD0421C0BD4F3
:10907000964209DD15F8049C23F00F0209F00F0950
:1090800049EA020205F8042CC3F3032262B110F18D
:10909000020909D44E4507DD15F8039C29F00F0994
:1090A00049EA020205F8032C1A0B12F00F0F0CD03C
:1090B00010F1030909D44E4507DD15F8039C09F0AA
:1090C0000F0949EA021205F8032CC3F3034262B107
:1090D00010F1040909D44E4507DD15F8029C29F06A
:1090E0000F0949EA020205F8022C1A0D12F00F0FBF
:1090F0000CD010F1050909D44E4507DD15F8029C86
:1091000009F00F0949EA021205F8022CC3F30362C1
:1091100062B110F1060909D44E4507DD15F8019C2E
:1091200029F00F0949EA020205F8012C1B0F90D023
:10913000C21D8ED496428CDD83E74A46029B9A4438
:10914000019B1C44039B01329A427FF40AAFB8E5AD
:10915000002A88D0B04286DA15F8049C29F00F095D
:1091600049EA020205F8042C7DE7149802300498BD
:1091700000F09D81059B251D002840F03182864628
:10918000914649E09F4200F00F02C0F29E8022B15A
:1091900015F8042C12077FF4F7AD10F0F00F05D08E
:1091A00015F8042C12F0F00F7FF4EEAD10F4706F90
:1091B00004D015F8032C12077FF4E6AD10F4704FBD
:1091C00005D015F8032C12F0F00F7FF4DDAD10F48C
:1091D000702F04D015F8022C12077FF4D5AD10F4CF
:1091E000700F05D015F8022C12F0F00F7FF4CCAD03
:1091F00010F0706F04D015F8012C12077FF4C4AD85
:10920000020F05D015F8012C12F0F00F7FF4BCAD61
:109210000EF1010E08330435E6458ED0002B51F8CF
:10922000040BAFDA10F0F00F09D05A1C07D49642A5
:1092300005DD15F8042C12F0F00F7FF4A5AD10F445
:10924000706F08D09A1C06D4964204DD15F8032CE2
:1092500012077FF499AD10F4704F09D0DA1C07D4CF
:10926000964205DD15F8032C12F0F00F7FF48CAD5B
:1092700010F4702F09D013F1040806D4464504DD1C
:1092800015F8022C12077FF47FAD10F4700F09D08F
:109290005A1D07D4964205DD15F8022C12F0F00F86
:1092A0007FF472AD10F0706F08D09A1D06D496420C
:1092B00004DD15F8012C12077FF466AD020FA7D06C
:1092C000DA1DA5D49642A3DD9CE7002AAAD09E42CF
:1092D000A8DD15F8042C12077FF456ADA2E79146DD
:1092E00064E0874203F00F02C0F2D2803AB115F871
:1092F000042C02F00F0242EA031205F8042CC3F317
:109300000318B8F1000F07D015F8032C22F00F0254
:1093100042EA080205F8032C4FEA132818F00F0F51
:1093200007D015F8032C02F00F0242EA081205F8E4
:10933000032CC3F30338B8F1000F07D015F8022C43
:1093400022F00F0242EA080205F8022C4FEA134805
:1093500018F00F0F07D015F8022C02F00F0242EAA6
:10936000081205F8022CC3F30358B8F1000F07D018
:1093700015F8012C22F00F0242EA080205F8012C30
:109380004FEA136818F00F0F07D015F8012C02F000
:109390000F0242EA081205F8012C1B0F04D02A78AC
:1093A00022F00F0213432B70083004351EF1FF3EEC
:1093B000FFF4C3AE002851F8043B92DAC3F3031262
:1093C00062B110F1010809D4464507DD15F8038C98
:1093D00028F00F0848EA020205F8032C1A0A12F0D6
:1093E0000F0F0CD010F1020809D4B04507DA15F8B8
:1093F000038C08F00F0848EA021205F8032CC3F3A7
:10940000033262B110F1030809D4B04507DA15F848
:10941000028C28F00F0848EA020205F8022C1A0C08
:1094200012F00F0F0CD010F1040809D4B04507DA80
:1094300015F8028C08F00F0848EA021205F8022C11
:10944000C3F3035262B110F1050809D4464507DDA4
:1094500015F8018C28F00F0848EA020205F8012CE3
:109460004FEA136818F00F0F0BD0821D09D49642F3
:1094700007DD15F8012C02F00F0242EA081805F882
:10948000018C1B0F90D0C21D8ED496428CDD86E7D6
:10949000002A93D0864291DD15F8042C02F00F02C9
:1094A00042EA031205F8042C88E7424646E6002803
:1094B00040F0488105980792E64610E0069A8242FD
:1094C0007FDB4FEA15294FEA154803F8045C2D0E9F
:1094D00003F8039C03F8028C03F8015C08301EF1CA
:1094E000FF3E7BD3002803F1040351F8045BE5DA67
:1094F00010F101080BD4464509DD13F8048C25F062
:109500000F0908F00F0848EA090803F8048C10F165
:1095100002080BD4464509DD13F8038CC5F3032973
:1095200028F00F0848EA090803F8038C10F1030833
:109530000BD4464509DD13F8038C4FEA153908F0C2
:109540000F0848EA091803F8038C10F104080BD43B
:10955000464509DD13F8028CC5F3034928F00F08CE
:1095600048EA090803F8028C10F105080BD44645B7
:1095700009DD13F8028C4FEA155908F00F0848EA84
:10958000091803F8028C10F106080BD4464509DDD2
:1095900013F8018CC5F3036928F00F0848EA09089D
:1095A00003F8018C10F1070898D4464596DD13F8AE
:1095B000018C2D0F08F00F0848EA051503F8015C2F
:1095C0008CE7864294DD13F8048C05F00F0928F02F
:1095D0000F0848EA090803F8048C89E7079AADE503
:1095E0004FF0000E914648E09F4200F00F02C0F29B
:1095F0009E802AB115F8042C12F0F00F7FF4C4AB52
:1096000010F0F00F04D015F8032C12077FF4BCAB58
:1096100010F4706F05D015F8032C12F0F00F7FF4E2
:10962000B3AB10F4704F04D015F8022C12077FF47E
:10963000ABAB10F4702F05D015F8022C12F0F00F20
:109640007FF4A2AB10F4700F04D015F8012C1207B0
:109650007FF49AAB10F0706F05D015F8012C12F062
:10966000F00F7FF491AB020F03D02A7810077FF43C
:109670008BAB0EF1010E08330435E6453FF45DADCA
:10968000002B51F8040BAFDA10F0F00F08D05A1C81
:1096900006D4964204DD15F8032C12077FF474AB50
:1096A00010F4706F09D09A1C07D4964205DD15F8A6
:1096B000032C12F0F00F7FF467AB10F4704F08D05A
:1096C000DA1C06D4964204DD15F8022C12077FF44A
:1096D0005BAB10F4702F0AD013F1040807D4464591
:1096E00005DD15F8022C12F0F00F7FF44DAB10F4ED
:1096F000700F08D05A1D06D4964204DD15F8012CCF
:1097000012077FF441AB10F0706F09D09A1D07D497
:10971000964205DD15F8012C12F0F00F7FF434AB02
:10972000020FA6D0DA1DA4D49642A2DD9DE7002A3E
:10973000AAD09E42A8DD15F8042C12F0F00FA3D099
:10974000FFF722BB05980792E6461FE0069A824281
:10975000C0F28D8013F8049C93F8008009F00F0983
:1097600028F00F0849EA051948EA157803F8049C1F
:1097700083F800804FEA15194FEA15382D0D03F8CC
:10978000039C03F8028C03F8015C08301EF1FF3ED5
:10979000FFF424AF002803F1040351F8045BD5DA89
:1097A00010F101080BD4464509DD13F8038CC5F30D
:1097B000031928F00F0848EA090803F8038C10F190
:1097C00002080BD4464509DD13F8038C4FEA15292E
:1097D00008F00F0848EA091803F8038C10F1030891
:1097E0000BD4464509DD13F8028CC5F3033928F084
:1097F0000F0848EA090803F8028C10F104080BD49A
:10980000464509DD13F8028C4FEA154908F00F08A8
:1098100048EA091803F8028C10F105080BD44645F4
:1098200009DD13F8018CC5F3035928F00F0848EA45
:10983000090803F8018C10F106080BD4464509DD30
:1098400013F8018C4FEA156908F00F0848EA091867
:1098500003F8018C10F1070897D4464595DD93F87D
:10986000008028F00F0848EA15751D708DE78642C4
:1098700096DD13F8048C08F00F0848EA051803F881
:10988000048C8DE7BAF1000F3FF437AA08EBEA0821
:10989000A8EB04010791FFF732BA059F0023FFF7F9
:1098A00021BB40F2353007930592019101F020F879
:1098B0007C68059A607A01994FF0FF330493079B07
:1098C000FFF7D9B940F23530CDE90723019101F016
:1098D0000FF87C68019994F809C04868BCF1010F41
:1098E00000F11003059304F11004DDE907233FF4B0
:1098F00061AABCF1040F46D040F23530CDE908230F
:10990000079100F0F5FF4FF0FF3301930799DDE970
:109910000823FFF7C5B903423FF402AAFFF734BAA0
:1099200040F235300793029200F0E2FF029A079B63
:10993000BAF1000F3FF4E1A97968497A0129A5D06D
:1099400004297FF4DAA908EB6A08A8EB040107915F
:10995000FFF7D5B9059901EBE4010591FFF7A4BA2A
:1099600040F23530CDE90212079300F0C1FF0299B1
:10997000039A4968079B497A0129EBD004297FF4AF
:1099800093AAFFF78DBA23B14FF0FF300190FFF794
:109990008FB94FF0FF300190FFF78CB92DE9F041FE
:1099A00082B00E461746984605460124FEF7EEF9AA
:1099B00043463A46314628460094FFF71DF902B067
:1099C000BDE8F08110B582B04FF0FF340094FFF78E
:1099D00013F902B010BD00BFF0B5044683B00D46C8
:1099E00016461F46FEF7D2F963686A685B7A042B55
:1099F00002D1537A042B15D0002153890191928909
:109A0000009231463A462046FEF73CFB4FF0010CEF
:109A10003B46324629462046CDF800C0FFF7ECF819
:109A200003B0F0BD6FF0010CF2E700BF2DE9F04785
:109A3000814688461546FEF7A9F9D9F80400437A0D
:109A4000012B58D0042B40F0AD808489A4001F3432
:109A50006411A400002D53D1B8F1000F47891DDB1C
:109A60001AD0B84500F1100579DB04FB07F4032C8C
:109A70000BD915F0030209D124F003032B4445F858
:109A8000042B9D42FBD104F003042CB12C44002391
:109A90002B700135A542FBD1BDE8F087C8F1000A63
:109AA000BA4500F11006437A3BDB012B53D0042B5F
:109AB00040F08180828992001F325211920004FB93
:109AC00007F4032C05FB02630BD913F003010AD141
:109AD00024F003021A4443F8041B9342FBD104F020
:109AE0000304002CD8D01C4400221A700133A34276
:109AF000FBD1BDE8F08784890734E410002DABD09A
:109B000041680830FEF76AF9002104464846FEF72E
:109B1000EBFB2B46424621464846BDE8F047FFF79F
:109B20005BBF012B38D0042B56D1818989001F31AE
:109B3000491189000AFB01F108EB07053144304661
:109B400004FB05F20FF05FF9D9F804005746437A99
:109B500000F11006A9E782890732D210AFE7437AF5
:109B6000012B14D0042B2DD1808980001F3040118F
:109B700080002946A7EB080200FB085004FB02F214
:109B80000FF041F9D9F80450474610356DE7808948
:109B90000730C0102946EDE781890731C9100AFB5B
:109BA00001F1C9E740F2353000F0A2FE4FF0FF347A
:109BB000D9F804004EE740F2353000F099FE4FF03E
:109BC000FF327CE740F2353000F092FED9F8041005
:109BD0004FF0FF301031CDE740F2353000F088FE15
:109BE0004146A9E72DE9F843054600AFFEF7CEF858
:109BF0006C68637A012B2FD0042B37D1A589B4F878
:109C00000A80AD001F356D11AD002E4608F1FF38FA
:109C100010342B46073308FB064623F00703ADEB51
:109C2000030DA642E84614D9C5F1000921462A468B
:109C30004046FEF79BFF31462A462046FEF796FF38
:109C40002C4430462A4641464E44FEF78FFFB4422C
:109C5000ECD3BD46BDE8F883A589B4F80A80073582
:109C6000ED102E4608F1FF381034D2E740F23530BF
:109C700000F03EFE6B685A7A5E89012A06F1FF38D1
:109C800003F110040AD0042A0ED040F2353000F05F
:109C90002FFE4FF0FF331D461E46BBE79B8907335F
:109CA000DE104FF0FF35B4E79B899B001F335B113B
:109CB0009E004FF0FF35ACE72DE9F04743685A8925
:109CC0007E2A33DC0446998950005A7AFEF7A8F8B8
:109CD000636845685A7A5E89012A074605F11005CE
:109CE00003F110081ED0042A24D19C89A4001F343B
:109CF0006411A4009EB14FEA440A4FF000094146A6
:109D000022462846FEF732FF09F10109414628198B
:109D10002246FEF72BFF4E45A0445544EFD138466E
:109D2000BDE8F0879C890734E410E3E70027384654
:109D3000BDE8F08740F2353000F0DAFD4FF0FF3437
:109D4000D8E700BF38B5FFF7B7FF0446FCF7D8FBEC
:109D50002046FEF75DFC05462046FCF7DFFB284663
:109D600038BD00BF38B50546FEF786F8A8B10C200F
:109D7000FCF796FA044628B10B4A456000230260BE
:109D800083605DB12046FCF7BBFB2046FFF7DAFF9E
:109D900005462046FCF7C2FB686838BD40F2353006
:109DA00000F0A6FDEEE700BFB09B0208F8B5044640
:109DB000FEF762F870BB07462046FEF783F80028DE
:109DC00039D0616838460431FAF732FC87230372D0
:109DD000237A03F00F034372637A4381A37A83816A
:109DE000C781626804F10C01043A05461030FEF7A1
:109DF000BDFE2846FCF784FB0C20FCF751FA064612
:109E000018B1C0E901570D4B03602846FCF786FBEB
:109E10003046F8BD0C20FCF743FA064658B1074A15
:109E20004460002302608360002CF1D140F23530A1
:109E300000F05EFDECE700263046F8BDB09B02085E
:109E4000F0B50C4683B0064615461F46FDF79EFF4B
:109E50002046FFF7ABFF18B143685B7A012B01D0B6
:109E600003B0F0BD0146009730462B142AB2FEF72E
:109E7000C3FE03B0F0BD00BFFFF798BF032A19D996
:109E8000830721D130B422F0030301EB012505EB58
:109E900005450344044644F8045B9C42FBD102F0B0
:109EA00003022AB1C9B21A44197001339A42FBD194
:109EB00030BC7047034632B1C9B21A44197001333D
:109EC0009A42FBD1704770470346F5E770B5144DD1
:109ED0002C680CB1204670BD4FF49D6006F0BEFEAC
:109EE0004FF0FF3104460320FAF71CFF00B2FDF7E4
:109EF00015FB4FF0FF3106460220FAF713FF00B2C0
:109F0000FDF70CFB31460246204603F057FC214684
:109F100004F1DC00782200F003F92C60204670BDCB
:109F2000E8050020044B002103F5806203F8011FBF
:109F30009342FBD1704700BFEB050020094B03EBB8
:109F4000C00009B100EBE100012301F0070103FAB1
:109F500001F1037812B10B430370704723EA010348
:109F600003707047EC05002008B5FFF7AFFF034909
:109F7000DC30BDE8084000F045BB00BFEC05002028
:109F8000002868D0F8B5476807F1100207F5805738
:109F9000103711464FF6FF7341F2210411F8016B9F
:109FA000082583EA06231E044CBF84EA43035B00B2
:109FB000013D9BB2F7D1B942F0D127490C889C42B0
:109FC00048D0264E0B8006F5806C0127002307E061
:109FD0000A4301338EF80020402B426819D010321A
:109FE0005119EBB15A108C5CDA071ED5241106EB1F
:109FF000E30E03F0070207FA02F19EF80020002C9E
:10A00000E6D122EA010201338EF80020402B42689B
:10A01000E5D10836B44505F1200509D01032D5E761
:10A02000545DB64604F00F04E3E704F00F04DEE7E6
:10A030005389802B02D19389402B03D040F28A3080
:10A0400000F056FCFFF742FF0449DC30BDE8F84061
:10A0500000F0D8BAF8BD704740270020EC0500207A
:10A06000704700BF38B50C4D2C680CB1204638BD88
:10A07000182006F0F3FD4FF0FF3104461B20FAF7DD
:10A0800051FE00B2FDF74AFA08220146204600F0D0
:10A090000DFB2C60204638BDEC0900202DE9F04175
:10A0A00090461E4605460C46FFF7DCFF0368DB6959
:10A0B00007469847B8F1000F0AD004EB8404630008
:10A0C0000C49A3F5A07381FB0321DC17C4EBA104A9
:10A0D000012DA1B2384609D002F0EEF932462946E8
:10A0E000B8881023BDE8F041FDF704B902F0FEF98D
:10A0F000F4E700BF398EE33810B50446FFF7B2FF2E
:10A10000F4F7BEFA4CB100EBC000044B400083FBF7
:10A110000023C017C0EBA300203010BD6766666641
:10A120002DE9F043016093B000210C460546012360
:10A13000A0F8082412220CA803F036FF0B940B9908
:10A140000CA803F0EDFB322006F04CFE01230B932C
:10A150000B990CA803F0E4FB322006F043FEAE237B
:10A160008DF827309DF8273028688DF828408DF825
:10A1700029300368B5F8081400949E690AAA0223DE
:10A18000B0478DF826409DF8263028688DF8284085
:10A190008DF829300368B5F8081400949E690AAA5E
:10A1A0000223B04710238DF825309DF8253028680C
:10A1B0008DF828408DF829300368B5F8081400940C
:10A1C00040269F690AAA0223B8478DF824609DF8AB
:10A1D000243028688DF828408DF829300368B5F8B8
:10A1E000081400949F690AAA0223B84781238DF8B6
:10A1F00023309DF8233028688DF828408DF82930C9
:10A200000368B5F8081400949F690AAA0223B847A6
:10A21000CF238DF822309DF8223028688DF8284011
:10A220008DF829300368B5F8081400949F690AAACC
:10A230000223B847A1238DF821309DF821302868EA
:10A240008DF828408DF829300368B5F8081400947B
:10A250009F690AAA0223B847A6238DF820309DF8EB
:10A26000203028688DF828408DF829300368B5F82B
:10A27000081400949F690AAA0223B847A8238DF8FE
:10A280001F309DF81F3028688DF828408DF8293040
:10A290000368B5F8081400949F690AAA0223B84716
:10A2A0003F238DF81E309DF81E3028688DF8284019
:10A2B0008DF829300368B5F8081400949F690AAA3C
:10A2C0000223B847D3238DF81D309DF81D30286830
:10A2D0008DF828408DF829300368B5F808140094EB
:10A2E0009F690AAA0223B8478DF81C409DF81C30CC
:10A2F00028688DF828408DF829300368B5F80814CF
:10A3000000949F690AAA0223B847D5238DF81B3011
:10A310009DF81B3028688DF828408DF82930036897
:10A32000B5F8081400949F690AAA0223B84780234D
:10A330008DF81A309DF81A3028688DF828408DF86D
:10A3400029300368B5F8081400949F690AAA02230B
:10A35000B847D9238DF819309DF8193028688DF841
:10A3600028408DF829300368B5F8081400949F69D7
:10A370000AAA0223B847F1238DF818309DF8183047
:10A3800028688DF828408DF829300368B5F808143E
:10A3900000949F690AAA0223B847DA238DF8173080
:10A3A0009DF8173028688DF828408DF8293003680B
:10A3B000B5F8081400949F690AAA0223B84712232B
:10A3C0008DF816309DF8163028688DF828408DF8E5
:10A3D00029300368B5F8081400949F690AAA02237B
:10A3E000B847DB238DF815309DF8153028688DF8B7
:10A3F00028408DF829300368B5F8081400949F6947
:10A400000AAA0223B8478DF814609DF81430286812
:10A410008DF828408DF829300368B5F808140094A9
:10A420009F690AAA0223B8478D238DF813309DF83F
:10A43000133028688DF828408DF829300368B5F866
:10A44000081400949F690AAA0223B84714238DF8C0
:10A4500012309DF8123028688DF828408DF8293088
:10A460000368B5F8081400949F690AAA0223B84744
:10A47000AF238DF811309DF8113028688DF82840F1
:10A480008DF829300368B5F8081400949F690AAA6A
:10A490000223B847C8238DF810309DF81030286883
:10A4A0008DF828408DF829300368B5F80814009419
:10A4B0009F690AAA0223B84720238DF80F309DF820
:10A4C0000F3028688DF828408DF829300368B5F8DA
:10A4D000081400949F690AAA0223B8478DF80E4019
:10A4E0009DF80E3028688DF828408DF829300368D3
:10A4F000B5F8081400949F690AAA0223B8472123DB
:10A500008DF80D309DF80D3028688DF828408DF8B5
:10A5100029300368B5F8081400949F690AAA022339
:10A52000B8478DF80C409DF80C3028688DF828400D
:10A530008DF829300368B5F8081400949F690AAAB9
:10A540000223B8477F238DF80B309DF80B30286825
:10A550008DF828408DF829300368B5F80814009468
:10A560009F690AAA0223B84722238DF80A309DF872
:10A570000A3028688DF828408DF829300368B5F82E
:10A58000081400949F690AAA0223B8478DF809406D
:10A590009DF8093028688DF828408DF82930036827
:10A5A000B5F8081400949F690AAA0223B847072344
:10A5B0008DF808309DF8083028688DF828408DF80F
:10A5C00029300368B5F8081400940AAAD3F8189043
:10A5D00005F10608022340F20147C84721463A46E2
:10A5E0004046FFF74BFC2868AE710668B5F80814C2
:10A5F000009442463B46B469A047284613B0BDE8E4
:10A60000F08300BF2DE9F041002782B04FF0010E2A
:10A610004FEAC70C00240137E310CA1807EBC31335
:10A62000034412F80C809D7904F007020EFA02F23E
:10A6300018EA020FD6B246EA050204F101040ABF85
:10A64000B5439A719D71402CE6D1802FE0D102462E
:10A65000B0F8081452F8060B0024036800949C69B3
:10A6600040F20143A04702B0BDE8F081704700BF4F
:10A67000704700BF0048704716FCFFFF10B5034B42
:10A680000360044602F0C6F8204610BDE89B0208AD
:10A6900010B5054B0360044602F0BCF820461821B3
:10A6A0000EF057FB204610BDE89B020810B504468B
:10A6B00002F0D4F8014B2360204610BDE89B02084D
:10A6C00070B5436C84B04FF40872ADF80C20C3B180
:10A6D0001A68B0F84C100025044600951846966993
:10A6E000022303AAB047606C40F20713ADF80C30A8
:10A6F00038B10368B4F84C1000959C6903AA022392
:10A70000A047002004B070BD10B5034B03600446A1
:10A7100001F07CFB204610BD149C020810B5054BCF
:10A720000360044601F072FB204654210EF011FB39
:10A73000204610BD149C0208F8B504460F46164684
:10A740001946BDF81C20BDF8185001F0C3FB084A9B
:10A750002260002384F84E306764A664A4F84C504D
:10A7600001F0EAFF20652046FFF7AAFF2046F8BD6A
:10A77000149C0208F0B5474A474B12689A4285B0CC
:10A78000044613D094F84E306BB9636C5BB101F0A2
:10A79000D3FFB0F16405226D41F1FF360023B342CF
:10A7A00008BFAA4208D3002005B0F0BD00F088F829
:10A7B0003A4B1B689847E5E7606CB4F84C100368A7
:10A7C0000126CDE900660D225D6A03ABA847606CE7
:10A7D000B4F84C1003689DF80C50CDE900660F22C8
:10A7E0005F6A03ABB847606CB4F84C100268CDE9FF
:10A7F000006603AB9DF80C60576A1122B8479DF8BC
:10A800000C30274A21687F2DC8BFA5F580757F2EA3
:10A81000C8BFA6F580767F2BC8BFA3F58073AD02B5
:10A8200048BF3F35B6024FEAA51548BF3F369B02E9
:10A830004FEAA61648BF3F33B5F5806F4FEAA31025
:10A84000A8BF4FF48065B6F5806FA8BF4FF480664F
:10A85000B0F5806FA8BF4FF480609642B8BF16462F
:10A860009542B8BF15469042B8BF10466B4276423B
:10A8700001252062C4E9066320464B6B84F84E50E4
:10A88000984701F059FF00232065002084F84E30DE
:10A8900005B0F0BD9401002034CD12AB0464000873
:10A8A00000FCFFFF08B5FFF765FF002008BD00BFF3
:10A8B000FFF760BFEFF31080704700BF62B67047CC
:10A8C00072B6704720BF704706F08CBABFF34F8F47
:10A8D0000549064BCA6802F4E0621343CB60BFF33C
:10A8E0004F8F00BFFDE700BF00ED00E00400FA0558
:10A8F00008B5014672B6024800F03CFCFEE700BF16
:10A900004C9C0208024BD3E903301844704700BF47
:10A9100010020020402001F049B900BF8163704758
:10A9200041637047C1637047C06B7047EFF30980A4
:10A93000704700BF406B7047C0E9001283607047EA
:10A940006FF47D70704700BF6FF47D70704700BF7B
:10A950006FF47D70704700BFC1600020704700BF7A
:10A960006FF47D70704700BF38B503689B6904467B
:10A970000D46984778B1236820465B689847B5FA3A
:10A9800085F35B09984206D1236829461B68204657
:10A990009847002038BD014838BD00BF12FCFFFFBA
:10A9A000704700BF704700BF10B5102104460EF07D
:10A9B000D0F9204610BD00BF10B51C2104460EF092
:10A9C000C8F9204610BD00BF70B50E4C206818B104
:10A9D000BDE8704004F0D0BA0B4D4FF0FF3128684D
:10A9E00006F048FF23683BB1286806F04DFF206859
:10A9F000BDE8704004F0C0BA261D304604F09EFA4F
:10AA00002660F1E72C0F0020E829002070B5104CDB
:10AA1000206828B14FF0FF31BDE8704004F0A8BABB
:10AA20000C4D4FF0FF31286806F024FF23684BB12E
:10AA3000286806F029FF20684FF0FF31BDE870401C
:10AA400004F096BA261D304604F078FA2660EFE747
:10AA50002C0F0020E82900202DE9F84303799A07FC
:10AA600040F1E480C3885B07044624D58669371D1E
:10AA7000227C3368F12A9B687A4A3FD0934259D1AD
:10AA8000794D2B68002B6CD028684FF0FF3104F013
:10AA90006FFA384604F0E8FD3368744ADB68934285
:10AAA00004464AD1704D2868002849D004F064FA61
:10AAB000A011BDE8F88303686B4D9B6D984710208B
:10AAC00006F0CCF806462868694B336094F810907D
:10AAD000002867D04FF0FF31371D04F049FA38469F
:10AAE000494604F051FD286800284AD004F044FA91
:10AAF000E388A66143F00403E380B9E7934266D19B
:10AB0000594D2868002865D04FF0FF3104F030FA25
:10AB1000384604F0A9FD3368544ADB689342044682
:10AB200051D1514D2868002864D004F025FA204600
:10AB3000BDE8F88330469847ABE730469847B7E71B
:10AB4000DFF834814FF0FF31D8F8000006F092FEB4
:10AB50002B68002B6CD0D8F8000006F095FE286812
:10AB6000A4E7DFF814814FF0FF31D8F8000006F0B9
:10AB700081FE2B68002B61D0D8F8000006F084FE1F
:10AB800082E7DFF8F4804FF0FF31D8F8000006F0DC
:10AB900071FE2B68002B5DD0D8F8000006F074FE23
:10ABA0002868A3E7DFF8D0804FF0FF31D8F8000025
:10ABB00006F060FE2B68002B46D0D8F8000006F0A7
:10ABC00063FE286886E7304698472046B0E730465F
:10ABD00098479DE7DFF8A0804FF0FF31D8F80000DC
:10ABE00006F048FE2B68DBB1D8F8000006F04CFEFA
:10ABF000286889E7DFF880804FF0FF31D8F800003F
:10AC000006F038FE2B682BB1D8F8000006F03CFEA9
:10AC100028688AE72E1D304604F090F92E60F3E78D
:10AC20002C1D204604F08AF92C60DDE7114840E72E
:10AC30002E1D304604F082F92E608CE72C1D204634
:10AC400004F07CF92C6097E72F1D384604F076F964
:10AC50002F60B2E7DFF82490484604F06FF9C5F89A
:10AC6000009099E70DAA01082C0F0020C9A901083E
:10AC70006C9C020816FCFFFFE8290020300F002022
:10AC800010B5044603F090F9034B23600023637171
:10AC9000E380A361204610BD849C020888B110B5F2
:10ACA00004460EF00CF901382044844207D2237880
:10ACB000027804F8012B00F801398442F7D3002010
:10ACC00010BD6FF47A707047F8B549B380EAE0744C
:10ACD000C4EBE0744F1E0025DFF84CC000E01D46B9
:10ACE0008CFB0423E217C2EBA30202EB8203C4EB4A
:10ACF00043033033564207F8013F14466B1C002EC5
:10AD0000EDD1002801EB030203DA2D220235CA54EB
:10AD10004A19002308461370FFF7C0FF3046F8BDFC
:10AD20006FF47A76FAE700BF67666666014B1860D3
:10AD300000207047F00900200A4B036010B40A4C51
:10AD40000023C380224602E00133402B06D052F894
:10AD5000041B8842F8D1002244F823205DF8044BFC
:10AD6000704700BF109D0208F4090020004870479A
:10AD700016FCFFFF10B504460B4B0C482360002364
:10AD8000E380024602E00133402B06D052F8041B58
:10AD90008C42F8D1002240F82320204608210DF0F3
:10ADA000D8FF204610BD00BF109D0208F409002006
:10ADB000013908B503290AD8DFE801F00B0B0202BC
:10ADC0000368084ADB68934201D0002198470020BD
:10ADD00008BD0368034ADB689342F8D00121984715
:10ADE000F5E700BF75A6010870B584B004AC04E9AE
:10ADF0000F00BDF80230012B18D0022B14D1154CD6
:10AE0000154E04F5807501E0AC420DD054F8040FE6
:10AE10000028F9D0C3885B04F6D503689B68B34269
:10AE2000F2D09847AC42F1D104B070BD094C0B4E42
:10AE300004F5807501E0A542F6D054F8040F00280F
:10AE4000F9D0C3889A04F6D503685B68B342F2D0A0
:10AE50009847F0E7F009002071A601086DA60108E7
:10AE60002DE9F041324C82B02246002302E001334A
:10AE7000402B05D052F8041B0029F8D144F82300D8
:10AE80002C4C237813F001030BD12B4D2A6842B1CF
:10AE90000093102201234FF47A60002101F06CFC32
:10AEA00010B102B0BDE8F0812820D5F80080234E13
:10AEB00005F0D4FEC02300930122214B1021074648
:10AEC00000F0EEFED8F800305B68B34224D138467B
:10AED00000F0FEFE384628210DF03BFF28202F68A9
:10AEE00005F0BCFEC02300930222154B0F2105463E
:10AEF00000F0D6FE3B685B68B34213D1284600F0F1
:10AF0000E7FE284628210DF024FF237843F00103B3
:10AF1000237002B0BDE8F0814046394698470028CA
:10AF2000DCD0D4E73846294698470028EDD0E5E73D
:10AF3000F409002048270020280F00206DAD0108EB
:10AF4000E9AD010810B4084C0023224602E00133A9
:10AF5000402B06D052F8041B8142F8D1002244F85D
:10AF600023205DF8044B7047F40900200048704727
:10AF7000F89A020800200021704700BF084600F040
:10AF800077BC00BF084600F0FBBE00BF0846FFF7D5
:10AF9000AFBC00BF0846FFF797BC00BFFFF796BCE9
:10AFA000F8B51B4D0E460446FFF78AFC2868831946
:10AFB000B3F5806F374616D204302844731E2EB383
:10AFC0005E1CA119431E14F8012B03F8012FA142A6
:10AFD000F9D13044002303702B683B442B60BDE85B
:10AFE000F840FFF76BBC0B4B6B6040F2FA33042266
:10AFF0009E422A6005DD084C1527142305F1080040
:10B00000DEE708202844731E002ED9D13746E1E739
:10B01000F40A00202E2E2E0A549D020830B587B067
:10B0200062B901AC2146FFF74FFE20460DF047FF05
:10B0300001462046FFF7B4FF07B030BD05460024A7
:10B040001C220CE08BB902B334B10846303006AB99
:10B050002344013403F8140C043A131D0AD025FAD2
:10B0600002F303F00F030029ECD0092B58B2EDDDF9
:10B070003730ECE706AB1C44002304F8143C0221F3
:10B08000034801ACFFF78CFFCFE71046DEE700BFB7
:10B09000509D02082DE9F047DFF8D480324F82B08E
:10B0A00081460E46151F494602E0252A194612D050
:10B0B0000B460C4613F8012B002AF6D1A1EB09012F
:10B0C0004846FFF76DFF1EB102212848FFF768FFD1
:10B0D00002B0BDE8F0876FEA090319444846FFF75C
:10B0E0005FFF637855F804AFCDF804A0642B04F13A
:10B0F00002091DD00CD9732B28D01FD9752B17D05E
:10B10000782B0BD1504601220021FFF787FFCAE7B9
:10B11000582B15D0632B06D0252B1FD0032140467A
:10B12000FFF73EFFBFE7012101A8FFF739FFBAE7AC
:10B13000002250461146FFF771FFB4E7702BEDD1A6
:10B14000012250461146FFF769FFACE750460DF06B
:10B15000B6FE01465046FFF723FFA4E7012138461B
:10B16000FFF71EFF9FE700BF6C9D0208749D020859
:10B17000709D02080FB400B583B004AA012152F8F3
:10B18000040B0192FFF786FF03B05DF804EB04B0F7
:10B19000704700BF0048704716FCFFFF10B504461B
:10B1A000FFF78EFBE3696BB1A2699A61A3690BB1EA
:10B1B000E269DA610023C4E906336361BDE8104047
:10B1C000FFF77CBBD4E905321A60EFE738B50D46CE
:10B1D0000446FFF775FB2A6865610AB90AE01A465A
:10B1E0009369002BFBD19461C4E90632BDE8384075
:10B1F000FFF764BBC4E906222C60BDE83840FFF7C6
:10B200005DBB00BF2DE9F04184B004AC04E90F0040
:10B21000114B1C68DDE902014FF47A7200230BF038
:10B22000B9FAB4B1DFF8348006460F46E268A56982
:10B2300000239F4208BF964208D3636920460BB1A2
:10B24000FFF7ACFF20464146FFF7C0FF2C46002D1C
:10B25000ECD104B0BDE8F081000F0020080F002001
:10B260002DE9F04FDFF8E08093B0D8F8005004AC3F
:10B2700084E80F00002D32D02F4BBDF810401A6823
:10B28000BDF81260AAB12D4F4FF0000A40F2FE3512
:10B2900040F2FF39D368D2F818B0190CAC429BB217
:10B2A00088B21FD0002B33D09C4231D05A46002A9E
:10B2B000F0D1A4F2FE33012B11D9D8F80050204B65
:10B2C00010273246214608A8009700F0E9FC2B68B9
:10B2D0001C4A9B6893422AD108A800F0F9FC13B0DD
:10B2E000BDE8F08F4B45DDD109B1B042DED1BAF1F6
:10B2F000000FDBD1536923B110460392FFF74EFFD5
:10B30000039A10463946FFF761FF4FF0010ACDE777
:10B3100009B1B042CAD1536923B110460392FFF775
:10B320003DFF039A10463946FFF750FFBEE7284617
:10B3300008A99847D0E700BF180F0020080F002089
:10B3400061B2010895B10108FC0E0020014B18689C
:10B35000704700BF0C0F002038B5FFF7B1FA164B4D
:10B360001C68D4B1636913B12046FFF717FFFFF7DC
:10B37000A5FA0023236163622568FFF7C3FA01463B
:10B380002846FFF7CFFAFFF79BFA0C4B1A682262A8
:10B390001C60FFF793FA204638BD282005F05EFCBC
:10B3A000282200210446FEF769FDFFF7B3FA0023C7
:10B3B000C4E90003A360DAE7100F00200C0F00209F
:10B3C00038B50A4B1C682369DB0707D5084D286888
:10B3D00030B1636A4362002363620446204638BD8D
:10B3E000FFF7BAFF28600028F8D0F2E7F80E002037
:10B3F000040F00202DE9F041484D2A7812F0010495
:10B4000082B002D002B0BDE8F081454E454F3060B9
:10B41000FFF7A2FF444B45491860FFF7D7FEFFF73F
:10B420009BFF3860D0F80080FFF76CFA011F4046A0
:10B43000FFF776FA3B683E491868FFF76FFA3768FE
:10B44000002F51D0282005F009FCC023224600938C
:10B4500040F2FF31374B384C804600F021FC3B680E
:10B460005B68A34247D1404600F032FC40462821A9
:10B470000DF06FFC2820D6F8008005F0EFFBC0230C
:10B48000009300222B4B40F2FE31074600F008FCEF
:10B49000D8F800305B68A34239D1384600F018FC78
:10B4A000384628210DF055FC00230F22002100937F
:10B4B0004FF47A60012301F05FF92820376805F026
:10B4C000CDFBC023009301221C4B0F21064600F048
:10B4D000E7FB3B685B68A34213D1304600F0F8FB02
:10B4E000304628210DF035FC2B7843F001032B70FA
:10B4F00002B0BDE8F0813846414698470028B9D0EF
:10B50000B1E73846314698470028EDD0E5E7404698
:10B51000394698470028C7D0BFE700BF4927002019
:10B52000FC0E0020140F0020F80E0020080F002051
:10B53000ADBA010861B201086DAD010805B201089C
:10B54000024B187800F00100704700BF4927002027
:10B55000F0B5204F3B6883B0002B38D01E4B1B78D2
:10B56000DB0734D50E460446FFF72AFF436944EA59
:10B5700006420546C2600BB1FFF710FE2846174988
:10B58000FFF724FEA4F2FE33012B17D928203F68D1
:10B5900005F064FBC023324600932146104B05465C
:10B5A00000F07EFB3B680F4A5B68934209D1284656
:10B5B00000F08EFB284628210DF0CBFB002003B0C5
:10B5C000F0BD3846294698470028F7D0EFE70648EF
:10B5D000F5E700BFFC0E002049270020180F0020CF
:10B5E00061B201086DAD010816FCFFFF2DE9F041C5
:10B5F00028B321B30546984617460E46FFF7ACFE22
:10B600000446E0B132463B4629460068FFF794F90C
:10B610002568FFF777F9011F2846FFF781F90A4BE4
:10B620000A492068B8F1000F18BF1946FFF776F9EC
:10B6300020460749FFF7CAFD2046BDE8F0810024F7
:10B640002046BDE8F08100BF85BA0108B1B9010804
:10B65000080F0020074B1B7813F0010308D010B42B
:10B66000144601230A4621465DF8044BFFF7BEBF8E
:10B670001846704749270020024B1868B0FA80F03E
:10B6800040097047080F002030B50F4D2B789A07FE
:10B6900085B004D50D4B1B6873B105B030BD43F0C8
:10B6A0000204022201230F2168462C7001F082FF60
:10B6B000064B1B68002BF0D12B7823F002032B7074
:10B6C00000F060FB05B030BD49270020080F0020C6
:10B6D0002DE9F0415B4D2C682369D90747D45A4EB8
:10B6E0005A4F32683968002A31D06069B04200F0A0
:10B6F0009A802A608A422BD0944271D08C4271D0B9
:10B70000534B62699A426DD02068FFF70DF90646E7
:10B71000FFF70CF9D4E90131301ACA1A90426AD9FC
:10B7200000F120012F682C6021F01F06002B40F053
:10B730008480304600F03AFA3118C4E901012F60E4
:10B740002068BB683A68BDE8F0410DF06FBA296027
:10B750001B0757D52C60FFF797FF3368002BFAD0F3
:10B760009C422B603CD039688B42C7D14DE0394EAA
:10B770002068326843F0020323611369146843F0C0
:10B7800004031361FFF7D6F801462046FFF7CAF815
:10B7900037683868FFF7C8F80446FFF7C7F8D7E9F5
:10B7A0000123201A9B1A98420FD92030D5F8008027
:10B7B0002F6020F01F04002A3BD1204600F0F6F94C
:10B7C0000444C7E90104C5F8008033689968186823
:10B7D0000DF06DFA2B681A690021920731600CD4C4
:10B7E000BDE8F0812A680021936812680846BDE828
:10B7F000F0410DF01BBA2F68A2E71868BDE8F041D0
:10B800000DF08FBA2B689C42EAD01E68FFF77AF8D9
:10B81000011F3046FFF784F83B680F491868FFF7AF
:10B820007DF839686AE7A069002818BF02462A60D7
:10B8300060E7104600F0E0F9BFE7184600F0DCF9D9
:10B8400077E700BFF80E0020080F0020140F00203B
:10B85000100F0020040F0020ADBA0108034B1B7825
:10B86000DB0701D5FFF734BF704700BF4927002031
:10B8700070B5104D2A78D20714D50446FFF7A0FD05
:10B88000064600F059FF73692044F06013B130465A
:10B89000FFF784FC30460849FFF798FC2B78DB075C
:10B8A00004D470BDBDE87040FFF70EB8BDE870402D
:10B8B000FFF70EBF49270020000F002000B583B01E
:10B8C000FFF746FE18B9074B1B78DB0702D403B01D
:10B8D0005DF804FB0190FFF7FBFE019803B05DF8F3
:10B8E00004FB00BF4927002038B5284D286843696C
:10B8F00013B1FFF753FC2868254C2146FFF766FC7F
:10B9000024684CB1A369002223B11C460132A3690B
:10B91000002BFAD1032A22DC2B6800221A611C6852
:10B92000FEF7F0FF01462046FEF7FCFFFEF7C8FFDA
:10B93000184B29681A688A4225D04AB1136A99427D
:10B940001DD02BB11A6A91421AD01346002BF9D19F
:10B95000FEF7B4FF104B1B78DB070CD438BDE2694F
:10B960002068936100F048F9606800F045F92046CE
:10B9700000F042F9D0E7BDE83840FFF7A9BE134612
:10B980000A6A1A62E4E7126A1A60E1E7F80E002018
:10B99000100F00200C0F002049270020034B1B78BC
:10B9A000DB0701D5FFF7A0BF704700BF4927002084
:10B9B00010B50C468047A047044B1B78DB0700D42A
:10B9C00010BDBDE81040FFF78FBF00BF4927002022
:10B9D000034B1B78DB0700D47047FFF785BF00BF20
:10B9E00049270020002842D02DE9F041DFF890805F
:10B9F00098F80030DC0782B032D51E4F3B680A460B
:10BA000019694907054601D15C6A44B128460123FA
:10BA10001949FFF7EBFD002002B0BDE8F08118687E
:10BA200001920DF066F93968019A0B6913F002066C
:10BA300018D143F0010310460B61A8473B68186911
:10BA40005E6220F0010210F004001A61E4D098F860
:10BA5000000010F00100DFD0FFF746FF3046DBE7C3
:10BA60000648D9E723F003030B612046D4E76FF4BF
:10BA70007A707047F80E0020D1B9010816FCFFFF5C
:10BA80004927002038B50346144610460D4698470E
:10BA90002046A847044B1B78DB0700D438BDBDE81F
:10BAA0003840FFF721BF00BF4927002008B5044CEC
:10BAB000FFF7EAFD2378DB07FAD5FFF709FEF7E782
:10BAC00049270020024B1878C0F38000704700BF60
:10BAD00049270020F8B50C4C05460E462778FEF79E
:10BAE000EFFE0A4A731B02EBC7019B0843F00043B9
:10BAF00042F837504E602B60237801332370FEF7F5
:10BB0000DDFE0020F8BD00BF4B2700201C0F0020E9
:10BB1000F8B583074FEA90063BD188B10D46FEF792
:10BB2000CFFED5E90045771CA54206D92368002B36
:10BB300007DB04EB8304A542F8D8FEF7BFFE002024
:10BB4000F8BD23F00043990054F82320002A04EBA9
:10BB500001000DDB0EE022F00042134443F00042EE
:10BB6000226054F823209900002A04EB010001DA36
:10BB70008542F0D89F4201D90C44D5E702369E4257
:10BB800009D3236823F000432360FEF797FE201DAE
:10BB9000F8BD0136C2E704EB8606B542F1D9DB1BDE
:10BBA00043F0004346F8043C2760EEE738B504460E
:10BBB00040B10C4D2B783BB120460B49FFF7A8FF55
:10BBC000044658B1204638BD0849094A0868094961
:10BBD0001370FFF77FFF01232B70EDE71420FEF7B2
:10BBE00087FEEFE74A2700201C0F00200C020020F0
:10BBF0004B27002000700220A0B10E4B1A68824231
:10BC00000DD25B6883420AD950F8043C002B10B572
:10BC1000044608DD43F0004344F8043C10BD1E20F8
:10BC2000FEF766BE70471E20FEF762FE54F8043C25
:10BC3000F0E700BF1C0F002038B501FB00F52846D7
:10BC4000FFF7B4FF044628B101232A460360002110
:10BC5000FEF714F9204638BD70B5044608460E4676
:10BC6000FFF7A4FF054664B158B154F8042C9200C4
:10BC7000B242A8BF32462146FCF778FF2046FFF7C4
:10BC8000BBFF284670BD00BF08B50846FFF78EFF12
:10BC900008BD00BF08B50846FFF7AEFF08BD00BFEE
:10BCA0002DE9F04104461030884617461E46BDF87F
:10BCB000185001F09FFC0020E060C4E90800A4F8DF
:10BCC00000806780A660A5802046BDE8F08100BFA7
:10BCD00083889B0710B5044603D5182180680DF0B2
:10BCE00038F8204610BD00BF82B070B586B00AA9F2
:10BCF00081E80C00036A4BB31C696CB1012200E0BF
:10BD00001C4623690132002BFAD1092A05DD06B051
:10BD1000BDE8704002B070471C460AAB0FCB02ADC5
:10BD200085E80F00182004F099FF06AB064613E9DA
:10BD3000030095E80C008DE80300304601F080FC1C
:10BD4000266106B0BDE8704002B0704704460FC9D6
:10BD500002AD85E80F00182004F080FF06AB064610
:10BD600013E9030095E80C008DE80300304601F06C
:10BD700067FC266206B0BDE8704002B0704700BFA5
:10BD8000FEF7D4BFFEF79EBD0020704710B5044BF0
:10BD9000036000230446C380FFF7D4F8204610BD9B
:10BDA000109D020810B5064B036000230446C380B3
:10BDB000FFF7C8F820460C210CF0CBFF204610BD41
:10BDC000109D020838B50446074B03600025456006
:10BDD000FFF746F8E388054A258143F48053226043
:10BDE000E380204638BD00BF109D0208809D0208F8
:10BDF0000346002200891A81704700BF00897047FE
:10BE0000807A70470048704716FCFFFF10B5044B5E
:10BE1000036000230446C380FFF794F8204610BD5A
:10BE2000109D020810B5064B036000230446C38032
:10BE3000FFF788F8204644210CF08BFF204610BD08
:10BE4000109D020838B5036881720D4DDA6AAA4266
:10BE5000044608D19B6A0B4A0B4D93420AD1A07A43
:10BE6000A072284638BD90472368064A9B6A9342D1
:10BE70000546F4D020469847A072284638BD00BF3A
:10BE800005BE010801BE010816FCFFFF38B50368B6
:10BE90000D4DDA6A0181AA42044608D11B6A0B4A99
:10BEA0000B4D93420AD120892081284638BD904706
:10BEB0002368064A1B6A93420546F4D020469847F9
:10BEC0002081284638BD00BF05BE0108FDBD010820
:10BED00016FCFFFFF8B504460025154B03604560CE
:10BEE0000E461746FEF7BCFF94F8363066624FF0F8
:10BEF0000112C4E90E22022103F0F90365F3C30322
:10BF00000C4E2563142084F84050A1722081E56016
:10BF1000C4E90455C4E906552562A780E580A586D5
:10BF2000A4F8425084F8363026602046F8BD00BFA1
:10BF3000109D0208A89D0208C16811F5C87FF0B4E1
:10BF400080F2848090F8363013F0020340F086804F
:10BF5000046914F5C87F66DA90F8362012F00402FE
:10BF600069D1456915F5C87F31DA90F8362012F0AD
:10BF7000080234D0B2FA82F390F8366090F840208C
:10BF80005B0963F3C30680F83660032A08D80132E0
:10BF9000D2B2012A80F8402000F08B80042A77D0AA
:10BFA000B0F8423090F8366001339BB216F00107CA
:10BFB000A0F8423062D01D2B17D900236FF3000682
:10BFC00080F83660A0F8423080F840300DE0B5F5DA
:10BFD000C87F04DD90F8362012F00802CAD090F82D
:10BFE0004020002BD1D1002ADAD104FB04F301FB5D
:10BFF0000133334A05FB053393423CD911F5487FA1
:10C0000051DBB1F5487F51DC14F5487F54DBB4F5C2
:10C01000487F3BDC15F5487F50DBB5F5487FD4BF42
:10C020000020062028E0B4F5C87F9ADD90F836207D
:10C0300012F0040295D1B2FA82F390F836205B092F
:10C0400063F3820280F8362001238AE7B1F5C87FC6
:10C050000FDD90F8363013F002030AD190F8362045
:10C06000B3FA83F35B0963F3410280F836200123BE
:10C070006EE700236CE70720F0BC7047092BB4D9AA
:10C08000013A80F84020A0F84270AEE70120F3E7C3
:10C0900090F83630002243F0010380F83630A0F8E3
:10C0A00042200B20E8E70320F0BC70470420F0BCDE
:10C0B0007047A0F8422098E70220DDE70520DBE783
:10C0C000FF700200D0E9033230B502FB02F245698D
:10C0D00003FB032305FB0535B5F5800F85B004464A
:10C0E00016D9038F002B4DD0B5F5100F25D801239D
:10C0F00084F831302046FFF71FFF0B2814D0A38EA1
:10C10000834231D00023A08684F8303005B030BDA2
:10C1100090F83130042B56D90023C0E90E33204665
:10C12000FFF70AFF0B28EAD16086024601230D21A2
:10C13000684601F03FFA05B030BD638F002B39D05F
:10C14000B5F1107FD3D9A38F5BB3B5F1806FCED992
:10C15000E38F002BCBD101230A220D21684601F089
:10C1600029FA0123E387C2E794F83030628E042B6A
:10C1700014D80133DBB2904284F83030C6D0052B9E
:10C18000D2D0C3E701230C220D21684601F012FA38
:10C190000123B5F5100F2387A9D9CEE79042C3D16B
:10C1A000B4E7012309220D21684601F003FA0123B7
:10C1B000A387CAE7012308220D21684601F0FAF996
:10C1C00001236387BCE70133DBB291E730B5D0E9E7
:10C1D00008218BB002AD009200F1180304460CCB8D
:10C1E000284601F0B5F995E80700E38804F10C054D
:10C1F00023F0020385E80700E3802046FFF762FF93
:10C200000123A1881A4606A801F0D4F900200BB03A
:10C2100030BD00BF0368054A1B6B934210B504464E
:10C2200001D1E06810BD9847E06810BD05BE010867
:10C230000368054A1B6B934210B5044601D120697F
:10C2400010BD9847206910BD05BE01080368054A66
:10C250001B6B934210B5044601D1606910BD98472D
:10C26000606910BD05BE01080368084A1B6B934254
:10C2700010B5044607D1E3889B0702D42046F2F7A5
:10C2800067FAA06A10BD9847F5E700BF05BE010830
:10C290000368084A1B6B934210B5044607D1E38834
:10C2A0009B0702D42046F2F753FAE06A10BD984784
:10C2B000F5E700BF05BE0108016882B08DE80C00FB
:10C2C000CB6902B0184700BF82B070B50C4684B08D
:10C2D00005464968206802AC03C4039908AC4810BD
:10C2E00084E80C00CB0745BF2A58029B029CD45817
:10C2F0000AAB2E1893E803008DE8030008AB0CCBC3
:10C300003046A04704B0BDE8704002B0704700BF9F
:10C310002DE9F043334D0560002685B04660154693
:10C3200004460F469846FEF79BFD2F4BA78040F230
:10C33000FF32D3F800902D4B23609542A8BF1546DD
:10C340006581B9F1000F2FD0282004F087FC054645
:10C35000103001F04FF903232F806B80182004F078
:10C360007DFC234ACDE90226074602AA034603CAFA
:10C3700047F80C4BDE607E6058609960D9F8002069
:10C38000EE6052681B49AB60C220A8808A421A48FE
:10C390005861C5E908661FD12846FFF799FC284671
:10C3A00028210CF0D6FCA788B8F1000F0ED01FFA98
:10C3B00088F000210023A4F808803A460093032364
:10C3C00000F0F4F9204605B0BDE8F0834FF4FA70B0
:10C3D00000214FF4FA78EDE74846294690470028B7
:10C3E000E1D0D9E7109D0208280F0020E89D02083F
:10C3F000B9C201086DAD0108C9C20108008A7047C1
:10C4000010B5C38803F01202102A84B0044617D076
:10C4100003F00C03082B01D004B010BD228AE3897D
:10C420009A42F9D801231A46A188684601F0C2F859
:10C43000E38823F0020343F00403E38004B010BD5B
:10C44000018A82899142E3D30123818802226846CE
:10C4500001F0B0F8E38823F0040343F00203E38023
:10C46000D6E700BF036810B504461B6A9847E38807
:10C47000DA0718D5A388082B0FD06189238AC1F564
:10C480007F7200FB01F0033202FB0300800A20826E
:10C490002046BDE81040FFF7B3BF20822046BDE82C
:10C4A0001040FFF7ADBF43F001032082E380204638
:10C4B000BDE81040FFF7A4BF08B5C388DA0602D56F
:10C4C00082898A420FD023F0020242F010021B0739
:10C4D0008181C28007D5C38901399942A8BF194615
:10C4E00089B200F003F8002008BD00BF08B5C3887A
:10C4F0001A0702D5C2898A420FD023F0040242F003
:10C500000802DB06C181C28007D5838901319942C7
:10C51000B8BF194689B2FFF7CFFF002008BD00BFA2
:10C5200010B5044B036000230446C380FEF70AFDE8
:10C53000204610BD109D0208002070470B4A0C4B8E
:10C5400010B502600A220446C2620121F0201C607C
:10C55000FFF772FB002200230021C4E90901C4E9AE
:10C560000423C4E90623204610BD00BF149E020820
:10C57000240F00202DE9F0471646C26ABDF820803E
:10C58000BDF824909DF828A0002A11DD446A1F46BA
:10C59000238A054683B104F11803002102E033F831
:10C5A000080C48B1013191421C4603F11803F6D141
:10C5B0006FF47B70BDE8F0872B6828461B699847AD
:10C5C000D5E90623901943EB0701BAF1000F1BD000
:10C5D0000B9BA4F81080C4E90201C4E90067A4F829
:10C5E00012906361FEF76CF9A96A39B1D4E90223AC
:10C5F000D1E902018B4208BF824200D2AC62FEF751
:10C600005DF90020BDE8F08700260027E0E700BFC5
:10C610002DE97003C66A436A00229642826211DDE8
:10C62000198A013251B1816A39B1D3E90245D1E9A0
:10C6300002894D4508BF444500D28362B24203F1EE
:10C640001803EDD1BDE87003704700BF2DE9F04F2E
:10C65000036883468BB01B699847DBF82C20DBF816
:10C660002440002A49DD0025AA461CE0D4E90067E1
:10C6700056EA0701628A46D1DBF828000021A04271
:10C68000218247D001210291CDE90089194606A8EF
:10C6900000F0A0FFDBF82C200AF1010A0135AA42C4
:10C6A00004F1180426DD238A002BF7D0D4E9020117
:10C6B000DBE90689894508BF8045CDE90401D5D26B
:10C6C0006369DB07EAD5FFF7FDF960B1DBE9060135
:10C6D000174ED4E9022336184FF000074F41BB42F2
:10C6E00008BFB24219D3DBF82C200135AA4204F16D
:10C6F0001804D8DCBAF1000FB1D15846FFF788FF13
:10C700000BB0BDE8F08FDDE9040180197941C4E97F
:10C710000201B7E7CBF82810B4E70123CDE9000107
:10C720000293052240F2FF3106A800F053FFDAE73A
:10C73000A0860100704700BF064B10B51C6834B1DD
:10C74000236820461B699847D4E9040110BD0020E6
:10C75000002110BD240F0020064B10B51C6834B119
:10C76000236820461B699847D4E9060110BD0020C4
:10C77000002110BD240F002070B50A4C266884B03B
:10C7800076B11D4614460B460246012108980390D7
:10C79000CDE9004530460291FFF7ECFE04B070BDD4
:10C7A0000148FBE7240F002016FCFFFF2DE9F04FA6
:10C7B000144C266885B016B39C4644014B01241ADC
:10C7C00043EAD06565EB01058946A300A900174639
:10C7D00041EA94711A1841EB0903D90041EA5271F8
:10C7E000D00002460B460E9803900121CDE9007C53
:10C7F00030460291FFF7BEFE05B0BDE8F08F02485B
:10C80000FAE700BF240F002016FCFFFF6FF47D70D5
:10C81000704700BF10B5034B03600446FFF780FE6E
:10C82000204610BD309E020810B5054B036004463B
:10C83000FFF776FE204618210CF08BFA204610BD3B
:10C84000309E02084069044A03685B69934202D142
:10C850006FF47D70704718470DC8010838B504465D
:10C860000D464FF4FA7311464FF45972FFF750FD1D
:10C87000A388064A6561082B08BFF1232260204681
:10C8800008BF2B74FFF7EEFD204638BD309E02082E
:10C890006FF47D70704700BF6FF47D70704700BF0C
:10C8A000C08800F00100704710B5034B03600446D8
:10C8B000FFF76CFA204610BD5C9E020810B5054BD0
:10C8C00003600446FFF762FA204618210CF041FA93
:10C8D000204610BD5C9E0208C388DB0400D470476C
:10C8E0002DE93048036888B01B6A04469847227CCB
:10C8F000E38878B10B2A04D80132D2B2082A227414
:10C900000ED9D9071ED503F00305012D2CD008B090
:10C91000BDE8308832B1013AD2B2082A2274F0D888
:10C92000012AF0D8DA07EED523F00303E3800222D0
:10C930000123A188684600F03DFE657C012D2CD0C6
:10C94000E388E0E743F001020123E280A1881A4670
:10C9500004A800F02FFE238901332381FFF7ECFEAA
:10C96000227CE388E060DBE7FFF7E6FEE368B0EBFC
:10C97000030B61F1000C002340F2DB52634508BF5A
:10C980005A45C4D2E288A18842F00202E2802B46D6
:10C99000052204A800F00EFEB9E7FFF7CDFEE3681C
:10C9A000B0EB030B61F1000CBCF1000F08BFBBF54D
:10C9B0007A7F2B462CBF04220322A18804A800F012
:10C9C000F9FDBDE710B5044684B0E9B94269D288E3
:10C9D000930502D4002004B010BD03681B6A984779
:10C9E0000028F7D0E288A188012342F00102032049
:10C9F000E28020741A46684600F0DCFD01232381A2
:10CA0000FFF79AFEE060E5E7C288002122F003020A
:10CA1000C28001810174002004B010BD10B504462D
:10CA20004069074A03685B68934207D16FF47D70E1
:10CA3000A37C181AB0FA80F0400910BD9847F7E7B8
:10CA400091C801082DE9F84304460D469DF8206081
:10CA50009DF8247091469846FFF7B4F9002222749D
:10CA6000A4F80490EB880F49E260012E0CBF43F458
:10CA7000807323F48073656184F81180A67421604B
:10CA8000EB802B68084A1B6C934206D1E38843F481
:10CA90000053E3802046BDE8F8833946284698478E
:10CAA000F4E700BF5C9E020899C801084174704712
:10CAB00082B08DE80C00014802B0704716FCFFFF01
:10CAC000002070470029806905DD08B904E010B135
:10CAD0000139406AFBD17047704700BF82B070B522
:10CAE0000C4684B005464968206802AC03C403992B
:10CAF00008AC481084E80C00CB0745BF2A58029BBD
:10CB0000029CD4580AAB2E1893E803008DE803006A
:10CB100008AB0CCB3046A04704B0BDE8704002B073
:10CB2000704700BF002943D02DE9F0418469002CF3
:10CB30003BD00D460646DFF88080002705E0A2685E
:10CB4000AB689A420DD0646ADCB1AA88A3885340CE
:10CB50009907F8D49207F2D5A968A06800F09CFD67
:10CB6000A8B12B88BBB96B88DBB9B3680BB1204681
:10CB70009847A38843EA0803A380646A0137002C1E
:10CB8000E3D1002FC8BF20460FDDBDE8F081AB88A0
:10CB90009B07D8D4D3E722889A42D4D16B88002B44
:10CBA000E3D062889A42CED1DFE76FF47A70ECE787
:10CBB0006FF47A70704700BF0080FFFF002971D0CA
:10CBC000F0B5846985B00D4606463CB966E0A38899
:10CBD000980708D5914219D0646A14B3AB882168CC
:10CBE0002A689F07F3D49142F6D1A268AB689A42B3
:10CBF000F2D1EA68E3689A42EED1A3881A0402D51A
:10CC0000C3F30E03A380294805B0F0BDA968A0684E
:10CC100000F042FD0028DFD0EA68E3689A42DBD1E9
:10CC2000EBE7D6F818C02A88BCF1000F2ED060467A
:10CC3000634600E00B461C88944211D2596A18469C
:10CC40000029F7D163451DD0596A69625D620123ED
:10CC500040F2FD31684600F0ADFC002005B0F0BDAB
:10CC60001ED16F885988B94204D319E04888B84268
:10CC7000E8D20B46596A0029E4D00888A042F5D0D2
:10CC80006345E1D119888A4202D26B62B561DEE761
:10CC9000DAD1588869888842D6D9F6E70A88F5E754
:10CCA0000346CFE76FF47A70704700BF16FCFFFFB2
:10CCB0002DE9F04183885F0782B0064603D59D06C3
:10CCC0002ED4DC0639D443F00403B38006F11005FA
:10CCD00006F1180816E0F368009395E80F00A047E6
:10CCE000B388DA0619D5346ABCB194E80F00276915
:10CCF00085E80F002046182137620CF02AF8FEF76D
:10CD0000ADFDB388B46898070DD4D907E3D495E88E
:10CD10000F00A047B388DA06E5D423F00403B380FC
:10CD200002B0BDE8F08198E8030095E80C008DE8BA
:10CD30000300204600F098FCD2E700F1180393E8C6
:10CD400003008DE8030006F110030CCB3046FEF71C
:10CD5000CBFFE5E770B51C4B8CB003F1080228331C
:10CD600004460260C36006A800F044FC0F231820AC
:10CD7000029303F073FF0025144A009206460195C2
:10CD80006A46034603CA46F80C4B114ADD60049319
:10CD900075605A6158609960204602A91223ADF867
:10CDA0000C300595CDE90A55FFF7BCFE02A8FEF749
:10CDB0008FFF084B658204F10C00E360FEF7C2F8B8
:10CDC00020460CB070BD00BF989E020859D00108E3
:10CDD000DDCA0108109D0208A0F10C00FFF7BABFE0
:10CDE00010B50446FFF7B6FF204628210BF0B1FF2F
:10CDF000204610BDA0F10C00FFF7F2BFF0B5264BA6
:10CE0000264A02600025044683B0C0E9025305614A
:10CE10000C30FEF725F8224B236003F12002E2607C
:10CE2000A561C4E90755E584282003F017FF0646ED
:10CE3000103000F0DFFB1B4B3360182003F00EFFB7
:10CE4000194ACDE9002507466A46034603CA47F852
:10CE50000C4B164ADD604FF0C20C7D605860996043
:10CE6000204631465A61C6E90235C6E90855A6F89A
:10CE700004C0FFF7A3FE30B90D4B1A6802B91C605D
:10CE8000204603B0F0BD3046FEF722FF3046282191
:10CE90000BF05FFFF0E700BF109D0208889E0208BC
:10CEA000A09E02080F00020059D00108DDCA010847
:10CEB000280F002038B50446FDF702FDE5692DB1C5
:10CEC0002B69E36133B1E38C013BE384FDF7F6FCAE
:10CED000284638BD2362F6E72DE9F041846914B392
:10CEE000A388656A00271A0480463E4606D4264673
:10CEF0009DB12C46A388656A1A04F8D55B07F6D461
:10CF000076B17562656A2046FEF7E2FE204628216A
:10CF100001370BF01EFF002DEBD13846BDE8F08144
:10CF2000C8F81850EFE727463846BDE8F08100BF43
:10CF30002DE9F0418469002C44D016460D46DFF8F7
:10CF40008C8001270CE0A38803F0C003A3F1C00389
:10CF5000B3FA83F35B09B34215D00027646A4CB37C
:10CF600023882988994201D0002BF7D163886A88E9
:10CF70009A4201D0002BF1D1FEF7E2FA0028E2D16B
:10CF80000123B342E9D1B4F804E01EF4004FE4D128
:10CF900095E80F0004F1100C1EF0400F8CE80F0014
:10CFA00002D1FEF7CDFA40B92046FFF781FE646A50
:10CFB000002CD5D13846BDE8F08121464046FEF729
:10CFC00011FDCBE701273846BDE8F081B1CC01085F
:10CFD000F0B5012287B00446066A0D46FFF7A8FFA8
:10CFE00010B9E38C092B01D907B0F0BD95E80F000B
:10CFF00002AD85E80F00182003F030FE06AB0746AF
:10D0000013E9030095E80C008DE80300384600F0B2
:10D0100017FBFDF755FC66B133693B6137613B692E
:10D020005BB1E38C0133E38407B0BDE8F040FDF76A
:10D0300045BCE3693B61E761F2E72762F1E700BFC6
:10D0400082B008B502A9C1E90023FFF7C1FFBDE81E
:10D050000840002002B0704782B038B5054604A9E8
:10D0600081E80C00FFF738FF2846FFF723FF98B14F
:10D07000044604E02846FFF71DFF044660B1002285
:10D0800021462846FFF754FF204618210BF061FE89
:10D09000FEF7F2FA0028EDD1BDE8384002B0704743
:10D0A000024B1888421C1A80704700BF04040020FD
:10D0B000C08800F00300A0F10300B0FA80F040093E
:10D0C000704700BF82B070B50C4684B00546496811
:10D0D000206802AC03C4039908AC481084E80C0033
:10D0E000CB0745BF2A58029B029CD4580AAB2E1886
:10D0F00093E803008DE8030008AB0CCB3046A04753
:10D1000004B0BDE8704002B0704700BF10B5034BDB
:10D1100003600446FEF73AFE204610BDE49E020876
:10D1200010B5054B03600446FEF730FE2046102183
:10D130000BF00FFE204610BDE49E020882B070B5D1
:10D1400088B00CA981E80C004289BDF83050BDF8C8
:10D150003230954204460BD0022B27D0052B00F02D
:10D160008680012B78D008B0BDE8704002B07047CF
:10D170008189022B0E461AD0052B5AD0012BF2D1F1
:10D18000C3888D4243F00103C38068D0A9426AD0AE
:10D1900003F00203002BE6D001231A46A18804A85D
:10D1A00000F008FA238901332381DCE71646B242F6
:10D1B00017D0A189B14265D0954267D0A3899D421D
:10D1C000194600F09C80A17B012900F0C1809D429E
:10D1D00000F0AE809542C6D1E38823F01003E380CF
:10D1E000C1E7E38803F00103002BE5D0012302220D
:10D1F000A188684600F0DEF963899D4200F09080C6
:10D20000A289A188AA4250D00123032204A800F0D9
:10D21000D1F96289B24203D1E38843F01003E3807D
:10D22000A389B34200F08F80954266D09D429AD187
:10D2300068E0C3888D4243F00403C3801AD0A9423A
:10D240001CD003F00803002B8DD0A18801230522F8
:10D2500004A800F0AFF986E78689B54203D1E388D8
:10D2600043F00203E380E38803F0010392E7868939
:10D27000B54203D1E38843F00803E380E38803F079
:10D280000403E0E7E38803F00203ADE7E088C606A5
:10D290001FD5A38920F0010189B29D42E18028D0E9
:10D2A0002A4621F00401E18091E7E28802F00800BB
:10D2B0000028A9D0B34238D0A389B342A4D102F048
:10D2C0000802002AA0D00123042204A800F072F969
:10D2D0009FE7A37B012B3ED100F00403002B37D046
:10D2E00001230422294604A800F064F96289A38975
:10D2F0009AE720F0030189B2D2E7E088CAE7E38821
:10D3000098062BD5E38823F0020189B29542E1808B
:10D310002AD023F00A039BB223F02003E38022E704
:10D32000E288A18802F00400C2E702F00402C8E724
:10D33000E18821F008039BB29542E38004BF21F00D
:10D3400018039BB2E8E7E18841F02001E1806BE738
:10D3500001230322C6E7A1890B4665E7A07B0128CC
:10D36000FAD103F00803B9E72B469AE781737047B7
:10D370002DE9F04F83B0DDE90C9ABDF83870002B31
:10D3800041D0B9F1000F3BD00F2901D1C02F3AD1C4
:10D39000804628201D460E46934603F05FFC044657
:10D3A000103000F027F918202680A4F802B003F00E
:10D3B00055FCCDE9009A06466B46024603CB46F87B
:10D3C0000C5B0023D8F80050D360E36073605060BA
:10D3D00091606D6811491248A26047F002078D42C2
:10D3E000A780C4E90833506110D12046FEF770FCD5
:10D3F000204628210BF0ADFC0A4803B0BDE8F08FB1
:10D400001AF0010FC0D16FF47A70F6E7404621465A
:10D41000A8470028E9D103B0BDE8F08F6DAD010841
:10D42000C5D0010816FCFFFF2DE9F0471C4F04464C
:10D4300088B0884616461D46FEF7C4FC3A6819496E
:10D44000A5800025A4F80A80A6812160A57312B3E7
:10D45000DFF854A0CDE904A504AB93E803004FF036
:10D46000C0098DE80300234641461046CDF80890D8
:10D470002A46FFF77DFFCDE906A508AB13E90300B7
:10D480003F68CDF808908DE803002A4623463846C9
:10D490003146FFF76DFF204608B0BDE8F08700BFBA
:10D4A000280F0020E49E02083DD1010810B401704D
:10D4B000427043605DF8044B704700BF82B030B4E7
:10D4C00002AC84E80C000D46034694E807009DF882
:10D4D000144083E80700B4B1687818B14942524259
:10D4E000C3E901126A68022A11D0032A2AD0012A4C
:10D4F00022D0012C15D0022C05D1D3E901124942CA
:10D500005242C3E9011230BC184602B07047D3E959
:10D510000012012CC1F10001C2F10002C3E90012A6
:10D52000E9D130BCD3E900109A681860524218461D
:10D53000C3E9011202B07047D3E9002152421960D9
:10D540005A60D6E7D3E90012524259601A60D0E718
:10D5500082B010B582B004AC84E80C000B78069C55
:10D56000019304AB0CCB00940446FFF7A7FF2046C1
:10D5700002B0BDE8104002B0704700BF30B50B4BA1
:10D580001C6883B024B12268094B15689D4201D103
:10D5900003B030BD00F10802034692E803008DE8B5
:10D5A000030020460CCBA84703B030BD280F002055
:10D5B000B1CA010838B50180428004461D46FFF714
:10D5C000CBF8C4E9020115B12046FFF7D7FF20468A
:10D5D00038BD00BFD0B5DDE904679DF81830018083
:10D5E0000446C0E9026742800BB1FFF7C7FF20463F
:10D5F000D0BD00BF10B5002303600446FFF7ACF8B0
:10D60000C4E90201204610BD30B50B4B1C6883B045
:10D6100024B12268094B15689D4201D103B030BD89
:10D6200000F10802034692E803008DE8030020465B
:10D630000CCBA84703B030BD280F0020B1CA0108A9
:10D6400082B038B5002504A90560044681E80C00C5
:10D65000FFF782F804AB0FCB256184E80F0020466A
:10D66000BDE8384002B0704782B070B582B0044661
:10D6700008A906A880E80C0003C9266865698DE83A
:10D68000030006AB0CCB3046211DA84702B0BDE815
:10D69000704002B0704700BF08B502680B689A423C
:10D6A00001D0002008BD0431102204300BF09CFB97
:10D6B000B0FA80F0400908BD064B074A10B5036078
:10D6C0004369044640F8042F13B104309B6898471F
:10D6D000204610BD0C9F0208C0A002080346026944
:10D6E000064910B5064C40F8044C041F43F8041BCF
:10D6F00012B1926818469047204610BDC0A002089B
:10D700000C9F020808B5043001F00EFA002008BD95
:10D7100008B5043001F030FA024B0028B4BF1846B7
:10D72000002008BD0EFCFFFF08B5B1FA81F14909E0
:10D73000043001F049FA034B30EA200028BF1846B4
:10D7400008BD00BF0EFCFFFF08B5043001F06CFA05
:10D75000002008BD08B5043001F086FA002008BD9D
:10D76000084B094A10B503604369044640F8042F8A
:10D7700013B104309B6898472046DC210BF0E9FA8E
:10D78000204610BD0C9F0208C0A002080346026993
:10D79000084910B5084C40F8044C041F43F8041B1A
:10D7A00012B19268184690472046DC210BF0D1FA5E
:10D7B000204610BDC0A002080C9F0208F8B50E4616
:10D7C0001746051D044600F029FF3A7C317C2846A7
:10D7D00001F068F9054B064903F108024433284675
:10D7E000C4E9002301F0A0F92046F8BD049F020817
:10D7F000A086010010B5036804461B6C9847236897
:10D8000020465B68BDE81040184700BFF0B40479BB
:10D81000A40728D5002922DB002A20DD002B1EDDED
:10D82000B4294FF47A74A8BFB42104FB01F10F4F5F
:10D8300005680F4EED6F8908A7FB017102EBD277E7
:10D84000A3EB670304FB03F3890802FB013286FBA9
:10D850000231D2172B46C2EBA111F0BC18476FF46E
:10D860007A70F0BC70470348FBE700BF176CC11625
:10D87000D34D621016FCFFFFC08800F00500003099
:10D8800018BF0120704700BFC08800F00A000030B8
:10D8900018BF0120704700BFC08810F0030018BFF8
:10D8A00001207047C08800F00C00003018BF012034
:10D8B000704700BF03684FF47A72D3F8803002FBE0
:10D8C00001F1184708B503689B6B9847024BA3FB0F
:10D8D0000030800908BD00BFD34D621010B4D0E9FC
:10D8E00001345910DB07026848BF635804EB01009C
:10D8F00048BF9A585DF8044B104700BF034610B16B
:10D9000007C983E807007047704700BF704700BF32
:10D9100010B5182104460BF01CFA204610BD00BFBC
:10D92000F8B50379DB072CD5012927D8C58815F070
:10D93000020504460F460AD0466933681FB9F268EB
:10D9400038461360F8BDB26800201360F8BD036864
:10D950009B6D98471C2003F081F9217C8561C0E90B
:10D960000055C0E90255C0E90455064603F00CF81D
:10D97000E388666143F00203E380DEE76FF47A70C8
:10D98000F8BD0148F8BD00BF16FCFFFF0379DB07B7
:10D9900038D5C38870B513F0610605460BD013F077
:10D9A000600F446929D1D4E9003212681A4214BFC9
:10D9B0000120002070BD03689B6D98476B79022B96
:10D9C00098BF114A4FF01C0098BFD65C03F046F98F
:10D9D0000023C0E90033C0E90233C0E904338361A6
:10D9E000297C3246044602F09FFFEB886C6143F0CD
:10D9F000010313F0600FEB80D5D02046BDE87040E6
:10DA000001F0F0B901487047649F020816FCFFFF5F
:10DA100038B5C3881B07044611D4236820469B6D84
:10DA20009847202003F01AF9217C054600F08EFC6F
:10DA3000E388656143F00803E380002038BD406956
:10DA400000F0AEFC237C9842E7D1002038BD00BF37
:10DA50000279D2071DD5B1F5806F17D238B50368AA
:10DA60005B6E04460D46984708B1002038BD07EEAE
:10DA7000905A9FED097A6069F8EEE77ABDE8384080
:10DA8000C7EE877A17EE901A00F072BC6FF47A70C6
:10DA900070470248704700BF00C07F4416FCFFFF7C
:10DAA0000379DB0722D570B5C38813F0100582B067
:10DAB000044607D046693368DB69304602B0BDE8EA
:10DAC0007040184703689B6D9847182003F0C6F80C
:10DAD00022890123CDE9005521460646FEF7B2FF13
:10DAE000E388666143F01003E380E4E70048704791
:10DAF00016FCFFFF38B50D46C18811F00801044639
:10DB000003D10368DB68984728B929466069BDE8F6
:10DB1000384000F04BBC38BD2DE9D04B044685B0F1
:10DB20008AB2002321896846FFF744FD6069DDE978
:10DB3000026700F0FFFA8046894658EA09030CD0D4
:10DB4000DDE90223B2EB080263EB010393469C4636
:10DB50006846CDE902BCFFF757FD32463B46606997
:10DB600000F0E4FA05B0BDE8D08B00BFF0B5C38883
:10DB700013F0600685B004460D460CD023F0600318
:10DB8000022D9BB240D0032D08BF43F0400300207C
:10DB9000E38005B0F0BD03689B6D9847582003F003
:10DBA0005DF8217C074600F0B3FA63796761022BC8
:10DBB00096BF184A3146D15C174E384601F01AF923
:10DBC00001236822606901936946029400920396DA
:10DBD00001F020F9039B13B19B6868469847012325
:10DBE0006C2260690193694602940396009201F0E9
:10DBF0005BF9039B13B19B6868469847E388022D45
:10DC000023F060039BB2BED143F020030020E380E9
:10DC100005B0F0BD649F0208589F020808B5C3888C
:10DC200003F0700313B103689B6D9847002008BD93
:10DC300000B583B004291BD8DFE801F0111A0A0AE5
:10DC4000030003689B6A9847002003B05DF804FB5B
:10DC500003685B6F9847002003B05DF804FB03681E
:10DC600001919B6F98470199084603B05DF804FB4A
:10DC70006FF47A7003B05DF804FB00BFC3881B0724
:10DC800002D5406900F090BB0048704716FCFFFFCA
:10DC900010B5C3885A0684B0044604D5036805212C
:10DCA0001B6F9847E3889B0605D521890123022233
:10DCB0006846FFF77FFC04B010BD00BF10B5C388F5
:10DCC0005A0684B0044604D5036804211B6F9847A4
:10DCD000E3889B0605D52189012303226846FFF7C7
:10DCE00069FC04B010BD00BF0279930770B521D55F
:10DCF000002921DB03685B6E04460D469847064603
:10DD000010B10026304670BD606900F04DFB44F64E
:10DD1000206188420AD1646902F0C6FD2046294686
:10DD200003F028FB02F0D4FD304670BD606900F0BE
:10DD30003DFBF0E7024EE5E76FF47A76E2E700BFDD
:10DD400016FCFFFF38B5C388417113F0010210D0F3
:10DD5000022998BF0F4B446994BF5D5C002502F017
:10DD6000A3FD2046294601F06FFE02F0B1FD002020
:10DD700038BD13F0600F0AD0022998BF054B4069E7
:10DD800094BF595C114601F035F8002038BD0248B7
:10DD900038BD00BF649F020816FCFFFFC388D90787
:10DDA00010B5044633D49A072BD458070AD56069B6
:10DDB00040B103681A4A5B6893422ED110210AF0E1
:10DDC000C8FFE388190713D4DA0605D5606958B18E
:10DDD00003689B699847E38813F0600F04D060697B
:10DDE00010B103685B68984700236361E38010BD4E
:10DDF000606900F0BBFA202160690AF0AAFFE3889D
:10DE0000E2E71C2160690AF0A4FFE388CDE71C214A
:10DE100040690AF09EFFE388C5E79847E388D1E7A9
:10DE2000A9A901082DE9F84303799A0740F19E80DA
:10DE3000C3885B07044621D54669544A33689B680A
:10DE4000934206F104073FD1514D2868002841D084
:10DE50004FF0FF3101F08CF8384601F005FC3368D3
:10DE60004C4ADB689342044631D1494D286800286A
:10DE700040D001F081F8A010BDE8F8830368444D5C
:10DE80009B6D9847102002F0E9FE06462868424B39
:10DE9000336094F8109000284CD04FF0FF31371DBC
:10DEA00001F066F83846494601F06EFB286888B3F1
:10DEB00001F062F8E388666143F00403E3803368AD
:10DEC000324A9B689342BFD030469847C4E73046F9
:10DED0009847D0E7DFF8C8804FF0FF31D8F800004E
:10DEE00003F0C8FC2B68ABB3D8F8000003F0CCFCFF
:10DEF0002868ADE7DFF8A8804FF0FF31D8F80000C0
:10DF000003F0B8FC2B685BB3D8F8000003F0BCFC4E
:10DF10002868AEE7DFF888804FF0FF31D8F80000BE
:10DF200003F0A8FC2B681BB3D8F8000003F0ACFC8E
:10DF30002868BDE7DFF868804FF0FF31D8F80000AF
:10DF400003F098FC2B68DBB1D8F8000003F09CFCD0
:10DF50002868A2E72C1D204600F0F0FF2C60C3E7E4
:10DF60002E1D304600F0EAFF2E60CDE70B4883E718
:10DF7000DFF83090484600F0E1FFC5F80090D3E7A5
:10DF80002F1D384600F0DAFF2F60DDE70DAA0108EB
:10DF90002C0F0020C9A901086C9C020816FCFFFF89
:10DFA000E8290020300F002030B4064D0181002107
:10DFB000056002740371C1604171C180416130BC70
:10DFC000704700BF709F0208D0F8D030044A10B5E7
:10DFD000044640F8C42B0BB19B689847204610BDFF
:10DFE000A0A6020850F8143C054A10B540F8E42CED
:10DFF000A0F1E40413B120389B689847204610BD77
:10E00000A0A6020808B501F0E7F8002008BD00BF8F
:10E01000A0F1E400FFF7F6BF08B513460A4619461B
:10E0200001F0C2F8002008BDA0F1E400FFF7F4BF42
:10E0300008B501F0E7F8034B30EA200028BF184686
:10E0400008BD00BF0AFCFFFFA0F1E400FFF7F0BF2E
:10E05000D0F8D030064A10B5044640F8C42B0BB1B6
:10E060009B6898472046E8210AF073FE204610BDC1
:10E07000A0A6020850F8143C074A10B540F8E42C5A
:10E08000A0F1E40413B120389B6898472046E821AA
:10E090000AF05FFE204610BDA0A6020810B582B0AF
:10E0A0004FF0FF341B7C127C097C0094044601F085
:10E0B000BFF8094B094903F108022C332260C4F868
:10E0C000E430204601F088F820460022082101F0C3
:10E0D0006BF8204602B010BDF49F020840420F00CA
:10E0E00010B5034B0360044600F0EEFD204610BD62
:10E0F00044A0020810B5054B0360044600F0E4FD9F
:10E10000204658210AF025FE204610BD44A00208F2
:10E1100010B5044600F0FAFD034B236000220023F3
:10E12000C4E91423204610BD44A00208C0E914230A
:10E13000704700BFD0E91401704700BFC36EDB0712
:10E1400000D462B600207047EFF31083C36672B646
:10E150000020704710B4D0E901345910DB07026881
:10E1600048BF635804EB010048BF9A585DF8044B60
:10E17000104700BF034610B107C983E80700704786
:10E18000704700BF2DE9F04B0546044655F8343B77
:10E19000DB689847284601F09BF90646284601F0BF
:10E1A000A7F9D4E90601226A0E4B10EB060B3244A4
:10E1B00041EBE67CD4E90467A3FB02539B094FF4CF
:10E1C0007A7116EB030801FB13232268236247F1DF
:10E1D0000009C4E906BCC4E9048920469368BDE887
:10E1E000F04B1847D34D6210F0B585B01449826EDC
:10E1F000144B009100210446029000F14406076B85
:10E20000019100F15C05039322B193682846984779
:10E21000039B23B15B68284669469847039BA36626
:10E220003946304601F0E8F8039B13B19B68684615
:10E23000984720460021FEF709FA05B0F0BD00BF5F
:10E24000E9E101084CA00208F0B500F1440685B0F0
:10E2500005461C463046174601F07CF8002C154B4D
:10E26000154A039308BF202FAB6E009228BF384693
:10E270004FF0000238BF202002950192044605F1BC
:10E280005C07ABB19B6838469847039B23B15B683A
:10E29000384669469847039BAB662146304601F0F5
:10E2A000ABF8039B13B19B686846984705B0F0BD77
:10E2B000004BECE74CA00208E9E10108F0B5054687
:10E2C00085B00446FEF73AF91C4B45F8343B04F19F
:10E2D0004406284601F01AF9304601F029F9184B96
:10E2E0006364002742F2107328462363A76601F097
:10E2F000C7F8A26E1349144B0091CDE9017404F1E3
:10E300005C05276B039322B1936828469847039BCB
:10E3100023B15B68284669469847039BA366394644
:10E32000304601F069F8039B13B19B686846984733
:10E33000EFF310832046E36605B0F0BD60A002084D
:10E34000D0A60208E9E101084CA0020838B504464D
:10E350000D4602F0A9FA2046294602F093FF02F08A
:10E36000B7FA0023A361204638BD00BF02F056BEB5
:10E3700007EE901AF5EEC07AF1EE10FA0DD438B52A
:10E3800005460C4602F090FA2846214602F04CFE63
:10E3900002F09EFAEC61002038BD6FF47A7070478D
:10E3A000B0F90400704700BF8069704738B5044673
:10E3B0000D4602F079FA2946204602F08DFE02F061
:10E3C00087FAE1692046FFF7D3FFA561002038BD39
:10E3D0006FF47D70704700BF6FF47D70704700BFB1
:10E3E0006FF47D70704700BF6FF47D70704700BFA1
:10E3F00010B584B004AB046803F8012D002200922C
:10E40000A4691A460123A04704B010BD10B584B01A
:10E4100004688DF80C20002200928DF80D30A4695C
:10E42000022303AAA04704B010BD00BF10B501230A
:10E4300084B00468CDE900330DF10F03646AA0478E
:10E4400008B99DF80F0004B010BD00BFF0B585B04D
:10E4500004469DF82C508DF80F201F4602680E468A
:10E4600085B10123009395690DF10F02A84738B9D2
:10E47000236800901D6A0A9B3A4631462046A84709
:10E4800005B0F0BD53699DF80F209847EFE700BF36
:10E490002DE9F04F83B09DF83090002A5DD0002B1D
:10E4A0001F465ADD056892466B682D4A9342064620
:10E4B0003CD1EB682B48834240D1012F46D0023F2C
:10E4C000DFF8A4800AEB070B0AF1FF3405E00B200C
:10E4D00004F8010FA3450BD035682D694545F6D0EA
:10E4E00000213046A847C0B204F8010FA345F3D17C
:10E4F00001373568BA442B69434512D10B208AF89D
:10E500000000B9F1000F03D0002003B0BDE8F08F88
:10E510003368134A9B6893421BD1484603B0BDE859
:10E52000F08F012130469847C0B2E8E70191984743
:10E5300035680C48EB6801998342BED041F0010177
:10E54000C9B230469847012F3568B8D1DFF8188036
:10E55000D1E7304698474846D7E76FF47A70D4E75A
:10E56000D9E30108E1E30108E9E301082DE9F84FE7
:10E570009DF82890002A49D0002B47DD17460268F5
:10E580001E460C46536823498B4280462FD1D568DE
:10E59000DFF884B05D4523D1013E07EB060A7C1EFF
:10E5A00004E0A2450DD0D8F80030DD6814F8011F52
:10E5B000E31B9E4223D05D45F3D04046A847A245C9
:10E5C000F1D1B9F1000F02D00020BDE8F88FD8F8E2
:10E5D0000030104A9B6893420DD14846BDE8F88F41
:10E5E000E1B24046A847D8F80030DD68D4E7984744
:10E5F000D8F80020CBE7404698474846E5E75D4518
:10E60000CFD041F47F414046A847CAE76FF47A7003
:10E61000DBE700BFD9E30108E1E30108014B036038
:10E62000704700BF80A002082DE9F84FDDF8289060
:10E630004A45904638BFC846B8F1000F1BD09B46EC
:10E640008A4605461746002406E0A14588BF0BF818
:10E650000400013444450ED02B68A74288BF1AF845
:10E6600004109E6898BF00212846B0470028ECDAC5
:10E670000248BDE8F88F0020BDE8F88F0AFCFFFFD4
:10E6800030B583B00468069D0095E468A047044A4D
:10E690000446DDE90701FCF7DDFF204603B030BD8D
:10E6A000D1B90108036818470B680360704700BFC1
:10E6B000704700BF254BF0B5866AD3F800E0076BC2
:10E6C000B60808BFCEF38D0607EB86056B0748BF7B
:10E6D000043D4FF0807345E90213A5F1400CA5F10C
:10E6E0004403A5F10C04002243F8042FA342FBD1FC
:10E6F000C36945F8203C1EF0805F6346C0F82CC01B
:10E70000416320D0112E1ED9103E7608012E12D062
:10E710006FF03702A2EBC60215444FF0CC3243F83B
:10E72000042C43F8082DAB42F9D1C6EB46760CEB2E
:10E73000C60303F1080CACF104039F423CBF4FF049
:10E74000CC334CF8043C024B3B60F0BD7CA6020885
:10E75000A52E5AE290F82520C36A12B160331960E1
:10E76000704720331960704710B490F82540C36A91
:10E770002CB16033C3E900125DF8044B70472033BD
:10E78000C3E900125DF8044B704700BF80F30988AD
:10E790007047EFF309807047684680F309885A484C
:10E7A0000078C00714BF0220032080F3148870474C
:10E7B000DFF858C1EFF305831B0618BF6047EFF37E
:10E7C0001483DB0708BF604700DF7047DFF840C1F4
:10E7D000EFF305831B0618BF6047EFF31483DB07D5
:10E7E00008BF604700DF7047EFF30980816911F8C7
:10E7F000021CE1BB90E80F1010B5E047BDE81040E7
:10E80000EFF3098C8CE80700424B93E80600914235
:10E8100008BF704741B91EF0100F16D13E49086875
:10E8200020F00100086010E01EF0100F06BF2CED74
:10E83000108A0120002081F825002CE9F00FC1F892
:10E840002CC00CB403F08AFD0CBC1A60D2F82CC0AA
:10E85000BCE8F00F92F8250000280EBF6FF0020E02
:10E860006FF0120EBCEC108A8CF30988704710B55B
:10E870002A4A1268914209D8294C54F8214090E85C
:10E880000F10A047EFF3098C8CE80F0010BD10B5F6
:10E8900003F0E4FCBDE810401E4B93E806009142F3
:10E8A00008BF7047EFF3098C1EF0100F06BF2CED68
:10E8B000108A0120002081F825002CE9F00FC1F812
:10E8C0002CC00CB403F04AFD0CBC1A60D2F82CC06A
:10E8D000BCE8F00F92F8250000280EBF6FF0020E82
:10E8E0006FF0120EBCEC108A8CF30988704710B5DB
:10E8F00003F016FDFFF7CEBF10B503F00FFD03F0D8
:10E900000FFDFFF7C7BF000047B00208F51F020860
:10E9100011200208CC31002034EF00E0000000009C
:10E92000FCFFFFFF0369054A10B50446026013B1FE
:10E930009B6804309847204610BD00BFC0A0020865
:10E9400050B1D2E9003223B100EB6200D20706D405
:10E95000184712F0010F00D1704700EB6200026807
:10E96000D358184770B5104C206828B1BDE87040E6
:10E970004FF0FF3100F0FCBA0C4D4FF0FF3128682A
:10E9800002F078FF23684BB1286802F07DFF206811
:10E990004FF0FF31BDE8704000F0EABA261D304666
:10E9A00000F0CCFA2660EFE7480F0020E8290020AD
:10E9B0000369064A10B50446026013B19B6804302F
:10E9C0009847204602F058F9204610BDC0A0020822
:10E9D00070B50E4C206818B1BDE8704000F0CCBA9C
:10E9E0000B4D4FF0FF31286802F044FF23683BB124
:10E9F000286802F049FF2068BDE8704000F0BCBA0A
:10EA0000261D304600F09AFA2660F1E7480F0020F4
:10EA1000E829002070B50E4C206818B1BDE87040A0
:10EA200000F0AABA0B4D4FF0FF31286802F022FF28
:10EA300023683BB1286802F027FF2068BDE87040DA
:10EA400000F09ABA261D304600F078FA2660F1E709
:10EA5000480F0020E829002070B5104C206828B12C
:10EA6000BDE870404FF0FF3100F082BA0C4D4FF01E
:10EA7000FF31286802F0FEFE23684BB1286802F0DF
:10EA800003FF20684FF0FF31BDE8704000F070BA1E
:10EA9000261D304600F052FA2660EFE7480F0020AE
:10EAA000E8290020F0B5002383B0CDE900330D46FE
:10EAB00002A9044611E9030004F11807154E266067
:10EAC000DFF860C02361164687E80300124AC4F8E5
:10EAD00020C048F207016162E362A46227636263B7
:10EAE000BFF36F8FBFF34F8F04F13C0784F83830CA
:10EAF000194638469822FBF7C1F9084BC4F8D430C0
:10EB000038463246294601F023FC054B20461C605E
:10EB100003B0F0BDC0A0020841E90108A0860100D1
:10EB2000640F002001A090E80368104A1B6893421C
:10EB300070B504460D4613D1FFF78EFF2946C4F881
:10EB4000D45004F13C0001F031FB2368084A5B68B3
:10EB5000084993420C6005D1BDE87040FFF738BF0B
:10EB60009847EBE72046BDE87040184765E9010883
:10EB700015EA0108640F002030B50368104A1B68CD
:10EB800083B093420446019111D1FFF765FF0199CB
:10EB900004F13C0001F002FE23680A4A5B689342DC
:10EBA000054607D1FFF714FF284603B030BD98474C
:10EBB0000199EDE720469847284603B030BD00BFD5
:10EBC00065E9010815EA010838B50368144A1B68AD
:10EBD000934204460D4620D1FFF73EFF75B1002158
:10EBE00004F13C0001F07CFD23680E4A5B6893420F
:10EBF00005460ED1FFF7ECFE284638BD012104F191
:10EC00003C0001F06DFD2368064A5B6893420546AF
:10EC1000F0D020469847284638BD9847DEE700BF29
:10EC200065E9010815EA010803680D4A1B6893426B
:10EC300010B504460ED1FFF70FFF04F13C0001F0C0
:10EC400069FC2368074A5B68934205D1BDE8104020
:10EC5000FFF7BEBE9847F0E72046BDE810401847D2
:10EC600065E9010815EA010803680D4A1B6893422B
:10EC700010B504460ED1FFF7EFFE04F13C0001F0A1
:10EC80004DFC2368074A5B68934205D1BDE81040FC
:10EC9000FFF79EBE9847F0E72046BDE810401847B2
:10ECA00065E9010815EA0108704700BF012906D08F
:10ECB000022903D1C36C40301B6818477047C36BEF
:10ECC00030301B68184700BF10B50A4B044640F8A7
:10ECD000203B01F057F8E36C1BB19B6804F1400046
:10ECE0009847E36B1BB19B6804F1300098472046BE
:10ECF00010BD00BFD8A0020810B50446FFF7E4FF1E
:10ED0000204601F0B9FF204610BD00BF2DE9F04FAD
:10ED1000054685B02F4B45F8043B044600F120081A
:10ED20006E4630300023DFF8B8A0DFF8B0906360A3
:10ED3000B042C5E90133C5E90333C5E905330F46E0
:10ED40002362CDF800A0C8E90133C8F80C30CDF833
:10ED50000C90E363E36404F1400B32D0B9F1000F8F
:10ED60002DD03146FFF7A0FC039BE36313B19B68F2
:10ED700030469847B345CDF800A0CDF80C9022D08E
:10ED8000E36C23B39B6858469847039BEBB15B68E1
:10ED9000584631469847039BE36413B19B6830465D
:10EDA00098470D4A23463946404600F031FF284631
:10EDB000394601F0A7FD204605B0BDE8F08F4B466F
:10EDC000D3E74B46D2E7054BE7E7E364E9E7034BBC
:10EDD000DCE700BFD8A00208ADEC0108ACA0020837
:10EDE000A9EC0108D0E9013212681A4214BF0120CF
:10EDF0000020704710B582B00446019101F054FD27
:10EE00000199201D00F020FE02B0BDE8104001F085
:10EE10005FBD00BF70B50D4686B0044601F044FDED
:10EE2000EB68D3B104F13006AE420CD0E26B22B1F4
:10EE3000936830469847EB6823B15B6830462946B3
:10EE40009847EB68E363012204F12000114600F0CB
:10EE500081FE01F03DFD06B070BDE26B1049114B23
:10EE60000291059304F1300022B193680190984714
:10EE7000059B019893B15B6802A99847059BE363E2
:10EE800013B19B6802A8984704F1200000220121D9
:10EE900000F060FE01F01CFD06B070BDE363F3E717
:10EEA000A9EC0108ACA0020870B50D4686B0044676
:10EEB00001F0FAFCEB68D3B104F14006AE420CD08D
:10EEC000E26C22B1936830469847EB6823B15B68E7
:10EED000304629469847EB68E36404F1200001229C
:10EEE000022100F037FE01F0F3FC06B070BDE26CC9
:10EEF0001049114B0291059304F1400022B193682F
:10EF000001909847059B019893B15B6802A99847C7
:10EF1000059BE36413B19B6802A8984704F12000A5
:10EF20000022022100F016FE01F0D2FC06B070BDF6
:10EF3000E364F3E7A9EC0108ACA0020838B500F1DE
:10EF400008050446102200212846FAF797FF2046BC
:10EF500040F8045F02F064FC206008B1204638BD30
:10EF6000024801F0C9FC204638BD00BFE0A00208FD
:10EF7000006802F07FBC00BF006802F085BC00BFE3
:10EF800008B50C4802F04CFC0B4B02460B481A60CB
:10EF900002F046FC0A4B02460A481A6002F040FCA6
:10EFA000094B186009F0C2FD0021BDE80840084681
:10EFB00001F032BE74A60208E829002070A60208FB
:10EFC000700F00206CA60208680F002003F078BCC8
:10EFD00000B583B0019002F007FB01990246034897
:10EFE00003B05DF804EB01F087BC00BF30A6020857
:10EFF00000F098B90B4A0C4B0C4830B41A60C2F1BF
:10F00000005303F50233B3F5806F1946084D094CE0
:10F0100028BF4FF480615B1A2B60134423600160AA
:10F0200030BC7047B8320020D8230020740F002075
:10F03000D4230020780F002002F08AFCFFF7DAFFCB
:10F040000348002102F03AFB02F04EFAFEE700000E
:10F0500010020020D0F8D030044A10B504460260F7
:10F0600013B19B68C4309847204610BDA0A6020883
:10F0700050B1D2E9003223B100EB6200D20706D4CE
:10F08000184712F0010F00D1704700EB62000268D0
:10F09000D358184710B5044650B1036D13B19B689F
:10F0A00044309847636A1BB19B6804F11800984785
:10F0B000204610BD70B5104C206828B1BDE87040E6
:10F0C0004FF0FF31FFF754BF0C4D4FF0FF31286870
:10F0D00002F0D0FB23684BB1286802F0D5FB206812
:10F0E0004FF0FF31BDE87040FFF742BF261D3046AC
:10F0F000FFF724FF2660EFE730200020E8290020FA
:10F10000D0F8D030064A10B50446026013B19B68AF
:10F11000C4309847204601F0AFFD204610BD00BF27
:10F12000A0A6020870B50E4C206818B1BDE870406A
:10F13000FFF722BF0B4D4FF0FF31286802F09AFB1A
:10F1400023683BB1286802F09FFB2068BDE870404F
:10F15000FFF712BF261D3046FFF7F0FE2660F1E7ED
:10F1600030200020E829002030B503680D4D5B6891
:10F1700083B0044698472B68A3420CD0D4E93612DA
:10F18000201D0023019006F037FC0198D4F8E01010
:10F1900006F060FC2C6023689B68204603B0BDE845
:10F1A000304018474C200020036870B55B68044667
:10F1B0000E4615469847074B2046C4E9366500229F
:10F1C0001A60FFF7D1FF236820469B68BDE87040B6
:10F1D000184700BF4C200020036870B55B680446E8
:10F1E0000D469847064BC4F8E050204600221A60AE
:10F1F000FFF7BAFF236820469B68BDE870401847B8
:10F200004C20002030B5036883B004465B68019150
:10F2100098472046FFF7A8FF0199201D06F046FCFD
:10F22000236805469B6820469847284603B030BDB2
:10F230002DE9F04306460446254846F8040B87B0FE
:10F2400000250F46904630469C2200210393BDF9CD
:10F250003890FAF713FECDE9045506AB13E9030025
:10F2600004F1A40282E80300DFF868E0DFF868C078
:10F27000C4F8ACE048F20701C4F8B010C4F8B850C4
:10F28000C4F8B440C4F8BC20C4F8C0C0BFF36F8F4A
:10F29000BFF34F8FDFF844C0039BC4F8D0504FF04A
:10F2A000080E84F8D450C4F8DC504246CDF80090E3
:10F2B00039463046C4F8D8E0C4F8E0C006F0F4FAA5
:10F2C0002046FFF751FF204607B0BDE8F08300BF9E
:10F2D000A0A6020801A090E871F0010840420F00CA
:10F2E00038B50D4C20460025294640F8045B2822FD
:10F2F000FAF7C4FD2946282204F13000E562FAF746
:10F30000BDFDA5652046E565044A84F860500449C2
:10F31000BDE8384001F09ABCCC1F0020000200205C
:10F3200095F00108024B1B6803B11847704700BFF6
:10F330005020002002F0DCB94369416810B5044652
:10F34000194400F017F9636A04F118001B68BDE85E
:10F350001040184710B5044686B001F0A5FA2046C3
:10F3600000F00EF9636A00220592A3B19B6804F1D4
:10F37000180001909847059B6BB15B68019802A942
:10F380009847059B636213B19B6802A8984701F0F8
:10F390009FFA06B010BD0023636201F099FA06B02F
:10F3A00010BD00BF10B5084B03600446FFF7D2FF45
:10F3B000636A1BB19B6804F118009847204600F06F
:10F3C000CBF8204610BD00BFBCA6020810B5094B03
:10F3D00003600446FFF7BEFF636A1BB19B6804F13C
:10F3E00018009847204600F0B7F8204601F044FC8A
:10F3F000204610BDBCA6020838B504460D4601F0F3
:10F4000053FA204600F0BCF82069656101F0BEFCAB
:10F410004119204600F0AEF8BDE8384001F058BA76
:10F42000034618305B6A1B68184700BF10B5084BCD
:10F4300003600446FFF78EFF636A1BB19B6804F10B
:10F4400018009847204600F087F8204610BD00BFFE
:10F45000BCA6020810B5094B03600446FFF77AFF0B
:10F46000636A1BB19B6804F118009847204600F0BE
:10F4700073F8204601F000FC204610BDBCA602082F
:10F4800010B5044601F010FA23681BB1BDE8104026
:10F4900001F01EBAE06801F079FC0123C4E90030F4
:10F4A000BDE8104001F014BA38B5044601F0FCF98B
:10F4B00025681DB901F00CFA284638BDE06801F056
:10F4C00065FC6568451B01F003FA284638BD00BF9E
:10F4D00030B5044683B001F0E7F92046A568FFF790
:10F4E000E3FF2844019001F0F3F9019803B030BD27
:10F4F00010B5044601F0D8F9E06801F047FC00239C
:10F50000C4E90103BDE8104001F0E2B9002310B5E1
:10F51000C0E900338360044601F03CFCE060204613
:10F52000FFF7E6FF204610BD03689B68184700BF41
:10F53000074B10B503600023C0E90133C3600446E4
:10F5400001F028FC0349206101F09AFB204610BD20
:10F55000E4A6020829F5010810B50146044B41F85C
:10F56000043B0446006901F0E7FB204610BD00BFE4
:10F57000E4A6020803460A46011D006901F0B0BB7B
:10F58000011D006901F0D8BB70B54FF0FF33EF29C2
:10F5900082B005460C46036016DC2D49204601F07A
:10F5A00033FA2B492860204601F04AFA28490646DA
:10F5B000204601F0F5F9274AAC801368C6F30436FB
:10F5C000AE6063B102B070BD2349204601F01CFA61
:10F5D00021492860204601F033FA0646EBE71F492F
:10F5E0002E681F4801241460CA6C42F40052CA6499
:10F5F000CA6C836002F400520192019AD1F888200B
:10F60000C36042F04052C1F888204FF480250421A5
:10F610004FF480520383C0E9094306600361C4616B
:10F6200080F82030C36280F8303080F83830456090
:10F630004161426303F0F4FA30B909487F2102B016
:10F64000BDE8704003F01CBF064801F055F9F4E72F
:10F6500008A10208542000208CA1020800100240DA
:10F6600018310020F0A6020830B53B4A83680168D3
:10F67000116087B00546122B6BD8DFE803F02E31FE
:10F6800034373A3D404346494C4F5255585B5E61D2
:10F690000A00324B00930624072069467F22042388
:10F6A0000194029000242C480594CDE9032303F033
:10F6B000EBFB294803F070FE27480A2103F090FB7A
:10F6C000002840D0AB682046112B04D0C0F30323A0
:10F6D00043EA001080B207B030BD214B0093DAE757
:10F6E000204B0093D7E7204B0093D4E71F4B0093A8
:10F6F000D1E71F4B0093CEE71E4B0093CBE71E4B89
:10F700000093C8E71D4B0093C5E71D4B0093C2E76C
:10F710001C4B0093BFE71C4B0093BCE71B4B0093B3
:10F72000B9E71B4B0093B6E71A4B0093B3E71A4BAC
:10F730000093B0E7194B0093ADE7194B0093AAE78C
:10F74000184B0093A7E7044803F09AFBAB6880B21C
:10F75000BAE70020BAE700BF18310020000084CBD0
:10F760000100008002003004040060080800900CD2
:10F770001000C0102000F014400020198000501D1F
:10F78000000180210002B0250004002A0008302E6C
:10F7900000106032002090360040C03A0080F03EF9
:10F7A00000002143000052C73D4B5A692DE9F0414A
:10F7B0003C4CD50723601DD59D683B489F683B4A5C
:10F7C0009E683B493A4005EA0007A84304BF012070
:10F7D0009860364B9A4201EA060159D0344B99425F
:10F7E0004ED0314B9F4243D0304B9A4240D0304BA9
:10F7F00099423DD02A4BDA685969900701D08907B0
:10F800002ED49A6959695869920701D58F051DD47C
:10F810009A6959695869550701D5490502D45B6948
:10F82000BDE8F081020406D5224A234B10681B680C
:10F830000721984723685B691B04F1D51D4A1E4BBD
:10F8400010681B68BDE8F041022118470604DFD5A7
:10F85000184A194B10681B68052198472368D7E799
:10F86000144A154B10681B68002198472368C8E7A5
:10F87000104A114B10681B68012198472368BAE7AA
:10F88000074B4FF480309860074B9F42ACD1EFE7B5
:10F89000034B4FF480709860054B9942A1D1EFE77C
:10F8A000006400405820002003000004000300080A
:10F8B00000000310982000209C200020FFF774BF58
:10F8C000FFF772BF104B30B49C689A68B2F1006FBA
:10F8D00005D02346103030BC43F8201070470B4D44
:10F8E0004FF08053E21802F17042126843F8042B83
:10F8F000AB42F7D14FF08053034A1030936030BCD5
:10F9000043F82010704700BF00ED00E08C010010AC
:10F9100000B587B0072813D8DFE800F0192836446F
:10F92000521212042D4B2E48DA6C42F08002DA6437
:10F93000DB6C03F080030593059B07B05DF804FBC7
:10F94000284800F0D9FF002007B05DF804FB234BE6
:10F95000DA6C42F00102DA64DB6C03F0010300931D
:10F96000009B4FF0904007B05DF804FB1B4B1E4816
:10F97000DA6C42F00202DA64DB6C03F002030193FA
:10F98000019B07B05DF804FB144B1848DA6C42F099
:10F990000402DA64DB6C03F004030293029B07B0F9
:10F9A0005DF804FB0D4B1248DA6C42F00802DA6491
:10F9B000DB6C03F008030393039B07B05DF804FBC3
:10F9C000064B0C48DA6C42F01002DA64DB6C03F090
:10F9D00010030493049B07B05DF804FB0010024081
:10F9E000001C004808A7020800040048000800485E
:10F9F000000C0048001000484B1C70B50446018202
:10FA00001FD0C1F303100D46FFF782FF0021064609
:10FA1000284601F0EDF9238A0A4A666103F00F03D4
:10FA2000012105F00F0552F82330A36101FA05F515
:10FA300006F1180206F11001C4E90112283625600A
:10FA4000E66070BDBCA80208B0F9100001F07CBAF5
:10FA500030B4446981B98169226891FAA1F3B3FA9B
:10FA600083F303205B0000FA03F322EA030391FA15
:10FA7000A1F1236030BC70478369226893FAA3F137
:10FA8000B1FA81F193FAA3F30325B3FA83F34900A2
:10FA90005B0005FA01F10120984022EA01030343CB
:10FAA000236030BC704700BF194B2DE9F0414C2555
:10FAB00005FB0035DFF85C800E462F4600243A68CF
:10FAC000012303FA04F0104215D06A6BD8F8141021
:10FAD00003FA02F211420ED0E969C8F814206868EE
:10FAE00048B10969DFF830E011424FF0020109D155
:10FAF000DEF8003098470134A64205F10405DED156
:10FB0000BDE8F081DEF8002019469047F3E700BF1A
:10FB1000A020002000040140B42200200121002088
:10FB2000FFF7C2BF01210846FFF7BEBF0121022037
:10FB3000FFF7BABF01210320FFF7B6BF0121042060
:10FB4000FFF7B2BF05210846FFF7AEBF0621084602
:10FB5000FFF7AABF012917D0022914D14AB183891E
:10FB6000134903F00F02C868012393400343CB609D
:10FB7000704782890E4802F00F01C36801228A4053
:10FB800023EA0203C360704783893AB1084A03F04D
:10FB90000F0390689940014391607047044803F057
:10FBA0000F038268994022EA01018160704700BF1B
:10FBB00000040140B0F90C3003F00C0202F1804265
:10FBC00002F5803203F00301F0B496680E4D0F2762
:10FBD0008C0007FA04F126EA0106C3F30311A140E1
:10FBE000314391602C6809493B40012202FA03F33A
:10FBF00023432B6090F9003003F01F005B09824023
:10FC0000F0BC41F8232070470004014000E100E00F
:10FC10002DE9F04F0C46013185B067D09A46374B3D
:10FC2000374D91461A6E04F00F0842F001021A6631
:10FC300008EB48021B6E05EB820203F001035768D4
:10FC400003930646039B4FEA480BC4F30310062FA9
:10FC50004ED8DFE807F03F414345474904002949B2
:10FC60000191FFF755FE0BEB0802034605EB8200FE
:10FC70004FF04C0E55F82220DFF8ACC090F9080088
:10FC8000307007EBC7050EFB07FE07EB4505154473
:10FC90004FF0010B0BFA02FB5CF80E2077600CEBC7
:10FCA0008507B4810024B460FB61174B0199C7F844
:10FCB00004A042EA0B02C7F834804CF80E20C3F8C7
:10FCC0000090FFF7FFFD3046FFF774FF204605B0B8
:10FCD000BDE8F08F0D49C3E70D49C1E70D49BFE706
:10FCE0000D49BDE70D49BBE70D49B9E72046EEE7F1
:10FCF0000C4800F001FE4FF0FF30E8E70010024032
:10FD000054A702084DFB0108B42200201DFB010886
:10FD100025FB01082DFB010835FB01083DFB01080F
:10FD200045FB01082CA70208A020002030B48389DD
:10FD3000124D134C2968012203F00F0302FA03F35A
:10FD400021EA03032B6090F900305909203103F0B8
:10FD50001F0302FA03F344F82130BFF34F8FBFF3C0
:10FD60006F8F90F900305909603103F01F039A40FA
:10FD7000002344F8212030BC836070470004014018
:10FD800000E100E08389144903F00F0303EB430310
:10FD900070B5446851F82360FFF7C8FF4C220F4B41
:10FDA00002FB04F204EBC40104EB41040125995861
:10FDB0003444B540A01D21EA050504F10C0103EB14
:10FDC000800003EB840403EB81019D50002343601A
:10FDD00063604B6070BD00BF54A70208A0200020E4
:10FDE0002DE9F8433B4B3C4D1A692B60D40702D5F3
:10FDF000DA68D00765D4374B1C6914F0020403D0CD
:10FE0000DC6814F0020449D11A69510702D5DA6896
:10FE100052072CD44FF40051304803F0C9FB802125
:10FE200005462F4803F0C4FB284310F0FF0F16D1FE
:10FE30002C4BD3E9000150EA01030ED06CB1261A15
:10FE40004FF0000262EB01070023274ABB4208BFC4
:10FE5000B24202D2254B264A1A60BDE8F883002C34
:10FE6000FBD0204B0022C3E90042BDE8F883DFF855
:10FE70008C906FF004021A61D3F82480D9F8003016
:10FE8000A8EB0303B3F57A7FC4D302F0B5FE2B6869
:10FE900008F57A729A63C9F80080BBE715496FF0DC
:10FEA00002021A61144A08685C6A116844EA004454
:10FEB000A142A9D84FF0FF33136000F06FFF2B6809
:10FEC000A2E70C4A6FF00101196113680133136056
:10FED00091E700BF00040040703200200008004895
:10FEE00000040048A004002080841E00940100202B
:10FEF00034CD12AB38270020B0320020B8220020C9
:10FF0000284B30B59A6D284C42F002029A659A6DE2
:10FF100083B002F002020192019A9A6B42F002024F
:10FF20009A639A6B22F002029A6305F049FE1F4B16
:10FF30001F4A1B681F492160A2FB03239B0C013B46
:10FF40004FF6FF7200252046C4E903256360A560D3
:10FF500005F0B6F82946204605F032F8204604217F
:10FF600005F02EF82268144B516A19601B6813497A
:10FF700003F57A7393631D20FFF7A4FC104B4FF039
:10FF800000521A602368DA6842F00102DA60DA6827
:10FF900042F004022046DA6004F0FAFF284603B07B
:10FFA00030BD00BF0010024070320020300200203F
:10FFB00083DE1B4300040040B8220020E1FD01085D
:10FFC00000E100E0034B044A1360DA6822F0040207
:10FFD000DA6070470004004070320020034B044A8E
:10FFE0001360DA6842F00402DA60704700040040EF
:10FFF0007032002000B5064B83B0D868019003F042
:020000040802F0
:100000003DFC019803B05DF804EB03F069BE00BF4E
:10001000BC22002000B5064B83B09868019003F025
:100020002DFC019803B05DF804EB03F059BE00BF4E
:10003000BC22002000B5064B83B05868019003F045
:100040001DFC019803B05DF804EB03F049BE00BF4E
:10005000BC22002000B5064B83B01868019003F065
:100060000DFC019803B05DF804EB03F039BE00BF4E
:10007000BC220020F8B590F95C5090F95D4006462E
:100080000F462846FFF71EFC39462046FFF71AFCAC
:1000900096F86C30002B0CBF20211021002D1FDBA7
:1000A00005F1604202F56142002CEBB282F80013C8
:1000B0001EDB04F1604000F56140E2B280F80013FD
:1000C0000F4802F01F0103F01F0301226D096409AC
:1000D00002FA03F38A4040F8253040F82420F8BDA6
:1000E000084A05F00F031A44002CEBB21176E0DA4F
:1000F000044804F00F021044E2B20176E0E700BFCA
:1001000000E100E0FCEC00E0234B426D1B6801685D
:10011000B3FBF2F303EB83039B00416001E0013B7F
:1001200002D08A691204FAD41C4B99421AD01C4B93
:10013000994209D11B4B9A6B42F480029A639A6BE5
:1001400022F480029A63704703F58063994214D1C8
:10015000144B9A6B42F400029A639A6B22F40002E9
:100160009A63704703F5DE339A6B42F400129A6388
:100170009A6B22F400129A6370470B4B994209D193
:10018000084BDA6B42F00202DA63DA6B22F0020209
:10019000DA637047704700BF30020020005400400F
:1001A000005800400010024000840040574AF8B553
:1001B000436D1668B6FBF3F3044603EB8303406814
:1001C0000D469B00271D01E0013B02D0826912040D
:1001D000FAD44F4B9E4253D04E4B9E4236D04E4B9C
:1001E00000229D42A2603CD123684C4A93427BD0BE
:1001F0004B4A934200F084804A4A93427AD04A4A5A
:1002000093426CD0454A93422FD0454A934251D0F5
:1002100002F58062934240D1444AD2F8883023F4F8
:10022000403343F48033C2F888300021384603F06D
:10023000A9FD00230122C4E90423C4E90833384698
:10024000E360A36103F0DEF96565F8BD384B9D42BC
:100250003FD0314B9D4239D0364B9D4234D00023A4
:10026000A36023682D4A9342CFD102F5DE32D2F843
:10027000883023F4405343F48053C2F88830D4E7E5
:100280002B4B9D4229D0244B9D4224D0294B9D428B
:10029000E5D1294BA3602368B4E7234A9342C4D134
:1002A000224AD2F89C3023F0030343F00103C2F842
:1002B0009C30BAE71D4AD2F8883023F4404343F417
:1002C0008043C2F88830B0E71C4BE3E71C4BA360C7
:1002D0008AE71C4BDEE71C4BF9E71C4BDAE74FF4CF
:1002E000000003F07BFDBCE74FF4801003F076FDC7
:1002F00023687DE74FF4800003F070FD23687EE7FC
:100300004FF4001003F06AFD236875E73002002007
:1003100000B4C404006CDC0240420F0000540040F2
:1003200000580040005C0040008400400010024083
:10033000801A0600A08601006B4EC130553EA020F9
:1003400016085000210C8010270E81003A14D1109D
:10035000F0B50E46044685B067493046154600F0B4
:1003600053FB66490746284600F04EFBA4F8586048
:100370000146A4F85A50384600F034FB604B206028
:10038000984222D05F4B984245D05F4B984268D04C
:100390005E4B984200F08C80636D0BB95C4B6365DB
:1003A0002046FFF7B1FE616DFFF700FF00234FF01D
:1003B000007284F86D3084F86C3084F86E302266F8
:1003C00084F86430A36605B0F0BD03F5DE33002287
:1003D00084F850209A6D484942F400129A659B6D4A
:1003E00003F4001300933046009B00F0D9FA434910
:1003F000284600F0D5FA0321304600F0A5FD284636
:10040000032100F0A1FD42F21F032068A4F85C3034
:100410003C4B9842B9D103F5DC33012284F85020DB
:100420009A6D354942F480029A659B6D03F480030E
:1004300001933046019B00F0B3FA3049284600F0A2
:10044000AFFA0321304600F07FFD2846032100F07B
:100450007BFD42F221232068A4F85C302A4B9842AD
:1004600096D103F5DA33022284F850209A6D22499E
:1004700042F400029A659B6D03F400030293304638
:10048000029B00F08DFA1D49284600F089FA0321ED
:10049000304600F059FD2846032100F055FD44F692
:1004A00048132068A4F85C30184B98427FF474AF6E
:1004B000032703F5C63384F85070DA6D0E4942F015
:1004C0000202DA65DB6D03F0020303933046039BFF
:1004D00000F066FA0949284600F062FA39463046CB
:1004E00000F032FD3946284600F02EFD45F2534318
:1004F000A4F85C3050E700BF40A20208BCA102088B
:100500000054004000580040005C0040008400405F
:10051000A0860100012383660020704738B590F85B
:100520006C300546002B39D1426853685C0507D40E
:1005300041F2010301E0013B02D091698807FAD53D
:100540004FF48043536041F2010301E0013B2DD0A1
:1005500091698906FAD52023D361536823F47F7308
:1005600023F003035360136823F00103136014683E
:1005700014F00104FBD11368296E43F00103B1F1BB
:10058000007F136001D1204638BD2846B5F95A20B6
:10059000B5F95810FFF7DCFE204638BDB0F95A20F7
:1005A000B0F95810FFF7D4FE002038BD6FF00100FD
:1005B00038BD00BF38B50446051DC260284603F0AB
:1005C00021F894F85030032B15D8DFE803F00E1013
:1005D00012020A490A4A204642F82350FFF74AFD10
:1005E0002846BDE8384003F035B90649F2E7064928
:1005F000F0E70649EEE70021ECE700BFF5FF010850
:10060000BC2200205500020835000208150002082F
:1006100030B5044683B094F86830043853B9B4F95F
:100620005620B4F95410FFF793FE022384F860308B
:1006300003B030BDA568B4F95620B4F95410019048
:10064000FFF786FE002DF0D00023012184F868100A
:10065000019819462A46FFF7ADFF022384F860305F
:1006600003B030BD012904D011B9012380F86A30EC
:10067000704780F869107047002380F86930704730
:10068000002380F86A30704703F0E4B870B54FF08B
:10069000807305461646043092B203F071F8D0B963
:1006A0000E4B6A6D1C6895F86E30B4FBF2F406FBD5
:1006B0000444C4EB0414640053B1013C01E0013C68
:1006C00009D0012000F070FB95F86E30002BF6D1B8
:1006D0000CB1304670BD002070BD00BF300200205C
:1006E00030B5446890F86C30656883B003BBEB01AB
:1006F00007D541F2010301E0013B20D0A2691006B9
:10070000FAD581B945F0807545F48035656041F2D0
:10071000010301E0013B12D0A2695207FAD5606AD9
:10072000C0B203B030BD25F0807545F4C035EDE7AB
:1007300001220DF10701FFF7A9FF03B030BD4FF013
:10074000FF3003B030BD00BF70B54FF08073054679
:100750001646043092B202F0A9FFD0B90E4B6A6D72
:100760001C6895F86D30B4FBF2F406FB0444C4EB4E
:100770000414640053B1013C01E0013C09D00120A4
:1007800000F012FB95F86D30002BF6D10CB130461D
:1007900070BD002070BD00BF3002002030B543683E
:1007A00090F86C405D6883B00191002C4FD10246F7
:1007B000806EA0B1C1F309009466C90740EA050242
:1007C00056BF22F4806242F4105242F4005222F0EA
:1007D000407242F4803201205A6003B030BD586844
:1007E000C20107D541F2010201E0013A35D0996911
:1007F0000D06FAD5019D05F47F42B2F57F4F0CBF7F
:1008000020F0807040F0807040F4803008BF0124F8
:10081000586041F2010201E0013A1ED09969C9070E
:10082000FAD5EDB29D6241F2010201E0013A14D025
:100830009969C807FAD53CB141F2010201E0013AD9
:100840000BD099694906FAD5012003B030BD0122C9
:1008500001A9FFF779FF03B030BD022003B030BD1E
:10086000026838B5136823F0FE03136090F95950FD
:10087000044690F9580002F063FE284602F060FE3C
:10088000022384F8603038BD08B500F00DF89620DA
:1008900000F0A8FA962000F0A5FAF8E7EFF3108030
:1008A000C04300F001007047EFF3108272B6064BB0
:1008B000196819B9054902F001020A701A681A6824
:1008C00001321A60704700BFD02200204C27002060
:1008D000074B1A6852B1EFF310821A68013A1A6096
:1008E0001B681BB9034B1B7803B962B6704700BF86
:1008F000D02200204C2700200FB4012008B500F0C2
:10090000A7F900BF38B50C460546FFF775F8013466
:1009100000D138BD28460021FFF79AF8284600216B
:10092000BDE83840FFF790B870B50C46164605464E
:10093000FFF762F8013400D170BD28460021FFF7AF
:1009400087F831462846BDE87040FFF77DB800BF04
:1009500070B50D4616460446FFF74EF8013511D026
:1009600066B9E36822681A6020460121FFF770F833
:1009700020460021BDE87040FFF766B8A3682268F2
:100980001A60F1E770BD00BF0022FFF7E1BF00BFB2
:1009900008B505F015F9BDE8084002F01DB900BF23
:1009A000431C1BD0B1F9003010B50446581C04D1CB
:1009B0000FE031F90C3F5A1C0BD09C42F9D1204674
:1009C000896800F015FA20460021BDE8104000F0CB
:1009D000BBBABDE810400248FFF78EBF704700BFAA
:1009E00014A80208884203D0421C09D0013100D16A
:1009F000704708B50348FFF77FFF4FF0FF3008BD91
:100A00000846704728A80208421C15D008B5B1F95D
:100A100000305A1C04D109E031F90C3F5A1C05D0B2
:100A20009842F9D14868411C00D008BD0348FFF73F
:100A300063FF4FF0FF3008BD704700BF3CA80208BD
:100A4000421C15D008B5B1F900305A1C04D109E098
:100A500031F90C3F5A1C05D09842F9D18868411CE5
:100A600000D008BD0348FFF747FF4FF0FF3008BD37
:100A7000704700BF5CA8020808B50648022103229F
:100A800001F062FF0348BDE808404FF4165102F040
:100A90002BB800BF18320020022801DC002070476C
:100AA00038B50446033C07F0E3FE0E4A52F8243002
:100AB00009250021056042F824107BB11A68184608
:100AC00013699847041EA8BF002000DB38BD07F05B
:100AD000CFFE644204604FF0FF3038BD4FF0FF306E
:100AE00038BD00BFD4220020F8B506460C46154696
:100AF00007F0BEFE0923022E036010DC154B1B68B5
:100B0000FBB155B16E1E144F2644013C14F8011F71
:100B1000384601F0FFFFB442F8D12846F8BD0F4B2C
:100B2000033E53F8260088B103682A46DB68214655
:100B30009847051EF1DA07F09BFE6B4203602846DA
:100B4000F8BDFFF799FF002DDCD1E6E74FF0FF3548
:100B5000E3E700BF3424002018320020D422002014
:100B600070B504460E46154607F082FE0923022C96
:100B7000036009DC104B1B68C3B1104801F0B8FFDB
:100B800001243070204670BD0D4B033C53F8240007
:100B900078B103682A469B6831469847041EF1DA0B
:100BA00007F066FE63420360204670BDFFF764FFF6
:100BB000E3E74FF0FF34E5E734240020183200204B
:100BC000D422002070B504460D46164607F050FEAC
:100BD0000923022C03600BDD084B033C53F824006F
:100BE00040B1036832462946DB69BDE870401847CA
:100BF000002070BD4FF0FF3070BD00BFD422002038
:100C000008B5012000F024F808B5FFF7C1FEFEF793
:100C100013FA08BD704700BF08B5FFF7FBFFBDE83A
:100C20000840F6F7E3BE00BF074D08B52B68044641
:100C3000986807F0D3FE2B68D86807F0CFFE04B998
:100C4000FEE7FFF721FEFBE734020020012070479A
:100C500008B5FFF7E9FF00BF0120704710B5FAF7AC
:100C6000A5FF044608B1204610BD0248FFF744FE28
:100C7000F9E700BF80A8020808B1FAF7BDBF7047C6
:100C800038B5036804461B680D46984763681D60C5
:100C900038BD00BF036870B5DB68054698476B68D0
:100CA0005B6883B12A681C6853689847201A00283B
:100CB0006A680DDCD2E90010836853600029F0D027
:100CC00040688847EBE72B68BDE870409B68184791
:100CD0002B6852681B691068BDE87040184700BF58
:100CE0002DE9F04107460E4615469846FFF7DCFD14
:100CF000796835604C68C6F80480D4B1002203E0FE
:100D0000A36822467BB11C462368EB1A002BF7DA56
:100D1000B4604AB93B684E6028461B699847BDE8F5
:100D2000F041FFF7D5BDB3609660BDE8F041FFF735
:100D3000CFBDB460EEE700BF38B505460C46FFF7FF
:100D4000B3FD6A685368A3420AD02BB19A68A242E5
:100D500011D01346002BF9D1BDE83840FFF7B8BDDC
:100D60009B6853606BB12A68186813699847BDE89F
:100D70003840FFF7ADBDA2689A60BDE83840FFF784
:100D8000A7BD2B689B689847E6E700BF03685B68D0
:100D9000184700BF00487047A0A802080148FFF7A5
:100DA00079BF00BFA0A8020838B5044604F086FF4A
:100DB000B4F57A7F054605DA04F080FF431BA342B1
:100DC000FAD338BDFFF76AFD0028F5D00448E317D1
:100DD00080FB0420C3EBA010FEF7ACFAECE700BFE9
:100DE000D34D62104FF47A7303FB00F0FFF7DCBFC2
:100DF000F8B500F00F02534B0646C0F3031053F84A
:100E000022400D46FEF784FD05F00703826894FA40
:100E1000A4F7B7FA87F794FAA4F14FF0030EB1FAEA
:100E200081F17F004FF0020C49000EFA07F70CFA2F
:100E300001F122EA07020A43634582604FD07345FD
:100E40004BD0A3F10107B7FA87F77F09026894FA3C
:100E5000A4F6B6FA86F694FAA4F14FF0030CB1FAB0
:100E600081F1760049000CFA06F607FA01F122EA50
:100E70000602013B0A43012B026005D843682A079A
:100E80004CBF2343A3434360C5F30115012D10D08C
:100E9000022D0ED0C26894FAA4F3B3FA83F30321AF
:100EA0005B0001FA03F322EA030394FAA4F4C3609B
:100EB000F8BDC36894FAA4F2B2FA82F294FAA4F4E8
:100EC0000321B4FA84F45200640001FA02F2A5404E
:100ED00023EA02031D43C560F8BD1F46B6E7B6B25C
:100EE0003607C5F3032117D5466A220A92FAA2F7FC
:100EF000B7FA87F792FAA2F24FF00F0CB2FA82F229
:100F0000BF000CFA07F7920001FA02F226EA070185
:100F10000A4342621F4699E7026A94FAA4F7B7FAB5
:100F200087F794FAA4F64FF00F0CB6FA86F6BF00D6
:100F30000CFA07F7B60022EA0702B1400A43026240
:100F40001F4683E7BCA8020800F00F02324B70B5C1
:100F5000C0F3031053F822400D46FEF7D9FC066893
:100F600094FAA4F1B1FA81F194FAA4F203234900AE
:100F7000B2FA82F28B4052003340D340013B012B46
:100F800031D905F0FD03012B17D0052D35D0022DE9
:100F900033D0C26894FAA4F3B3FA83F303215B005D
:100FA00001FA03F322EA030394FAA4F4C36070BDC8
:100FB00023EA0403012D4360E9D1C36894FAA4F243
:100FC000B2FA82F294FAA4F4B4FA84F4520003253B
:100FD0006400012105FA02F201FA04F423EA020393
:100FE0002343C36070BDEB1E022B4368E0D823434C
:100FF000032D4360E1D0052DCBD1C36894FAA4F250
:10100000B2FA82F294FAA4F4B4FA84F452000325FA
:1010100064000221DEE700BFBCA80208B0F90400AA
:101020000021FFF7E5BE00BF30B507EE101A274BD1
:1010300002681A60B5EEC07AF1EE10FA89B0044683
:1010400026D4F7EE007AB4EE677AF1EE10FAC8BF54
:10105000B0EE677AD4ED037A227DA568F8EE677A60
:10106000602067EE877A511EFCEEE77A019017EE5A
:10107000903A00200329B3FBF5F3CDE90500CDE953
:101080000230C4ED047A0490079004D909B030BD51
:101090009FED0F7ADEE76FF0030505EB82050B4845
:1010A0002A4601A904F07EF858B9637D074829460D
:1010B0001BB104F04DF909B030BD03F0B5FF09B024
:1010C00030BD0448FFF718FCEFE700BFE423002021
:1010D00000000000FCA802082DE9F0412DED028B74
:1010E000624CC2680368236086B0064600200D4645
:1010F0000090002A7FD19FED5E8A196A41F2111299
:10110000114205D1196A40F24442114200F0988020
:10111000584F694601A803F027FB3B6831688B42B2
:1011200000F0A18000230133DBB2984657F833204A
:101130008A42F8D1002900F0928007EBC8073B797A
:10114000002B78D103F0ECFA049F00900123B360E8
:10115000494B002F63D1A3FB00124FEA400EA3FBC3
:101160000E3E900C4FEA9E4E421E691E6260E16088
:101170000B464FF000084FF6FE7CB3F5803F02D2DD
:10118000B2F5803F1AD3B3685B0000FB03F2B36093
:101190000FB10EFB03F2B1FBF3F3634502F1FF3233
:1011A0004FF00108E9D8B2F5803F4ED2B3F5803F49
:1011B0004FF00108E7D2B2F5803FE4D2B8F1000F5A
:1011C00001D06260E360002328482361A36003F03C
:1011D00093FF00283FD118EE101AF5603046FFF754
:1011E00023FF2268136843F00103136006B0BDECCF
:1011F000028BBDE8F08107EE902A96ED047AF8EEB6
:10120000677AB8EE477AF7EE006A87EE278AB4EE7F
:10121000668AF1EE10FAC8BFB0EE668A6DE74FEA53
:10122000400EA3FB0E2E4FEA9E4EA3FB0030800C17
:101230000EF1FF3299E703F085FA059F009085E7EC
:101240001A6822F001021A6062E70C486260E360EB
:10125000FFF752FBB7E70948FFF74EFBBBE708482B
:10126000FFF74AFB69E74FF0000863E7E42300203B
:10127000000000002CA9020883DE1B43FCA8020822
:1012800014A9020830B5044687B00D460846334914
:10129000FFF7BAFB314920602846FFF7D1FB2368EE
:1012A0002F4AC0F304319342C0F34040217560756A
:1012B0002CD0B3F1804F1BD12A4B9A6D42F0010222
:1012C0009A659B6D03F001030293029B2349284614
:1012D000FFF766FB00230122204644F62061C4E9A3
:1012E0000333A580A26007B0BDE83040FFF7F4BE2D
:1012F0001D4A934215D11B4B9A6D42F002029A652A
:101300009B6D03F002030393039BDFE7154B1A6EFB
:1013100042F400621A661B6E03F400630193019BA2
:10132000D4E7124A93420AD10E4B1A6E42F480322D
:101330001A661B6E03F480330493049BC6E70C4AC1
:101340009342C3D1074B1A6E42F400321A661B6EE9
:1013500003F400330593059BB8E700BFC4A202085D
:10136000002C0140001002400004004000400140F9
:101370000044014007EE101AD0ED037AB8EEC77AA8
:10138000F8EE677AC7EE277A17EE901AFFF74CBE91
:1013900070B40F4E336893B1002504E01C68891ABD
:1013A0001D468CB123469A688A42F7D981609A68B3
:1013B0000360511A996025B1286070BC70470360C2
:1013C0008160306070BC704704608160F4E700BFEA
:1013D00084310020094B1B6810B44FF6FE724FF4A5
:1013E0007A74591E04FB0010B0FBF3F0904228BF42
:1013F000104680B25DF8044B704700BF60A602083B
:1014000000B5DFF808C000DF5DF804FBA91702088B
:1014100008B5EFF3108444B9EFF305842CB90848FC
:101420004FF0FF310068FFF7EBFFDFF818C000DF77
:101430000446FDF7DDFD2046DFF80CC000DFFEE7C7
:1014400080310020E91502080116020838B50D4662
:10145000044600F0F1FC28B12046294600F0F0FCDB
:10146000002038BD812038BDB0B50F4C207800AFCA
:1014700008B10020B0BD0D4D2B6893F8241001F089
:1014800001F82B68DA78FF2A03D1DA6A203282F376
:1014900009886A682AB101F0C7F901232370002086
:1014A000B0BDC5E90023F6E789310020CC3100202A
:1014B000014B1878704700BF8931002010B5EFF359
:1014C000108454B9EFF305843CB9EFF31484E407B6
:1014D00003D5DFF810C000DF10BD014B187810BD38
:1014E00089310020B1140208EFF310836BBBEFF3D6
:1014F000058353BB90B589B000AFFFF7DFFF28B974
:101500001B4C246814B1646804B1A047EFF3148441
:1015100004F00304022C22D0032C18D0012C1AD082
:1015200007F1200484F30988124C2478E4071AD5C3
:10153000022484F31488BFF34F8FBFF36F8FDFF85B
:1015400038C000DF2437BD4690BD82207047094C6B
:101550002478E407F3D5FF202437BD4690BD054C21
:101560002478E407EBD4032484F31488E3E700BF72
:10157000BC31002047B002086914020870B538B3C6
:1015800006682EB3B0F904501446EA1C92B2062A3B
:101590001ED80B46C168C9B90A46043545EA01217F
:1015A000304600F0ADFF98B10C4A0D4B0D491B6859
:1015B000013852F82050EA6A516363B19B6853B115
:1015C000E87821469847E863284670BD0269E4E759
:1015D0000025284670BDEC63284670BD102D002004
:1015E000BC3100201114020808B500F043FF18B107
:1015F000024B013853F8200008BD00BF102D002019
:1016000038B5A0B110F00305044610D1037873B9C2
:10161000084B1B681BB1DB680BB1C06B9847E078C7
:1016200000F0CAFFFF2808BF8125284638BD802565
:10163000284638BDBC310020F8B5EFF3108494BBC8
:10164000EFF3058CBCF1000F27D107460E46154677
:10165000EFF31484E40702D4144C2478FCB1EFF3C4
:10166000108242B9EFF305822AB9114A4FF0FF31D7
:101670001068FFF7C5FE384631462A46DFF834C009
:1016800000DF0446EFF3108038B9EFF3058020B98E
:1016900007480068DFF820C000DF2046F8BDBDE83D
:1016A000F840FFF76BBF00242046F8BD89310020C9
:1016B000803100207D150208FD1702080022FFF787
:1016C000BBBF00BF08B548B1421C08D0074A9042D2
:1016D00008D8FFF77FFE01F0EDF8402008BD4FF677
:1016E000FF70F8E74FF6FE70F5E700BF00093D0018
:1016F00010B5EFF3108434B9EFF305841CB9DFF8AB
:101700000CC000DF10BD822010BD0000C51602080D
:10171000830704D130B1D0E9041318687047002062
:1017200001467047014670472DE9F041154E346877
:1017300004B3A368144F013BA3604FF00108214696
:10174000C3B93B682568356018462BB11B78012B5F
:1017500002D1FFF77BFE10B10420FDF739FC63795D
:10176000012B09D084F8048025B1AB682C462146B2
:10177000002BE6D0BDE8F081E1682046FFF708FEC7
:10178000F2E700BF84310020EC29002010B540B101
:10179000046824B1237823B9204600F04DFC20468C
:1017A00010BD0024204610BD70B510F003061AD1FC
:1017B0000446C0B10378032B15D10D4641B14B1C33
:1017C00017D00D4B994211D80846FFF703FE01468A
:1017D000204600F0B1FC012806D1002D14BFC1261F
:1017E0008126304670BD8026304670BD4FF6FE71B2
:1017F000EEE74FF6FF71EBE700093D0010B510F082
:10180000030403D110B10378032B02D080242046B7
:1018100010BD00F019FCFF2808BF8124204610BD30
:1018200030B583B0EFF31084E4B9EFF30585B5B9B3
:10183000EFF31484E4070DD40C4C247854B960B150
:10184000006850B1037853B9019000F0F5FB01989E
:1018500003B030BDDFF818C000DF03B030BD204654
:1018600003B030BD002003B030BD00BF893100207F
:101870008D170208EFF3108323B9EFF305830BB93B
:10188000FFF7BEBD8220704710B5EFF3108434B966
:10189000EFF305841CB9DFF80CC000DF10BD822017
:1018A00010BD0000FD17020810B5044660B10168C4
:1018B00051B1406838B1037833B90431890089B235
:1018C00000F054FA606810BD002010BD10B5174C30
:1018D000237882B053B1164B1B68FF229A70154AC9
:1018E000002001231070237002B010BD00F022FF11
:1018F0000F4B22781B68FF219970002AEFD1114607
:101900000D480192FFF7D0FF0C4B019A0146196078
:101910000B481146FFF732FE0A4B02460A481A608E
:10192000FFF77EFF094B1860D9E700BF8831002020
:10193000CC3100208931002064A60208EC29002067
:1019400080A60208E42900205CA90208803100205A
:1019500010B5EFF3108474B9EFF305845CB9EFF3BD
:101960001484E40703D5DFF814C000DF10BDBDE820
:101970001040FFF7ABBF822010BD0000CD18020859
:101980002DE9F041804684B088B30378012B20D143
:101990000C46B9B34B1C42D0224B994224D808467E
:1019A000FFF718FD0246404602A900F0EBF90128B6
:1019B00033D00020024603461020029904460D460B
:1019C00016461F462046294632463B4604B0BDE82F
:1019D000F081002580242E462F4620462946324697
:1019E0003B4604B0BDE8F0814FF6FE72DBE70546EA
:1019F0000646074680242046294632463B4604B028
:101A0000BDE8F0810A4602A900F0BCF90128D0D156
:101A10000020024603462046CFE74024F8E74FF671
:101A2000FF72C0E700093D0030B5044685B021B122
:101A3000154612B90B78012B04D080232046236071
:101A400005B030BD084602A900F002FA042808BF1C
:101A5000102201AB14BF0195019293E8070084E8BE
:101A60000700204605B030BD38B504461546EFF3F3
:101A7000108010B9EFF3058028B120462A46FFF701
:101A8000D3FF204638BD08461146DFF810C000DFFE
:101A9000C4E90001A260204638BD00008119020897
:101AA00000B50A4C85B001A821684FF0FF32FFF75E
:101AB000DBFF01981028F6D10298DFF814C000DF90
:101AC00003460846002BEED09847ECE7EC290020AF
:101AD0001117020810B50446008B6378628B01432E
:101AE000062B218319D0052B00D010BD11EA02036B
:101AF000FBD0638321EA02012183204600F0F8F83D
:101B000001232046628B63700821FCF72DFE2146DD
:101B10000448BDE8104000F007B832EA0103E9D0FC
:101B200010BD00BF8C31002030B4027843688C783F
:101B3000013AD5B223B90EE05A68184662B113468D
:101B40009A78A242F8D2022D4B60416009D8996080
:101B500030BC8860704703460022022D4A605960FD
:101B600003D9002030BC88607047184630BC8860BC
:101B7000704700BF02784368013A59684160022A01
:101B800007D811B1002288605A6000229A60184676
:101B9000704700225A601846704700BF034B5A68CE
:101BA0004260002258608260704700BF8C31002084
:101BB00070B4174DEB6833B3AC8AA142224601D80A
:101BC00023E023469C8A224491420CD9DC68002CF5
:101BD000F7D1891A89B20022C26070BCD860036153
:101BE000998282827047DE6894B2C660D860C2680B
:101BF000036102B11061621A82829A8A141B214425
:101C0000998270BC70472B46E5E71E462B46ECE7F1
:101C1000A43100202DE9F0411B4EF468002C30D097
:101C2000B58A013DADB2B5825DBB184FA368DFF840
:101C300060802146384633B162685A6062680AB1F2
:101C400093606560A560FFF76FFFA28AB282637838
:101C5000042B4FF0010104D1D8F80030E08A03448E
:101C6000A382E3686170F36053B11E61C4E9035558
:101C70003AB91C462146A3683846002BDCD1E2E77E
:101C80002361BDE8F08100BFA43100208C31002029
:101C90001432002083682BB142685A60426842B116
:101CA00093607047054B1A465B68984202D0002B40
:101CB000F9D1704743685360704700BF8C310020F2
:101CC00010B584680CB90BE0A4682378002BFBD016
:101CD000FFF7E0FF01462046BDE81040FFF724BFB4
:101CE0004378012B00D010BD004CF1E78C3100206F
:101CF00003699BB1C268DA6062B1998A10B4848AC0
:101D000021449982002413610023C46003615DF8BB
:101D1000044B70479A82002303617047704700BFED
:101D200070B4114BDC78EFF31086EFF3108272B6CB
:101D30009A78944208D9551C1A789D70551CAC426B
:101D400014BFEDB200251D7006B962B6DC7894426E
:101D500005D903EBC20370BCC3E90101704770BC35
:101D60000220FDF735B900BF60290020103900239B
:101D700089080122C0E90133C18102808370838117
:101D8000704700BF38B5838904467BB915465AB100
:101D9000436843B3274B1968FFF7C6FE284608215E
:101DA00000F042FB012038BD012038BD4389C289C3
:101DB000181D01339BB254F8200008609A426381D9
:101DC00004BF00236381636813B16378022B14D0CE
:101DD000EFF31080EFF3108372B6A389013BA38168
:101DE00048B962B638BD134A126842600121C2E99F
:101DF00001304170D2E7002038BD2046FFF7BAFE1F
:101E000000210546FCF7A6FC2389E289E869191D33
:101E100001339BB29A4244F82100238104BF00237E
:101E200023812846FFF764FF284600F0D1FA0020FE
:101E300038BD00BFCC310020C2898089101A70479C
:101E400008B5FFF76DFFBDE8084000F0F5B900BF29
:101E500083890BB918467047438910B5043304468B
:101E600050F823300B604378022B16D0EFF310822A
:101E7000EFF3108372B6A389013BA38102B962B666
:101E80006389E28901339BB29A42638101D00420C5
:101E900010BD00236381042010BD0021FFF740FF27
:101EA00000F0CAF9E2E700BF436870B504460D468A
:101EB0003BB14678022E41D0032E1ED0012E34D0E5
:101EC00070BD8289C3899A4261D20389043344F880
:101ED0002310EFF31082EFF3108372B6838901337E
:101EE000838102B962B62389E28901339BB29A42A7
:101EF0002381E5D10023238170BD084600F07AF8E4
:101F000005460028DCD02046FFF734FE294604466B
:101F1000FCF720FC012363702046FFF7E9FE214611
:101F20001D48BDE87040FFF7FFBDFFF723FE0446E4
:101F30002A461021FCF718FC6670EDE7FFF71AFE41
:101F400000210546FCF706FC2389EA69043344F8BE
:101F50002320EFF31082EFF3108372B6A3890133CD
:101F6000A38102B962B62389E28901339BB29A4206
:101F7000238104BF00232381012328466B70FFF7D0
:101F8000B7FE29460448BDE87040FFF7CDBDBDE867
:101F900070400320FDF71CB88C310020002A70B47B
:101FA0001EDB033222F003030C24B3B11A198A4258
:101FB00013D804440144CD1AE2189542C0E9004107
:101FC000836014D30021625016461A449542194486
:101FD000F9D20020306070BC7047012070BC70479F
:101FE00022F00042D31D23F007031024DDE726462C
:101FF000EFE700BFEFF3108372B6026803F001034E
:102000000AB11168016003B962B61046704700BF9B
:1020100081420DD343688B420AD9EFF3108372B625
:1020200002680A60016013F0010003D162B67047D4
:10203000012070470020704700230322C0E90133CC
:1020400002704380C36070474388002B48D02DE95D
:10205000F041374E826831688A4204463DD1013BE7
:102060009BB24380002B35D10B6A98424CD01A4664
:102070002AB1D068A04244D00246002AF9D191F892
:10208000245043B15A681AB19278954238BF154628
:10209000DB68002BF6D18D7067681FB32046FFF711
:1020A00069FD00210546FCF755FB2846FFF720FE99
:1020B0002A6A204F31687B68C4E902524FF0010858
:1020C000A4F802802C628A789B789A421FD3284613
:1020D00000F07EF90020BDE8F081FF20BDE8F0812E
:1020E000FF207047134843689B78AB42F2D9FFF753
:1020F0001BFD3368012238465A7000F069F93846F2
:10210000ECE7E068D060BAE7C3680B62B7E738462F
:10211000FFF70AFD29463846FFF706FD3368002021
:1021200083F8018085F8018000F052F90020D5E79E
:10213000CC3100208C310020438870B50446BBB1FF
:10214000154E80680D463168884217D075B18B787E
:1021500082789A421AD36368A3B12046FFF7E4FC61
:102160002846092100F060F9012070BD012070BDF2
:10217000094A12688260116AC1601062013363808B
:10218000002070BD6160C1E90134E9E78370FFF7A9
:1021900097FD3168DFE700BFCC310020034A044BD4
:1021A0001268DA8000221A60704700BF78A6020821
:1021B000C031002008B5104A104B11495868136807
:1021C000834209D0D38809881060013B0B449BB23D
:1021D0009942938004D008BD938809889942FAD126
:1021E000002306481360FFF7C5FCBDE80840014620
:1021F0000248FFF799BC00BFC03100208C3100209D
:1022000014320020426882B110B5FFF7B3FC0446D7
:10221000FFF76EFD012161702046FCF79BFA214615
:102220000448BDE81040FFF77FBC4288013242807D
:10223000704700BF8C310020054B1B7823B9054B3C
:102240004FF080521A607047034B01221A7070479A
:102250004D27002004ED00E04E27002038B51C4B30
:102260001C4D186801234370FFF798FCAA786B781F
:10227000F2B11C4605EBC4014B681A781846FAB156
:10228000012A21D0FFF7BEFFEB780134A34208BF3B
:102290000024EFF31082EFF3108372B6AB78013BAA
:1022A000DBB2AB700AB962B6AB78002BE2D1E3B215
:1022B00009486B70FFF75EFCBDE8384000F078B865
:1022C0000989FFF707FCDFE78968FFF7EDFDDBE72A
:1022D000CC310020602900208C3100200A4A0B49B3
:1022E0000B480C4B10B414680C600B4A00240721F7
:1022F0000460196013685DF8044B43F07F434FF0AE
:10230000FF301360704700BF94A6020814E000E09D
:1023100018E000E010E000E020ED00E0704700BFB2
:1023200008B50B4B186801234370FFF737FCFFF724
:1023300041FF084A136801331360FFF76BFCFFF796
:10234000F3F90548FFF716FCBDE8084000F030B887
:10235000CC310020143200208C310020064B1B6849
:10236000D3E90B329A4203D81268044B9A4202D046
:102370000120FCF72DBE7047CC310020A52E5AE27B
:1023800010B50848FFF7F6FB074A084B50600222D9
:1023900042701B682BB11B691BB1BDE81040C06BBC
:1023A000184710BD8C310020CC310020BC310020FA
:1023B000054A064B5060022242701B681BB11B6924
:1023C0000BB1C06B18477047CC310020BC310020E6
:1023D00008B370B5114D82780446286883789A4214
:1023E00010D9FFF7DBFB29680D4B01200222487052
:1023F0006C6062701B686BB11B695BB1E06BBDE820
:10240000704018470123637021460648BDE87040BC
:10241000FFF78ABB70BDFFF7B3BF00BFCC31002010
:10242000BC3100208C31002000B970474FF6FF739B
:10243000984270B50C4D0C4603D001462868FFF752
:10244000B7FB2B6809485C70FFF794FB084B68608A
:10245000022242701B682BB11B691BB1BDE87040A2
:10246000C06B184770BD00BFCC3100208C310020FC
:10247000BC310020024B186800B1C078704700BF23
:10248000CC31002038B5B8B1194B1B88834227D313
:10249000184B013853F8204014B3174DA1702B6826
:1024A00084F824109C420CD02046FFF709FC637886
:1024B000012B17D0002038BD0F4D2B68997083F881
:1024C00024100E4843689B788B42F3D92968FFF7A4
:1024D0002BFB2B6801225A70FFF752FF002038BDFA
:1024E000FF2038BD0548FFF745FBFFF771FFE1E727
:1024F00044B00208102D0020CC3100208C31002087
:102500002DE9F84F11F0FF0F824627488B461446FD
:10251000994608BF01F1010BFFF76CFD0746002843
:1025200039D0224B046319884FEA1B20B86291B35B
:102530001F4B01241D4602E0A1422CD0344655F821
:10254000042B661C04F1FF38002AF5D15FFA8BFBDF
:102550004FF48071C7E90122C7E90322C7E90522C8
:1025600087F802B087F824B0FC70C7F81C90C7F851
:1025700038903A6287F82520398080B15146384634
:10258000FCF798F80A4B384643F82870FFF720FF0D
:102590002046BDE8F88F00242046BDE8F88F0548A6
:1025A000FFF728FD3863E9E74C2D002044B002080E
:1025B000102D0020502700202DE9F84F574F3C6880
:1025C000002852D0E37883424FD0554B1B8883427A
:1025D000C0F0A180DFF858B1461E5BF82690B9F133
:1025E000000F00F098804846FFF754FB4846FFF77D
:1025F0007FFBD9F8204004B3DFF830A14FF0010889
:1026000063682046002B75D0FFF7B4FA0021054619
:10261000FCF7A0F82846FFF76BFB85F801802946F8
:102620005046FFF781FAE3682A6AE260A560A4F8E1
:1026300002802C621C46002CE2D1D9F830103948B7
:1026400000244BF82640FFF7E3FC49463648C9F81A
:102650003040FFF7DDFC3548396842688B78927866
:102660009A4250D82046BDE8F88F00236370FCF7EB
:1026700090F8E062FFF772FE3B681C6AECB1DFF88D
:10268000AC8001266368204663B3FFF773FA00212C
:102690000546FCF75FF82846FFF72AFB6E702946CF
:1026A0004046FFF741FAE3682A6AE260A560668067
:1026B0002C621C46002CE5D13B68DA78196B1C4D66
:1026C0001848531E002445F82340FFF7A1FC396841
:1026D00015480C63FFF79CFC3C60FFF751FE204659
:1026E000BDE8F88FE2686380C4E902331446002C29
:1026F000C8D1E1E7E2686380C4E902331446002CE4
:102700007FF47EAF99E701234B70FFF70DFAFFF7D7
:1027100037FE2046A7E7FF20BDE8F88FCC31002028
:1027200044B00208502700204C2D00208C3100209E
:10273000102D00202A4B198870B539B10023294A81
:10274000184601338B4242F8040BFAD1264B274836
:102750001988274C4022FFF721FC264A264B128875
:102760001968264842F00042FFF718FC244B254A1E
:10277000186811880822FFF711FC0025224B1F481A
:102780002360C4E90155C4E90355C4E90555A562B0
:102790002562A584FFF72EFC1C4920632046FBF729
:1027A00089FF1B4B1B481E681B4A1C4B45600221BE
:1027B00061700421C3E90355C2E900440170197036
:1027C0009D821EB133690BB1E06B9847144A154BDB
:1027D0001278DA7000221A80BDE87040FFF7DEBC84
:1027E00044B00208102D002040B002084C2D0020FB
:1027F000D43100207CA602085CA6020850270020E5
:102800006C0F002042B00208000100FFCDEF01086C
:10281000BC3100208C310020CC310020A4310020BC
:1028200046B002086029002008B51E4B1A6842F421
:102830007F021A601B681B0203F07F43DB43B3FA7D
:1028400083F3194A194812680168DBB2C3F108031F
:10285000C2F30222934298BF531C6FF0807202FAB7
:1028600003F303F07F4321F07F4213430360FFF73C
:1028700035FD0F4B0028186012DB00F1604000F5B9
:102880006440FF2202701A6853099B0003F1604301
:1028900003F5614302F01F02012101FA02F21A60FE
:1028A00008BD00BF20ED00E00CED00E01CED00E0F5
:1028B000C83100200321FFF7B7BD00BF00F03CB9CD
:1028C00008B5024C23689847FCE700BF24020020AB
:1028D00042681B4970B50346B0F91A4006689D6806
:1028E00001EBC210D20101348E50D3E903124560CE
:1028F0005D698160196AC2604FF00002A0F8522041
:1029000005618161A0F85020A0F85A20A0F8582055
:102910000AD0B3F9183001330CBF04230C234361F0
:1029200002F07AFF30B970BD0823436102F074FFF2
:102930000028F8D0BDE870400248FDF7DDBF00BFB9
:102940003824002060A90208F0B5044687B0084684
:102950000E465C491546FEF757F85B490746284680
:10296000FEF752F801463846FEF73CF8574B206018
:10297000984256D0564B98423AD1564B9A6B42F4F5
:1029800000329A639A6B22F400329A639A6D42F491
:1029900000329A659B6D03F400330293029A01237F
:1029A000636048493046FDF7FBFF47492846FDF77D
:1029B000F7FF721C03D001213046FEF7C5FA6B1CED
:1029C00003D001212846FEF7BFFA00234FF4165228
:1029D000C4E90223C4E904332362268365832046C5
:1029E000FFF776FF3A4B22689A4260D007B0F0BDFD
:1029F00003F5806398422AD1364B9A6B42F48022C9
:102A00009A639A6B22F480229A639A6D42F4802230
:102A10009A659B6D03F4802303930223039A6360FA
:102A2000BFE703F558431A6C42F480421A641A6CEB
:102A300022F480421A641A6E42F480421A661B6EB7
:102A400003F4804301930023019A6360A9E7224BBA
:102A5000984214D11F4B9A6B42F400229A639A6BEE
:102A600022F400229A639A6D42F400229A659B6DCB
:102A700003F4002304930323049A636091E7174B44
:102A800098428ED1134BDA6B42F00102DA63DA6BB3
:102A900022F00102DA63DA6D42F00102DA65DB6DE1
:102AA00003F001030593059B0523636079E70C4B55
:102AB0000C4821464C2201241C6007B0BDE8F040C0
:102AC000F6F754B8A0A5020810A502080038014086
:102AD0000044004000100240004C004000800040D4
:102AE00034240020183200208160FFF7F1BE00BFBF
:102AF0004368074ADB01D258D3699B06FCD5C368FB
:102B0000908C0BB9C0B27047C0F30800704700BF8B
:102B1000382400204368074ADB01D258D3691B06DA
:102B2000FCD5C36813B9C9B211857047C1F3080158
:102B3000118570473824002008B5FDF743FA0121BC
:102B4000002001F063F9BDE80840FDF747BA00BF77
:102B500008B50C4A836E93420CD002F5744293423E
:102B60000CD0A2F57842934204D00748FDF7C4FE8A
:102B7000002008BDBDE8084001F0D2BDBDE8084016
:102B800001F0E0BD003C004078A90208DFF830D039
:102B9000002103E00B4B5B58435004310A480B4BB8
:102BA00042189A42F6D30A4A02E0002342F8043B54
:102BB000084B9A42F9D302F0D3FFF0F757FCFEE737
:102BC0000080022060B10208000200201C040020E6
:102BD00020040020B832002010B5032000F09CFC37
:102BE0000F20FDF78DF910B10124204610BD0446D9
:102BF00001F00AF9204610BD034A04491368096828
:102C00000B441360704700BF64320020280200208C
:102C1000014B1868704700BF64320020704700BF46
:102C200070B582B000230193002800F0B380856D59
:102C30000446002D00F08880226893689D0005D529
:102C4000936823F0204323F03F0393609368D800F8
:102C500017D45E4B91681B685D489B0921F01041B9
:102C6000A0FB030321F03F019B0941F080519160DB
:102C70000193019B2BB1019B013B0193019B002B15
:102C8000F9D19368D90051D4A36D43F01003A36523
:102C9000E36D43F00103E365936813F0040F4FF015
:102CA0000100A36D49D1DB0647D4A36D23F48173E2
:102CB00043F00203A3659368DE070AD4454B9B6883
:102CC000DD0706D4444965688B6823F47C132B43E5
:102CD0008B60D4E90215636B2B430B43657E94F83C
:102CE000201043EA4533012943EA01434DD0A16A4C
:102CF00021B1E56A01F4707129430B43D568374966
:102D000029400B43D3609368590723D593682369FF
:102D1000012B42D0136B23F00F031363A36D23F039
:102D2000030343F00103A36502B070BD936813F081
:102D3000040F4FF00000A36DB5D0A36D012043F048
:102D40001003A36502B070BDFFF768FFE56584F866
:102D5000545071E793681B07D9D494F83030267E1D
:102D6000D168E56C5B0043EA863321F480412B4354
:102D700021F006010B43D36094F83830012B14D0B6
:102D8000136923F001031361C1E7616A013943EA62
:102D90004143ACE7012002B070BD116BE36921F043
:102DA0000F01013B0B431363B8E7D4E90F361169F8
:102DB000656C21F4FF6121F0040133430B43A16CE6
:102DC0002B430B4343F001031361A0E730020020C3
:102DD000632D3E05000004500003045007C0F0FFBF
:102DE000F8B54569082D06460C4604D00368DB6833
:102DF000DD073FD40425FFF70BFF0746326801E0EB
:102E0000601C24D113682B42FAD0B36D43F40073D5
:102E1000B365D36813F4406F0FD1737E6BB9136839
:102E200019070AD5B36D23F48073B365B36DDB0462
:102E300003D4B36D43F00103B365082DD06816D0F9
:102E400010F4804006BF0C2313600020F8BDFFF78C
:102E5000DFFEC01BA04201D8002CCFD1B36D0022F1
:102E600043F0040386F85420B3650320F8BD1560D1
:102E70000020F8BD836D43F0200383650120F8BD79
:102E80000368186C704700BFF0B490F8542082B00B
:102E90000346012A4FF00000019000F025811C68D4
:102EA000012083F85400A56815F004053FD14A6855
:102EB000052A46D902F01F0C1F26920906FA0CF6C5
:102EC00002F00C05F74304F1300208685659C0F3CC
:102ED00084603E4000FA0CF030435051A268550720
:102EE00040F19280A2680A68A068C00738D51546EC
:102EF000C94A154232D0C94AC94990688D4200F08A
:102F0000E07628D0C7498D4200F0F280C6498D4254
:102F100024D110F4800021D1C4498C421ED1916883
:102F200021F0E071314341F48001916003E09A6D3A
:102F300042F020029A65002283F8542002B0F0BCCF
:102F40007047023A032A00F2E981DFE812F0EB0051
:102F5000F100F700E200010240F106810020EAE7FB
:102F6000CE68B348D4F8B050DFF8D0C206F01807E6
:102F7000F840C2F3120725EA0705104028436645CA
:102F8000C4F8B0001546B3D1002F00F0DD8092FAEE
:102F9000A2F0B0FA80F0013000F01F00092800F222
:102FA000178192FAA2F0B0FA80F092FAA2F5B5FA7F
:102FB00085F501350130012605F01F05800606FA6A
:102FC00005F500F0F840284392FAA2F2B2FA82F234
:102FD000324402F01F0202EB420212050243D70DF7
:102FE00004F1140507F004078E687859C2F30452FF
:102FF0004FF0070C0CFA02FC20EA0C0006FA02F271
:1030000002437A510D6873E7A26812076AD48A688E
:103010000D68B2F1004F00F0C880EF0D07F0040713
:1030200004F11406C5F30455B8594FF0070C0CFA17
:1030300005FCAA4020EA0C000243BA51626922F062
:10304000004262610E69E068042E18D004F1600746
:10305000DFF8ECC157F826200D6802EA0C0CC0F32B
:10306000C1004A69400005F0F845824045EA0C0578
:103070002A4342F0004247F826200A6834E70A68EB
:10308000206E206EC2F31205C0F38460002D40F064
:10309000E780C2F38466B04200F00C81606E656E1A
:1030A00004F16000C5F3846504F16407B54200F0E3
:1030B00024818568856800F10807C5F38465C2F33B
:1030C0008466AE4200F00A81C568C5680C30C5F35D
:1030D0008465C2F38466AE427FF406AF026822F0D4
:1030E000004202600A68FFE6022002B0F0BC7047AE
:1030F00010F080707FF432AFA1F1F7418C427FF481
:103100002DAF916821F0E071314341F08071916001
:1031100011E74FF480724A604FF0000C6FF01F0708
:103120000425D0E60C20486084466FF4F837CAE6E0
:103130001220486084466FF4F807C4E618204860FF
:1031400084466FF0F857BEE6920E501C00F01F0642
:10315000092E77D88006012500F0F840B54006EB2F
:1031600046022843120539E730498C427FF4F6AE17
:103170009168304C304821F0E071314341F4000156
:10318000916022689209A0FB0212920902EB4202AE
:1031900092000192019A002A3FF4E0AE019A013AAE
:1031A0000192019A002AF9D1D8E6E80D04F114023F
:1031B00000F00400C5F304558658072707FA05F503
:1031C00026EA05058550626942F00042626139E7EE
:1031D00092FAA2F5B5FA85F592FAA2F0B0FA80F06B
:1031E00001300135012600F01F00AD0606FA00F09F
:1031F00005F0F845054392FAA2F0B0FA80F03044A9
:1032000000F01F0000EB4000A0F11E02120542F08A
:1032100000722A43E3E600BF000008800003045068
:10322000000052C7000084CB010000800000045061
:10323000FFFF070030020020632D3E0500007F40A5
:1032400000F0FF0306EB460285061E3A012005F05A
:10325000F84500FA06F61205354342F00072D8E749
:1032600092FAA2F5B5FA85F5A84223D0606E656E94
:1032700004F16000C5F3846504F1640792FAA2F6D4
:10328000B6FA86F6AE4238D08568856800F1080740
:10329000C5F3846592FAA2F6B6FA86F6AE421DD060
:1032A000C568C5680C30C5F3846592FAA2F6B6FA13
:1032B00086F610E7226E204622F0004240F8602F8A
:1032C0000A68656E656EC2F31206C5F3846504F183
:1032D0006407002ED2D1C2F38466E7E63A6822F092
:1032E00000423A600A68C568C568C2F31206C5F3B1
:1032F00084650C30002ED8D1EBE63A6822F000420B
:103300003A600A6885688568C2F31206C5F3846569
:1033100000F10807002E3FF4D2AEBBE7062048605C
:1033200084466FF4F867CEE503689A68D20701D542
:10333000002070479968164A114270B504461CD1A6
:103340009A68144E324042F001029A60FFF760FC26
:1033500005460CE09A68D10704D49A68324042F0DE
:1033600001029A60FFF754FC431B022B05D8236827
:103370001A68D207EED5002070BDA36D43F010038C
:10338000A365E36D43F00103E365012070BD00BF59
:103390003F000080C0FFFF7F38B503689D6815F0CF
:1033A000040533D190F85430012B04462ED001236C
:1033B00080F85430FFF7B8FF50BBA36D23F470635F
:1033C00023F0010343F48073A365A36DDA0448BFBF
:1033D000E36D226852BFE06523F00603E3651C211C
:1033E0000023116084F85430D3689B0105D5A36D88
:1033F00023F4405343F48053A365936823F00043C0
:1034000023F03F0343F00403936038BD022038BD2E
:1034100084F8545038BD00BF38B503689A689107E6
:1034200002D59B68002038BD9A68D20726D59A68D5
:1034300002F00D02012A044609D0A36D43F01003E7
:10344000A365E36D43F00103E365012038BD9A688D
:1034500022F0004222F03F0242F0020203219A6071
:103460001960FFF7D5FB054604E0FFF7D1FB401BD1
:103470000228E2D823689B68DB07F6D4002038BD19
:1034800030B590F8543083B00022012B01923FD028
:10349000012380F8543004460D46FFF7BDFFA36DAD
:1034A000E0B923F4885323F00203226843F00203B7
:1034B000A365936823F0404305F0804523F03F0364
:1034C0002B4343F0004393609368002B0EDBA36D06
:1034D00023F0030343F00103A36502E043F010036C
:1034E000A365002384F8543003B030BD019B013341
:1034F0000193019BB3F5912FE6D3A36D23F0120343
:1035000043F010030022A36584F854200120EBE768
:10351000022003B030BD00BF0849CA6810B40002E1
:103520004FF6FF04224000F4E063134343F0BF630F
:1035300043F400335DF8044BCB60704700ED00E0CE
:10354000430907492033012200F01F0002FA00F06E
:1035500041F82300BFF34F8FBFF36F8F704700BF59
:1035600000E100E090F82520022A03D00422C26383
:10357000012070470168426C70B50C68066C856B61
:1035800024F00E040C600C6824F001040C6002F0BE
:103590001C02012101FA02F20024726080F8251059
:1035A00080F8244015B1A847204670BD284670BD5C
:1035B0000369194214BF01200020704711F0010374
:1035C00007D090F8413003F02803282B0CBF42238A
:1035D000F2238A0709D590F8412002F02802282A10
:1035E0000CBF43F0440343F0F4034A0701680A6840
:1035F00048BF43F0B80322EA03030B60704700BFE3
:10360000704700BF00284FD070B590F84130044695
:1036100003F0FF02002B42D02368E068242284F8E4
:1036200041201968626821F0010122F0706219607E
:103630001A619A68012822F400429A60A2682AD08E
:1036400042F4044202289A6004BF4FF400625A60B8
:103650005968A569D4E9042641F0007141F400419C
:1036600059603243D868E16942EA0522256A20F4AC
:1036700000402943D860DA6019601968002241F0DF
:10368000010120251960626484F84150226384F8A6
:103690004220104670BD42F400429A60D8E780F89C
:1036A0004020FFF7ADFFB7E7012070472DE9F0415B
:1036B00090F8415005F02805282D3AD10446884657
:1036C000002939D01746002A36D005211E46FFF7BB
:1036D00075FF90F84030012B34D090F84130012232
:1036E0002A2B80F840202FD023682349292284F8F0
:1036F0004120202284F84220002262645A6822F489
:1037000000425A606785608DE6629A692085D2031F
:1037100048BF08224FF00000C4F82480616348BF0E
:10372000DA6184F840001A6842F0FA021A60BDE8D3
:10373000F0810120BDE8F0814FF400736364012043
:10374000BDE8F0810220F5E70221FFF737FF0368AB
:103750001A681104C9D51A68C06B22F400421A60B5
:103760000028C2D0054B8363FFF7FCFE0028BBD0C6
:10377000E06B836B9847B7E7953B02085D3D020815
:103780002DE9F04190F8415005F02805282D3AD157
:1037900004468846002939D01746002A36D006212B
:1037A0001E46FFF70BFF90F84030012B34D090F805
:1037B00041300121292B80F840102FD02368234964
:1037C0002A2284F84120202284F8422000226264C8
:1037D0005A6822F400425A606785608DE6629A69F1
:1037E0002085D20358BF08224FF00000C4F824807F
:1037F000616358BFDA6184F840001A6842F0FC0245
:103800001A60BDE8F0810120BDE8F0814FF400733B
:1038100063640120BDE8F0810220F5E7FFF7CEFEEA
:1038200003681A685104CAD51A68806B22F4804272
:103830001A600028C3D0064B8363FFF793FE00286D
:10384000BCD0A06B836B9847B8E700BF953B0208DC
:103850005D3D020890F84130202B01D002207047D6
:1038600002680549282380F841301368416343F01A
:10387000B803136000207047953B02080268436B51
:103880009169126803B11847704700BF38B5002529
:1038900080F8425090F84130292B04D090F8413004
:1038A0002A2B0DD038BD2822212380F84120012168
:1038B0000363FFF783FE80F84050FCF7DDFE38BD60
:1038C0002822222380F8412002210363FFF776FE9D
:1038D00080F84050FCF7D4FE38BD00BFF8B503684F
:1038E0009E699A699968DF68120C02F0FE04C2684A
:1038F000022AC6F300460DD184EAD11414F006045E
:10390000C1F3090211D1816C01318164816C0229FA
:1039100017D0F8BD0421FFF751FE0023224631469F
:1039200080F84030FCF79EFEF8BD0421FFF746FE0C
:10393000002307F0FE02314680F84030FCF792FE8B
:10394000F8BD082784643146DF6180F84040FCF709
:1039500089FEF8BD08B5154BC3622022002303631E
:10396000436380F8412080F842304B0712D502684B
:10397000436A526A1A70436A028D013343624AB144
:10398000438D013B9BB24385436C013A43F00403F2
:10399000028543640721FFF711FE0268102100230E
:1039A000D16180F84030FCF76FFE08BD0000FFFFDA
:1039B00070B5344A90F84130002580F84250C26218
:1039C0004585426C283B1143022B044641642ED8A6
:1039D0000321FFF7F3FD2C4B4363282280F841209D
:1039E00005632268136813F4804312D01368A06B38
:1039F00023F480431360C8B1244B8363002384F80D
:103A00004030FFF7AFFD88B1A06BBDE87040836B1D
:103A10001847116811F4004117D194F84130602B18
:103A200027D084F840102046FCF7F2FD70BD072136
:103A3000FFF7C4FD90F84130602B1CBF202380F8B5
:103A40004130002303634363CBE71168E06B21F44B
:103A5000004111600028E9D00C4A826384F84030AC
:103A6000FFF780FD0028E1D0E06BBDE87040836B7C
:103A70001847202384F8401084F841302046FCF792
:103A8000EFFE70BD0000FFFF953B02085D3D0208A0
:103A90000368202270B51E68DA610D4607210446CE
:103AA000FFF78CFD03683948596841F400415960BB
:103AB0005A6802405A609A69910744BF00229A628C
:103AC0009A69D20703D49A6942F001029A6170049C
:103AD00045D5A26B1AB11268526892B262856A0724
:103AE00009D5626A5B6A1370636A228D013325F01F
:103AF0000405636262BB638D9BB21BB1636C43F0D0
:103B0000040363640023236384F84230666C6363B8
:103B10005EBBE36A1E4DAB420DD194F8413084F890
:103B20004060222B4FF0200384F8413020462AD0F9
:103B3000FCF7A2FD70BD2046FFF7A8FE2023E5623A
:103B400084F8406084F841302046FCF79DFD70BD4C
:103B5000638D013B013A9BB222856385CBE731043B
:103B6000BDD5E26B002AB6D1B9E7616C2046FFF7FC
:103B70001FFF94F84130282BDCD129462046BDE8B0
:103B80007040FFF7E7BEFCF77BFD70BD00E800FE6C
:103B90000000FFFFF8B590F84030C66A012B7DD0D9
:103BA00017460123CA0604460D4680F840301AD550
:103BB000FB0618D5438D9BB2002B5CD190F84130A9
:103BC000282B00F0858094F84130292B23684FF092
:103BD0001001D96168D0AA0601D5BB0659D40020CE
:103BE00084F84000F8BD680710D42A072ED53B079B
:103BF0002CD594F8413003F02803282B64D0216899
:103C000008200023C86184F84030E4E77907ECD548
:103C1000638D9BB27BB12168636A496A1970638DB9
:103C2000606A218D013B9BB20130013925F004050A
:103C3000638560622185638D9BB2002BCBD116F525
:103C4000803FC8D02046FFF721FEC4E7A807C2D5B1
:103C5000B907C0D5638D9BB213B3606A236810F8AF
:103C6000011B9962638D218D6062013B9BB201391A
:103C700063852185AFE703681021D961436C43F068
:103C80000403436436F08073A5D1416CFFF790FEC6
:103C9000A1E729462046FFF7FBFEA0E70220F8BD7A
:103CA00036F08073CED096E716F5803F93D09969B1
:103CB0008A0744BF002199629969CE07C2D49969E5
:103CC00041F001019961BDE72046FFF707FE82E759
:103CD000B6F1007F7FF477AFFFF73CFE7BE700BFD4
:103CE00003689A69196810B4D4052FD50C061FD53E
:103CF000416C41F0010141644FF480745105DC6175
:103D000029D5416C4FF4806441F00801920541646B
:103D1000DC6106D5426C4FF4007142F0020242644D
:103D2000D961416C11F00B0F0CD15DF8044B704759
:103D30005405F6D49405F4D50906EBD4416C11F082
:103D40000B0FF2D05DF8044BFFF732BE5405F1D5EE
:103D50000906D6D4E5E79205DCD4E2E7806A08B527
:103D6000D0E90E1200238B63936390F84130602BEF
:103D700002D0FCF74DFC08BD202380F84130FCF751
:103D80006FFD08BD90F84120202A21D130B4D4B273
:103D900090F84020012A03461CD01A68242083F89A
:103DA0004100106820F001001060106820F480507D
:103DB00010601068014311601168002541F0010195
:103DC000116083F8414083F84050284630BC70476A
:103DD00002207047022030BC704700BF084B0949E1
:103DE0001A6E42F001021A661B6E82B003F00103E4
:103DF0000193019B4B681843486002B0704700BFB5
:103E00000010024000000140704700BF0E4B10B58B
:103E10005B690C4660B99A0511D40C4A1369012CF0
:103E200023F00403136108D040BF20BF20BF10BDA2
:103E30009B05F2D400F014F8EFE730BF10BD00F09E
:103E400017F80028E9D010BD0070004000ED00E038
:103E5000024B186800F4C060704700BF007000405B
:103E6000024A136843F480431360704700700040B7
:103E70001149124B0A68124822F4804210B40A60B9
:103E80001C684A69322303FB04F3A0FB030390057B
:103E900008D59B0C013300E023B14A69920503F178
:103EA000FF33F9D4044B5DF8044B5B6913F4007FD6
:103EB00014BF032000207047007000403002002033
:103EC00083DE1B4330B5204DAB6DDB0083B0044671
:103ED0001CD5FFF7BDFFB0F5007F29D0802C13D88B
:103EE0002FD0A4F17004B4FA84F4640917490B6864
:103EF00023F0070323430B60086800F00700001B52
:103F000018BF012003B030BD0324EFE7AB6D43F0D1
:103F10008053AB65AB6D03F080530193019BFFF7BA
:103F200097FFAB6DB0F5007F23F08053AB65D5D123
:103F3000802C04D9A02C8CBF02240124D6E70024B5
:103F4000D4E70224D2E700BF001002400020024064
:103F5000284A9368D26813F00C0308D00C2B38D091
:103F6000042B34D0082B244818BF00207047214A66
:103F70001168090754BFD2F8942012681F4954BF32
:103F8000C2F30322C2F3031251F8220003B30C2B35
:103F90002DD1184BDB6803F00303022B25D0164A02
:103FA000032B08BF1046134BD968DA68DB68C3F3EC
:103FB0004163C2F30622C1F302110133013100FB58
:103FC00002F05B00B0FBF1F0B0FBF3F070470C487F
:103FD000704702F00302012AC9D0064BDB6803F0E8
:103FE0000303022B4FF00000D9D10548DBE7002086
:103FF000704700BF0010024000127A00E8A90208D2
:104000000024F400002800F024822DE9F043994AAE
:1040100003689568D6680446D80683B005F00C0599
:1040200006F003062ED5002D00F02B810C2D00F09C
:104030002581A3698F4F002B00F088813B6843F0F6
:1040400001033B60FEF7E4FD804606E0FEF7E0FD7D
:10405000A0EB0800022800F289813B689B07F5D598
:104060003B6843F008033B603B68226A23F0F0039F
:1040700013433B607B68E26923F47F4343EA0223F6
:104080007B602368D90700F1CB80990723D5042DE5
:1040900000F04C810C2D00F04681E368754E002B3A
:1040A00000F0A981336843F480733360FEF7B0FDFC
:1040B000074605E0FEF7ACFDC01B022800F2568162
:1040C00033685B05F6D57368226923F0FE4343EA43
:1040D000026373602368190719D56369654E002B65
:1040E00000F04881D6F8943043F00103C6F89430CC
:1040F000FEF78EFD074605E0FEF78AFDC01B02288D
:1041000000F23481D6F894309A07F5D523685E071B
:104110003FD5584B9A6DD00000F16B819A6D42F0FB
:1041200080529A659B6D03F080530193019B012699
:10413000514F3B68D90540F1EC81A368012B00F099
:104140006C81052B00F00F824A4FD7F8902022F0A7
:104150000102C7F89020D7F8902022F00402C7F897
:104160009020002B40F06081FEF752FD41F288392B
:10417000804606E0FEF74CFDA0EB0800484500F243
:10418000F580D7F890309807F4D4002E40F078816D
:104190002368990618D5636A364E002B00F05B81C0
:1041A000D6F8983043F00103C6F89830FEF730FD9A
:1041B000074605E0FEF72CFDC01B022800F2D68062
:1041C000D6F898309A07F5D5A06A28B30C2D00F0E0
:1041D000D881022800F05A81264B1A6822F080729A
:1041E0001A601A68120103D4DA6822F00302DA6056
:1041F000204CE36823F0887323F48033E360FEF7F8
:1042000007FD054605E0FEF703FD401B022800F20E
:10421000AD8023689B01F6D4002003B0BDE8F08395
:10422000082D76D00C2D72D06368B3F5803F00F076
:10423000CB80B3F5A02F00F089810E4F3A6822F4AD
:1042400080323A603A6822F480223A60002B40F0D3
:10425000C080FEF7DDFC804606E0FEF7D9FCA0EB4F
:104260000800642800F282803B689803F5D4236834
:104270000BE700BF0010024000700040012E7FF4E9
:10428000D8AEAD4B1B6899073AD4AB4B206A1A687D
:10429000120756BFD3F894301B681B0903F0F003D4
:1042A00098427BD9FFF70EFE00282CD1A24B1A684A
:1042B00042F008021A601A68216A22F0F0020A43EA
:1042C0001A605A68E16922F47F4242EA01225A6088
:1042D000FFF73EFE984A99499268C2F303120346DB
:1042E0008A5C97489749006802F01F02D3400B6030
:1042F000FBF706FE40B92368D9077FF5C6AE8FE706
:10430000A369002BC1D1012003B0BDE8F083032EC7
:104310008AD1894A126892037FF5B7AE6268002A93
:104320007FF4B3AEEFE7022E7FF4B7AE824A126895
:10433000520502D5E268002AE5D07F4920694A6823
:1043400022F0FE4242EA00624A60C4E63B6823F083
:1043500001033B60FEF75CFC80463B689807CAD5CA
:10436000FEF756FCA0EB08000228F6D9032003B0A4
:10437000BDE8F083D6F8943023F00103C6F89430FA
:10438000FEF746FC074604E0FEF742FCC01B02288D
:10439000ECD8D6F894309B07F6D4B7E6664B1A688B
:1043A00042F008021A601A6822F0F00202431A6012
:1043B0005A68E16922F47F4242EA01225A60FFF71B
:1043C00081FD002884D09EE75B4A136843F4803364
:1043D0001360FEF71DFCDFF86081074604E0FEF77E
:1043E00017FCC01B6428C1D8D8F800309B03F6D551
:1043F0003DE700269CE6336823F480733360FEF7C4
:1044000007FC074604E0FEF703FCC01B0228ADD8FA
:1044100033685805F7D423685DE6474AD2F89030F0
:1044200043F00103C2F89030FEF7F2FBDFF8088199
:10443000074641F2883904E0FEF7EAFBC01B484515
:1044400094D8D8F890309B07F6D5002E3FF4A0AE54
:1044500016E001207047D6F8983023F00103C6F823
:104460009830FEF7D5FB074605E0FEF7D1FBC01BF1
:1044700002283FF67BAFD6F898309B07F5D4A3E629
:104480002D4A936D23F08053936581E62A4D2B6866
:1044900023F080732B60FEF7BBFB064605E0FEF7BA
:1044A000B7FB801B02283FF661AF2B689801F6D45A
:1044B000E968254BE26A676BA66B206B0B401343E0
:1044C000D4E90F1243EA072343EAC66301384908D7
:1044D00043EA00130139520843EA4153013A43EADF
:1044E0004263EB602B68144E43F080732B60EB68E3
:1044F00043F08073EB60FEF78BFB044605E0FEF7AC
:1045000087FB001B02283FF631AF33689901F6D5CF
:1045100082E63B6843F480733B60FEF779FB80469C
:104520003B68DA053FF509AEFEF772FBA0EB080029
:104530000228F5D91AE700BF00100240D0A90208EE
:104540002C020020300200208C809D0103F180436A
:10455000A3F53C331A6842F480221A601A6842F4C8
:1045600080321A6035E7214BD3F8902042F00402E4
:10457000C3F89020D3F8902042F00102C3F89020B5
:1045800052E701283FF4C0AE184BE26ADB6803F043
:10459000030191427FF4B7AE216B03F07002013941
:1045A000B2EB011F7FF4AFAE616B03F4FE42B2EBDE
:1045B000012F7FF4A8AEA16B03F07842B2EBC16F7C
:1045C0007FF4A1AEE26B5208013A03F4C001B1EBF3
:1045D000425F7FF498AE226C5208013A03F0C06348
:1045E000B3EB426F14BF012000208DE600100240A3
:1045F000002800F08180454A136803F007038B42CE
:104600002DE9F0410D4604460CD2136823F0070350
:104610000B431360136803F007038B4202D00120A1
:10462000BDE8F0812368DA073FD4990706D53849F9
:10463000A0688A6822F0F00202438A6033490A685F
:1046400002F00702AA4209D90A6822F007022A43A7
:104650000A600A6802F00702AA42E0D15A0706D5AA
:104660002B49E0688A6822F4E06202438A601B07F3
:1046700007D5274A2169936823F4605343EAC103AD
:104680009360FFF765FC224A224C92682249C2F3EC
:1046900003120346A25C214802F01F02D340BDE88A
:1046A000F04100680B60FBF72BBC6268184B032AD3
:1046B0001B6823D0022A1CD02ABB9E07AFD5144EFC
:1046C000B36823F003031343B360FEF7A1FA41F28A
:1046D0008838074604E0FEF79BFAC01B404510D817
:1046E000B368626803F00C03B3EB820FF3D1236865
:1046F0009BE79F03E3D492E7012070479B01DED440
:104700008DE703208CE7580589D5D8E700200240C3
:1047100000100240D0A90208300200202C02002024
:10472000054B064A9B680649C3F302230868D35C1D
:1047300003F01F03D840704700100240E0A90208B0
:1047400030020020054B064A9B680649C3F3C2238A
:104750000868D35C03F01F03D84070470010024084
:10476000E0A90208300200200E4B0F2202609A6876
:1047700002F0030242609A6802F0F00282609A68D6
:1047800002F4E062C2609B68DB0810B403F4E063EB
:10479000054C036123685DF8044B03F007030B60CD
:1047A000704700BF0010024000200240D0E90031F5
:1047B0005A68B1F5827F22F0E0025A6013D0826A13
:1047C000B2F5005F07D11A6822F400521A601A6825
:1047D00042F400521A600122002380F85D2080F824
:1047E0005C30032070478268B2F5004F02D0B2F50A
:1047F000806FE4D11A6822F040021A60DFE700BF40
:104800002DE9F843DDF8209080460E4615461F46F8
:10481000D8F8003001E07A1C0AD19C6836EA04021C
:104820000CBF01240024AC42F5D10020BDE8F88380
:10483000FEF7EEF9A0EB0900B842E9D34046BDE827
:10484000F843FFF7B3BF00BF2DE9F843DDF8209030
:1048500080460D4616461F46D8F8002001E07B1C16
:104860000BD194682C40B44212D0B5F5C06FF6D18C
:10487000002EF4D1137B7B1CF3D0FEF7C9F9A0EB1B
:104880000900B842E8D34046BDE8F843FFF78EBFC1
:104890000020BDE8F88300BF30B585B00B4600921C
:1048A000039115464FF4C05100220446FFF7CCFF98
:1048B000039B80B902460095802120460393FFF7B1
:1048C0009FFF039B024630B900954FF4C06120461C
:1048D000FFF7BAFF20B1236E43F0200323660320C5
:1048E00005B030BD704700BF00286ED0F0B590F81D
:1048F0005D3083B0044603F0FF02002B56D02268DF
:10490000E768022384F85D301368B7F5E06F23F0A1
:10491000400313603AD9B7F5706F58D1216BA06A84
:10492000002948D1022121634FF0000ED4E904652B
:1049300063680195A5682B43019D33432B43D4E95C
:1049400006563343266A334305F400763343034364
:104950000229136003D1136843F400631360636A90
:10496000616B3B432D0C05F004050B432B4343EADD
:104970000E03B0F5005F536004BFE36A13610020CB
:104980000123206684F85D3003B0F0BD16D0216BA2
:104990000020A06219B14FF4805EC7E7A16A01232D
:1049A0000846236319464FF4805EBFE780F85C2019
:1049B000FFF798FFA3E74FF0000EB7E7216B002940
:1049C000ECD0A06A4FF4805EB0E701207047206B06
:1049D0000023A3620028A5D001469E461846A5E7FD
:1049E0002DE9F04F044690F85C0083B001280C9E3E
:1049F00000F0B7809B46012384F85C3088469246DD
:104A0000FEF706F994F85DC0D4E90071BCF1010F1E
:104A1000D7F800E07A6805465FFA8CF012D0B1F55D
:104A2000827F0AD0022701220023384684F85D20C5
:104A300084F85C3003B0BDE8F08FA368002BF1D19F
:104A40000428EFD1B8F1000F00F09080BAF1000F08
:104A500000F08C80BBF1000F00F0888094F85D308E
:104A6000C4F840A0042B1CBF052384F85D30A36A62
:104A7000A4F844B00020B3F5005F2066C4E9130039
:104A8000A4F846B0C4F83880A4F83CB0A4F83EB00E
:104A900007D13B6823F400533B603B6843F4005369
:104AA0003B60E368B3F5E06F7B6861D8BBF1010F51
:104AB00040F2E88023F480537B603B68580640F165
:104AC000E88069B9E38F9BB2012B40F253814146E4
:104AD00031F8023BFB60E38FA163023B9BB2E387AB
:104AE0000EF0040802F008090127E38F9BB22BB9EE
:104AF000B4F846309BB2002B00F0A3802268936884
:104B0000990705D5E38F9BB213B1002F40F0F980D0
:104B1000936813F001031BD0B4F8461089B2B9B101
:104B2000B4F8461089B2012940F2DD80206CD168CA
:104B300020F8021BB4F846102064023989B2A4F8A8
:104B40004610B4F8461089B2012940F2FF801F4692
:104B5000FEF75EF8401BB042C7D3731CC5D00327D5
:104B600061E70227384603B0BDE8F08F01275AE716
:104B700023F480537B603B685B0603D43B6843F0BF
:104B800040033B60002979D1414631F8023BFB608C
:104B9000E38FA163013B9BB2E3870EF0040702F0B1
:104BA00008094FF00108E38F9BB223B9B4F84630EF
:104BB0009BB2002B45D0226893689B0707D5E38FF3
:104BC0009BB223B1B8F1000F1DD14FF000089368DC
:104BD00013F001030FD0B4F8461089B259B1216C1B
:104BE000D26821F8022BB4F846202164013A92B22F
:104BF0009846A4F84620FEF70BF8401BB042D2D3EB
:104C0000701CD0D0ABE7A16B31F8023BD360E38FCF
:104C1000A163013B9BB2E387E38F9BB2002BD4D10E
:104C2000A36AB3F5005FD0D137B9B9F1000F03D053
:104C3000136843F400731360136843F480531360E4
:104C4000C3E7A36AB3F5005F2FD023689F6817F00E
:104C5000100707D0226E4FF6EF7142F00202226673
:104C6000012799602A4631462046FFF715FE0028A5
:104C70003FF4D9AE202323660127D4E6BBF1010F10
:104C80008BD181E743F480537B603B6858063FF546
:104C900019AF3B6843F040033B6000293FF412AF7B
:104CA000BBF1010F7FF41CAF0CE701220095114608
:104CB00033462046FFF7A4FD002866D1E368B3F52C
:104CC000706F236866D0226B197B022ABED1012245
:104CD0000095114633462046FFF792FD002854D137
:104CE00023681A7BB2E7216C127B0A70B4F8462065
:104CF000216C013A92B201311F46A4F8462021648A
:104D000026E7E38F9BB2012B28D9A16B31F8023B38
:104D1000D360E38FA163023B9BB2E387E78FBFB20F
:104D2000D7B9A36AB3F5005F7FF4F2AEB8F1000F14
:104D300006D1B9F1000F03D0136843F40073136078
:104D4000136843F4805313600027E1E6516841F48F
:104D500080511F465160FBE60027D9E6A36B1B7804
:104D60001373E38FA16B2268013B9BB20131E38790
:104D7000A163D3E798F800303B73E38FA16B013B4D
:104D80009BB20131E387A163AAE6236E43F00203DD
:104D90002366E4E6DA6859E7036A23F00103036255
:104DA000F0B4036A46688269144F8D680C6822F477
:104DB000803223F0020322F07302B84243EA050373
:104DC00042EA040206D00E4CA04203D004F58064EF
:104DD000A0420BD1CC6823F008032343D1E9054559
:104DE00026F440762C4323F00403264349684660AA
:104DF0008261F0BC41630362704700BF002C014038
:104E000000400140036A23F480730362F0B4026A35
:104E10004668C369154F8D680C6823F4803322F40B
:104E2000007223F07303B84242EA052243EA040306
:104E300013D00F4CA04202D00E4CA04206D1D1E9B3
:104E4000054526F440562C4346EA04164968466058
:104E5000C361F0BCC16302627047CC6822F4006297
:104E600042EA042222F48062E9E700BF002C0140FC
:104E70000040014000440140036A23F48053036270
:104E8000F0B4026A4668C369104F8D680C6823F05D
:104E9000807322F4005223F4E643B84242EA05321A
:104EA00043EA042306D00A4CA04203D004F58064F0
:104EB000A04204D14C6926F4804646EA841649682B
:104EC0004660C361F0BC016402627047002C01407F
:104ED00000400140036A23F480330362F0B4026AA5
:104EE0004668436D104F8D680C6823F4803322F4BC
:104EF000003223F07003B84242EA054243EA040359
:104F000006D00A4CA04203D004F58064A04204D12C
:104F10004C6926F4803646EA0426496846604365B3
:104F2000F0BC816502627047002C014000400140E6
:104F3000036A23F480130362F0B4026A4668436D87
:104F4000104F8D680C6823F0807322F4001223F454
:104F5000E043B84242EA055243EA042306D00A4C31
:104F6000A04203D004F58064A04204D14C6926F429
:104F7000802646EA8426496846604365F0BCC165E0
:104F800002627047002C014000400140704700BFA2
:104F90000223026880F83D309168084B0B40062BD5
:104FA00006D0B3F5803F03D0136843F001031360CC
:104FB000012380F83D300020704700BF070001004A
:104FC00003680122186A01F01F0102FA01F120EAC8
:104FD000010010B418621A6A0F4C1143A3421962FF
:104FE00006D00E4A934203D002F58062934203D169
:104FF0005A6C42F400425A649968094A0A40062AE7
:1050000006D0B2F5803F03D01A6842F001021A6060
:1050100000205DF8044B7047002C01400040014027
:1050200007000100704700BFFFF7CABF234A0368AB
:10503000904270B427D0B0F1804F0FD0A2F59432D7
:1050400090420BD002F59E32904233D002F580623E
:1050500090422FD04D698C680A680AE04A68CE6891
:105060004D698C6823F07003134323F440730A687E
:10507000334323F080032B4303600123C462826225
:1050800070BC436170474D68CC684A6923F0700377
:105090002B4323F44073234323F080031343036023
:1050A0008B68C3620B6883620B690363012370BC66
:1050B00043617047CC684A69EBE700BF002C0140B0
:1050C000C0B110B590F83D30044603F0FF0263B163
:1050D0000223214684F83D3051F8040BFFF7A6FF68
:1050E000012384F83D30002010BD80F83C20FFF7FC
:1050F0004DFFEDE701207047C0B110B590F83D308D
:10510000044603F0FF0263B10223214684F83D30D8
:1051100051F8040BFFF78AFF012384F83D3000208B
:1051200010BD80F83C20FFF77DFFEDE701207047C0
:10513000036A23F010030362F0B4026A46688369CD
:10514000154F8D680C6823F0807322F0200223F441
:10515000E643B84242EA051243EA042313D00F4C57
:10516000A04202D00E4CA04206D1D1E9054526F45A
:1051700040662C4346EA8406496846608361F0BC79
:10518000816302627047CC6822F0800242EA041216
:1051900022F04002E9E700BF002C0140004001403E
:1051A0000044014038B590F83C30012B00F0AA8053
:1051B0000D4602230121044680F83C1080F83D3062
:1051C000142A1DD8DFE802F00B1C1C1C3C1C1C1C04
:1051D000551C1C1C6D1C1C1C861C1C1C2300006800
:1051E0002946FFF7D9FD23682869996941F008012C
:1051F0009961996921F0040199619A6902439A6160
:105200000123002084F83D3084F83C0038BD00685C
:105210002946FFF78DFE23682869596D41F4006126
:105220005965596D21F4806159655A6D42EA002231
:105230005A650020012384F83D3084F83C00E5E7FE
:1052400000682946FFF774FF23682869996941F4CB
:1052500000619961996921F4806199619A6942EAD2
:1052600000229A610020012384F83D3084F83C003C
:10527000CCE700682946FFF7C5FD23682869D9698E
:1052800041F00801D961D96921F00401D961DA69D5
:105290000243DA610020012384F83D3084F83C00A9
:1052A000B4E700682946FFF7E7FD23682869D96954
:1052B00041F40061D961D96921F48061D961DA6969
:1052C00042EA0022DA610020012384F83D3084F8AC
:1052D0003C009BE700682946FFF7FCFD236828692E
:1052E000596D41F008015965596D21F00401596566
:1052F0005A6D02435A650020012384F83D3084F83A
:105300003C0083E7022038BD0368104810B4042233
:105310001C6A01F01F0102FA01F124EA01041C6277
:105320001A6A114319625A6C42F400425A649A682C
:105330001040062806D0B0F5803F03D01A6842F02E
:1053400001021A6000205DF8044B7047070001005D
:10535000FFF7DABF704700BFF8B50446B9482368C5
:105360002569A2686669E1692A431D6832432840BD
:105370000A4302431A605A68E668B348A56922F4F2
:105380004052324383425A6078D09868226AAF4EC6
:1053900020F430602A430243B3429A6010D0AC4AF2
:1053A00093421DD0AB4A934200F0EF80AA4A934249
:1053B00000F0B78001230022C4E918221846F8BD86
:1053C000A64BD3F8883003F00303013B022B40F2D5
:1053D000D580B1F5004F00F0FF80FFF7B3F9B1E0E1
:1053E0009E4B9F4AD3F8883003F00C03D35CB1F591
:1053F000004F26D0082B15D801A252F823F000BF89
:1054000077550208DB5302085B5502082554020851
:105410004155020825540208255402082554020863
:105420001155020801230022A2F110004FF6EF717E
:105430008842BFD82168CA600022C4E918221846F1
:10544000F8BD082B06D8DFE803F0BCC7CA05D505B0
:105450000505B30001230022A2F110004FF6EF7101
:105460008842A7D8206822F00F01C2F342020A4303
:10547000C2600022C4E918221846F8BD9A6877492C
:1054800022F430622A439A60D1F8885005F44065CE
:10549000B5F5006F00F089800AD8002D71D0B5F500
:1054A000806F87D1FEF754FD042140B9034682E79F
:1054B000B5F5406F7FF47EAF08214FF4004062687D
:1054C00002EB420383423FF675AFB0EB023F3FF67B
:1054D00071AF08293FF66EAF01A353F821F000BF6A
:1054E0008B560208B553020871560208B5530208DC
:1054F00021560208B5530208B5530208B5530208F5
:10550000FB550208302B7FF455AFB1F5004F4FD05B
:1055100061684A0802F500420023B2FBF1F292B240
:1055200082E74E4BD3F8883003F0C003802B11D0B4
:1055300038D8EBB1402B7FF43DAFB1F5004F59D0D7
:10554000FEF706FD6268002300EB5200B0FBF2F2AA
:1055500092B269E7B1F5004F41D061684A0802F59F
:10556000740202F510520023B2FBF1F292B25BE733
:10557000B1F5004F25D0FFF7D3F8E3E7394AD35C04
:1055800035E7FFF7CDF829468FE7344BD3F888305D
:1055900003F03003202BDDD0B4D8002BE8D0102B43
:1055A000CBD007E7C02BB0D004E72F48022186E715
:1055B00061684A0802F580320023B2FBF1F292B230
:1055C0004AE7FFF7ADF86268530803EB4000002399
:1055D000B0FBF2F292B23FE7FFF7B4F8F3E761688D
:1055E0004A0802F1F47202F590420023B2FBF1F294
:1055F00092B231E7FEF7ACFCE5E7500810F5000089
:105600004FF000014941002301F0C4F8A0F54072B9
:10561000164B9A423FF6CEAE22680023D060CAE60F
:10562000FEF796FC62684FF4807356080027E3FB90
:10563000006730463946002301F0ACF8A0F540720F
:10564000E6E700BFF369FFEF00800040003801404B
:105650000044004000480040004C00400010024060
:1056600098A9020894A902080024F400FFFC0F0086
:1056700007485308C0184FF0000141F10001002312
:1056800001F088F8A0F54072C2E7FFF749F8C9E7D2
:10569000000024F4436ADA0710B406D50168846A6E
:1056A0004A6822F4003222434A609C0706D501680A
:1056B000C46A4A6822F4803222434A60590706D5F8
:1056C0000168046B4A6822F4802222434A601A0768
:1056D00006D50168446B4A6822F4004222434A60BE
:1056E000DC0606D50168846B8A6822F48052224366
:1056F0008A60990606D50168C46B8A6822F4005254
:1057000022438A605A0609D50168046C4A6822F46B
:1057100080122243B4F5801F4A600BD01B0606D5C9
:105720000268816C536823F400230B4353605DF8D7
:10573000044B70474A68446C22F4C00222434A601A
:10574000ECE700BF2DE9F843089F80460E4615465A
:105750009946D8F8002001E07B1C0AD1D46936EACA
:1057600004030CBF01240024AC42F5D00020BDE8A6
:10577000F883FDF74DFAA0EB0900B84201D8002FDD
:10578000E7D1D8F800301A6822F4D0721A609A680B
:10579000202122F0010200249A600320C8F874102E
:1057A00088F87040C8F87810E1E700BF70B504468B
:1057B000002682B0C667FDF72BFA23681A68120725
:1057C00005460AD41B685B0716D4202300206367B4
:1057D00084F87000A36702B070BD6FF07E43009341
:1057E000324603464FF400112046FFF7ABFF78B96D
:1057F00023681B685B07E8D56FF07E4200922B465A
:1058000000224FF480012046FFF79CFF0028DCD0E7
:10581000032002B070BD00BF70B3436F10B50446E3
:105820002BB3226824236367136823F001031360FA
:105830002046FFF791FD012817D0636A8BB92368D2
:105840005A6822F490425A609A6822F02A029A60BA
:105850001A6842F0010220461A60BDE81040FFF7C6
:10586000A5BF2046FFF716FFE9E7012010BD80F82D
:105870007030FFF76FFDD4E70120704702681368AE
:1058800023F0400310B513600446FFF72DF828B944
:105890002268136843F04003136010BD0148FBF712
:1058A0002BF8F5E7A8A902082DE9F04F87B00446C8
:1058B0000E4608464949BDF9408017461D46FBF78C
:1058C000A3F8474981463846FBF79EF84549034609
:1058D00028460193FBF798F8434982464046FBF778
:1058E00093F8019B834619464846FBF77BF85946D7
:1058F00081465046FBF776F801464846FBF772F8BA
:105900003A4BA066984259D0394B984240D1394B16
:105910009A6D42F480429A659B6D03F48043049330
:10592000049A242384F864302C493046FBF738F875
:105930002B493846FBF734F82A492846FBF730F85C
:10594000B8F1FF3FA4F86C70A4F86E60A4F8705032
:10595000A4F872802ED024494046FBF721F8A36EAC
:105960002360382000234FF4827507214FF4E06252
:10597000E0612046C4E90433C4E908336560A360EC
:10598000A362E162E26007B0BDE8F04FFFF776BFC7
:1059900003F580639842C7D1164B9A6D42F40042DA
:1059A0009A659B6D03F400430593059B332384F8AC
:1059B0006430B9E74FF40073A361D0E703F56043A7
:1059C0001A6E42F480521A661B6E03F480530393DE
:1059D0002323039A84F86430A6E700BFF0A30208EB
:1059E00090A3020850A40208B0A4020800300140AD
:1059F000003800400010024010290CBF4FF47061C5
:105A00004FF4E061012AC16018D0022A1DD0CAB14A
:105A100002210122C0E904128269B2F5007F05D09B
:105A2000002B14BF00224FF480228261002B14BF90
:105A300000234FF482734360FFF720BF0021C0E9C9
:105A40000412E9E7C0E90422E6E70021C0E90421E5
:105A5000E2E700BF70B50D460646FDF779F800EBAA
:105A6000D073B5EB630F1CDA5A10002302EBD2742B
:105A70000133B5EB640FDBB24FEA640208DA072B9F
:105A8000F4D13823F3613046BDE87040FFF7F6BE2D
:105A9000054A32F81330F3613046BDE87040FFF735
:105AA000EDBE0023EEE700BFC0A9020830B5C36811
:105AB00087B0B3F5706F4FF0FF3403910CBF022332
:105AC00001230025009405AA03A90595FEF788FF88
:105AD00010B9059807B030BD2046FBE710B500248B
:105AE00096B0214605A84422CDE902440494F4F777
:105AF000C5F901216846CDE90014FEF779FD08B12A
:105B000016B010BD022314224FF48070CDE90F337C
:105B100040210593119315930890072304240DEB5E
:105B20000200CDE9122309911494FEF76BFA0346A3
:105B30000028E5D12146032268460F24CDE902332F
:105B40000493CDE90042FEF753FD03460028D7D168
:105B5000102205A80B930F930592FEF753FACFE797
:105B600038B5144C144BD4F88820144942F4700210
:105B7000C4F888201A68002542F001021A609D606E
:105B80001A6822F0A85222F410224FF480501A60B2
:105B9000D8601A684FF0005022F480221A609D618C
:105BA0004FF4CA72A060F2F7E1FFBDE83840FFF79A
:105BB00095BF00BF00ED00E00010024000E00008CB
:105BC000254B25491A682548120754BFD3F894304D
:105BD0001B688A6854BFC3F30323C3F3031302F0A3
:105BE0000C02082A50F823300FD00C2A0FD01C4981
:105BF000042A08BF0B46184A1A4892681A49C2F389
:105C00000312825CD3400B607047184BF3E7C868FF
:105C1000CA6800F00301C2F30212022902F1010274
:105C200015D0032910D1114BB3FBF2F30A4AD16806
:105C3000D268C2F341620132C1F30621520003FB74
:105C400001F3B3FBF2F3D6E7B3FBF2F3EEE7044B59
:105C5000B3FBF2F3EAE700BF00100240E8A9020834
:105C60000024F400D0A902083002002000127A00BB
:105C700030B4084D084C094A09490A4B00202860F5
:105C80002060012410600C60074A1A6030BCFAF7EB
:105C900037B900BF683200206C320020B0320020DB
:105CA0003C2700207032002000040040024B1B689B
:105CB00003B17047FFF7DCBF3C27002038B5114B1C
:105CC000114A1B6811491160C3B111490F4C0D688D
:105CD000626A104B104842EA05421A601D68026869
:105CE000954207D20A6801320A600968626A42EA8C
:105CF00001421A601A680260186838BDFFF7B8FFE1
:105D0000E3E700BF3C270020703200200004004081
:105D100038270020683200206C32002010B504467D
:105D2000FFF7CCFFA0420CD2084B09491C601A684F
:105D3000084B0B6092B25A63DA6842F00202DA60F2
:105D400010BDBDE81040FBF729B800BFB0320020FD
:105D50007032002000040040034B044A1360DA68EC
:105D600022F00202DA607047000400407032002026
:105D7000044B054A13601A69920744BF6FF0020290
:105D80001A617047000400407032002081F0004129
:105D900002E000BF83F0004330B54FEA41044FEA10
:105DA000430594EA050F08BF90EA020F1FBF54EAAB
:105DB000000C55EA020C7FEA645C7FEA655C00F047
:105DC000E2804FEA5454D4EB5555B8BF6D420CDD18
:105DD0002C4480EA020281EA030382EA000083EA9B
:105DE000010180EA020281EA0303362D88BF30BD3B
:105DF00011F0004F4FEA01314FF4801C4CEA113191
:105E000002D0404261EB410113F0004F4FEA0333EF
:105E10004CEA133302D0524263EB430394EA050F7A
:105E200000F0A780A4F10104D5F1200E0DDB02FAE9
:105E30000EFC22FA05F2801841F1000103FA0EF27D
:105E4000801843FA05F359410EE0A5F120050EF143
:105E5000200E012A03FA0EFC28BF4CF0020C43FA74
:105E600005F3C01851EBE37101F0004507D54FF081
:105E7000000EDCF1000C7EEB00006EEB0101B1F5D1
:105E8000801F1BD3B1F5001F0CD349085FEA300017
:105E90004FEA3C0C04F101044FEA445212F5800F22
:105EA00080F09A80BCF1004F08BF5FEA500C50F1BF
:105EB000000041EB045141EA050130BD5FEA4C0CA2
:105EC000404141EB010111F4801FA4F10104E9D12B
:105ED00091F0000F04BF01460020B1FA81F308BF22
:105EE0002033A3F10B03B3F120020CDA0C3208DDEE
:105EF00002F1140CC2F10C0201FA0CF021FA02F1C9
:105F00000CE002F11402D8BFC2F1200C01FA02F138
:105F100020FA0CFCDCBF41EA0C019040E41AA2BF5D
:105F200001EB0451294330BD6FEA04041F3C1CDA25
:105F30000C340EDC04F11404C4F1200220FA04F045
:105F400001FA02F340EA030021FA04F345EA0301EF
:105F500030BDC4F10C04C4F1200220FA02F001FAB1
:105F600004F340EA0300294630BD21FA04F0294633
:105F700030BD94F0000F83F4801306BF81F48011CC
:105F80000134013D4EE77FEA645C18BF7FEA655C3F
:105F900029D094EA050F08BF90EA020F05D054EA11
:105FA000000C04BF1946104630BD91EA030F1EBF16
:105FB0000021002030BD5FEA545C05D1400049411A
:105FC00028BF41F0004130BD14F580043CBF01F50D
:105FD000801130BD01F0004545F0FE4141F47001F3
:105FE0004FF0000030BD7FEA645C1ABF19461046CE
:105FF0007FEA655C1CBF0B46024650EA013406BFCF
:1060000052EA033591EA030F41F4002130BD00BF8D
:1060100090F0000F04BF0021704730B54FF480644A
:1060200004F132044FF000054FF0000150E700BFCB
:1060300090F0000F04BF0021704730B54FF480642A
:1060400004F1320410F0004548BF40424FF0000117
:106050003EE700BF42004FEAE2014FEA31014FEA5A
:1060600002701FBF12F07F4393F07F4F81F06051A9
:10607000704732F07F4208BF704793F07F4F04BFF4
:1060800041F40021704730B54FF4607401F00045D1
:1060900021F000411CE700BF50EA010208BF704731
:1060A00030B54FF000050AE050EA010208BF704722
:1060B00030B511F0004502D5404261EB41014FF48B
:1060C000806404F132045FEA915C3FF4D8AE4FF093
:1060D00003025FEADC0C18BF03325FEADC0C18BF76
:1060E000033202EBDC02C2F1200300FA03FC20FAC7
:1060F00002F001FA03FE40EA0E0021FA02F1144414
:10610000BDE600BF70B54FF0FF0C4CF4E06C1CEA2C
:1061100011541DBF1CEA135594EA0C0F95EA0C0F9D
:1061200000F0DEF82C4481EA030621EA4C5123EA10
:106130004C5350EA013518BF52EA033541F480113F
:1061400043F4801338D0A0FB02CE4FF00005E1FBF2
:1061500002E506F00042E0FB03E54FF00006E1FB3C
:1061600003569CF0000F18BF4EF0010EA4F1FF047F
:10617000B6F5007F64F5407404D25FEA4E0E6D41BF
:1061800046EB060642EAC62141EA55514FEAC520D0
:1061900040EA5E504FEACE2EB4F1FD0C88BFBCF54C
:1061A000E06F1ED8BEF1004F08BF5FEA500E50F1FD
:1061B000000041EB045170BD06F0004646EA0101C3
:1061C00040EA020081EA0301B4EB5C04C2BFD4EBF5
:1061D0000C0541EA045170BD41F480114FF0000EEE
:1061E000013C00F3AB8014F1360FDEBF002001F05C
:1061F000004170BDC4F10004203C35DA0C341BDCD6
:1062000004F11404C4F1200500FA05F320FA04F0A7
:1062100001FA05F240EA020001F0004221F00041DB
:1062200010EBD37021FA04F642EB06015EEA430E4E
:1062300008BF20EAD37070BDC4F10C04C4F120057E
:1062400000FA04F320FA05F001FA04F240EA020031
:1062500001F0004110EBD37041F100015EEA430E02
:1062600008BF20EAD37070BDC4F1200500FA05F222
:106270004EEA020E20FA04F301FA05F243EA0203A1
:1062800021FA04F001F0004121FA04F220EA0200B0
:1062900000EBD3705EEA430E08BF20EAD37070BDF6
:1062A00094F0000F0FD101F00046400041EB0101D6
:1062B00011F4801F08BF013CF7D041EA060195F0B8
:1062C000000F18BF704703F00046520043EB030372
:1062D00013F4801F08BF013DF7D043EA060370475F
:1062E00094EA0C0F0CEA135518BF95EA0C0F0CD06A
:1062F00050EA410618BF52EA4306D1D181EA0301B0
:1063000001F000414FF0000070BD50EA410606BFA9
:106310001046194652EA430619D094EA0C0F02D1EE
:1063200050EA013613D195EA0C0F05D152EA033633
:106330001CBF104619460AD181EA030101F0004151
:1063400041F0FE4141F470014FF0000070BD41F09A
:10635000FE4141F4780170BD70B54FF0FF0C4CF474
:10636000E06C1CEA11541DBF1CEA135594EA0C0F93
:1063700095EA0C0F00F0A7F8A4EB050481EA030EE0
:1063800052EA03354FEA013100F088804FEA0333C7
:106390004FF0805545EA131343EA12634FEA022295
:1063A00045EA111545EA10654FEA00260EF0004156
:1063B0009D4208BF964244F1FD0404F5407402D2A8
:1063C0005B084FEA3202B61A65EB03055B084FEA39
:1063D00032024FF480104FF4002CB6EB020E75EB36
:1063E000030E22BFB61A754640EA0C005B084FEA5E
:1063F0003202B6EB020E75EB030E22BFB61A7546DB
:1064000040EA5C005B084FEA3202B6EB020E75EB25
:10641000030E22BFB61A754640EA9C005B084FEA9D
:106420003202B6EB020E75EB030E22BFB61A7546AA
:1064300040EADC0055EA060E18D04FEA051545EA99
:1064400016754FEA06164FEAC30343EA52734FEA42
:10645000C2025FEA1C1CC0D111F4801F0BD141EABB
:1064600000014FF000004FF0004CB6E711F4801F20
:1064700004BF01430020B4F1FD0C88BFBCF5E06F00
:106480003FF6AFAEB5EB030C04BFB6EB020C5FEA10
:10649000500C50F1000041EB045170BD0EF0004E65
:1064A0004EEA113114EB5C04C2BFD4EB0C0541EA97
:1064B000045170BD41F480114FF0000E013C90E694
:1064C00045EA060E8DE60CEA135594EA0C0F08BF58
:1064D00095EA0C0F3FF43BAF94EA0C0F0AD150EA57
:1064E00001347FF434AF95EA0C0F7FF425AF1046EA
:1064F00019462CE795EA0C0F06D152EA03353FF412
:10650000FDAE1046194622E750EA410618BF52EA8E
:1065100043067FF4C5AE50EA41047FF40DAF52EA62
:1065200043057FF4EBAE12E74FF0FF3C06E000BFFF
:106530004FF0010C02E000BF4FF0010C4DF804CD0C
:106540004FEA410C7FEA6C5C4FEA430C18BF7FEACC
:106550006C5C1BD001B050EA410C0CBF52EA430CFA
:1065600091EA030F02BF90EA020F0020704710F17A
:10657000000F91EA030F58BF994208BF90422CBF09
:10658000D8176FEAE37040F0010070474FEA410C02
:106590007FEA6C5C02D150EA013C07D14FEA430C20
:1065A0007FEA6C5CD6D152EA033CD3D05DF8040B91
:1065B000704700BF8446104662468C4619466346C3
:1065C00000E000BF01B5FFF7B7FF002848BF10F19A
:1065D000000F01BD4DF808EDFFF7F4FF0CBF0120DF
:1065E00000205DF808FB00BF4DF808EDFFF7EAFF5B
:1065F00034BF012000205DF808FB00BF4DF808ED16
:10660000FFF7E0FF94BF012000205DF808FB00BF0A
:106610004DF808EDFFF7CEFF94BF012000205DF894
:1066200008FB00BF4DF808EDFFF7C4FF34BF0120A1
:1066300000205DF808FB00BF4FEA410C7FEA6C5C6C
:1066400002D150EA013C0AD14FEA430C7FEA6C5C6C
:1066500002D152EA033C02D14FF0000070474FF0E4
:10666000010070474FEA410212F5001215D211D510
:106670006FF47873B3EB625212D94FEAC12343F03F
:10668000004343EA505311F0004F23FA02F018BFC1
:10669000404270474FF00000704750EA013005D18A
:1066A00011F0004008BF6FF0004070474FF000004D
:1066B000704700BF4A0011D212F5001211D20DD559
:1066C0006FF47873B3EB62520ED44FEAC12343F0F8
:1066D000004343EA505323FA02F070474FF00000A2
:1066E000704750EA013002D14FF0FF3070474FF051
:1066F000000070474FEA4102B2F1E04324BFB3F516
:10670000001CDCF1FE5C0DD901F0004C4FEAC00228
:106710004CEA5070B2F1004F40EB830008BF20F00C
:106720000100704711F0804F21D113F13872BCBFC6
:1067300001F00040704741F480114FEA5252C2F11B
:106740001802C2F1200C10FA0CF320FA02F018BF64
:1067500040F001004FEAC1234FEAD32303FA0CFCB7
:1067600040EA0C0023FA02F34FEA4303CCE77FEA46
:10677000625307D150EA01331EBF4FF0FE4040F490
:106780004000704701F0004040F0FE4040F400003F
:10679000704700BF53B94AB9002908BF00281CBF81
:1067A0004FF0FF314FF0FF3000F0D0B9ADF1080CE1
:1067B0006DE904CE00F064F8DDF804E0DDE90223C1
:1067C00004B070472DE9F84382EAE274A4EBE27466
:1067D0001546E20758BFDFF8609006460F4652BFE5
:1067E0004FF0000880468946640832463B463046F2
:1067F000394613D0FFF786FCE30706460F46F3D56C
:106800004046494632463B46FFF77CFC64088046DA
:10681000894632463B4630463946EBD1002D07DAF1
:1068200042464B4600200449FFF796FD80468946C4
:1068300040464946BDE8F8830000F03FD0B500224D
:106840000D4B06460F46FFF75DFCFFF733FF04468E
:10685000FFF7DEFB0022094BFFF754FC02460B4614
:1068600030463946FFF796FAFFF724FF0022234609
:1068700010431946D0BD00BF0000F03D0000F041BC
:106880002DE9F047089E04468846002B4BD18A42EA
:10689000154667D9B2FA82F24AB1C2F1200701FA6D
:1068A00002F320FA07F7954047EA030894404FEABD
:1068B000154E230CB8FBFEF71FFA85FC0EFB17885C
:1068C00043EA084307FB0CF1994209D9EB1807F199
:1068D000FF3080F01B81994240F21881023F2B4427
:1068E0005B1AA4B2B3FBFEF00EFB103344EA034480
:1068F00000FB0CFCA44509D92C1900F1FF3380F0F2
:106900000781A44540F2048102382C4440EA074044
:10691000A4EB0C0400271EB1D4400023C6E90043B9
:106920003946BDE8F0878B4209D9002E00F0EB8094
:106930000027C6E9000138463946BDE8F087B3FABA
:1069400083F7002F47D18B4202D3824200F2FA80B4
:10695000841A61EB030301209846002EE0D0C6E9BB
:106960000048DDE702B9FFDEB2FA82F2002A40F009
:106970008F80491B4FEA154E1FFA85F80127B1FB9E
:10698000FEFC230C0EFB1C1143EA014308FB0CF137
:10699000994207D9EB180CF1FF3002D2994200F26C
:1069A000CD808446591AA3B2B1FBFEF00EFB101441
:1069B00043EA044408FB00F8A04507D92C1900F16C
:1069C000FF3302D2A04500F2B6801846A4EB0804BB
:1069D00040EA0C409FE7C7F1200CBB4022FA0CFEB6
:1069E0004EEA030E01FA07F420FA0CF521FA0CF333
:1069F0004FEA1E482543B3FBF8F92C0C08FB19336A
:106A00001FFA8EFA44EA034309FB0AF49C4202FA95
:106A100007F200FA07F10BD91EEB030309F1FF306F
:106A200080F087809C4240F28480A9F1020973447F
:106A30001B1BADB2B3FBF8F008FB103345EA03446F
:106A400000FB0AFAA24508D91EEB040400F1FF334B
:106A50006BD2A24569D90238744440EA0940A0FBD0
:106A60000289A4EB0A044C45C2464B4654D351D08C
:106A7000002E69D0B1EB0A0564EB030404FA0CFCA8
:106A8000FD40FC404CEA0505C6E90054002747E7F5
:106A9000C2F1200320FA03F7954001FA02F021FA2F
:106AA00003F34FEA154E3843010CB3FBFEF71FFA10
:106AB00085F80EFB173341EA034107FB08F38B42CD
:106AC00004FA02F407D9691807F1FF3C2FD28B4270
:106AD0002DD9023F2944CB1A81B2B3FBFEF00EFB45
:106AE000103341EA034100FB08F38B4207D96918D0
:106AF00000F1FF3C17D28B4215D902382944C91A3C
:106B000040EA07473BE73746304609E70746E7E6EE
:106B10001846FBE64145ABD2B8EB020A69EB0E0220
:106B200001381346A4E76046E9E7184695E767464B
:106B3000D1E781467CE702382C4447E7ACF1020CF0
:106B40002B442FE7384608E73746E9E6704700BF91
:106B500030B5214A21F00043934287B01BDD1F4A24
:106B6000934205DD02460B46FFF714F907B030BD2E
:106B700002AAEAF7E5FE00F00303012B11D0022B75
:106B800023D0DBB10124DDE90423DDE90201009417
:106B9000EBF7E6FEEAE700220023EBF7B9F907B0CE
:106BA00030BDDDE904450093DDE9020122462B46B4
:106BB000EBF7D6FE01F1004107B030BDDDE904235B
:106BC000DDE90201EBF7A4F9D0E7DDE90423DDE913
:106BD0000201EBF79DF9EDE7FB21E93FFFFFEF7FB6
:106BE00021F000431946704730B51F4A21F0004399
:106BF000934287B01CDD1D4A934205DD02460B46D9
:106C0000FFF7C8F807B030BD02AAEAF799FE00F016
:106C100003000128DDE9042312D002281CD0A0B112
:106C2000DDE90201EBF774F901F1004107B030BD75
:106C30000023009300220023EBF792FE07B030BD43
:106C4000DDE90201EBF764F9DCE70124DDE902018B
:106C50000094EBF785FED5E70124DDE902010094FD
:106C6000EBF77EFEE0E700BFFB21E93FFFFFEF7F90
:106C700030B5144A21F00043934287B019DD124A1F
:106C8000934205DD02460B46FFF784F807B030BD9E
:106C900002AAEAF755FE440004F00204C4F101041C
:106CA000DDE90423DDE902010094EBF711FF07B0F1
:106CB00030BD0123009300220023EBF709FF07B04A
:106CC00030BD00BFFB21E93FFFFFEF7F334A21F0DA
:106CD00000439342D0B506460F460C460DDD0246F2
:106CE0000B4600202E49FFF737FB002F4FF0000224
:106CF0002B4B2EDBFFF750F8D0BD2A4A934207DD1D
:106D000027490020002CF7DA01F100431946D0BDD5
:106D1000B3F1725F20DB244A934226DDFFF760FF68
:106D200002460B46FFF738F8ECF7B6F800224FF0B2
:106D30008043FFF731F802460B4600204FF08041B8
:106D4000FFF70AFB02460B4600201549FFF722F821
:106D5000D8E7FFF71FF8D0BD0022114BFFF71CF852
:106D600032463B46FFF7CEF9D0BDFFF739FF002290
:106D70004FF04043FFF7C6F9ECF78EF800224FF0D2
:106D80008043064601F10047FFF706F802460B462E
:106D900030463946FFF7E0FAB4E700BFFFFFEF7F68
:106DA0000000F03FFFFF3540FFFFEF3F70B5C1F33C
:106DB0000A56A6F2FF33132B0A4608DC002B1BDB16
:106DC0000F4C44FA03F3002022EA030170BD332B79
:106DD000044607DDB3F5806FF8D102460B46FEF797
:106DE000DBFF70BD4FF0FF33A6F2134623FA06F621
:106DF000114624EA060070BD002002F0004170BD7B
:106E0000FFFF0F0000B585B0234A0190019B23F0DE
:106E1000004393421DDDB3F1FF4F08DBDDED017A46
:106E200077EEE77A17EE900A05B05DF804FB02A949
:106E300000F032FE00F00302012A14D0022A22D010
:106E4000D2B101220399029801F048FB07EE900AA3
:106E5000E8E7002100F078FF07EE900A17EE900AAD
:106E600005B05DF804FB0399029801F037FB07EECB
:106E7000900AF1EE677AD5E70399029800F064FF73
:106E800007EE900ACEE70399029800F05DFF07EE47
:106E9000900AF1EE677AC5E7D80F493F00B585B093
:106EA000244A0190019B23F0004393421EDDB3F17D
:106EB000FF4F08DBDDED017A77EEE77A17EE900AF7
:106EC00005B05DF804FB02A900F0E6FD00F0030048
:106ED000012816D0022823D0D0B10399029800F0DF
:106EE00033FF07EE900AF1EE677AE7E70022002110
:106EF00001F0F4FA07EE900A17EE900A05B05DF87B
:106F000004FB0399029800F01FFF07EE900AD5E7F3
:106F100001220399029801F0E1FA07EE900ACDE709
:106F200001220399029801F0D9FA07EE900AF1EED6
:106F3000677AC3E7D80F493F2DE9F043DFF898801F
:106F40008BB004460D46E8F79FFC98F900300133FA
:106F500006460F462BD022462B4620462946FFF7F1
:106F60006BFB814618BB20462946FFF739FE0022FD
:106F7000164BFFF757FBD0B1154B16480193012272
:106F8000CDF820900092CDE90445CDE9024501F00D
:106F9000FBFA98F90030022BCDE906010CD06846C7
:106FA00001F0F0FA40B1089B5BB9DDE906673046B5
:106FB00039460BB0BDE8F08301F05AFC2123036091
:106FC000F1E701F055FC089B0360EEE70000F03F9D
:106FD00018AA02089CA80208060400202DE9F04324
:106FE0008BB004460D46E8F7A3FE244B93F90080CE
:106FF000B8F1FF3F06460F460ED022462B462046EC
:107000002946FFF719FB814630B900221C4B204668
:107010002946FFF7E9FA20B9304639460BB0BDE8FA
:10702000F0830022002301210091164ECDF820901C
:1070300010461946CDE90445CDE902450196FFF712
:107040008BF9B8F1020FCDE906010CD0684601F0CA
:1070500099FA40B1089B5BB9DDE9066730463946CD
:107060000BB0BDE8F08301F003FC21230360F1E7DE
:1070700001F0FEFB089B0360EEE700BF0604002062
:107080000000F03F20AA02082DE9F043DFF89880C5
:107090008BB004460D46E8F7D7FE98F9003001336F
:1070A00006460F462BD022462B4620462946FFF7A0
:1070B000C3FA814618BB20462946FFF791FD0022FE
:1070C000164BFFF7AFFAD0B1154B164801930122CA
:1070D000CDF820900092CDE90445CDE9024501F0BC
:1070E00053FA98F90030022BCDE906010CD068461E
:1070F00001F048FA40B1089B5BB9DDE9066730460C
:1071000039460BB0BDE8F08301F0B2FB21230360E8
:10711000F1E701F0ADFB089B0360EEE70000F03FF4
:1071200028AA02089CA8020806040020E9F7BCB8B7
:107130002DE9F04FDFF8CCA08BB004460D46E9F7FF
:10714000A3F99AF90030013306460F4637D022469C
:107150002B4620462946FFF76FFA834678BB204628
:107160002946FFF73DFD0022244B80468946FFF764
:107170004FFA20B3404649460022204BFFF752FA0F
:107180009AF9006060B3CDE90445CDE902450121DB
:10719000002200231A4F0091CDF820B01046194666
:1071A0000197FFF7D9F8022ECDE906010CD0684609
:1071B00001F0E8F940B1089B6BB9DDE9066730469C
:1071C00039460BB0BDE8F08F01F052FB212303607C
:1071D000089B002BF1D001F04BFB089B0360ECE710
:1071E000022308900093064FCDE90445CDE90245FE
:1071F0002046294600220023D2E700BF0000F03FCE
:1072000030AA0208060400202DE9F04F8BB01D467D
:1072100006460F46144600F06DFA294B93F900A07C
:10722000BAF1FF3F8046894635D022462B4620469C
:107230002946FFF701FA70BB32463B4630463946D5
:10724000FFF7FAF9834630BB002200232046294687
:10725000FFF7C0F9F8B11B4BCDF820B00122CDE902
:107260000267CDE90445CDE90023BAF1000F17D03C
:107270000022002310461946FFF76EF8BAF1020FFC
:10728000CDE906010ED101F0F3FA21230360089B3A
:1072900083B9DDE90689404649460BB0BDE8F08F69
:1072A000CDE90667684601F06DF90028EBD0089B30
:1072B000002BEED001F0DCFA089B0360E9E700BF89
:1072C0000604002044AA02082DE9F0438BB00446CE
:1072D0000D46E9F789FB364B93F90060731C804635
:1072E00089460DD022462B4620462946FFF7A4F9B1
:1072F00030B90022002320462946FFF793F920B138
:10730000404649460BB0BDE8F0832A4B0890CDE9D2
:107310000245CDE904450193DEB9274F4FF06046A1
:107320002046294600220023CDE90667FFF752F9DF
:10733000002835D002230093684601F023F9B8B144
:10734000089BD3B9DDE90689404649460BB0BDE844
:10735000F0831A4B0022CDE906232046294600225D
:107360000023FFF737F968B102239E420093E3D16F
:1073700001F07EFA22230360E2E701F079FA089B2C
:107380000360DFE70123022E00930BD101F070FAB6
:10739000212303600A4801F0F7F8CDE90601CFE7A1
:1073A00001230093684601F0EDF80028F2D1EDE7E3
:1073B000060400204CAA0208FFFFEFC70000F0FF00
:1073C0009CA802082DE9F0438BB004460D46E9F76E
:1073D000D7FC374B93F90060731C804689460ED06A
:1073E00022462B4620462946FFF726F9074630B9A4
:1073F0000022002320462946FFF700F920B9404625
:1074000049460BB0BDE8F0832A4B0897CDE9024509
:10741000CDE904450193DEB9274F4FF06046204681
:10742000294600220023CDE90667FFF7D3F800289C
:1074300035D002230093684601F0A4F8B8B1089B48
:10744000D3B9DDE90689404649460BB0BDE8F08373
:107450001A4B0022CDE906232046294600220023AC
:10746000FFF7B8F868B102239E420093E3D101F020
:10747000FFF922230360E2E701F0FAF9089B0360B9
:10748000DFE70123022E00930BD101F0F1F9212354
:1074900003600B4801F078F8CDE90601CFE701233E
:1074A0000093684601F06EF80028F2D1EDE700BFC6
:1074B0000604002050AA0208FFFFEFC70000F0FFFB
:1074C0009CA802082DE9F0432B4E8BB080468946DC
:1074D000EAF75AFC96F90030013304460D4603D012
:1074E00001F04AF8074620B1204629460BB0BDE816
:1074F000F0834046494601F03FF80028F4D01F4B86
:1075000096F9004008970322CDE90023CDE90489CC
:10751000CDE90289404649460022002364B9FFF7BD
:1075200081F84FF06042E8B1154BCDE9062368467B
:1075300001F028F868B908E0FFF774F8002298B164
:10754000104B022CCDE90623F1D101F091F9222351
:107550000360089B53B9DDE90645204629460BB078
:10756000BDE8F083084BE0E7084BEAE701F080F95B
:10757000089B0360EFE700BF060400205CAA020836
:10758000FFFFEF470000F07FFFFFEFC70000F0FFB5
:107590002DE9F04F8BB004460D4600F0BDF9294BA4
:1075A00093F900A0BAF1FF3F06460F4612D02246DB
:1075B0002B4620462946FFF73FF8834650B94FF047
:1075C00000084FF000092046294642464B46FFF787
:1075D0000BF820B9304639460BB0BDE8F08F0122D8
:1075E000194BCDF820B00092CDE90445CDE9024514
:1075F0000193BAF1000F17D042464B464046494628
:10760000FEF7AAFEBAF1020FCDE906010ED101F094
:107610002FF921230360089B73B9DDE90667304623
:1076200039460BB0BDE8F08FCDE90689684600F019
:10763000A9FF0028EFD1EAE701F01AF9089B0360DF
:10764000EBE700BF0604002064AA020810B52DED88
:10765000028B8AB008EE100A00F06EFB234B93F900
:107660000040631C09D0B4EE488AF1EE10FA04D64B
:10767000B5EEC08AF1EE10FA03D40AB0BDEC028B6D
:1076800010BD01231A4A009318EE100A002301923C
:107690000893FEF7DFFC0022CDE90401CDE90201E9
:1076A0000023ACB110461946FEF756FE022CCDE978
:1076B00006010FD101F0DCF821230360089B7BB9A0
:1076C000DDE90601FFF716F80AB0BDEC028B10BD2C
:1076D000CDE90623684600F055FF0028EED1E9E722
:1076E00001F0C6F8089B0360EAE700BF060400202B
:1076F0006CAA02082DE9F04723F0004E5EEA02066C
:1077000020D07E4E21F00048B04589461ADC564212
:1077100016437B4F4EEAD676BE42144612D8F04549
:107720001D4694468246074601F0004612DC0FDBF8
:1077300090420DD30ED1734BF60F03EBC603D3E982
:10774000000105E0FEF7DEFC02460B46FEF704FEF4
:10775000BDE8F087B8F5801F3BDB4FEA2852A2F264
:10776000FF32BEF5801F80F28F80BEF1000F40F027
:107770009F80002C2346644904DD5B00002B01F14F
:10778000FF31FADC614B9A4270DBC9F3130343F417
:1077900080135E4881425BDBC5F3130444F480141C
:1077A000501A07E052EA050321D0EB0F03EB420326
:1077B0006F0001381A1BA7EB0C05F8B1674538BFFD
:1077C00002F1FF32002AEDDAFA0F02EB43037F00E9
:1077D000EFE7B8F1000F5CD1BAF1000F53464A4A07
:1077E000BFDD5B00002B02F1FF32FADCB9E7454B4D
:1077F000F60F03EBC606D6E90001A9E7674538BFD7
:1078000002F1FF32002ABCBF3D461A4652EA050388
:10781000EDD03F48824208DCEB0F03EB420282428C
:1078200001F1FF314FEA4505F6DD384B99424EDA5A
:107830005B1A142B54DC01F21E41DD4002FA01F107
:1078400042FA03F31E4341EA0502314610467FE740
:10785000401A1F2826DC01F21E450EFA00FE24FA0B
:1078600005F504FA00FC45EA0E0499E79F1A1F2F5C
:1078700027DC02F21E4308FA07F82AFA03F30AFA91
:1078800007F743EA080384E74FEA2E51A1F2FF31DC
:1078900078E71E4A4FEAC8235B00002B02F1FF3253
:1078A000FADC5EE71B4D6D1AAC404FF0000C77E739
:1078B00016494FEACE235B00002B01F1FF31FADCC1
:1078C00060E7144B9B1A0AFA03F3002761E7A2F55D
:1078D0008012164301F2FF3346EA0351284637E788
:1078E0001F2B07DC01F21E4102FA01F125FA03F217
:1078F0000A43AAE7074B591A0A41A6E7FFFFEF7FA1
:107900000000F07F68950208EDFBFFFF02FCFFFF1F
:10791000FFFF0F00E2FBFFFF5E4A8A432DE9F041C3
:1079200004460D4600F0958000290B460646844625
:1079300056DD0F1500F0A580C3F31303A7F2FF3740
:1079400043F480134FEADC72F80702EB43034FEA7B
:107950004C0504D5ED0F05EB43034FEA8C050026DB
:107960007F10B44616224FF400110CEB0100984230
:107970004FEAD5744FEA450503DC1B1A00EB010CF6
:107980000E44013A04EB43034FEA5101EDD1104696
:10799000964620244FF0004209E051D05B00013CA4
:1079A00003EBD5734FEA52024FEA450537D06345E2
:1079B00002EB0E01F1DD002901EB020E0ADBE046CD
:1079C000A3EB0C03A94288BF03F1FF336D1A1044E7
:1079D000C446E3E7BEF1000FF1DB0CF10108EFE76D
:1079E00021F00042024329D0002942D10146CA0AAF
:1079F000153B4905002AFAD012F4801001D044E06A
:107A000060465200D40200F1010CF9D5CCF12004FB
:107A100001FA0CFCE1401F1A41EA02038CE72B43F8
:107A200021D14408731003F17F53F20703F50013CB
:107A300048BF44F0004403EB07512046BDE8F08105
:107A4000A942ABD8002901EB020EC3DB9846002304
:107A5000BCE702460B46FEF755FB22462B46FEF7D7
:107A60009BF9BDE8F081411C16BF421C0136540849
:107A7000D8E70246FEF78EF902460B46FEF76CFC8D
:107A8000DCE71A4631463B46B6E78C4620244FF0E9
:107A9000FF30BFE70000F07F70B5994A20F0004446
:107AA000944286B06BDD974A944206461CDC00285F
:107AB00024F00F04DFED947A944A07EE100A64DD97
:107AC000944277EE677A00F0D5809FED917A77EE59
:107AD000C76A012077EEE67AC1ED006A77EEC77AD1
:107AE000C1ED017A06B070BD8A4A94420D4660DD50
:107AF000B4F1FF4F80F2B480E215863AA4EBC25392
:107B000007EE903ABDEEE77ADFED836AB8EEC77A0A
:107B100077EEC77A8DED037A67EEA67ABDEEE77A47
:107B2000B8EEC77A77EEC77A8DED047A67EEA67A5B
:107B3000F5EE407AF1EE10FACDED057A40F0CC800A
:107B4000B5EE407AF1EE10FA0CBF0123022373491F
:107B500001910221009103A8294600F07FF9002E2F
:107B600011DA95ED007AD5ED017AB1EE477AF1EEB2
:107B7000677A404285ED007AC5ED017A03E0002284
:107B800008604A60002006B070BD944277EE277A04
:107B900000F08F809FED5E7A77EE876A4FF0FF30BE
:107BA00077EEE67AC1ED006A77EE877AC1ED017A69
:107BB000E9E700F07DFD9FED5A6A9FED535ADFED36
:107BC000546A07EE100AF6EE007AE7EE067AFDEE4A
:107BD000E77AB8EEE76A17EE900AF1EE465AF0EE51
:107BE000477A1F28E5EE857A26EE267A54DD77EE71
:107BF000C76A16EE903AE415C3F3C753E31A082B8D
:107C000054DD9FED487ADFED486AB0EE675AA5EE85
:107C1000875A77EEC57AE5EE877AD6EE267A75EE44
:107C2000676AB0EE677A16EE903AC3F3C753E41A68
:107C3000192C53DCC5ED006AF0EE457A77EEE67A52
:107C4000002E77EEC77AC5ED017A9CDAF1EE666A0E
:107C5000F1EE677AC5ED006AC5ED017A404292E720
:107C600007EE900A77EEE77A0020C1ED017AC1EDC8
:107C7000007A88E7DFED2B6A9FED2B7A77EEE67AC4
:107C8000012077EEC76A77EEE67AC1ED006A77EEFB
:107C9000C77AC1ED017A76E7421E244B53F82230B1
:107CA00024F0FF029A4277EEC76AA2D0C5ED006ABF
:107CB000C4E7DFED1C6A9FED1C7A77EEA67A4FF0E1
:107CC000FF3077EE876A77EEE67AC1ED006A77EEED
:107CD000877AC1ED017A56E7032338E7DFED146AAE
:107CE000DFED144AF0EE457AE5EEA67A35EE677AD6
:107CF000A5EEA67A96EE247A77EEC76AD6E700BF9D
:107D0000D80F493FE3CB1640800FC93FD00FC93F82
:107D100043443537800F4943000080437CAC020860
:107D200084F9223F0044353708A3852EFCAB0208B6
:107D300000A3852E32318D2407EE900AF1EEE77A0A
:107D400017EE900A704700BF20F00043B3F1485F80
:107D500006EE100A06EE901A2EDAFDEEC67A17EE3F
:107D6000903A002B5FD026EE067ADFED343A9FED95
:107D7000344ADFED344A9FED345ADFED347ADFEDDB
:107D8000345AA7EE234AE7EE044AA7EE245AE7EE58
:107D9000057AE7EE275A65EE875A66EEC66AB6EEB2
:107DA000006AE7EE256AF7EE007AD7EE066A77EE0C
:107DB000E67A17EE900A704726EE067ADFED1F3A54
:107DC0009FED1F4ADFED1F4A9FED1F5ADFED1F7A1F
:107DD000DFED1F5A1F4AA7EE234A9342E4EE074AFB
:107DE000A4EE875AE5EE077AE7EE875A65EE875AE2
:107DF000D3DD194A93421BDC03F17F4307EE903A2F
:107E0000B7EE005A35EE675A66EEC66AB6EE006AFD
:107E1000E7EE256AD7EE067A77EEE67A75EE677AB0
:107E200017EE900A7047F7EE007A17EE900A704747
:107E3000B6EE075AF5EE027AE6E700BF4ED747AD39
:107E4000F6740F317CF293B4010DD037610BB6BAE2
:107E5000ABAA2A3D9999993E0000483F2DE9F04F81
:107E60002DED048BD7B003F1FF390293D31E48BF29
:107E7000131DBA4C649D0591DB1023EAE37354F89B
:107E80002560039303F10108A2EBC80816EB090271
:107E90008646A3EB090316D41A449FEDB17A659880
:107EA000511C1AAA002BA4BF50F8234007EE904A99
:107EB00003F10103ACBFF8EEE77AF0EE477A8B42AC
:107EC000E2EC017AEED1029B002E4FEA83044FEAE6
:107ED000860A1DDB1AAB181943AA7346191902EB5F
:107EE0000A0742ADF446B9F1000FDFED9D7A09DBD8
:107EF00002466346F3EC016A32ED017A8B42E6EE0C
:107F0000877AF7D1E5EC017ABD4200F10400EAD1AD
:107F1000AAF1080306ADEB1804939FED939ADFEDE9
:107F2000918A009605ABB34674449A4442AF7646B4
:107F30004FEA8B0356AA1A44BBF1000F52ED146AA4
:107F400016DD07EB8B02294666EE897AB0EE667A7B
:107F5000FDEEE77A32ED016AF8EEE77ABA42A7EE73
:107F6000E87A77EE866ABDEEC77AA1EC017AEBD1AA
:107F7000414616EE900A019300F0F8FB08EE100A55
:107F8000F4EE007A68EE277A17EE900A00F094FB80
:107F900007EE100AF2EE007AA7EE678AB8F1000F3A
:107FA000019BFDEEC89AF0EE487AB8EEE98A37EE0A
:107FB000C88A40F3C6800BF1FF3CC8F1080255F8AF
:107FC0002C1041FA02F000FA02F2891A45F82C103E
:107FD00019EE90CA8444C8F1070209EE90CA41FA2A
:107FE00002F2002A48DD19EE901ABBF1000F01F1F0
:107FF000010109EE901A40F33682D5F800C0BCF1B9
:10800000000F40F09B80BBF1010F20D0AE46012055
:108010005EF8041F00F1010C002900F09980E6468B
:108020008C467146CCF5807C8B4545F820C00CDD34
:1080300055F821002B4405EB810100E00868C0F1F0
:10804000FF0041F8040B9942F8D14FF0010CB8F150
:10805000000F0EDDB8F1010F00F02E81B8F1020F14
:1080600007D10BF1FF3155F8213003F03F0345F8FC
:108070002130022A00F00981B5EE408AF1EE10FAB3
:1080800040F08680009B0BF1FF3C63450EDC0BF15A
:108090008041013905EB8101002051F80439514537
:1080A00040EA0300F9D1002840F00F81009B013B1A
:1080B00055F82330002B40F0FC80049B4FF0010C5E
:1080C00053F804290CF1010C002AF9D0DC440BF11F
:1080D000010EE64530DC039B029A0EEB03015A4485
:1080E00003EB0C0B1AAB01F1804103EB8202659BA1
:1080F000013903EB810107EB8E0E03EB8B0B51F87B
:10810000043F9FED177A07EE903AF8EEE77A1046B3
:10811000B9F1000FE0EC017A09DB334601E072EDC2
:10812000017AF3EC016AA342A6EEA77AF7D159458A
:10813000AEEC017A0246E2D1E346F9E601210020E5
:1081400070E715D10BF1FF3255F82220121248E7E3
:10815000E34560467FF45CAF8C4678E7D0AF020819
:1081600000000000000080430000803B0000C93F89
:10817000F6EE007AB4EEE78AF1EE10FA80F25D8155
:10818000B5EE408AF1EE10FA4FF000023FF47AAFFC
:10819000C8F1000118EE100A0192009E00F0E6FA04
:1081A0005FED106A019A07EE100AB4EEE67AF1EE7E
:1081B00010FAC0F25B815FED147A67EE277A0BF15B
:1081C0000103FDEEE77A08F10808F8EEE77AA7EE7A
:1081D000E67AFDEEE77ABDEEC77A17EE101A45F89B
:1081E0002B1017EE901A45F8231041464FF07E50A1
:1081F000CDE9002300F0BAFA019B009A002B07EEAC
:10820000100AC0F24A819F0042A907F1040E5FEDF7
:108210002A6A0F44381D05EB0E0171ED017AF8EE64
:10822000E77AA94267EE877A27EE267A60ED017A2F
:10823000F3D10DF1B8081FED336AC44603F101090B
:108240000025002EC0F20481A24CDFEDA37A38464F
:10825000B0EE467A002103E0A94208DCB4EC017AD2
:10826000F0EC016A01318E42E6EE877AF4DA0135EC
:108270004D45ECEC017AA7F10407E2D1649903299A
:1082800055D8DFE801F0CAB7B75DF7EE007A37EEF0
:10829000C88ABCF1000F3FF4EFAE17EE900A4146DA
:1082A000019200F063FA07EE900A019A38EE678AAD
:1082B000E2E64FF0010C09E70BF1FF3155F82130F0
:1082C00003F07F0345F82130D3E655F82C10009ECB
:1082D0006346A8F10808002987D10CF180410139D3
:1082E00005EB810151F80409013BA8F108080028B9
:1082F000F8D07AE7DFED787A002A40F0BF809DED74
:108300002E7A0599002BC1ED007A77EE677A0BDDA6
:108310002FA80121B0EC017A01318B4277EE877AE8
:10832000F8DA002A40F0B680059BC3ED017A19EE19
:10833000903A03F0070057B0BDEC048BBDE8F08F16
:10834000002B40F3C4809C0056A921440DF1B808CD
:1083500003F1804051ED286A013808EB830171ED8B
:10836000017A37EEA67A884577EEC77A81ED007AF2
:1083700077EEA67AF0EE476AC1ED017AEFD1012BD4
:1083800040F3A58056AB1C448000031D54ED286AC1
:1083900043442FA973ED017A37EEA67A994277EE1E
:1083A000C77A83ED007A77EEA67AF0EE476AC3EDDE
:1083B000017AEFD10830DFED487A08EB000308F1CD
:1083C000080833ED017A984577EE877AF9D1DDED2B
:1083D0002E6A9DED2F7A2AB1F1EE666AB1EE477AE8
:1083E000F1EE677A059BC3ED006A83ED017AC3ED78
:1083F000027A9CE7002BFFF67DAF2EA800EB8301ED
:10840000DFED357A043131ED017A884277EE877AF3
:10841000F9D1002A3FF473AF30E0DFED2F7AC64484
:108420003EED017AF04577EE877AF9D10AB1F1EEA7
:10843000677A059BC3ED007A79E719EE902ABBF1C4
:10844000000F02F1010209EE902A3ADD0222D4E582
:10845000DFED217A01354D45ECEC017AA7F10407F7
:108460007FF4EFAE0AE74FF0000CF0E5BDEEC77AFF
:108470005B4617EE101A45F82B10B6E6DDED2E6AB6
:108480000599B1EE677A002B76EEE77A81ED007AF6
:108490003FF73EAFF1EE677A46E7649903293FF66E
:1084A00046AF01A050F821F0B9840208F583020814
:1084B000F583020841830208DFED077A002AB6D16E
:1084C000B7E7F7EE007A37EEC88A0222D4E5DFED8F
:1084D000027A7CE7A8AF02080000000020F0004309
:1084E000B3F1485F07EE900A06EE101A04DABDEE0B
:1084F000E77A17EE103A23B327EEA77A9FED174AD3
:10850000DFED174A9FED175ADFED175ADFED176AB7
:10851000E7EE044A27EE874AA4EE875AE5EE075AAB
:10852000E5EE876A82B166EEC46AF6EE005AE6EEC0
:10853000256ADFED0F5A96EE876AA4EE256A77EE7C
:10854000C67A17EE900A70479FED0A6AA7EE266A70
:10855000E6EE047A17EE900A704700BFD3C92E2FBB
:10856000342FD7B21BEF3836010D50B98988083C3B
:10857000ABAA2A3EABAA2ABE41F0004101F5801009
:10858000C00F70470020704700200149704700BFAE
:108590000000F87F2DE9F041C1F30A57A7F2FF353B
:1085A000132D82B002460B460C464FEAD1780646A0
:1085B00033DC002D4EDB3C49294103EA0100104326
:1085C00026D049080B4052EA03060CD04FF4802312
:1085D000132D24EA010143FA05F444EA01040CBF17
:1085E0004FF000460026314901EBC8082346D8E980
:1085F0000045324620462946FDF7CEFBCDE9000175
:1086000022462B46DDE90001FDF7C4FB02460B467E
:108610001046194602B0BDE8F081332D07DDB5F5EF
:10862000806FF5D1FDF7B8FB02460B46F0E7A7F2E5
:1086300013474FF0FF31F9400842E9D0490808429A
:10864000D1D04FF0804320EA010143FA07F741EA15
:108650000706C8E721F000410143D9D0C3F3130155
:1086600001434E420E43114D5C0C360B640406F47C
:10867000002305EBC80243EA0401D2E900450B469A
:10868000024629462046FDF787FBCDE90001224638
:108690002B46DDE90001FDF77DFB21F0004102469C
:1086A00041EAC873B4E700BFFFFF0F00B8950208A6
:1086B00020F00040704700BF82B00190019A22F084
:1086C0000041CB0D7F3B162B20DC002B10462EDB10
:1086D000234919410A4224D0DFED227A9DED017A27
:1086E00077EE277AF5EEC07AF1EE10FA19DD002A5E
:1086F00004DA4FF4000242FA03F3184420EA0103BB
:1087000007EE903A17EE900A02B07047B1F1FF4FB2
:10871000DDED017AF6D377EEA77A17EE900A02B074
:108720007047DDED017A17EE900A02B07047DFED79
:108730000D7A9DED017A77EE277AF5EEC07AF1EEAB
:1087400010FAEEDD002A02DBDFED077ADAE7FFEE52
:10875000007A002918BFB0EE677AF0EE477AD1E7C9
:10876000FFFF7F00CAF249710000000000B52DED47
:10877000028B83B00190019B33F000421DD0B2F117
:10878000FF4F0FD2B2F5000F20D3D20D0A44FE2ABC
:108790002CDC002A3DDD23F0FF4343EAC25307EE01
:1087A000903A03E007EE900A77EEA77A17EE900A68
:1087B00003B0BDEC028B5DF804FBDDED017A17EE32
:1087C000900A03B0BDEC028B5DF804FB9DED017ACD
:1087D000DFED1B7A1B4B67EE277A9942CDED017ACC
:1087E00010DB019BC3F3C752193ACFE79FED168AFE
:1087F000019918EE100A00F035F807EE900A67EEBE
:10880000887AD3E7DFED117A9DED017A67EE277A5A
:10881000CCE712F1160F06DA4CF250339942E5DC40
:108820009FED0A8AE4E7193223F0FF4343EAC2537B
:108830009FED077A07EE903A67EE877AB6E700BFBA
:108840000000004CB03CFFFFCAF249716042A20D2B
:108850000000003303F0004321F0004242EA03012C
:10886000704700BF01F0004120F00040084370470E
:10887000014B1868704700BF340200208A892DE937
:10888000F041054610070C4658D44B68002B05DC18
:108890000B6C002B02DC0020BDE8F081E66A002EA4
:1088A000F9D0002312F480522F68216A2B6032D055
:1088B000606DA3895A0705D56368C01A636B0BB155
:1088C000236CC01A00230246E66A216A2846B04794
:1088D000431CA38906D129681D2948D8294ACA40C2
:1088E000D60744D500226260D9042269226004D5EB
:1088F000421C01D12B6803B96065616B2F600029B0
:10890000C9D004F14403994202D02846F3F7C2F9D2
:1089100000206063C0E701232846B047411CC8D14E
:108920002B68002BC5D01D2B01D0162B01D12F6039
:10893000B1E7A38943F04003A381ADE70F69002F9E
:10894000A9D093070E6808BF4B690F6018BF0023BA
:10895000A6EB07088B60B8F1000F9CDD43463A4652
:10896000216AA66A2846B047002806DCA38943F09E
:108970004003A3814FF0FF308EE70744A8EB0008C7
:10898000E9E700BF0100402038B50B6905460C46F9
:10899000DBB118B183690BB900F05CF80C4B9C4259
:1089A00009D16C68B4F90C307BB121462846BDE88A
:1089B0003840FFF763BF074B9C4201D1AC68F1E739
:1089C000054B9C4208BFEC68ECE7002038BD00BFB7
:1089D000FCAF02081CB00208DCAF0208014620B957
:1089E000044B0549186800F0CCB9044B1868FFF730
:1089F000CBBF00BF3CB002088989020834020020C6
:108A0000002310B50446C0E90033836081814366CA
:108A1000C281C0E904338361194608225C30F1F752
:108A20002DFA054B6362054BA362054BE362054BD0
:108A30002462236310BD00BF398E02085B8E0208DA
:108A4000938E0208B78E0208014900F09AB900BF60
:108A500089890208836910B5044633BBC0E9123323
:108A60000365124B124A1B688262984204BF0123BD
:108A7000836100F01FF86060204600F01BF8A060E2
:108A8000204600F017F80022E06004216068FFF73C
:108A9000B7FF01220921A068FFF7B2FF02221221CD
:108AA000E068FFF7ADFF0123A36110BD3CB00208F1
:108AB000498A0208F8B51B4B1E68B369074613B90B
:108AC0003046FFF7C7FF4836D6E90134013B03D5EE
:108AD000336833B13668F7E7B4F90C506DB16834D8
:108AE000F4E70421384600F036F930600028F1D16F
:108AF0000C233B6004462046F8BD0B4B6566C4E979
:108B00000055A560C4E90335C4E905550822294686
:108B100004F15C00F1F7B2F9C4E90D55C4E912554E
:108B2000E9E700BF3CB002080100FFFF70B50D4E41
:108B30000D4CA41BA4100025A54209D10B4E0C4CD2
:108B400000F04EFAA41BA4100025A54205D170BD6B
:108B500056F8253098470135EEE756F82530984706
:108B60000135F2E708040020080400200804002072
:108B700018040020084B37B51C68084D236A002BE9
:108B800008BF2B46009313460A460146204600F0D4
:108B90009EF903B030BD00BF3402002098020020CF
:108BA00038B5074C054608461146002222601A4691
:108BB000F7F79AFF431C02D1236803B12B6038BD3D
:108BC000B432002038B5064C002305460846236021
:108BD000F7F762FF431C02D1236803B12B6038BD55
:108BE000B432002038B5074C05460846114600222D
:108BF00022601A46F7F7E6FF431C02D1236803B14F
:108C00002B6038BDB432002038B5074C0546084605
:108C10001146002222601A46F7F7A2FF431C02D138
:108C2000236803B12B6038BDB4320020002815D072
:108C3000006041608260C360046145618661C76114
:108C4000444604624C464462544684625C46C462B4
:108C5000644604636E46466374468463002906D006
:108C6000C46B043C043925680D60B442F9D1946B9F
:108C7000A646566BB546002B06D0D46B043C043B8D
:108C80001D682560B442F9D1146BA446D46AA3468A
:108C9000946AA246546AA146146AA046D7699669A6
:108CA00055691469D368516810689268704700600C
:108CB00041608260C360046145618661C76144466A
:108CC00004624C464462544684625C46C462644614
:108CD00004636E46466374468463C46B043C043983
:108CE00025680D60B442F9D1C76986694569046990
:108CF0007047006041608260C360046145618661C5
:108D0000C761444604624C464462544684625C46F1
:108D1000C462644604636C464463744684630469B5
:108D20007047846BA646446BA546046BA446C46A90
:108D3000A346846AA246446AA146046AA046C7695B
:108D4000866945690469C36882680068416870473C
:108D5000FEE7F7F791BF70B54A1E682555430E46EA
:108D600005F17401F2F790FF044640B10021C0E91B
:108D700000160C30A06005F16802F1F77FF820467C
:108D800070BD2DE9F8438046894600F1480400266D
:108D900014B93046BDE8F883D4E90175013F01D527
:108DA0002468F5E7AB89012B07D9B5F90E300133FB
:108DB00003D029464046C84706436835EEE7D0F859
:108DC000EC00704782B001B901A942B14BB11378F0
:108DD0000B601278101C18BF012002B070471046BB
:108DE000FBE76FF00100F8E730B50024A24201D1A3
:108DF000002007E0035D01340D1915F8015CAB425A
:108E0000F4D0581B30BD884210B501EB020307D8DF
:108E1000421E99420AD011F8014B02F8014FF8E7BF
:108E20008342F5D98118D21AD34200D110BD13F86C
:108E3000014D01F8014DF7E710B50C46B1F90E10E0
:108E4000FFF7E2FE0028ABBF636DA3891B1823F474
:108E50008053ACBF6365A38110BD2DE9F0411F466F
:108E60008B89DB0505460C46164605D502230022F4
:108E7000B1F90E10FFF7B6FEA389B4F90E1023F472
:108E80008053A38132463B462846BDE8F041FFF7B8
:108E900087BE10B50C46B1F90E10FFF7A3FE431CB8
:108EA000A38915BF606523F4805343F48053A381E5
:108EB00018BFA38110BDB1F90E10FFF783BE0346A2
:108EC00013F8012B002AFBD1181A013870472DE93D
:108ED000F0478046894692461E460F463D46089812
:108EE00015F8014BFFF76BFF2044437813F008039C
:108EF00032D12D2C32D17C78BD1C0122002E5DD0C8
:108F0000102E09D1302C07D12B7803F0DF03582B1A
:108F10004FD16C7810260235002A14BF4FF0004163
:108F20006FF000410027B1FBF6FC384606FB1C1E23
:108F3000A4F13003092B17D81C46A64223DD7B1C65
:108F400007D084451CD301D1A64519DB00FB0640A0
:108F5000012715F8014BEBE72F46BFE72B2C04BF89
:108F6000BD1C7C781A46C9E7A4F14103192B01D82E
:108F7000373CE2E7A4F16103192B04D8573CDCE746
:108F80004FF0FF37E5E77B1C08D12223C8F80030FB
:108F90000846BAF1000F07D1BDE8F08702B14042A0
:108FA000BAF1000FF8D00FB105F1FF39CAF80090FF
:108FB000F2E73024002EAFD10826ADE7302CA3D045
:108FC0000A26A9E749B1FF2A85BF8A2303600A70F0
:108FD0004FF0FF3098BF01207047084670470000EF
:108FE000F8B500BFF8BC08BC9E467047F8B500BF96
:108FF000F8BC08BC9E46704700000000000000005E
:109000000108010842424242010801083ED8E98DA8
:109010006D3501084536010889360108B136010869
:10902000E970010845780108D9660108C96A010894
:10903000D56A0108ED6A01080D4D0108E16A0108D1
:109040003D670108A96A0108055A0108254D010874
:1090500099500108C54F0108754F0108C951010811
:10906000414A0108454C0108554C0108694C01086A
:10907000854C01084D550108AD540108855A010879
:10908000DD5A0108417B0108457B0108E096020892
:10909000B0960208389602088096020810970208D7
:1090A0007C970208AC970208A4990208C5650108DC
:1090B000996701086D650108455D0108617B01083C
:1090C000597B01085D7B0108B5580108E956010884
:1090D00059570108F94D01080D4E01082D4E0108A0
:1090E000BD4E0108D14E0108094F01089D480108F5
:1090F000B14C0108C54C0108C94C0108D14C01080C
:10910000DD4C0108E54C0108F54C0108FD4C010857
:10911000054D01089D560108CD5601088D670108CF
:10912000996B0108C56B0108316C0108395D0108B4
:10913000515D010835640108754601088146010842
:10914000D9460108E1460108FD4B0108094C010818
:1091500051470108F9480108ED4A01080149010891
:109160006D490108294A0108394A01087956010860
:10917000155201083D52010865520108BD5201080F
:10918000E95201089D50010895510108CD50010890
:10919000FD500108255101084D5101086D5101088C
:1091A000095801082D58010851580108755801083F
:1091B000955801087D5601088D5601082D55010866
:1091C0003D55010849530108914C010871530108AC
:1091D000295401083D5401085154010865540108FF
:1091E000795401088D540108A14C0108A94C0108CB
:1091F000497B01080D4D01081D4D0108254D010851
:109200008D4D0108914D0108954D0108A94D0108AA
:10921000DD4D0108E14D0108F14D01081D4F010828
:10922000294F01082D4F0108B5590108F95A0108C5
:10923000115B0108355B0108895B0108A95B010826
:10924000C5360108D9360108ED3601080137010895
:1092500015370108293701083D3701085137010842
:10926000816C0108A96C0108BD6C0108D16C010872
:10927000E56C0108F96C01080D6D0108216D01080C
:10928000C9370108CD370108E5370108F93701086A
:109290001138010825380108A13B0108DD3C01080F
:1092A000893801088D380108BD380108E9380108FE
:1092B0006939010875390108B93901082D3A0108E1
:1092C000453A01086D3A0108753A0108B56501088B
:1092D000B9650108FD3C0108013D01080D3D01088B
:1092E000113D0108153D01081D3D0108213D010802
:1092F000253D0108453D0108613D0108893D010802
:109300008D3D0108953D0108A93D0108B53D0108C5
:10931000B93D0108356D0108A16D0108316E0108E4
:10932000916E0108996E0108A16E0108B16E0108E5
:10933000C16E0108995D0208E96502082566020808
:10934000955D02085963020805610208E970010889
:1093500069740108097501081D7501085D7501082A
:109360006575010871750108797501088175010835
:109370008975010891750108B1750108D975010851
:10938000557601086D760108757601088D7601081D
:109390005D73010875730108857301088D730108F9
:1093A0009173010895730108E17301083174010894
:1093B0006577010891770108D577010801780108E0
:1093C0008178010871790108997901086D7A01089D
:1093D000B9790108BD790108C1790108517A0108FC
:1093E00069E5000821E60008617A0108819F01080B
:1093F00061A001080D7F0108157F01081D7F01088C
:10940000217F0108357F0108BD8B0108417F0108DC
:10941000717F0108E9820108917F0108F57F010849
:1094200069830108198501083185010859850108FA
:10943000E59B010865850108C58501082D9A01088D
:10944000B99C01081186010811870108459D010892
:10945000D99901089D990108C5990108419E010803
:109460003D890108258A0108058B01081D8B01082B
:10947000799E0108659D01089DA00108F9A00108D9
:1094800001000000000000000A00000000000000D1
:109490006400000000000000E8030000000000007D
:1094A0001027000000000000A0860100000000005E
:1094B00040420F000000000080969800000000006D
:1094C00000E1F5050000000000CA9A3B0000000022
:1094D00000E40B540200000000E87648170000008A
:1094E0000010A5D4E800000000A0724E180900008A
:1094F00000407A10F35A00004FBB610567ACDD3FB6
:10950000182D4454FB21E93F9BF681D20B73EF3FAA
:10951000182D4454FB21F93FE2652F227F2B7A3C22
:10952000075C143326A6813CBDCBF07A8807703CDB
:10953000075C143326A6913C000000000000E03FC9
:10954000000000000000E0BF0000E0FE422EE63F09
:109550000000E0FE422EE6BF763C7935EF39EA3D69
:10956000763C7935EF39EABD0000000000000000CC
:10957000000000000000008000000040FB21F93FD7
:10958000000000002D44743E000000809846F83C26
:109590000000006051CC783B00000080831BF03954
:1095A0000000004020257A38000000802282E33647
:1095B000000000001DF3693500000000000030438A
:1095C00000000000000030C330313233343536370C
:1095D0003839616263646566000000006661696C29
:1095E0006564207479706520636865636B20666FBD
:1095F0007220257020402570000000005654202560
:1096000070202D206F626A74797065202564206354
:109610006C6173734E6F202564000000756E686185
:109620006E646C656420657863657074696F6E2C18
:109630002076616C75653A000C0003F900000000AB
:109640000100000000000000BD430108055A0108A8
:1096500031420108A543010871430108654301082F
:1096600059430108854301086D697373696E67206A
:1096700070726F7065727479206F6E2025700000B3
:109680000C0003F9000000000100000000000000D1
:10969000BD430108055A010825420108114101088E
:1096A000154101082141010825410108294101080E
:1096B0000C0003F9000000000100000000000000A1
:1096C000BD430108055A01089D430108794001087E
:1096D000814001088540010889400108CD4001080A
:1096E0000C0003F900000000010000000000000071
:1096F000BD430108055A0108B54301085940010856
:109700006140010865400108B9430108694001084A
:109710000C0003F900000000010000000000000040
:10972000BD430108055A0108AD4301083141010854
:1097300041410108B1430108A94301085141010811
:109740005B4E61746976652025705D005B526566CD
:109750004F626A6563742076743D257020636C3DAA
:10976000256420737A3D25645D0000005B2573202D
:109770002570203D2025735D00000000080004F9DD
:10978000000000000300000000000000BD430108CD
:10979000055A0108000000005941010800000000BE
:1097A0000000000000000000000000000C0002F9B2
:1097B000000000000200000000000000BD4301089E
:1097C000055A010800000000A14301080000000044
:1097D000000000000000000000000000E096020809
:1097E0000700626F6F6C65616E000000E096020812
:1097F0000900756E646566696E6564007C97020891
:109800000000000000000000E096020800000000D8
:10981000E0960208080066756E6374696F6E00005A
:10982000E09602080900756E646566696E656400FD
:10983000E09602080800496E66696E697479000056
:10984000E096020803004E614E000000E096020818
:1098500009002D496E66696E69747900E096020808
:1098600004006E756C6C0000E096020804007472CF
:1098700075650000E0960208050066616C7365007E
:10988000E096020808005B4F626A6563745D000041
:10989000E09602080A005B46756E6374696F6E5D40
:1098A00000000000E096020806006E756D626572A9
:1098B00000000000E096020806006F626A656374AB
:1098C00000000000E09602080600737472696E677B
:1098D000000000006763416C6C6F632825642920D9
:1098E0002825642F256420667265653B2025642049
:1098F0006D617820626C6F636B29202D3E206E6550
:109900007720626C6F636B002D2D4D41524B000030
:1099100052503A25702F25640000000052473A2526
:10992000702F25640000000047432025642F256424
:1099300020667265653B202564206D6178426C6FFE
:10994000636B0000474320626C6F636B2025646289
:1099500020402025700000005265665265664C6FFD
:1099600063616C20257020763D257000526566434A
:109970006F6C6C656374696F6E2025702073697AF3
:10998000653D2564000000005265665265636F7294
:10999000642025702073697A653D2564206279749E
:1099A000657300000C0005F90000000004000000D1
:1099B00000000000D1660108DD650108416501086D
:1099C00089650108000000000000000000000000A0
:1099D0000000000076617269616E74206E6F742001
:1099E000737570706F727465643A2025730000009F
:1099F0005265664D61702025702073697A653D253A
:109A0000640000005365676D656E743A2025702C04
:109A1000206C656E6774683A2025642C2073697A1F
:109A2000653A2025640000002D3E202564000000DA
:109A30004572726F723A202564205B25645D0000D8
:109A4000526566416374696F6E2025702070633DB6
:109A500025582073697A653D25640000140004F9D7
:109A6000000000000800000000000000D1650108AF
:109A70000D660108556501089965010800000000A0
:109A8000000000000000000000000000080004F9D1
:109A9000000000000700000000000000D56601087B
:109AA000FD6501084D65010895650108000000008D
:109AB0000000000000000000000000000C0004F99D
:109AC000000000000600000000000000C965010859
:109AD000C9690108396501088565010800000000B1
:109AE0000000000000000000000000005253256448
:109AF0003A25702F25640000756E6B6E6F776E00CF
:109B00000A444D4553473A0A000000000A0A000083
:109B10001E0000000A0000000E0000000F00000000
:109B2000080000001D0000001F00000016000000DB
:109B30000D0000002E0000001C00000012000000BC
:109B4000730000002F00000018000000110000004A
:109B50001000000004000000710000001900000067
:109B600007000000060000000100000000000000E7
:109B70007000000000030C0F30333C3FC0C3CCCF5B
:109B8000F0F3FCFF00112233445566778899AABB95
:109B9000CCDDEEFF526566496D616765202570205A
:109BA00073697A653D2564207820256400000000F3
:109BB0000C0004F900000000050000000000000097
:109BC000657B0108697B0108316501088165010831
:109BD0000000000000000000000000000000000085
:109BE0000000000000000000C56E01086DA601081D
:109BF00071A6010875A60108B1AD01087DA601088E
:109C000091A6010865C4010845C8010800000000CC
:109C100000000000C56E01086DA60108B1A801088A
:109C200075A60108B1AD010809A701081DA7010823
:109C30008DBE0108FDBD010845BE010801BE010839
:109C4000C1A60108A5A80108CDC101082A2A2A2019
:109C5000434F44414C2050414E4943203A205B251C
:109C6000645D00000000000000000000A1A90108E0
:109C7000A9A901080DAA0108C9A90108000000004E
:109C80000000000021D901088DD90108F5D701088D
:109C900051DA01080DD8010859AA010879D801083C
:109CA00089D8010899D80108A5D80108A1DA0108C6
:109CB00041A90108B5D8010849A901087DDC0108BE
:109CC000C5D8010845DD010851A9010859A90108B5
:109CD00061A9010831DC010869A901089DDD0108BD
:109CE000A5A90108B9A9010811DA010891DC010848
:109CF000BDDC010819DB01086DDB01081DDC010872
:109D0000E9DC0108F5DA01080000000000000000AD
:109D1000C56E01086DA6010871A6010875A60108A7
:109D2000B1AD010839AD010875AD010800000000B2
:109D3000000000009DAF01087DAF010895AF01084C
:109D40006DAF010875AF01088DAF010885AF01083F
:109D500030780000444D455347206C696E6520748F
:109D60006F6F206C6F6E67210A00000025000000F5
:109D70003F3F3F000D0A000000000000000000000F
:109D8000C56E01086DA6010871A6010875A6010837
:109D9000B1AD01088DBD0108A5BD010889BD01084F
:109DA0000000000000000000C56E01086DA601085B
:109DB00071A6010875A60108B1AD01080DBE010824
:109DC00025BE01088DBE0108FDBD010845BE010884
:109DD00001BE010805BE010805BE0108CDC101088C
:109DE0000000000000000000C56E01086DA601081B
:109DF00071A6010875A60108B1AD010800000000B8
:109E00000000000065C40108010C02080000000009
:109E100000000000000000000000000039C501083B
:109E200039C50108010C0208000000000000000014
:109E3000C56E01086DA6010871A6010875A6010886
:109E4000B1AD010815C8010829C8010865C4010899
:109E500045C801080000000000000000C56E0108B0
:109E6000D9C8010871A60108C5C90108B1AD01082A
:109E7000A9C80108BDC80108A1C801081DCA010878
:109E80000000000000000000B1CA01086DAD01082B
:109E900095B10108C1CA01080000000000000000DF
:109EA00041D00108BDCB010825CB0108C5CA010876
:109EB00055CD0108E1CD0108F4FFFFFF00000000CF
:109EC000C56E01086DA6010871A6010875A60108F6
:109ED000B1AD0108D9CD0108F5CD010800000000A1
:109EE00000000000C56E01086DA6010871A60108FA
:109EF00075A60108B1AD01080DD1010821D10108F5
:109F0000B1D00108000000000000000005D70108E2
:109F100049D7010855D7010811D7010829D70108E9
:109F2000F1E301086DE501080DE4010891E4010881
:109F30004DE401082DE40108B9D6010861D70108F4
:109F4000FCFFFFFF0000000065E9010815EA0108B9
:109F5000DDD601088DD70108DDD80108FDD801083C
:109F600009D9010800020100000000000000000003
:109F700021D901088DD90108F5D7010851DA010866
:109F80000DD8010825DE010879D8010889D8010813
:109F900099D80108A5D80108A1DA010841A901084A
:109FA000B5D8010849A901087DDC0108C5D8010818
:109FB00045DD010851A9010859A9010861A9010855
:109FC00031DC010869A901089DDD01080DD90108EE
:109FD00011D9010811DA010891DC0108BDDC010882
:109FE00019DB01086DDB01081DDC0108E9DC010853
:109FF000F5DA0108000000000000000031E001086F
:10A00000B5F0010825F10108C9DF010851E0010898
:10A0100005E0010819E001081CFFFFFF0000000037
:10A0200011E0010829E0010849E0010829E60108DA
:10A0300081E60108E5DF010875E001080000000085
:10A0400000000000E1E00108F5E0010855E1010829
:10A0500075E1010881E10108000000000000000036
:10A060007D6F0108597201083DE1010849E10108CD
:10A0700085E1010849E2010800000000000000003D
:10A08000D1E30108D9E30108D9E30108E1E30108BC
:10A09000E9E30108F1E301086DE501080DE40108B9
:10A0A00091E401084DE401082DE40108A5E601084A
:10A0B000A9E60108B1E60108000000000000000068
:10A0C00065E9010815EA010825E90108B1E9010877
:10A0D0000000000000000000C9EC0108F9EC0108D4
:10A0E0004572726F7220696E697469616C697A6910
:10A0F0006E6720746865206D75746578206F626A7C
:10A100006563740A000000000000000000000450B5
:10A110000350000001000000000004500360000034
:10A120000200000000000450037000000300000063
:10A1300000000450038000000400000000000450F0
:10A1400003900000050000000000045003A0000080
:10A15000060000000000045003B0000007000000EB
:10A160000000045003C00000100000000000045074
:10A1700003F0000011000000000004500300010083
:10A18000FFFF0000FFFFFFFF00000000F0000000E5
:10A190000000045003000100F10000000000045022
:10A1A00003100100F2000000000004500320010031
:10A1B000FFFF0000FFFFFFFF00000000070000009E
:10A1C000005C00400A040000090000000054004048
:10A1D0000A04000016000000005400400A040000B9
:10A1E00016010000008400400A050000180000006D
:10A1F000005400400A0400001A010000005800400A
:10A200000A0400001A000000008400400A03000055
:10A210001D000000005800400A040000200000005B
:10A22000005C00400A04000020010000008400409F
:10A230000A020000FFFF0000FFFFFFFF0000000018
:10A240000A000000005400400A040000140000004E
:10A25000005C00400A0400001700000000540040A9
:10A260000A04000017010000008400400A050000F5
:10A2700019000000005400400A0400001B01000007
:10A28000005800400A0400001B0000000084004049
:10A290000A0300001E000000005800400A040000ED
:10A2A00021000000005C00400A04000021010000C1
:10A2B000008400400A020000FFFF0000FFFFFFFFD4
:10A2C000000000000000000000000040121100002B
:10A2D0000100000000000040122100000200000008
:10A2E00000000040123100000300000000000040A8
:10A2F00012410000050000000000004012110000A3
:10A300000600000000440140121E0000070000008B
:10A31000002C01401211020008000000002C014036
:10A320001211000009000000002C01401221000061
:10A330000A000000002C0140123100000B00000058
:10A34000002C01401241000010000000002C0140D0
:10A350001221020011000000002C01401231020005
:10A360001800000000440140121E00001A00000006
:10A3700000000040123100001B00000000000040FF
:10A3800012410000FFFF0000FFFFFFFF0000000080
:10A390000600000000300140020500000B00000034
:10A3A00000300140020500001400000000300140B0
:10A3B0000205000014010000003C004002060000FD
:10A3C0001E000000003800400205000022000000CE
:10A3D00000380040020500002B000000003C004057
:10A3E00002060000FFFF0000FFFFFFFF000000006B
:10A3F0000700000000300140020500000C000000D2
:10A40000003001400205000015000000003001404E
:10A410000205000015010000003C0040020600009B
:10A420001F0000000038004002050000230000006B
:10A4300000380040020500002C000000003C0040F5
:10A4400002060000FFFF0000FFFFFFFF000000000A
:10A45000010000000030014002050000050000007E
:10A4600000300140020500001300000000300140F0
:10A470000205000013010000003C0040020600003D
:10A480001A00000000380040020500001D00000016
:10A4900000380040020500002A000000003C004097
:10A4A00002060000FFFF0000FFFFFFFF00000000AA
:10A4B000040000000030014002050000040100001B
:10A4C000003C0040020600000F0000000030014088
:10A4D000020500000F010000003C004002060000E1
:10A4E00010000000003001400205000019000000CB
:10A4F00000380040020500001C0000000038004049
:10A5000002050000FFFF0000FFFFFFFF000000004A
:10A5100001000000004C0040120800000300000091
:10A5200000440040120700000301000000800040CA
:10A53000120800000A000000003801401207000065
:10A540000F0000000044004012030000170000004C
:10A5500000380140120700001A000000008000408F
:10A56000120800001B000000004800401207000015
:10A570002000000000800040120800002B000000B6
:10A5800000480040120700002B010000004C004072
:10A5900012080000FFFF0000FFFFFFFF00000000A7
:10A5A00000000000004C0040120800000200000003
:10A5B000004400401207000002010000008000403B
:10A5C00012080000090000000038014012070000D6
:10A5D0001600000000380140120700001A000000B9
:10A5E00000480040120700001B00000000800040EF
:10A5F0001208000021000000008000401208000046
:10A600002400000000480040120700002A0000005B
:10A6100000480040120700002A010000004C0040E2
:10A6200012080000FFFF0000FFFFFFFF0000000016
:10A63000525458206572726F7220636F64653A20BD
:10A640003078253038582C207461736B2049443A97
:10A65000203078253038580A000000001002000031
:10A66000E8030000040000007C0F00209C0F002085
:10A67000AC0F0020BC0F002005000100000200010B
:10A68000A11A0208020000000100000020030000DF
:10A69000F02900207F3801000000000000000000C9
:10A6A00005F20108B5F0010825F1010855F001088F
:10A6B00001F101080000000000000000A5F30108FE
:10A6C000CDF3010839F3010800000000000000008C
:10A6D0002DF4010855F4010821F4010800000000E0
:10A6E000000000000000000000000000010C020853
:10A6F00043616E6E6F7420696E697469616C697A0A
:10A7000065204144430A000050696E6D6170206508
:10A7100072726F723A2077726F6E6720706F727408
:10A72000206E756D6265722E00000000496E7465C2
:10A730007272757074496E206572726F723A207011
:10A74000696E206E6F7420737570706F72746564BB
:10A750002E0A0000000000000000000006000000BB
:10A7600000000000010000000700000000000000E1
:10A7700002000000080000000000000003000000CC
:10A780000900000000000000040000000A000000B2
:10A79000000000000500000017000000010000009C
:10A7A0000500000017000000020000000500000086
:10A7B0001700000003000000050000001700000063
:10A7C0000400000005000000170000000000000069
:10A7D0000600000028000000010000000600000044
:10A7E0002800000002000000060000002800000011
:10A7F0000300000006000000280000000400000024
:10A80000060000002800000005000000060000000F
:10A8100028000000636F756C64206E6F742070698F
:10A820006E6F75740000000070696E6D6170206D50
:10A8300069732D6D617463680000000070696E6D4E
:10A840006170206E6F7420666F756E6420666F7223
:10A85000207065726970686572616C0070696E6DF8
:10A860006170206E6F7420666F756E6420666F7203
:10A870002066756E6374696F6E0000003A25700083
:10A880004F70657261746F72206E6577206F75749A
:10A89000206F66206D656D6F72790D0A00000000F3
:10A8A000A8A80208DC230020AD5C0208BD5C0208F9
:10A8B000595D0208715D02081D5D0208010000007B
:10A8C000020000000400000008000000100000006A
:10A8D0002000000040000000800000000001000097
:10A8E000000200000004000000080000001000004A
:10A8F00000200000004000000080000043616E6EF8
:10A900006F7420696E697469616C697A652050574B
:10A910004D0A0000556E6B6E6F776E2050574D20BC
:10A92000696E7374616E6365000000000000004092
:10A93000000000000004004000000000002C014066
:10A9400001000000004001400100000000440140FF
:10A95000010000000000000002000000242400208C
:10A9600043616E6E6F7420696E697469616C697A97
:10A970006520554152540A00434C4B3A20535049EC
:10A9800020696E7374616E6365206E6F74207365E9
:10A9900074000000040208000010101004101010D1
:10A9A000021010100800000043616E6E6F74206981
:10A9B0006E697469616C697A6520535049000000C2
:10A9C00000000800100018002000280030003800A7
:10A9D000000000000000000001020304060708094F
:10A9E0000000000001020304A0860100400D0300E6
:10A9F000801A060000350C0040420F0080841E00C3
:10AA000000093D0000127A000024F40000366E01B7
:10AA10000048E801006CDC0261636F730000000015
:10AA200061636F73680000006173696E000000006D
:10AA30006174616E68000000636F7368000000005D
:10AA400065787000666D6F64000000006C6F6700D1
:10AA50006C6F673130000000706F770073696E684B
:10AA60000000000073717274000000007371727452
:10AA700066000000FB21F93FFB2109407CD9124010
:10AA8000FB2119407A6A1F407CD92240BBFD25403A
:10AA9000FB2129403A462C407A6A2F405C473140DE
:10AAA0007CD932409C6B3440BBFD3540DB8F374056
:10AAB000FB2139401BB43A403A463C405AD83D400D
:10AAC0007A6A3F404C7E40405C4741406C104240B7
:10AAD0007CD942408CA243409C6B4440AC344540FE
:10AAE000BBFD4540CBC64640DB8F4740EB58484056
:10AAF000FB21494083F9A200444E6E00FC29150059
:10AB0000D1572700DD34F50062DBC0003C99950089
:10AB1000419043006351FE00BBDEAB00B761C5004E
:10AB20003A6E2400D24D42004906E00009EA2E00A8
:10AB30001C92D100EB1DFE0029B11C00E83EA700CD
:10AB4000F535820044BB2E009CE98400B4267000D9
:10AB5000417E5F00D6913900538339009CF439005F
:10AB60008B5F840028F9BD00F81F3B00DEFF9700D3
:10AB70000F980500112FEF000A5A8B006D1F6D0012
:10AB8000CF7E360009CB2700464FB7009E663F00B8
:10AB90002DEA5F00BA277500E5EBC7003D7BF100A9
:10ABA000F739070092528A00FB6BEA001FB15F0081
:10ABB000085D8D00300356007BFC4600F0AB6B0057
:10ABC00020BCCF0036F49A00E3A91D005E6191001D
:10ABD000081BE60085996500A0145F008D406800A1
:10ABE00080D8FF0027734D0006063100CA561500B5
:10ABF000C9A873007BE260006B8CC000000FC93FE6
:10AC0000000F494000CB9640000FC9400053FB4065
:10AC100000CB164100ED2F41000F49410031624148
:10AC200000537B41003A8A4100CB9641005CA3412E
:10AC300000EDAF41007EBC41000FC94100A0D541ED
:10AC40000031E24100C2EE410053FB4100F20342F9
:10AC5000003A0A420083104200CB164200141D4203
:10AC6000005C234200A5294200ED2F420036364207
:10AC7000007E3C4200C74242000F4942A200000051
:10AC8000F9000000830000006E0000004E0000008C
:10AC9000440000001500000029000000FC00000036
:10ACA0002700000057000000D1000000F500000060
:10ACB00034000000DD000000C0000000DB000000E8
:10ACC0006200000095000000990000003C000000B8
:10ACD000430000009000000041000000FE00000062
:10ACE0005100000063000000AB000000DE00000027
:10ACF000BB000000C500000061000000B7000000BC
:10AD0000240000006E0000003A0000004200000035
:10AD10004D000000D2000000E0000000060000002E
:10AD2000490000002E000000EA00000009000000B9
:10AD3000D1000000920000001C000000FE00000096
:10AD40001D000000EB0000001C000000B10000002E
:10AD500029000000A70000003E000000E8000000FD
:10AD60008200000035000000F50000002E00000009
:10AD7000BB0000004400000084000000E900000067
:10AD80009C0000007000000026000000B4000000DD
:10AD90005F0000007E00000041000000390000005C
:10ADA00091000000D6000000390000008300000080
:10ADB0005300000039000000F40000009C00000077
:10ADC000840000005F0000008B000000BD00000058
:10ADD000F9000000280000003B0000001F000000F8
:10ADE000F800000097000000FF000000DE000000F7
:10ADF00005000000980000000F000000EF000000B8
:10AE00002F000000110000008B0000005A0000001D
:10AE10000A0000006D0000001F0000006D0000002F
:10AE2000360000007E000000CF0000002700000078
:10AE3000CB00000009000000B70000004F00000038
:10AE4000460000003F000000660000009E00000079
:10AE50005F000000EA0000002D0000007500000007
:10AE600027000000BA000000C7000000EB0000004F
:10AE7000E5000000F10000007B0000003D00000044
:10AE80000700000039000000F70000008A00000001
:10AE90005200000092000000EA0000006B00000079
:10AEA000FB0000005F000000B10000001F00000078
:10AEB0008D0000005D00000008000000560000004A
:10AEC000030000003000000046000000FC0000000D
:10AED0007B0000006B000000AB000000F0000000F1
:10AEE000CF000000BC000000200000009A0000001D
:10AEF000F4000000360000001D000000A900000062
:10AF0000E300000091000000610000005E0000000E
:10AF1000E60000001B0000000800000065000000C3
:10AF200099000000850000005F0000001400000090
:10AF3000A000000068000000400000008D0000003C
:10AF4000FF000000D8000000800000004D0000005D
:10AF50007300000027000000310000000600000020
:10AF6000060000001500000056000000CA000000A6
:10AF700073000000A8000000C9000000600000008D
:10AF8000E20000007B000000C00000008C00000018
:10AF90006B0000000200000003000000040000003D
:10AFA000060000000000C93F0000F0390000DA3759
:10AFB0000000A2330000842E0000502B0000C227A6
:10AFC0000000D0220000C41F0000C61B0000441770
:10AFD000040000000700000009000000000000005D
:10AFE0000000000000000000000000000000000061
:10AFF0000000000000000000000000000000000051
:10B000000000000000000000000000000000000040
:10B010000000000000000000000000000000000030
:10B020000000000000000000000000000000000020
:10B0300000000000000000000000000038020020B6
:10B04000CC0300000F0010014300504F534958003B
:10B050002E00002020202020202020202828282802
:10B0600028202020202020202020202020202020D8
:10B070002020208810101010101010101010101028
:10B080001010100404040404040404040410101038
:10B0900010101010414141414141010101010101E4
:10B0A0000101010101010101010101010101101072
:10B0B00010101010424242424242020202020202B8
:10B0C0000202020202020202020202020202101044
:10B0D0001010200000000000000000000000000030
:10B0E0000000000000000000000000000000000060
:10B0F0000000000000000000000000000000000050
:10B10000000000000000000000000000000000003F
:10B11000000000000000000000000000000000002F
:10B12000000000000000000000000000000000001F
:10B13000000000000000000000000000000000000F
:10B1400000000000000000000000000000000000FF
:08B150000000000000000000F7
:08B158001483FE7F01000000DA
:10B1600000000000A10D0C007F000000B83200209C
:10B1700081EF010800000000010000000010000045
:10B18000CC0F0020BD2802080100000010000000C4
:10B1900000093D003802002000000000FCAF02085A
:10B1A0001CB00208DCAF0208000000000000000034
:10B1B000000000000000000000000000000000008F
:10B1C000000000000000000000000000000000007F
:10B1D000000000000000000000000000000000006F
:10B1E000000000000000000000000000000000005F
:10B1F000000000000000000043000000000000000C
:10B20000000000000000000000000000000000003E
:10B2100000000000000000004300000000000000EB
:10B22000000000000000000000000000000000001E
:10B2300000000000000000004300000000000000CB
:10B2400000000000000000000000000000000000FE
:10B2500000000000000000004300000000000000AB
:10B2600000000000000000000000000000000000DE
:10B27000000000000000000043000000000000008B
:10B2800000000000000000000000000000000000BE
:10B29000000000000000000043000000000000006B
:10B2A000000000000000000000000000000000009E
:10B2B000000000000000000043000000000000004B
:10B2C000000000000000000000000000000000007E
:10B2D0000000000000000000C58F0208C58D0208B4
:10B2E0000000000052B0020850B0020851B002083D
:10B2F00051B0020851B0020851B0020851B0020822
:10B3000051B0020851B0020851B0020851B0020811
:10B31000FFFFFFFFFFFFFFFFFFFFFFFFFFFF00003B
:10B3200001004153434949000000000000000000B3
:10B33000000000000000000000000000000000000D
:10B340000000415343494900000000000000000094
:10B3500000000000000000000000000000000000ED
:10B360000000000000040100513401089D6501083F
:10B370009D720108E1F201082D340108000000006F
:0400000508022B8D35
:00000001FF
