:020000040800F2
:10E0000000800220092E0208ED900208ED9002081F
:10E01000ED900208ED900208ED900208000000006B
:10E0200000000000000000000000000065EA010898
:10E03000ED900208000000000BEB01086BEB0108FB
:10E04000ED900208ED900208ED900208ED900208B4
:10E05000ED900208ED900208ED900208ED900208A4
:10E06000ED900208ED900208ED900208ED90020894
:10E07000ED900208ED900208ED900208ED90020884
:10E08000ED900208ED900208ED90020839FB0108BE
:10E0900025FA0108ED9002083DFB0108ED90020809
:10E0A000ED900208ED900208ED900208ED90020854
:10E0B000ED900208ED90020800000000ED900208CB
:10E0C000ED900208ED900208ED900208ED90020834
:10E0D000ED900208ED900208ED900208ED90020824
:10E0E000ED900208ED900208000000000000000022
:10E0F0000000000000000000000000000000000020
:10E1000000000000ED90020800000000ED90020801
:10E11000ED90020800000000ED90020800000000F1
:10E12000ED900208ED900208ED900208ED900208D3
:10E13000ED900208ED900208ED900208000000004A
:10E14000ED900208ED900208ED900208ED900208B3
:10E15000ED900208ED900208ED900208ED900208A3
:10E16000ED900208ED900208ED900208000000001A
:10E1700000000000ED900208000000000000000018
:10E18000ED900208ED900208ED900208ED90020873
:10E19000ED900208000000002DE9F04F85B00391DA
:10E1A0000778A7F10903042B044607F07F0200F16A
:10E1B0000100F5D9202AF3D02B2F04BF677804463D
:10E1C0002D2F72D09FED427B8DED007B4FF000082C
:10E1D0004FF000098FB34FF0000E4FF0000ADFF848
:10E1E00000B1754619E018F0C7F8804689463046F8
:10E1F00018F05CF842464B4617F00CFF524680463A
:10E2000089465B46DDE9000135B318F0DFF9CDE959
:10E210000001AE4614F8017F7FB1A7F13006092E48
:10E2200052465B4640464946DDD9C5B92E2F16D128
:10E2300014F8017F0125002FEFD142464B46DDE95E
:10E24000000118F099F880468946039B40464946EC
:10E250001C6005B0BDE8F08F4FF0010EDAE7BEF1AB
:10E26000000F29D042464B46DDE9000118F084F842
:10E2700007F0DF07452F80468946E6D10399601CE9
:10E280000A221AF045FE16490246002018F0D4FB77
:10E2900002460B464046494618F06EF880468946CD
:10E2A0004046494605B0BDE8F08F9FED0B7B67788F
:10E2B0008DED007B013489E7DFF828904FF00008EE
:10E2C0004046494605B0BDE8F08F00BFAFF300807F
:10E2D000000000000000F03F000000000000F0BF60
:10E2E000000024400000F87F2DE9F84F1646002377
:10E2F000002204460D4618F0B1FA002840F09D8037
:10E30000002200232046294618F09EFA28B1302228
:10E31000002332707370BDE8F88F2046294619F04B
:10E32000A9F918F0D9FA7BA3D3E90023814629463D
:10E33000204618F093FA002800F08680B9F1000F0B
:10E34000C0F2BE804A4600206F4918F075FB0246B5
:10E350000B462046294618F039F904460D4666A1B9
:10E36000D1E9000101274FF0000822462B4618F0A2
:10E3700003F80022654B17F04DFE18F099FB002FB3
:10E38000CC464FF0FF3AC1464FF0000840F385807D
:10E39000DFF888E15E4C0122AEF1700945F6F32505
:10E3A0004FF02E0BA94208BFA0424FF0300309D313
:10E3B000001B61EB0501A94208BFA04203F1010364
:10E3C000F6D2DBB2337050EA010306F1010409D141
:10E3D000BA4210DACE4502F101020CD026467EE8A0
:10E3E0000245DFE7BA4204BF86F801B0B41CCE454F
:10E3F00002F10102F2D1B8F1000F0DD02246302116
:10E4000002F8011BC2F1010353442344002BF7DC43
:10E410002AEAEA7301331C44BCF1010F4CD0652396
:10E42000BCF1000F2370C5BF2B236370611CA11CBE
:10E430006046BDE8F84F0CF081BD05F100431D4674
:10E440002D23337001365BE72DA3D3E9002320464B
:10E45000294618F021FA00287FF470AFB9F10E0FA9
:10E4600009F101073DDDA9F10E08424600202649C9
:10E4700018F0E2FA02460B462046294618F0A6F8A4
:10E480000022224B17F0C6FD18F012FB002FA9F155
:10E490000F0A4FF0010C3FF77BAF334630222E249A
:10E4A00003F8022B74707FEA090618D01E4403F8A3
:10E4B000012BB342FBD16BE700232370BDE8F88F3B
:10E4C000C9F100020020104918F0B6FA02460B46C6
:10E4D0002046294617F050FF04460D463FE71E46EA
:10E4E00056E7C9F10E0200200749C84618F0A4FA01
:10E4F0004FF0010939E700BF0000901EC4BCD642AE
:10E5000050EFE2D6E41A4B44000024400000E03F04
:10E5100000407A108DEDB5A0F7C6B03E889802088D
:10E5200070B54FF0FF3006F095F904466FF07F406C
:10E5300006F090F90646204617F0A8FE00220C4B84
:10E5400017F01AFF044630460D4617F09FFE06A34B
:10E55000D3E9002318F03AF802460B462046294634
:10E5600017F058FD70BD00BF0000E0DFFFFF6F43F4
:10E570000000F03D00000000294B70B50646186809
:10E580000D4609F04DFB00283DDB09F0D5F8002EC3
:10E59000044639DD234B186817F088FE1EA3D3E923
:10E5A000002317F0E9FE0022002317F033FD18F0D6
:10E5B00093F9236820EAE071B1F5806FA8BF4FF4AA
:10E5C0008061DB682046984723681749D3F880307C
:10E5D00091FBF6F120469847002D14DDA5F11406B5
:10E5E000012EB8BF012630460DF082FA236820467E
:10E5F000DB6800219847A81B0128B8BF0120BDE8AF
:10E6000070400DF075BA70BD03680021DB68BDE88D
:10E6100070401847AFF30080101010101010104019
:10E62000E40500200802002040420F000000000026
:10E6300038B5154B1B68002B04460CBF182005206D
:10E6400009F07AF80546204617F030FE0CA3D3E90E
:10E65000002317F091FE0022002317F0DBFC18F0D6
:10E660003BF92B6820EAE071B1F5007FDB68A8BFB9
:10E670004FF4007128469847044B1C6038BD00BF1A
:10E680001010101010100040E405002008020020B7
:10E6900030B52D4B8DB01A680092009A120205D445
:10E6A000009A42F400020092009A1A60274A284B0E
:10E6B000126801921B6802930DF0D0FF17F0F6FD6F
:10E6C000CDE90401019B9BB20193029B9BB2029393
:10E6D000DDE904011AA3D3E9002317F04DFE1D4B19
:10E6E0000022CDE90401CDE906230298019BC01A5E
:10E6F00017F0CCFDCDE90801DDE90445019817F0DC
:10E70000C5FD02460B462046294617F081FCCDE99F
:10E710000A01DDE90601DDE90823DDE90A4517F014
:10E7200055FF22462B4617F027FE00220A4B17F012
:10E7300071FC18F0F9F8039003980DB030BD00BFDC
:10E740009A9999999999F13F08030450A875FF1F68
:10E75000CA75FF1F0000544000003E40000000004A
:10E760002DE9F04F2DED028B044683B0C06817F001
:10E770009DFD80462069894617F098FD82466069B4
:10E780008B4617F093FD024601F1004306460F4603
:10E790004046494618F01AFE18F0E6F8E0620546D1
:10E7A00018F0C8FC0190284618F078FC019B05463B
:10E7B000184617F08DFD42464B4617F0DDFD8046AA
:10E7C0002846894617F084FD32463B4617F0D4FDB3
:10E7D00002460B464046494617F01AFC02460B46D5
:10E7E0005046594618F0F2FD18F0BEF8002208EE27
:10E7F000100A00233046394618F04EF828B3B5EE1B
:10E80000C08AF1EE10FA1CDD11A7D7E9006718EEF7
:10E81000100A17F05DFD02460B463046394617F0E8
:10E82000F7FB32463B4617F0F5FB18F09DF8A06267
:10E83000E38843F00203E38003B0BDEC028BBDE844
:10E84000F08F05A7D7E90067E1E784ED0A8AEFE7D3
:10E85000EA2E4454FB21F93FEA2E4454FB21F9BF30
:10E8600008B50DF02DFEDFED0C7A07EE100A67EE0D
:10E87000277A17EE900A17F02BFD05A3D3E90023A2
:10E8800017F0A4FE18F028F808BD00BFAFF3008011
:10E89000EA2E4454FB2119400000B443000000005C
:10E8A00008B50DF021FEDFED0C7A07EE100A67EED9
:10E8B000277A17EE900A17F00BFD05A3D3E9002382
:10E8C00017F084FE18F008F808BD00BFAFF3008011
:10E8D000EA2E4454FB2119400000B443000000001C
:10E8E000494A21F0004393422DE9704304460D4606
:10E8F0004BDC464A93420E460EDC3FA3D3E900238D
:10E9000017F088FB0022424B17F0C6FF00284CD0BE
:10E9100020462946BDE870833E4A93423BDCB3F172
:10E92000804F42DD18F0A0FA2246804689462B46E9
:10E930002046294617F020FD0022354B17F06AFBD0
:10E9400019F056F902460B464046494617F062FB5D
:10E9500002460B4600202E4917F038FE4246044678
:10E960000D464B464046494617F054FB02460B46BF
:10E970002046294617F04EFB02F06AF8002EC9DC4B
:10E9800001F100431946BDE8708302460B4617F0BB
:10E9900041FBBDE8708318F067FA02F059F818A33C
:10E9A000D3E9002317F036FBE8E722462B46204642
:10E9B000294617F0E1FC804689462046294618F092
:10E9C00053FA002204460D46114B4046494617F0C3
:10E9D00021FB19F00DF900220D4B17F01BFB02462D
:10E9E0000B464046494617F0F1FD22462B4617F0EC
:10E9F00011FB00F0C5FAC1E79C7500883CE4377E46
:10EA0000EF39FAFE422EE63FFFFFEF7FFFFF2F3E7A
:10EA10000000F03F0000B0412DE9F84FC44B21F059
:10EA200000469E4204460D468A460EDDC14B9E427C
:10EA300000F3AC8000F0A780BAF1000F40F3EA8049
:10EA40009FA1D1E90001BDE8F88FBB4B9E4200F3C6
:10EA5000B580A3F1DE739E4240F3A0804FF0FF3BF0
:10EA600022462B462046294617F086FC02460B46D6
:10EA70008046894617F080FC93A3D3E9002306461D
:10EA80000F4617F079FC92A3D3E9002317F0C2FADE
:10EA900032463B4617F070FC8FA3D3E9002317F0F2
:10EAA000B9FA32463B4617F067FC8DA3D3E9002341
:10EAB00017F0B0FA32463B4617F05EFC8AA3D3E962
:10EAC000002317F0A7FA32463B4617F055FC88A3FF
:10EAD000D3E9002317F09EFA42464B4617F04CFC50
:10EAE00085A3D3E90023804689463046394617F08E
:10EAF00043FC83A3D3E9002317F08AFA32463B464E
:10EB000017F03AFC80A3D3E9002317F081FA3246CC
:10EB10003B4617F031FC7EA3D3E9002317F078FAC7
:10EB200032463B4617F028FC7BA3D3E9002317F0BD
:10EB30006FFA32463B4617F01FFCBBF1FF3F02461F
:10EB40000B466CD04046494617F064FA22462B46E5
:10EB500017F012FC794E7A4B4FEACB0B5E449B4484
:10EB6000DBE9002317F054FA22462B4617F050FA3F
:10EB700002460B46D6E9000117F04AFABAF1000F37
:10EB800043DBBDE8F88F00283FF456AF22462B4602
:10EB90002046294617F03EFABDE8F88F60A3D3E976
:10EBA000002317F037FA0022664B17F075FE002895
:10EBB0003FF454AF20462946BDE8F88F18F054F9C9
:10EBC000614B9E4204460D4639DCA3F550239E421C
:10EBD0005EDC02460B4617F01DFA0022594B17F077
:10EBE00017FA002206460F464FF08043204629467A
:10EBF00017F010FA02460B463046394617F0E6FC8D
:10EC00004FF0000B04460D462AE701F10043194678
:10EC1000BDE8F88F44A1D1E90001BDE8F88F404676
:10EC2000494617F0F7F922462B4617F0A5FB024696
:10EC30000B462046294617F0EBF9BDE8F88F434B09
:10EC40009E421ADC0022424B17F0E2F900220646EF
:10EC50000F463F4B2046294617F08EFB0022394BCA
:10EC600017F0D8F902460B463046394617F0AEFC8D
:10EC70004FF0020B04460D46F2E602460B4600201A
:10EC8000344917F0A3FC4FF0030B04460D46E7E6AA
:10EC900000222C4B17F0BCF9002206460F46294BE8
:10ECA0002046294617F0B6F902460B46304639464B
:10ECB00017F08CFC4FF0010B04460D46D0E600BF68
:10ECC000182D4454FB21F93F11DA22E33AAD903F6D
:10ECD000EB0D76244B7BA93F513DD0A0660DB13F93
:10ECE0006E204CC5CD45B73FFF8300922449C23FFB
:10ECF0000D5555555555D53F2F6C6A2C44B4A2BFC0
:10ED00009AFDDE522DDEAD3F6D9A74AFF2B0B33F87
:10ED1000711623FEC671BC3FC4EB98999999C93FFF
:10ED20009C7500883CE4377E182D4454FB21F9BFC4
:10ED3000FFFF0F440000F07FFFFFDB3F98980208C1
:10ED4000B89802080000F03FFFFFF23FFF7F03404A
:10ED50000000F83F0000F0BF2DE9F843C1F30A5965
:10ED6000A9F2FF35132D02460B460C46064688468F
:10ED7000074622DC002D50DBDFF8F09049FA05F958
:10ED800001EA090E5EEA06061CD036A3D3E9002389
:10ED900017F040F90022002317F07EFD48B1002C47
:10EDA00004DD4FF4801343FA05F5A84428EA09046A
:10EDB000002721463846BDE8F883332D06DDB5F53A
:10EDC000806F3DD010461946BDE8F883A9F213497B
:10EDD0004FF0FF3E2EFA09F910EA090FF2D021A3F5
:10EDE000D3E9002317F016F90022002317F054FD91
:10EDF0000028DED0002C09DD142D2BD00127C5F111
:10EE0000340507FA05F5AE1928BFB844444626EA8A
:10EE1000090721463846BDE8F88312A3D3E9002349
:10EE200017F0F8F80022002317F036FD0028C0D0B4
:10EE3000002C0BDB54EA060706D00027084CB8E785
:10EE400017F0E8F8BDE8F8833C46B2E700274FF03A
:10EE50000044AEE704F10108D8E700BFAFF300803B
:10EE60000000F03F9C7500883CE4377EFFFF0F00F8
:10EE70002DE9F041C1F30A57A7F2FF35132D0246E1
:10EE80000B460C46884606461CDC002D3FDB3A4FFD
:10EE90002F41864601EA070C5CEA0E0E17D034A318
:10EEA000D3E9002317F0B6F80022002317F0F4FC92
:10EEB00020B1002C3FDB28EA07040026214630461B
:10EEC000BDE8F081332D06DDB5F5806F2FD01046FB
:10EED0001946BDE8F081A7F213474FF0FF3E2EFA26
:10EEE00007F73842F3D022A3D3E9002317F092F8B2
:10EEF0000022002317F0D0FC0028DFD0002C20DBFC
:10EF0000444626EA070621463046BDE8F08118A3AC
:10EF1000D3E9002317F07EF80022002317F0BCFC91
:10EF20000028CBD0002C17DB00263446C6E717F0AC
:10EF300071F8BDE8F0814FF4801343FA05F5A84459
:10EF4000B9E7142D10D00123C5F1340503FA05F5F6
:10EF5000AE1928BF9844D3E724F00042074B324350
:10EF600018BF1C460026A9E704F10108C8E700BF46
:10EF70009C7500883CE4377EFFFF0F000000F0BF67
:10EF80002DE9F04FD84B994287B0804689460E460E
:10EF900013DCD64B21F000449C4218DD0022D44BF8
:10EFA00017F052FC002879D0002200230020D1491C
:10EFB00017F00CFB07B0BDE8F08FCF4B99422FDD67
:10EFC00042464B4617F026F807B0BDE8F08FCB4B12
:10EFD0009C4270DDCA4B1E449E427ED80022C94B23
:10EFE0004046494617F016F84FEA215AAAF2FF3A6E
:10EFF000BAF1000F04460D460E4640F3DE8142464C
:10F000004B4617F005F802460B460020BD4916F0A6
:10F01000FFFF22462B4617F0D9FACDE902010BE09B
:10F02000B94B9E42DADD9FED9A7B8DED027B4FEA74
:10F03000265A4446AAF2FF3AB44BC6F313069E4240
:10F0400046F07F5500F3E78045F4401520462946F9
:10F050000022AC4B16F0DCFF002204460D46AC4B00
:10F0600017F08AF922462B4617F086F9A046CDE91B
:10F070000401A946CDE90001002E3AD10022002367
:10F080002046294617F0E0FB002800F0CE80BAF1B8
:10F09000000F40F074810020002195E742464B4666
:10F0A0004046314616F0B4FF02460B4617F08EFA82
:10F0B00007B0BDE8F08F0022964B16F0ABFF0022A0
:10F0C000002317F0E9FB002800F0CC80924B9C4213
:10F0D00000F3C8804046494676E700228C4B17F083
:10F0E0004BF942464B4617F047F9CDE900014FF086
:10F0F000000A00224FF080434046494616F08AFF3E
:10F1000002460B464046494617F060FA02460B4657
:10F1100006460F4617F030F95FA3D3E900230446F3
:10F120000D4617F029F95EA3D3E9002316F072FF0C
:10F1300022462B4617F020F95BA3D3E9002316F0F3
:10F1400069FF22462B4617F017F959A3D3E900238C
:10F1500016F060FF22462B4617F00EF956A3D3E9AE
:10F16000002316F057FF22462B4617F005F954A34B
:10F17000D3E9002316F04EFF22462B4617F0FCF889
:10F1800051A3D3E9002316F045FF22462B4617F082
:10F19000F3F804460D46BAF1000F00F0BF80504668
:10F1A00017F084F84AA3D3E9002382468B4617F070
:10F1B000E3F8DDE90023CDE904012046294616F0F5
:10F1C00029FF32463B4617F0D7F843A3D3E9002383
:10F1D00004460D465046594617F0CEF8DDE90223A5
:10F1E00016F018FF02460B462046294616F012FF7D
:10F1F00002460B46DDE9000116F00AFF42464B4687
:10F2000016F006FF02460B46DDE9040116F000FF8A
:10F2100007B0BDE8F08F45F40015C6F5801620460E
:10F220002946B6100AF1010A12E72DA3D3E90023FB
:10F230002046294617F0A0F802460B460020314927
:10F2400016F0E6FEDDE9042317F096F806460F46B1
:10F25000BAF1000F73D102460B462046294616F03C
:10F26000D7FEB1E642464B464046494617F084F881
:10F270000022274B17F080F802460B4640464946CD
:10F2800016F0C6FE07B0BDE8F08F00BFAFF30080F8
:10F29000000000000000000044523EDF12F1C23FB7
:10F2A0009FC678D0099AC33FDE03CB966446C73F1A
:10F2B000AF788E1DC571CC3F599322942449D23F1B
:10F2C00004FA97999999D93F935555555555E53F66
:10F2D0000000E0FE422EE63F763C7935EF39EA3D0C
:10F2E000555555555555E53F7982DA3FFFFFEF3FBC
:10F2F0000000F0BF000050C3FFFFEF7FFFFF1F3E85
:10F300003C412D400000F03FFFFF3F439DA0060021
:10F310000000E03F00005043FFFF8F3CDDE9004567
:10F3200022462B4616F076FE32463B4617F024F86E
:10F3300002460B462046294616F06AFE9CE75046D8
:10F3400016F0B4FF23A3D3E9002382468B4617F0BF
:10F3500013F822A3D3E90023804689465046594634
:10F3600017F00AF8DDE9022316F054FE02460B46B8
:10F370003046394616F04CFE22462B46DCE7504616
:10F3800016F094FF15A3D3E9002306460F4616F0A6
:10F39000F3FFDDE9022316F03DFE0EA3D3E90023BF
:10F3A00004460D463046394616F0E6FF02460B4647
:10F3B0002046294616F02EFE06E60022044B16F0E3
:10F3C00027FE02460B464046494616F021FE20E63F
:10F3D0000000F03F0000E0FE422EE63F763C79352B
:10F3E000EF39EA3D0000000008B518F0C3F804A3A7
:10F3F000D3E9002317F0EAF808BD00BFAFF300809F
:10F40000EF39FAFE422EE63F2DE9F043DFF8B480F3
:10F410008BB004460D4601F0F3F898F90030013343
:10F4200006460F462BD022462B462046294617F08B
:10F430003DFA814618BB2046294617F015FD1FA34B
:10F44000D3E9002317F028FAC8B1194A98F9003017
:10F45000CDF820900321CDE90445CDE902458DE8A2
:10F4600006008BB9134B4FF06042CDE90623684686
:10F4700019F04CFA70B1089B9BB9DDE9066730467C
:10F4800039460BB0BDE8F0830B490020022BCDE9D3
:10F490000601ECD119F0B8FB22230360089B002B76
:10F4A000EBD019F0B1FB089B0360E6E7AFF30080F7
:10F4B000D8AD0208FFFFEF470000F07F7DF8B98F5D
:10F4C000CE338640060400202DE9F043DFF8E480C7
:10F4D0008BB004460D4601F043F998F90030013332
:10F4E00006460F4633D02046294619F009FA70B374
:10F4F0002CA3D3E900232046294617F0CDF98146F5
:10F5000050BB2AA3D3E900232046294617F0A6F9C9
:10F51000E8B198F90030204ACDF820900026002765
:10F520000421022BCDE90445CDE90245CDE906676A
:10F530008DE8060029D0684619F0E8F928B3089B41
:10F540001BB119F061FB089B0360DDE906673046DB
:10F5500039460BB0BDE8F0830F4A98F900300192AC
:10F5600003210022CDE90445CDE90245009108922E
:10F570002BB90A4B4FF06042CDE90623DBE708497F
:10F580000020022BCDE90601D5D119F03DFB222345
:10F590000360D4E7AFF30080E0AD0208FFFFEF4760
:10F5A0000000F07FEF39FAFE422E864051302DD513
:10F5B000104987C0060400202DE9F04FDFF80C93B6
:10F5C0008DB006460F4614461D4601F0C5FC99F95C
:10F5D0000080B8F1FF3FCDE9000136D022462B462E
:10F5E0002046294617F062F9834670BB32463B46F7
:10F5F0003046394617F05AF98246002840F0A2807A
:10F60000304639460022002317F01EF910B30022BD
:10F6100000232046294617F017F9834600286AD0B0
:10F620009FEDA17B0122A44BCDF828A00292CDE949
:10F630000467CDE906458DED087B0393B8F1000F13
:10F6400045D09FED9B7B8DED007BDDE900010DB08A
:10F65000BDE8F08FDDE9000119F052F9804600287D
:10F6600000F08D804FF0000A4FF0000BDDE9000143
:10F6700052465B4617F0E8F80028E6D03046394697
:10F6800019F03EF90028E0D02046294619F038F953
:10F690000028DAD099F90030874A03920421002229
:10F6A000022BCDE90467CDE90645CDE908AB02910F
:10F6B0000A9203D002A819F029F968B919F0A4FA3E
:10F6C0002223036008E09FED787B8DED087B02A884
:10F6D00019F01CF9002830D00A9B1BB119F094FADC
:10F6E0000A9B03609DED087B8DED007BDDE9000149
:10F6F0000DB0BDE8F08F2046294619F001F9002829
:10F70000A3D0002200232046294617F0A7F800289E
:10F710009BD099F90030684ACDF828B00121CDE995
:10F720000467CDE9064502910392002BCBD06349D3
:10F730000020022BCDE90801C9D119F065FA212377
:10F740000360C9E7002200232046294617F07CF811
:10F7500000283FF47AAF5A4B5749CDF828B0002221
:10F760000120B8F1020FCDE904670290CDE906450A
:10F77000CDE908230391AAD1CDE9002365E73046FE
:10F78000394619F0BDF800283FF46CAF20462946F1
:10F7900019F0B6F800283FF465AFDDE90023104604
:10F7A000194617F083F800285FD1032399F90080E8
:10F7B0000293414B0A90CDE90467CDE906450393D6
:10F7C000B8F1000F2BD1DFF808B14FF0604A0022EA
:10F7D000002330463946CDE908AB17F03FF8002842
:10F7E0003FF468AF0022374B2046294616F0C4FD8F
:10F7F00004460D4619F092F802460B46204629466B
:10F8000017F022F870BB304B99F900804FF060423E
:10F81000CDE90823B8F1020F7FF44CAF4EE7DFF8D3
:10F82000B4B04FF0000A0022002330463946CDE93B
:10F8300008AB17F013F80028ECD00022214B20462B
:10F84000294616F099FD04460D4619F067F8024660
:10F850000B462046294616F0F7FF18B9174B002231
:10F86000CDE9082399F90080D4E799F90090124B6B
:10F87000CDF828800122CDE90467CDE90645029242
:10F880000393B9F1000F3FF41EAF0022002310468E
:10F89000194616F09BFEB9F1020FCDE908013FF4BD
:10F8A0004CAF14E7AFF30080000000000000000040
:10F8B000000000000000F03FF8AD02080000F0FF7B
:10F8C0000000F03F0000E03FFFFFEFC7060400200C
:10F8D000FFFFEF470000F07F2DE9F84FC44E21F005
:10F8E0000043B34204460D460DDD03F1404303F5EA
:10F8F0008013034340F0B980002940F34081002089
:10F900000021BDE8F88FBB4EB34240F3A68000292A
:10F91000C0F2788102460B460020B74916F078FB0A
:10F920000022B64B16F028FD04460D4618F060F98B
:10F9300095A3D3E90023894680462946204616F040
:10F940001BFD93A3D3E9002316F064FB22462B464C
:10F9500016F012FD90A3D3E9002316F059FB2246BE
:10F960002B4616F009FD8EA3D3E9002316F052FBB7
:10F9700022462B4616F000FD8BA3D3E9002316F098
:10F9800047FB22462B4616F0F7FC89A3D3E9002358
:10F9900016F040FB22462B4616F0EEFC86A3D3E978
:10F9A000002382468B462046294616F0E5FC84A3B8
:10F9B000D3E9002316F02CFB22462B4616F0DCFC84
:10F9C00081A3D3E9002316F025FB22462B4616F02F
:10F9D000D3FC7FA3D3E9002316F01AFB22462B4663
:10F9E00016F0CAFC0022844B16F014FB02460B46AC
:10F9F0005046594616F0EAFD42464B4616F0BCFC0E
:10FA0000002682468B4632464B463046494616F023
:10FA1000B3FC02460B462046294616F0F9FA324658
:10FA200004460D464B464046494616F0F3FA024658
:10FA30000B462046294616F0C9FD02460B465046A5
:10FA4000594616F0E7FA32464B4616F0E3FA0246FC
:10FA50000B4616F0DFFABDE8F88F694A93420EDCD8
:10FA60005DA1D1E90001BDE8F88F02460B4616F012
:10FA7000CFFA02460B4616F0A9FDBDE8F88F024604
:10FA80000B4616F079FC40A3D3E9002306460F4647
:10FA900016F072FC3EA3D3E9002316F0BBFA3246FF
:10FAA0003B4616F069FC3CA3D3E9002316F0B0FAFC
:10FAB00032463B4616F060FC39A3D3E9002316F02A
:10FAC000A9FA32463B4616F057FC37A3D3E9002388
:10FAD00016F09EFA32463B4616F04EFC34A3D3E9AC
:10FAE000002316F097FA32463B4616F045FC32A347
:10FAF000D3E90023804689463046394616F03CFC5F
:10FB00002FA3D3E9002316F083FA32463B4616F0C2
:10FB100033FC2DA3D3E9002316F07CFA32463B4692
:10FB200016F02AFC2AA3D3E9002316F071FA324614
:10FB30003B4616F021FC00222F4B16F06BFA0246D2
:10FB40000B464046494616F041FD22462B4616F02C
:10FB500013FC02460B4622A1D1E9000116F058FA27
:10FB600002460B462046294616F052FA02460B463C
:10FB700019A1D1E9000116F04BFABDE8F88F1AA1DE
:10FB8000D1E90001BDE8F88F09F7FD0DE13D023F25
:10FB900088B20175E0EF493F3B8F68B52882A43FEA
:10FBA0005544880E55C1C93F7D6FEB0312D6D43F33
:10FBB000555555555555C53F82922EB1C5B8B33FE1
:10FBC00059018D1B6C06E63FC88A599CE52A004006
:10FBD0004B2D8A1C273A0340182D4454FB21F93F32
:10FBE000075C143326A6913C182D4454FB21094090
:10FBF000FFFFEF3FFFFFDF3F0000F03F0000E03F6F
:10FC00000000603C00225C4B16F004FA00225B4BC3
:10FC100016F0B2FB40A3D3E9002304460D4616F0CC
:10FC2000ABFB3FA3D3E9002316F0F4F922462B46A1
:10FC300016F0A2FB3CA3D3E9002316F0E9F9224613
:10FC40002B4616F099FB3AA3D3E9002316F0E2F90C
:10FC500022462B4616F090FB37A3D3E9002316F07B
:10FC6000D7F922462B4616F087FB35A3D3E90023AC
:10FC700016F0D0F922462B4616F07EFB80468946C8
:10FC80002046294617F0B4FF2FA3D3E900230646E8
:10FC90000F462046294616F06FFB2DA3D3E900231B
:10FCA00016F0B6F922462B4616F066FB2AA3D3E9D6
:10FCB000002316F0AFF922462B4616F05DFB28A371
:10FCC000D3E9002316F0A4F922462B4616F054FB84
:10FCD0000022294B16F09EF902460B464046494643
:10FCE00016F074FC32463B4616F046FB1EA3D3E9E1
:10FCF000002316F08DF932463B4616F08BF902468A
:10FD00000B4616F087F902460B4619A1D1E900010E
:10FD100016F07EF9BDE8F88F09F7FD0DE13D023FD1
:10FD200088B20175E0EF493F3B8F68B52882A43F58
:10FD30005544880E55C1C93F7D6FEB0312D6D43FA1
:10FD4000555555555555C53F82922EB1C5B8B33F4F
:10FD500059018D1B6C06E63FC88A599CE52A004074
:10FD60004B2D8A1C273A0340075C143326A6913C8E
:10FD7000182D4454FB2109400000F03F0000E03FF3
:10FD8000434A91422DE9F84304460D4639DD414A84
:10FD9000914209DD02F17952914240DD02460B4663
:10FDA00016F038F9BDE8F88301F1404202F58012FF
:10FDB000024330D0B1F1804F3ADC0022364B16F0CE
:10FDC00027F902460B4604460D4616F023F9224653
:10FDD00006460F462B462046294616F0CDFA024627
:10FDE0000B463046394616F015F917F001FF0B4661
:10FDF00002462946204616F00DF9BDE8F843FFF704
:10FE0000BFB802460B4616F003F902460B4616F041
:10FE1000DDFBBDE8F88300200021BDE8F88300F099
:10FE200017FE19A3D3E9002316F0F4F8BDE8F88310
:10FE300002460B4616F0A0FA0022174B16F0E8F81F
:10FE400017F0D6FE2246804689462B462046294694
:10FE500016F0E0F8424606460F464B462046294635
:10FE600016F0D8F802460B4600200B4916F0AEFB00
:10FE70000B4602463946304616F0CAF8BDE8F8434C
:10FE800000F0E6BDAFF30080EF39FAFE422EE63F08
:10FE9000FFFFEF3FFFFFAF410000F03F0000000019
:10FEA0002DE9F047BE4B21F00048984584B0044648
:10FEB0000D4612DD08F1404808F58018034658EA5F
:10FEC000030321D002460B4616F0A2F802460B4669
:10FED00016F07CFB04B0BDE8F087B24B98458A462B
:10FEE00029DCB8F1795F80F2658191A3D3E9002321
:10FEF00016F090F80022AC4B16F0CEFCD8B120469C
:10FF0000294604B0BDE8F0878BA3D3E9002316F09F
:10FF100033FA8BA3D3E9002306460F462046294631
:10FF200016F02AFA02460B463046394616F072F8A9
:10FF300004B0BDE8F0872046294616F095FF02463A
:10FF40000B460020984916F063F80022974B16F0F4
:10FF500013FA7DA3D3E9002304460D4616F00CFAEC
:10FF60007BA3D3E9002316F055F822462B4616F062
:10FF700003FA79A3D3E9002316F04AF822462B4668
:10FF800016F0FAF976A3D3E9002316F043F82246D7
:10FF90002B4616F0F1F974A3D3E9002316F038F8D4
:10FFA00022462B4616F0E8F971A3D3E9002316F098
:10FFB00031F822462B4616F0DFF96FA3D3E9002370
:10FFC000CDE900012046294616F0D6F96CA3D3E905
:10FFD000002316F01DF822462B4616F0CDF96AA331
:10FFE000D3E9002316F016F822462B4616F0C4F982
:10FFF00067A3D3E9002316F00BF822462B4616F030
:020000040801F1
:10000000BBF9694B002216F005F8CDE90201204644
:10001000294617F0EDFD664B984506460F4666DC0F
:10002000DDE90223DDE9000116F0D0FA3246CDE920
:1000300000013B463046394615F0ECFF02460B46C0
:10004000DDE9000116F098F94FF00008CDE9000154
:1000500042463B464046394616F08EF902460B466C
:100060002046294615F0D4FF424604460D463B463D
:100070003046394615F0CEFF02460B46204629464B
:1000800016F0A4FA02460B4615F0C4FF02460B46D2
:100090002BA1D1E9000115F0BBFF02460B46DDE9BB
:1000A000000115F0B5FF424604460D463B4640466A
:1000B000394615F0AFFF02460B4637A1D1E90001E2
:1000C00015F0A6FF02460B462046294615F0A0FF74
:1000D00002460B4630A1D1E9000115F099FFBAF1B3
:1000E000000F3FF7F7AE01F100431946F2E6DDE9F4
:1000F0000223DDE9000116F069FA32463B4616F0AC
:100100003BF932463B4615F085FF02460B4615F09B
:1001100081FF0BA3D3E9002315F07AFF02460B46BB
:1001200005A1D1E9000115F073FFD8E7AFF3008016
:100130009C7500883CE4377E182D4454FB21F93F20
:10014000075C143326A6913C09F7FD0DE13D023F03
:1001500088B20175E0EF493F3B8F68B52882A43F24
:100160005544880E55C1C93F7D6FEB0312D6D43F6D
:10017000555555555555C53F82922EB1C5B8B33F1B
:1001800059018D1B6C06E63FC88A599CE52A004040
:100190004B2D8A1C273A0340182D4454FB21E93F7C
:1001A000FFFFEF3FFFFFDF3F0000F03F0000E03FB9
:1001B0003233EF3F02460B4616F0DEF837A3D3E9A1
:1001C000002306460F4616F0D7F836A3D3E90023DE
:1001D00015F020FF32463B4616F0CEF833A3D3E9A4
:1001E000002315F015FF32463B4616F0C5F831A343
:1001F000D3E9002315F00EFF32463B4616F0BCF85B
:100200002EA3D3E9002315F003FF32463B4616F038
:10021000B3F82CA3D3E9002315F0FCFE32463B468D
:1002200016F0AAF829A3D3E9002380468946304670
:10023000394616F0A1F827A3D3E9002315F0E8FE0C
:1002400032463B4616F098F824A3D3E9002315F074
:10025000E1FE32463B4616F08FF822A3D3E9002395
:1002600015F0D6FE32463B4616F086F800220A4BC1
:1002700015F0D0FE02460B464046494616F0A6F958
:1002800022462B4616F078F822462B4615F0C2FE81
:1002900004B0BDE8F08700BF0000F03F09F7FD0D96
:1002A000E13D023F88B20175E0EF493F3B8F68B501
:1002B0002882A43F5544880E55C1C93F7D6FEB038A
:1002C00012D6D43F555555555555C53F82922EB13E
:1002D000C5B8B33F59018D1B6C06E63FC88A599CCF
:1002E000E52A00404B2D8A1C273A034000000000FD
:1002F0002DE9F84F1D465342134325F0004ADFF81D
:10030000E0E14AEAD3737345144606460F4647D8E0
:10031000C0F1000848EA000821F0004343EAD87819
:10032000F0458B463CD805F1404808F5801858EA5E
:10033000020850D04FEAA57808F0020848EAD178C0
:1003400050EA030134D052EA0A023CD0F24557D0B9
:10035000734538D0A3EB0A031B153C2B42DC002D60
:1003600070DB22462B463046394616F02FF916F040
:100370007BFDFEF751FBB8F1010F5FD0B8F1020F22
:100380004ED0B8F1000F62D043A3D3E9002315F09B
:100390003FFE43A3D3E9002315F03AFEBDE8F88FF2
:1003A00032463B462046294615F034FEBDE8F88F1C
:1003B000B8F1020F1AD0B8F1030F10D13AA1D1E968
:1003C0000001BDE8F88FBBF1000F14DB38A1D1E9C3
:1003D0000001BDE8F88FBDE8F84FFEF71DBB3946B8
:1003E000BDE8F88F32A1D1E90001C4E72CA1D1E921
:1003F0000001BDE8F88F30A1D1E90001BDE8F88F18
:10040000534526D0B8F1020FF0D0B8F1030FD5D084
:10041000B8F1010F4FF0000029D00021BDE8F88F9E
:100420001DA3D3E9002315F0F3FD02460B461CA1E2
:10043000D1E9000115F0ECFDBDE8F88F01F10041B4
:10044000BDE8F88F3C338CDA0020002193E7BDE84B
:10045000F88FB8F1020F18D0B8F1030F10D0B8F12F
:10046000010F08D016A1D1E90001BDE8F88F4FF0C7
:100470000041BDE8F88F14A1D1E90001BDE8F88F73
:1004800013A1D1E90001BDE8F88F13A1D1E9000162
:10049000BDE8F88FAFF30080075C143326A6A13CBB
:1004A000182D4454FB210940182D4454FB2109C048
:1004B000182D4454FB21F93F182D4454FB21F9BF5A
:1004C000182D4454FB21E93F182D4454FB21E9BF6A
:1004D000D221337F7CD902C0D221337F7CD9024024
:1004E0000000F07F0000000043422DE9F047034385
:1004F00021F000463E4A46EAD373934204460D4635
:1005000013D896423DD03B4B9E428A4617DC36A319
:10051000D3E9002315F07EFD0022002316F0BCF97C
:10052000A8B320462946BDE8F08702460B4615F0E1
:100530006FFD02460B4616F049F8BDE8F0872E4BDA
:100540009E42354624DD33460246314615F062FDB3
:10055000224606460F462B460020254915F058FD39
:1005600002460B463046394616F030F8FEF708FDD5
:100570000022224B15F000FFBAF1000F2FDBBDE87F
:10058000F0870022002316F021F8BDE8F0873546F9
:1005900022462B462046294615F03CFD22462B4696
:1005A00006460F4615F0E8FE2246804689462B4651
:1005B00000200F4915F02CFD02460B4640464946E7
:1005C00016F004F832463B4615F024FDFEF7D8FC41
:1005D00000220A4B15F0D0FEBAF1000FCFDA01F17C
:1005E00000431946BDE8F0879C7500883CE4377EDF
:1005F0000000F03FFFFF2F3EFFFFDF3F0000E03F26
:100600002DE9F8434E4B21F000449C4206460F462C
:100610001BDC4C4B9C4222DD4B4B9C4263DD4B4B25
:100620009C427BDD4A4B9C4246DD01339C4240D0DC
:1006300041A3D3E900231046194615F09DFE064656
:100640000F4630463946BDE8F88302460B4615F0A2
:1006500093FE06460F4630463946BDE8F88316F04D
:1006600003FC02F0B1FC00223A4B8046894615F0AB
:10067000D1FCB4F1725F06460F46ECDB42464B46B6
:100680004046494615F078FE32463B4604460D4644
:100690003046394615F0BEFC02460B462046294638
:1006A00015F094FF00222B4B15F0B4FC06460F46C4
:1006B000D1E7294B9842BBD83046394616F0D4FBD7
:1006C0000022264B15F058FE00F04AF8002204469E
:1006D0000D46224B15F050FE22462B4615F04CFEDF
:1006E00006460F46B7E716F0BFFB00F039F80022C8
:1006F0001A4B06460F4615F03FFE32463B4604466F
:100700000D460020154915F061FF02460B462046B4
:10071000294615F07FFC06460F469CE716F0A4FB21
:1007200000F01EF800220D4B15F026FE06460F467F
:1007300091E700BFAFF300809C7500883CE4377EF2
:10074000FFFFEF7F422ED63FFFFF3540412E864010
:10075000CD3386400000F03F7DF8B98F0000E03FC8
:100760002DE9F04FB04E21F00042B24283B0044672
:100770000D464FEAD1770DD9AC4EB24225D9C1F31F
:100780001303034340F0EC800FB10020002103B0BD
:10079000BDE8F08FA64B9A4200F2CB80A54B9A425F
:1007A00000F2DC808AA3D3E9002315F033FC002299
:1007B000A14B16F071F8002800F00681204629466A
:1007C00000229D4B15F026FCE1E783A3D3E900232B
:1007D00016F062F8002840F0C88081A3D3E9002316
:1007E0002046294616F03AF80028CED1934E7EA333
:1007F000D3E9002306EBC7062046294615F0BCFDC9
:10080000D6E9002315F006FC16F066F8064615F04A
:100810004DFD77A3D3E900238046894615F0ACFD52
:1008200002460B462046294615F0F2FB72A3D3E997
:100830000023CDE900014046494615F09DFD824662
:100840008B4652465B46DDE9000115F0E1FB0446AC
:100850000D4622462B462046294615F08DFD68A3FD
:10086000D3E900238046894615F086FD66A3D3E9C7
:10087000002315F0CDFB42464B4615F07DFD64A3E9
:10088000D3E9002315F0C6FB42464B4615F074FD34
:1008900061A3D3E9002315F0BBFB42464B4615F09C
:1008A0006BFD5FA3D3E9002315F0B4FB42464B4632
:1008B00015F062FD02460B462046294615F0A8FBBE
:1008C00080468946002E58D02046294642464B464F
:1008D00015F052FD424604460D464B4600204FF0AF
:1008E000804115F095FB02460B462046294615F03F
:1008F0006DFE02460B465046594615F089FBDDE970
:10090000002315F085FB0B4602464B49002015F0ED
:100910007FFB6FF47F739E4251DA06F57A7601EB26
:10092000065100224FF0B87315F026FD03B0BDE864
:10093000F08F434B9A423FF659AF424BFC002344A1
:10094000D3E9002315F064FB3F4BC7F101062344B4
:10095000CDE90001D3E900ABF61B72E7002678E78A
:1009600002460B4615F056FB11E719A3D3E9002305
:100970001046194615F000FD09E702460B462046D1
:10098000294615F0F9FC002206460F464FF0804339
:100990004046494615F03CFB02460B463046394678
:1009A00015F014FE22462B4615F032FB02460B468C
:1009B0000020214915F02CFB03B0BDE8F08F01EBBE
:1009C000065103B0BDE8F08F064642E7AFF3008062
:1009D0009C7500883CE4377EEF39FAFE422E864053
:1009E00051302DD5104987C0FE822B654715F73F42
:1009F0000000E0FE422EE63F763C7935EF39EA3DD5
:100A0000D0A4BE726937663EF16BD2C541BDBB3E14
:100A10002CDE25AF6A56113F93BDBE166CC1663FF2
:100A20003E5555555555C53F412E8640FFFFEF7F3A
:100A3000422ED63FFFFF2F3E0000F03FD89802081D
:100A4000B1A2F03FE8980208F89802080000000000
:100A50002DE9F04FB1F5801F85B006460F460B46D5
:100A60005ADA024621F00044224300F0F8800029BF
:100A7000C0F27A810022D64B15F07EFCD54A0B4697
:100A8000934206460F466FF0350C4ADCC3F313055C
:100A900005F5152E0EF6647E0EF4801E8EF07F5244
:100AA00082F440121C1542EA0507A4F2FF346444A4
:100AB0000022C94B3046394604EB1E5415F0A8FA03
:100AC000AB1CC3F31303022B82468B464FF000028C
:100AD00030DC002315F0B8FE002800F0C980002C9F
:100AE00000F04B81204615F0E1FBA5A3D3E90023DC
:100AF00006460F4615F040FCA3A3D3E900230446A5
:100B00000D463046394615F037FC02460B46204666
:100B1000294615F07FFA0AE0AE4A93424FF0000CE6
:100B2000B4DD32463B463046394615F073FA05B01F
:100B3000BDE8F08F4FF0804315F06CFA02460B468B
:100B40005046594615F042FD064620460F4615F020
:100B5000ADFB3246CDE900013B4630463946CDE992
:100B6000026715F009FC02460B468046894615F0DF
:100B700003FC87A3D3E9002306460F4615F0FCFBD0
:100B800085A3D3E9002315F045FA32463B4615F01C
:100B9000F3FB83A3D3E9002315F03CFA32463B462E
:100BA00015F0EAFB80A3D3E9002315F033FA42469F
:100BB0004B4615F0E1FB7EA3D3E90023804689462E
:100BC0003046394615F0D8FB7BA3D3E9002315F056
:100BD00021FA32463B4615F0CFFB79A3D3E9002337
:100BE00015F018FA32463B4615F0C6FB0B46024696
:100BF0004946404615F00EFAA5F5C223C5F5D7259E
:100C0000A3F27A4351351D43002D8046894656DDB7
:100C10000022724B5046594615F0AEFB52465B46D9
:100C200015F0AAFB06460F46002C68D132463B461B
:100C30004046494615F0EEF9DDE9022315F09CFB2C
:100C400002460B463046394615F0E2F902460B469D
:100C50005046594615F0DCF905B0BDE8F08F00228A
:100C6000002300205E4915F0B1FC05B0BDE8F08F0F
:100C700055A3D3E900235046594615F07DFB0246A3
:100C80000B460020554915F0C3F9524606460F465B
:100C90005B465046594615F06FFB02460B46304600
:100CA000394615F069FB06460F46002C40F09A8045
:100CB00002460B465046594615F0AAF937E7002C74
:100CC00000F0A4802EA3D3E90023DDE9000115F094
:100CD00053FB42464B4604460D465046594615F0D6
:100CE00097F9DDE9022315F047FB27A3D3E9002399
:100CF00006460F46DDE9000115F03EFB21E020A38A
:100D0000D3E90023DDE9000115F036FB32463B460E
:100D100004460D464046494615F07CF9DDE90223BC
:100D200015F02AFB18A3D3E9002380468946DDE9A4
:100D3000000115F021FB02460B464046494615F0DE
:100D400069F902460B463046394615F061F95246BC
:100D50005B4615F05DF902460B462046294615F024
:100D600057F905B0BDE8F08F02460B4615F050F973
:100D70000022002315F02AFCD9E600200021D6E647
:100D80000000E0FE422EE63F763C7935EF39EA3D41
:100D900044523EDF12F1C23FDE03CB966446C73FAA
:100DA000599322942449D23F935555555555E53FC3
:100DB0009FC678D0099AC33FAF788E1DC571CC3FCE
:100DC00004FA97999999D93F555555555555D53F99
:100DD00000005043FFFFEF7F0000F03F0000E03FC6
:100DE000000050C3204615F061FA0FA3D3E9002399
:100DF0008046894615F0C0FA0DA3D3E900230446C6
:100E00000D464046494615F0B7FA9AE702460B46AA
:100E10005046594615F0FCF8DDE9022315F0ACFA0E
:100E200014E700BFAFF300800000E0FE422EE63F73
:100E3000763C7935EF39EA3DB1F5801F2DE9F8436D
:100E400004460D460B461ADA024621F000463243AC
:100E500059D000295FDB00223B4B15F08DFA3B4A4D
:100E60000D462B46934204466FF035010CDD2246B9
:100E70002B462046294615F0CDF8BDE8F883334AC5
:100E800093424FF00001F2DC1815A0F2FF30084445
:100E90004FEAD0794844C3F3130815F007FAC9F5AF
:100EA0007F73033348EA035506460F46204629461A
:100EB000FFF7CEFD1EA3D3E90023804689463046C6
:100EC000394615F059FA1CA3D3E9002304460D4610
:100ED0004046494615F050FA02460B462046294640
:100EE00015F098F816A3D3E9002304460D463046C2
:100EF000394615F041FA02460B462046294615F0C0
:100F000089F8BDE8F883002200230020104915F07D
:100F10005DFBBDE8F88302460B4615F079F8002228
:100F2000002315F053FBBDE8F88300BFAFF300804A
:100F3000362BF111F3FE593D0EE526157BCBDB3F39
:100F400000609F501344D33F00005043FFFFEF7FEA
:100F5000000050C3000000002DE9F04F23F00047CF
:100F600057EA020493B037D0674C21F00046A642FE
:100F700083460D4629DC9A46964625D0A74224DCB6
:100F8000614CA74279D0002D80468946CDE90023E7
:100F900077DB0024BEF1000F2CD15B4B9F4200F0A9
:100FA0008B805A4B9F4261D0BAF1804F00F0C383CF
:100FB000574B9A451ED1002D1CDB4046494613B0C5
:100FC000BDE8F04F16F014BE58B106F1404606F5E4
:100FD000801656EA0B0306D14C49002013B0BDE839
:100FE000F08FB742CCDD4B4813B0BDE8F04F17F09F
:100FF0008FBC00244046494615F036FFBBF1000F78
:1010000019D126B1414B25F040429A4213D1BAF191
:10101000000FC0F2CA83002DE0DA06F1404606F563
:10102000801656EA040300F0A584012CD6D101F104
:1010300000431946D2E7ED0F013D54EA05034ED0B7
:10104000354B9F426EDD03F104739F4240F3FE83F4
:10105000324B9E424EDDBAF1000F4EDD28A3D3E99C
:1010600000231046194615F087F9B7E7BAF1000FCB
:10107000C0F2528440464946B0E7BEF1000F82D02C
:10108000A3E7274B9F4228DCA3F154739F4280DDE6
:101090003B15A3F2FF33142B40F35484C3F1340304
:1010A0002EFA03F202FA03F39E457FF472AF02F0C8
:1010B0000102C2F102046DE706F1404303F580131B
:1010C00053EA0B0388D0154B9E4240F33B83BAF1A1
:1010D000000F12DBDDE9000180E702245AE74246F7
:1010E0004B461046194614F093FF02460B4615F086
:1010F0006DFA73E7BAF1000FB0DB002000216DE755
:101100009C7500883CE4377E0000F07F0000F03FD3
:101110000000E03F3CAC02080000E041FFFFEF3F71
:10112000FFFF3F43B6F5801F4FF0000205DAD84BB2
:1011300015F022F96FF034020E463315D54FC6F381
:101140001306A3F2FF33134446F07F5ABE421A46F9
:101150000D934AF4401A40F32F83CF4B9E4240F345
:101160000D849FEDB57B8DED087B8DED0E7B9FEDA6
:10117000B47B13468DED067B01330D93AAF5801ADF
:101180000027DDE906235146CDE90A0114F040FFAE
:10119000DDE9062380468946DDE90A0114F03AFFBD
:1011A00002460B460020BD4915F010FA0A460146DA
:1011B000CDE91012134649460246404615F0DCF8C8
:1011C0004FEA6A0343F000538C46834603F500233D
:1011D000CDE904BCDA468B46D9190023CDE902AB30
:1011E0000293DDE902AB002006460F4602460B469D
:1011F0005046594615F0C0F802460B46404649464F
:1012000014F006FFDDE9062380468946304639465C
:1012100014F0FEFE02460B46DDE90A0114F0F8FE6A
:1012200052465B4615F0A8F802460B464046494632
:1012300014F0EEFEDDE9102315F09EF8DDE90467F9
:10124000CDE9060132463B463046394615F094F862
:101250007DA3D3E9002306460F4615F08DF87CA345
:10126000D3E9002314F0D6FE32463B4615F084F84D
:1012700079A3D3E9002314F0CDFE32463B4615F0A6
:101280007BF877A3D3E9002314F0C4FE32463B4633
:1012900015F072F874A3D3E9002314F0BBFE3246B4
:1012A0003B4615F069F872A3D3E9002314F0B2FEAF
:1012B0003246804689463B463046394615F05CF852
:1012C00002460B464046494615F056F85246064639
:1012D0000F465B46DDE9040114F09CFEDDE90623C0
:1012E00015F04AF832463B4614F094FE52468046CA
:1012F00089465B465046594615F03EF80022684B39
:10130000CDE90A0114F086FE42464B4614F082FEF7
:1013100002980F46064632463B465046594615F05F
:101320002BF8002282468B465D4B3046394614F03E
:101330006FFEDDE90A2314F06BFE02460B464046C1
:10134000494614F065FEDDE9042315F015F8324630
:10135000804689463B46DDE9060115F00DF8024658
:101360000B464046494614F055FE804689460246E3
:101370000B4650465946CDE904AB14F04BFEDDE96F
:1013800002AB3DA3D3E9002350460F4614F0F4FF0F
:10139000DDE90423CDE902013946504614F038FE58
:1013A00002460B464046494614F032FE34A3D3E9C8
:1013B000002314F0E1FF34A3D3E9002380468946DB
:1013C0005046394614F0D8FF02460B46404649467F
:1013D00014F020FEDDE90E2314F01CFE80460D986B
:1013E000894614F063FF424606460F464B46DDE948
:1013F000020114F00FFEDDE9082314F00BFE324663
:101400003B4614F007FE32463B4650468B4614F0EE
:10141000FFFDDDE9082314F0FBFDDDE9022314F0F4
:10142000F7FD02460B464046494614F0F1FD804662
:10143000894637E0AFF300800000000000000000A4
:10144000000000000000F03FEF4E454A287ECA3FF2
:1014500065DBC9934A86CD3F01411DA96074D13F28
:101460004D268F515555D53FFFAB6FDBB66DDB3F3A
:10147000033333333333E33F000000E009C7EE3F6B
:10148000FD033ADC09C7EE3FF5015B14E02F3EBED9
:10149000000040438E98030079B60B000000F03F37
:1014A00000000840013C54EA050300F079819FEDFB
:1014B000C87B8DED047BDDE900120B461446CDE9B7
:1014C000023400230293DDE9024508462B4611460B
:1014D000224614F09DFD52465B4614F04DFFDDE9B7
:1014E000002306460F464046494614F045FF024693
:1014F0000B463046394614F08DFD2246804689461B
:101500002B4650465946CDE9008914F035FF0B466D
:10151000024606460F464046494614F07BFDC64B40
:10152000994204460D468A4640F3168101F13F4335
:1015300003F5E003034340F0F781A7A3D3E90023B9
:10154000DDE9000114F066FD3246804689463B46DF
:101550002046294614F05CFD02460B4640464946AB
:1015600015F09AF9002840F0DF81A8464FEA285389
:101570004FF48012A3F2FE3342FA03F35344C3F351
:101580000A52AE4DA2F2FF321541C3F3130423EA0F
:1015900005010020C2F1140B44F48014BAF1000FCD
:1015A00002460B4644FA0BFB30463946B8BFCBF136
:1015B000000B14F02DFD02460B4606460F46DDE9F2
:1015C000000114F027FD4FEA0B5A0D46002484A3B6
:1015D000D3E900232046294614F0CEFE3246804649
:1015E00089463B462046294614F012FD02460B462A
:1015F000DDE9000114F00CFD7BA3D3E9002314F016
:10160000BBFE7BA3D3E9002306460F4620462946AE
:1016100014F0B2FE02460B463046394614F0FAFC8E
:1016200006460F4602460B464046494614F0F2FC79
:1016300042464B4604460D4614F0EAFC02460B4671
:101640003046394614F0E4FC2246804689462B4653
:101650002046294614F090FE67A3D3E900230646EE
:101660000F4614F089FE66A3D3E9002314F0D0FCE2
:1016700032463B4614F080FE63A3D3E9002314F006
:10168000C9FC32463B4614F077FE61A3D3E9002340
:1016900014F0BEFC32463B4614F06EFE5EA3D3E966
:1016A000002314F0B7FC32463B4614F065FE0246B8
:1016B0000B462046294614F0ABFC06460F46024670
:1016C0000B462046294614F057FE0022CDE90001C2
:1016D0004FF080433046394614F09AFC02460B46E0
:1016E000DDE9000114F072FF424606460F464B4604
:1016F0002046294614F040FE42464B4614F08AFC30
:1017000002460B463046394614F082FC22462B46F0
:1017100014F07EFC02460B460020494914F078FC88
:101720008A44BAF5801FC0F239815146DDE90423AD
:1017300014F022FE52E442464B464046494614F01D
:101740001BFE4BE4BAF1000FBFF6D7ACDDE9003465
:10175000184604F1004141E43A4B21F00048984515
:1017600040F3FF80384B0B4403430CD132463B46D9
:1017700014F04EFC02460B46DDE9000115F078F846
:1017800000283FF4F3AEDDE9040125A3D3E90023EB
:1017900014F0F2FD22A3D3E9002314F0EDFD1DE4C3
:1017A0009FED217B8DED047B85E602460B460020F4
:1017B000234914F00BFF2EE49FED1D7B8DED087B7C
:1017C0008DED0E7B9FED027B00278DED067BD8E42F
:1017D000000000000000F03FFE822B654715973C9B
:1017E00000000000432EE63FEF39FAFE422EE63FAE
:1017F000396CA80C615C20BED0A4BE726937663E0D
:10180000F16BD2C541BDBB3E2CDE25AF6A56113F00
:1018100093BDBE166CC1663F3E5555555555C53FE7
:1018200059F3F8C21F6EA501000000000000F0BFD0
:101830000000000000000000FFFF8F40FFFF0F00CE
:101840000000F03FFFCB904000346F3F684B9E425A
:101850007FF750AC674B9E423FF7FDAB0022654BD4
:1018600014F0D6FB52A3D3E9002306460F4614F02A
:1018700083FD51A3D3E9002380468946304639468B
:1018800014F07AFD002282468B465B4B3046394687
:1018900014F072FD02460B4649A1D1E9000114F093
:1018A000B7FB32463B4614F067FD02460B4600206C
:1018B000524914F0ADFB3246CDE902013B463046B9
:1018C000394614F059FD02460B46DDE9020114F0D9
:1018D00053FD3DA3D3E9002314F04EFD02460B4611
:1018E0005046594614F094FB02460B4606460F46F6
:1018F0004046494614F08EFB42464B460020824645
:101900008B4614F085FB02460B463046394614F0F0
:101910007FFB80468946C5E542464B460020354957
:1019200014F054FEFFF75ABBDDE9040128A3D3E904
:10193000002314F021FD26A3D3E9002314F01CFD9D
:10194000FFF74CBBBEF1000F7FF453ABC3F11403A0
:1019500047FA03F202FA03F39F4223D07446FFF7DB
:1019600020BB264B98453FF701AEDDE902239246A6
:1019700093462BE602460B46FFF7B3BB9FED167B63
:101980008DED087B9FED167B8DED0E7B9FED167B1D
:101990004FF480278DED067BFFF7F3BB5A4601F02D
:1019A0004FFDC3E602F00102C2F10204FFF7F9BAEB
:1019B000000000604715F73F44DF5DF80BAE543E72
:1019C000555555555555D53FFE822B654715F73F63
:1019D0009C7500883CE4377E0000004003B8E23F7D
:1019E00006D0CF43EBFD4C3E000000000000F83F66
:1019F000FEFFEF3F0000F03F0000D03F0000E03F5F
:101A00002DE9F0479C4B21F000479F4290B0804663
:101A1000894640F38E80994B9F420C46924626DCC5
:101A200000298BA3D3E9002340F3B08114F0F0FA2E
:101A3000934B9F4204460D4600F0908086A3D3E965
:101A4000002314F0E5FA02460B46CAE900232046BB
:101A5000294614F0DDFA80A3D3E9002314F0D8FA64
:101A60000125CAE90201284610B0BDE8F087854B80
:101A70009F4240F39080844B9F4265DC3D15A5F268
:101A80001645A7EB055319461F46064614F024FFDA
:101A900014F00CFC8046894642464B463046394697
:101AA000CDE90A8914F0B4FA0022784B14F064FCF2
:101AB0008946804614F010FF14F0F8FB06460F46E6
:101AC00032463B4640464946CDE90C6714F0A0FA41
:101AD00000226E4B14F050FC00220023CDE90E01D1
:101AE00014F0B2FE002800F06F8100233046394622
:101AF000002214F0A9FE002814BF01230223644A27
:101B0000019202212A4600910AA8514600F08CFB5E
:101B1000002C054614DADAF80420DAF80C3002F169
:101B2000004203F100434542CAF80420CAF80C30D1
:101B300006E000200021C2E90089C2E90201002577
:101B4000284610B0BDE8F08702460B4614F060FA54
:101B50000025CAE90201CAE90001F1E740A3D3E97F
:101B6000002314F055FA40A3D3E900230D460446A0
:101B700014F04EFA02460B46CAE9002329462046D5
:101B800014F046FA38A3D3E9002314F041FA0125F2
:101B9000CAE90201D4E715F067F935A3D3E90023B8
:101BA0008046894614F0E8FB00223A4B14F032FAE2
:101BB00014F092FE054614F079FB25A3D3E9002327
:101BC000CDE9060114F0D8FB02460B4640464946D3
:101BD00014F01EFA20A3D3E90023CDE90201DDE9C8
:101BE000060114F0C9FB1F2D80468946CDE9048902
:101BF00054DC294B6A1E53F822309F424ED00246D5
:101C00000B46DDE9020114F003FA80468946CAE971
:101C1000008942464B46DDE9020114F0F9F9DDE99D
:101C2000042314F0F5F9002CCAE9020188DA09F15D
:101C3000004401F100436D42CAF80080CAF8044034
:101C4000CAF80800CAF80C307AE700BFAFF300808A
:101C500000004054FB21F93F3163621A61B4D03D6A
:101C60000000601A61B4D03D7370032E8A19A33B43
:101C700083C8C96D305FE43FFB21E93F7BD9024057
:101C8000FB21F93FFB213941FFFFEF7F000070414D
:101C900094AE02080000E03F14AE0208DDE9042320
:101CA000DDE9020114F0B4F93F15C1F30A53FB1A40
:101CB00080468946102BCAE90089AADD58A3D3E9DA
:101CC0000023DDE9060114F057FB804689460246F1
:101CD0000B46DDE9020114F09BF902460B46DDE9F3
:101CE0000201CDE9082314F093F942464B4614F063
:101CF0008FF94DA3D3E9002380468946DDE906012B
:101D000014F03AFB42464B4614F082F90B46CDE9FB
:101D100004010246DDE9080114F07AF9C1F30A531F
:101D2000FF1A80468946312FCAE900896CDD41A33C
:101D3000D3E90023DDE9060114F01EFBDDE9088983
:101D400006460F4602460B464046494614F060F9E7
:101D500002460B4640464946CDE9022314F058F9A5
:101D600032463B4614F054F934A3D3E90023064627
:101D70000F46DDE9060114F0FFFA32463B4614F047
:101D800047F902460B46CDE904233AE714F042F93D
:101D9000274B9F4204460D4618D01FA3D3E90023CA
:101DA00014F038F902460B46CAE9002329462046BA
:101DB00014F02EF918A3D3E9002314F02BF94FF0F7
:101DC000FF35CAE90201BBE6032398E614A3D3E971
:101DD000002314F01FF914A3D3E900230D46044691
:101DE00014F018F902460B46CAE90023294620469A
:101DF00014F00EF90CA3D3E9002314F00BF94FF003
:101E0000FF35CAE902019BE69DED087B8DED027B63
:101E1000FFE600BFAFF300803163621A61B4D03DCA
:101E20000000601A61B4D03D7370032E8A19A33B81
:101E3000FB21F93F0000002E8A19A33BC149202550
:101E40009A837B3900000000594A2DE9F84F21F0B0
:101E50000048904506460F462BDC564B0029B4BF80
:101E6000554D564D98454FF0000410DC544B9845A5
:101E700070DC4DA3D3E9002314F0CCF80022514BC1
:101E800014F00AFDD8B130463946BDE8F88F4E4B04
:101E900098457CDD4D4B984544DD013398453ED057
:101EA0003046394640A3D3E9002314F065FABDE873
:101EB000F88F02460B4614F0ADF8BDE8F88F3046B7
:101EC000394614F0D1FF01F07FF806460F4632463E
:101ED0003B463046394614F09DF8324682468B46E2
:101EE0003B463046394614F047FA00228046894680
:101EF000344B3046394614F08DF802460B464046C6
:101F0000494614F063FB02460B465046594614F00E
:101F10007FF822462B4614F02FFABDE8F88F2C4BA1
:101F20009842BDD83046394614F09EFF0022234B1C
:101F300014F022FAFEF714FC06460F4602460B4642
:101F40002046294614F018FA32463B4614F014FA9B
:101F5000BDE8F88F14F088FF01F036F81D4B984566
:101F600006460F46B3DD0022164B14F053F8024626
:101F70000B463046394614F029FB32463B4614F0F6
:101F800049F822462B4614F0F7F9BDE8F88F14F013
:101F90006BFFFEF7E5FB02460B462046294614F090
:101FA000EBF9BDE8F88F00BF3374AC3C1F7BAC7F0E
:101FB000FFFFEF7FFFFF35400000E0BF0000E03F84
:101FC000FFFF2F3E0000F03F412E8640CD3386407C
:101FD0007DF8B98FFFFFEF3F2DE9F04F21F000486A
:101FE000B8F1795F85B006460F4692469B466BDA9C
:101FF00014F072FC002800F0EA8032463B4630467E
:10200000394614F0B9F974A3D3E9002304460D4608
:1020100014F0B2F972A3D3E9002313F0FBFF2246B8
:102020002B4614F0A9F970A3D3E9002313F0F0FFB5
:1020300022462B4614F0A0F96DA3D3E9002313F038
:10204000E9FF22462B4614F097F96BA3D3E900234E
:1020500013F0DEFF22462B4614F08EF968A3D3E975
:10206000002313F0D7FF22462B4614F085F9CDE963
:1020700000010022664B2046294614F07DF9DDE977
:102080000023804689462046294614F075F95246B9
:1020900004460D465B463046394614F06DF902465B
:1020A0000B462046294613F0B3FF02460B46404636
:1020B000494613F0ADFF02460B460020554913F088
:1020C000A7FF05B0BDE8F08F02460B4614F054F9A7
:1020D00041A3D3E9002304460D4614F04DF940A373
:1020E000D3E9002313F096FF22462B4614F044F95F
:1020F0003DA3D3E9002313F08BFF22462B4614F0B7
:102100003BF93BA3D3E9002313F084FF22462B467F
:1021100014F032F938A3D3E9002313F079FF2246F3
:102120002B4614F029F936A3D3E9002313F072FFEC
:102130002B46224614F020F9374B9845CDE9000193
:1021400097DD364B984539DCA8F5001300220020B6
:1021500030499046994613F05BFFCDE90201002219
:102160002B4B2046294614F007F942464B4613F004
:102170004FFFDDE90023804689462046294614F0BA
:10218000FBF8524604460D465B463046394614F08D
:10219000F3F802460B462046294613F039FF024663
:1021A0000B464046494613F033FF02460B46DDE935
:1021B000020113F02DFF05B0BDE8F08F9FED127BFB
:1021C0004FF000088DED027BDFF85490C7E711490E
:1021D000002005B0BDE8F08FD43888BEE9FAA8BD6C
:1021E000C4B1B4BD9EEE213EAD529C804F7E923E66
:1021F0009015CB19A001FA3E7751C1166CC1563F1C
:102200004C5555555555A53F000000000000E73FCF
:102210000000E03F0000F03F3233D33F0000E93FD1
:102220000000D23F000000002DE9F04FADF51B7D0E
:102230009F4CA49E9F4D54F8264007942646D41EDA
:1022400085FB0475E417C4EBA50424EAE4741D4679
:102250000A93631CA3EB8303013D02EBC3030693C4
:102260002B460B940395651BF418049008911AD41F
:102270002C440026002701340DF18808DDF89492E3
:1022800008E059F8250014F011F80135A542E8E8F6
:10229000020108D0002DF4DA013530463946A54256
:1022A000E8E80201F6D1079B002BC0F2DF83079B11
:1022B00003F1010B0A9B22A9DB001A4601EB03097B
:1022C0000093049B0DF5E47A19460AEBCB0B01EB66
:1022D0000208039B002BC0F2F582049C4D460026A9
:1022E000002775E90223F4E8020114F045F80246DC
:1022F0000B463046394613F08DFE444506460F46E0
:10230000EFD1EAE80267DA4509F10809E1D1079956
:102310000098049C009101F18043013B9B00204404
:102320001A1F83460EA8024403440C920D93009A90
:102330009AA901EBC203002A53E9284529DD0DF5CE
:10234000E47A0AEBC2080DF1340900225A4B204608
:10235000294614F011F814F0BFFA13F0A7FF002279
:10236000564B06460F4614F007F802460B46204629
:10237000294613F04DFE14F0AFFA78E9022349F82C
:10238000040F3946304613F045FED04504460D464D
:10239000DBD1DDF81890204629464A4601F050F876
:1023A00000224FF07F5304460D4613F0E5FFFCF783
:1023B0005FFD0022424B13F0DFFF02460B46204632
:1023C000294613F025FE0D46044614F085FA804692
:1023D00013F06CFF0B4602462946204613F018FE08
:1023E0004B46002B06460F4640F3F980009A0EA993
:1023F000013AC9F1180351F8225045FA03F101FAE4
:1024000003F30EA8EB1A40F82230C9F117058844EF
:1024100043FA05F5002D6DDD009B002B08F1010846
:1024200040F36F820E9C002C40F01683009B012B22
:1024300040F38F820EAA012352F8044F002C00F0C3
:102440008382581C0EAAC4F1807442F82340009A7B
:10245000824219DD0EAA0EAC52F820106FF07F42B6
:10246000511A44F820100099023399420CDD1046AD
:10247000009A0EA901EB830301EB82011A68821A0C
:1024800043F8042B8B42F9D1069B002B1ADD069BE7
:10249000012B4FF0010440F03C82009B5A1E0EAB12
:1024A0000EA953F82230C3F3160341F822303CE260
:1024B00034B30208ABAAAA2A0000703E00007041A3
:1024C00000002040022D15D132463B4600209249A3
:1024D00013F09EFD06460F46069A8F49002000F035
:1024E000AFFF02460B463046394613F091FD0225F8
:1024F00006460F46002200233046394614F0A4F960
:10250000002800F03782009A079B501E83420FDCA0
:1025100002F18043013B0EAA0D9C02EB83030022D3
:1025200053F80419A34242EA0102F9D1002A67D103
:10253000079B0EAA013B52F82330002B40F0188273
:102540000C9A012352F8041901330029FAD0009A99
:10255000D31802F1010A9A4509933DDC009B0A99C0
:102560000B9A0B4409990AEB0208994622AB08F131
:10257000804803EBC9098B18A59A08F1FF3802EBD4
:10258000880872AA02EBCA0AA59A02EB8303009399
:1025900058F8040F13F08AFE039B002BE9E80201B0
:1025A0004FF000064FF0000711DB049C4D4675E923
:1025B0000223F4E8020113F0DFFE02460B46304628
:1025C000394613F027FD5C4506460F46EFD1009BC8
:1025D0009845EAE80267DBD1099B0093A7E606D19C
:1025E000009B0EAA013B52F82350ED1512E7002282
:1025F0004A4B14F047F9002840F06E81054679E710
:102600000EA9039551F820300699CDF82480183989
:102610000246009006916BB900F18043013B0EA881
:1026200000EB830353F80409013A18390028F9D064
:1026300000920691069A3849002000F001FF009BA5
:10264000002B04460D46C0F2F781DA0072A901EBB7
:10265000020B06920EAA02EB8306DFF8C4904FF03D
:1026600000080BF10807043656F8040D13F01EFE9F
:1026700022462B4613F080FE4B4667E90201424694
:102680002046294613F078FE0EAB9E4204460D46C6
:10269000EAD14AACDDF81C9004944FF0000AB9F17D
:1026A000000FC0F22B81DFF87C805D4618A1D1E9D4
:1026B000000100260027002403E0544510DCF8E860
:1026C0000201F5E8022313F057FE02460B4630469E
:1026D000394613F09FFC0134A14506460F46ECDA5B
:1026E000049B03EBCA03ABF1080BC3E9006770ABB3
:1026F0009B450AF1010AD2D1A49B049C032B00F252
:102700008980DFE803F0C58E8E1100BFAFF3008033
:1027100000000040FB21F93F0000F03F0000E03FD7
:102720000000703E20990208009B002B40F381813D
:10273000069A04EB020ADAE9008902F10805254449
:102740000DF5987B1AED027B42464B4651EC170B78
:102750008DED047B13F05EFC06460F4602460B46E9
:10276000DDE9040113F054FC42464B4613F052FCE1
:1027700065E902015D45B046B9466AE90267E1D103
:10278000009B012B40F35581069BE518D5E9008994
:1027900003F1080B04EB0B0A15ED027B42464B4696
:1027A00051EC170B8DED007B13F034FC06460F4601
:1027B00002460B46DDE9000113F02AFC4B46424677
:1027C00013F028FC6AE902014EAB5345B046B94606
:1027D00065E90267E0D10020002104EB0B0575E9F3
:1027E000022313F017FCAA45F9D1039B002B00F03C
:1027F0000A816268E368089F2568A4683D6002F169
:10280000004203F1004301F100417A60FB60BC60CB
:1028100038617961099B03F007000DF51B7DBDE868
:10282000F08F069D083525440020002175E902231C
:1028300013F0F0FBA542F9D1039B002B00F0D280EE
:10284000089E024601F1004386E80C000B46024652
:10285000D4E9000113F0DCFB009B002B0BDD4CAD39
:102860000124F5E8022313F0D5FB009B0134A342B9
:10287000F7DA039B13B101F100431946089BC3E942
:102880000201099B03F007000DF51B7DBDE8F08FE9
:10289000069D083500200021254475E9022313F028
:1028A000B9FBAC42F9D1039B13B101F100431946C6
:1028B000089BC3E90001099B03F007000DF51B7D90
:1028C000BDE8F08F00260027EAE80267DA4509F143
:1028D00008097FF4FEAC1AE5009B002B08F1010803
:1028E000C8BF02253FF79EAD32463B4600206149F6
:1028F00013F08EFB022506460F46FBE50026002757
:10290000EEE6069B002B27DD0024069B012B3FF4FF
:10291000C4AD022B09D1009B5A1E0EAB0EA953F871
:102920002230C3F3150341F82230022D7FF4E2ADCB
:1029300032463B4600204F4913F06AFB06460F46DD
:10294000002C3FF4D7ADC7E50099013399427FF4DD
:1029500073AD069B002BD8DC022D7FF4CBAD324645
:102960003B460020434913F053FB06460F46C1E5A2
:102970000123ECE53946069F03957A423046CDF8AF
:10298000248000F05DFD00223B4B04460D4613F011
:1029900079FF002843D00022384B2046294613F007
:1029A000EBFC13F099FF064613F080FC0022324B3B
:1029B00013F0E2FC02460B462046294613F028FBA2
:1029C00013F08AFF00990B4601331A4600933B46E9
:1029D000183306930B460EA941F82300134641F81D
:1029E000236027E6089B0246C3E900010B46D4E9B1
:1029F000000113F00DFB009B002B3FF730AF089B4D
:102A0000C3E902013DE7D4E90067D4E90223089D48
:102A1000C5E90401C5E90067C5E90223FAE62946CC
:102A2000204613F059FF009A0EA941F8220001E652
:102A30004AAC00200021D8E6A49B032B3FF6EAAE67
:102A400001A252F823F000BF672A01085F2A01089B
:102A50005F2A0108312A010801200023F2E4002046
:102A600000214AACE8E6002000211CE70A9BDB00BD
:102A700000934CE40000F03F000070410000703E05
:102A80002DE9F04F21F00046B6F1795F85B004469C
:102A90000D469046994604DA13F01EFF002800F018
:102AA000858022462B462046294613F065FC0646C3
:102AB0000F4602460B462046294613F05DFC41A313
:102AC000D3E9002382468B463046394613F054FC46
:102AD0003EA3D3E9002313F09BFA32463B4613F0A2
:102AE0004BFC3CA3D3E9002313F094FA32463B4657
:102AF00013F042FC39A3D3E9002313F089FA3246DC
:102B00003B4613F039FC37A3D3E9002313F082FAD4
:102B10000E9BCDE900019BB30022294B404649465C
:102B200013F02AFCDDE90023CDE9020150465946A5
:102B300013F022FC02460B46DDE9020113F068FAAD
:102B400032463B4613F018FC42464B4613F060FAFF
:102B500019A3D3E9002306460F465046594613F001
:102B60000BFC02460B463046394613F053FA024638
:102B70000B462046294613F04BFA05B0BDE8F08F0E
:102B800002460B463046394613F0F6FB0AA3D3E95A
:102B9000002313F03DFA52465B4613F0EDFB22464C
:102BA0002B4613F037FA05B0BDE8F08F20462946D2
:102BB00005B0BDE8F08F00BF495555555555C53F87
:102BC0000000E03F7CD5CF5A3AD9E53DEB9C2B8AFB
:102BD000E6E55A3E7DFEB157E31DC73ED561C119FA
:102BE000A0012A3FA6F810111111813F000000003A
:102BF0002DE9F04FBE4C21F0004687B0A642824638
:102C00008B460F46CDE900231BDC13F065FE002840
:102C100037D153461E43109B0133334300F0B38139
:102C2000109B012B00F0C88152465B460020B14941
:102C300013F0CCFC04460D462046294607B0BDE8FB
:102C4000F08FAD4B9E421CDD0029C0F2A981524697
:102C50005B4687A1D1E9000113F0DAF9DDE9002331
:102C600004460D4684A1D1E9000113F0D1F99FED8E
:102C7000847B22462B468DED007B13F0CBF98246F8
:102C80008B4652465B465046594613F075FB02464A
:102C90000B468046894613F06FFB424604460D46BC
:102CA0004B465046594613F067FB77A3D3E9002300
:102CB000CDE902012046294613F05EFB74A3D3E957
:102CC000002313F0A7F922462B4613F055FB72A3FD
:102CD000D3E9002313F09EF922462B4613F04CFB58
:102CE0006FA3D3E9002313F095F922462B4613F086
:102CF00043FB6DA3D3E9002313F08CF922462B4646
:102D000013F03AFB6AA3D3E9002313F083F9424698
:102D10004B4613F031FB68A3D3E90023CDE904014E
:102D20002046294613F028FB65A3D3E9002313F0BE
:102D300071F922462B4613F01FFB63A3D3E900234E
:102D400013F068F922462B4613F016FB60A3D3E973
:102D5000002313F05FF922462B4613F00DFB5EA310
:102D6000D3E9002313F056F922462B4613F004FB57
:102D70005BA3D3E9002313F04DF902460B46DDE9CE
:102D8000040113F047F9DDE9022313F0F5FADDE958
:102D9000004522462B4613F03DF942464B4613F0C0
:102DA000EBFA02460B462046294613F033F94EA3B0
:102DB000D3E9002304460D46DDE9020113F0DCFAF5
:102DC00022462B4613F026F90B46024680468946DA
:102DD0005046594613F01EF9474B9E4204460D4695
:102DE00000F38E80109B012B3BD002460B46002047
:102DF000404913F0EBFB002406460F4620462946C7
:102E000052465B46CDE90067CDE90201009413F01C
:102E1000FFF8DDE900AB02460B464046494613F099
:102E2000F7F852465B4613F0A7FA524604460D46A1
:102E30005B46DDE9020113F09FFA00222F4B13F0ED
:102E4000E9F802460B462046294613F0E3F83246DD
:102E50003B4613F091FA52465B4613F0DBF804460A
:102E60000D462046294607B0BDE8F08FAFF300803D
:102E7000182D4454FB21E93F075C143326A6813CFE
:102E80000000000000000000D47ABF74702AFB3EEE
:102E9000E9A7F0320FB8123F68108D1AF726303FBD
:102EA0001583E0FEC8DB573F93846EE9E326823F3B
:102EB000FE41B31BBAA1AB3F735360DBCB75F3BECE
:102EC000A69237A0887E143F0165F2F2D844433FB2
:102ED000280356C9226D6D3F37D60684F464963FA9
:102EE0007AFE10111111C13F635555555555D53F07
:102EF000FFFF2F3E0000F0BF2794E53F0000F03FAA
:102F0000109813F0D3F92246CDE900012B46204654
:102F1000294613F031FADDE90023CDE9020120460C
:102F2000294613F077F802460B46DDE9020113F05B
:102F30004DFB42464B4613F06BF802460B4650469B
:102F4000594613F065F802460B4613F063F8024643
:102F50000B46DDE9000113F05BF80446B81700F0FA
:102F60000200C0F101000D4613F0A0F902460B4625
:102F70002046294613F000FA04460D46204629460D
:102F800007B0BDE8F08F5046594613F06DFF02467A
:102F90000B4600200A4913F019FB04460D4660E772
:102FA000DDE9004501F10041224605F1004382467A
:102FB0008B46CDE900234AE654465D4651E700BF03
:102FC0000000F03F000000002DE9F04FD24A21F050
:102FD0000043934285B082468B460C462DD9CF4A9A
:102FE00093421AD8002C80F21681B5A3D3E90023AE
:102FF0005046594613F00EF80022002313F02EFC21
:10300000C0B9B1A3D3E900235046594613F0B4F92F
:1030100002460B460020C24908E1C24A934240F2F0
:10302000D0800346C1F31302134340F0F48100291A
:1030300080F2C4800020BC49C0E0BC4A934200F248
:103040002981BB4A934240F2DE8000230193002293
:10305000B84B5046594613F08FF906460F460246C4
:103060000B465046594613F087F999A3D3E900233C
:1030700004460D4613F080F997A3D3E9002312F01C
:10308000C9FF22462B4613F077F995A3D3E9002315
:1030900012F0BEFF22462B4613F06EF992A3D3E93D
:1030A000002312F0B7FF22462B4613F065F990A3D8
:1030B000D3E9002312F0ACFF22462B4613F05CF953
:1030C00000229D4B12F0A6FF8046894602460B4621
:1030D0003046394613F050F902460B460020974916
:1030E00012F096FF064602460B460F4640464946FA
:1030F00012F08EFF3246804689463B46504659467E
:1031000013F03AF902460B4600208D4912F080FF79
:1031100002460B464046494613F058FA22462B46D3
:1031200013F02AF9019E02460B46002E38D0DDE945
:10313000026732463B4612F06BFF52465B4613F085
:103140001BF932463B4612F063FF2B46224612F033
:103150005FFF019B013306460F4600F00F81019B84
:10316000012B00F0F180019B0133392B39D8019BF1
:10317000132B40F31281019CC4F57F7503350022A7
:103180002B0512F047FF02460B465046594612F0F7
:103190003FFF0022684B12F03DFF01EB04510DE0B0
:1031A0005046594613F0E8F822462B4612F030FFFD
:1031B00002460B465046594612F02AFF05B0BDE8BC
:1031C000F08F4DA3D3E9002313F066FB00283FF4F2
:1031D00009AF4BA3D3E900231046194613F0CCF8EE
:1031E000ECE752465B4612F013FF02460B46002006
:1031F000514912F00DFF019A4F4B01EB0251002291
:1032000012F006FFDAE73EA3D3E9002312F002FF33
:1032100002460B46CAE72CA3D3E900235046594681
:1032200013F0AAF80B4643490246002012F0F2FEC2
:1032300013F052FB019013F039F833A3D3E90023C4
:1032400006460F4613F098F802460B46504659467C
:1032500012F0DEFE2EA3D3E90023804689463046D5
:10326000394613F089F806460F4632463B4640463B
:10327000494612F0CDFE02460B4682468B4640463A
:10328000494612F0C5FE32463B4612F0C1FECDE97A
:103290000201DCE62B4A934200F2958000291AA332
:1032A000D3E90023C0F2AC8012F0B2FE01238046C5
:1032B0008946019316A7D7E90067D6E7AFF30080E8
:1032C00059F3F8C21F6EA501FE822B654715F73F23
:1032D0002DC3096EB7FD8ABE3952E686CACFD03EED
:1032E000B7DBAA9E19CE143F8555FE19A0015A3F9F
:1032F000F41011111111A13FEF39FAFE422E864050
:103300009C7500883CE4377E0000E0FE422EE63FDC
:10331000763C7935EF39EA3D79684340412E864065
:103320000000E0BFFFFFEF7F0000F0BF422ED63F5E
:10333000FFFF8F3C0000E03F0000F03F000008402E
:1033400000001840B1A2F03F0022394B50465946C8
:1033500013F084FA002844D0504659460022354BD9
:1033600012F058FE02460B463046394612F050FE27
:1033700000224FF0404312F0FFFF1FE702460B46CA
:103380005046594612F044FE00222A4B12F0F4FF38
:103390000022284B12F03CFE10E7019C4FF4001372
:1033A0002341C3F17F5752465B4612F031FE00269F
:1033B00007F5401702460B463046394612F028FE04
:1033C00001EB0451FAE616A3D3E9002312F0D4FF6F
:1033D000002C02460B464FF00000FFF61CAE1549CC
:1033E00024E732463B465046594612F011FE02464B
:1033F0000B4612F00FFE00220F4B12F00BFEDDE623
:1034000012F008FE4FF0FF3380468946019306A76D
:10341000D7E9006729E702460B4612F0FBFDCDE62F
:10342000FE822B654715F73F763C7935EF39EABDCB
:103430000000D0BF0000E03F0000F03F00000000AF
:10344000F8B5C1F30A5604460D460B4617460EBBA7
:1034500021F000430343864625D00022344B12F06E
:103460008BFF344A974204460D460B462ADBC1F3D4
:103470000A56363E3E4440F2FE72964228DC002E4A
:1034800012DD23F0FF4323F4E00343EA0655204610
:103490002946F8BD40F2FF729642EBD102460B4638
:1034A00012F0B8FDF8BDF8BD16F1350F1DDA4CF27B
:1034B00050339F4222462B4625DC19A1D1E9000159
:1034C00015F094FB16A3D3E9002312F055FFF8BDC5
:1034D00022462B4614A1D1E9000115F087FB12A367
:1034E000D3E9002312F048FFF8BD23F0FF4323F493
:1034F000E003363643EA06552046294600220E4BA5
:1035000012F03AFFF8BD08A1D1E9000115F06EFBF9
:1035100005A3D3E9002312F02FFFF8BDAFF300801D
:1035200059F3F8C21F6EA5019C7500883CE4377EF4
:1035300000005043B03CFFFF0000903C10B5054C2C
:10354000237833B9044B13B10448AFF3008001234F
:10355000237010BDA804002000000000F4B402088D
:103560000C4B43B10C480D4910B5AFF300800C482B
:10357000036823B910BD0A48036833B97047094B83
:10358000002BF7D0BDE810401847064B002BF5D0B4
:10359000184700BF00000000F4B40208AC0400208B
:1035A0001C04002000000000154B002B08BF134B2B
:1035B0009D46A3F5803A00218B460F461348144AD6
:1035C000121A06F08DFD0F4B002B00D098470E4BC2
:1035D000002B00D098470020002104000D000D486A
:1035E000002802D00C480DF075FC15F06DFC200091
:1035F00029000DF04FFC0DF069FC00BF0000080031
:103600000080022000000000850E02082004002037
:10361000B8320020D50E020800000000F0B5214DA0
:103620002C6883B014B1204603B0F0BD4FF49C70F9
:103630000DF052FC4FF0FF310646032001F042FC32
:1036400000B204F079F84FF0FF310746022001F094
:1036500039FC00B204F070F83946024606F1DC0786
:1036600030460AF0EBF923462246384601210AF09B
:1036700081F84FF0FF31012001F024FC00B204F08A
:103680005BF898244FF0050E02468DE810403B464B
:10369000314606F1E40007F08BF9344620462E60EF
:1036A00003B0F0BDC40400202DE9F04104460F46EC
:1036B000FFF7B4FF00F1E4050646284607F096F947
:1036C000082C0BD0A4F10903012B15D93A46214649
:1036D00010230D20BDE8F04103F012BFD6F8E4300E
:1036E00028469B6A98470228F0DCD6F8E430284642
:1036F0005B6A04219847E9E7D6F8E43028469B6ADC
:1037000098470528E2DCD6F8E43028465B6A0821B1
:103710009847DBE710B52DED028BFFF77FFF00F137
:10372000E404204608F0A2FE07EE900A2046F8EED8
:10373000E78A08F0A9FE07EE900A2046B8EEE78A6D
:1037400008F0B0FE68EE087A07EE100AE8EEA87AF4
:10375000B8EEC77AE7EE077AF5EE407AF1EE10FAA6
:10376000B1EEE78A03D517EE900A14F0C9F8FDEE22
:10377000C87ABDEC028B17EE900A10BD08B503287D
:103780001CD8DFE800F0140D0602BDE80840FFF782
:10379000C1BFFFF743FFBDE80840E43008F082BE38
:1037A000FFF73CFFBDE80840E43008F06DBEFFF7CE
:1037B00035FFBDE80840E43008F058BE002008BDE1
:1037C00008B550B1012806D1FFF728FFBDE8084031
:1037D000E430FBF765B8002008BDFFF71FFFBDE828
:1037E0000840E430FBF73CB810B50446FFF716FF7D
:1037F0002146E430BDE8104008F050BC08B501F0A7
:1038000089FCFBF7F1FDBDE8084001F0EDB900BF10
:1038100008B501F07FFCFBF757FEBDE8084001F05A
:10382000E3B900BF08B501F075FC13F093FBBDE8E8
:10383000084001F0D9B900BF08B501F06BFC13F0E6
:103840009BFFBDE8084001F0CFB900BF08B501F00B
:1038500061FCFBF7D9FDBDE8084001F0C5B900BF28
:1038600008B501F057FC13F0B3FDBDE8084001F0C6
:10387000BBB900BF08B501F04DFCFBF731F8BDE85E
:10388000084001F0B1B900BF08B501F043FC13F0E6
:10389000F3FCBDE8084001F0A7B900BF70B5049E75
:1038A00096420C4628DB15466BB1002A00EB02015C
:1038B00007DD2046A21811F8013D00F8013B9042B7
:1038C000F9D1002070BD042A0FD0022A02D110F0D5
:1038D000010306D001462A46204605F01DFA0020C5
:1038E00070BD02880A80184670BD10F00303F1D144
:1038F00002680A60184670BD0846002106F0F0FB19
:103900004FF0FF3070BD00BF0830704740B1002954
:1039100005DB4368994202DA0844007A70470020C8
:10392000704700BF30B1002904DB43689942BCBF37
:1039300040180272704700BF40B1002905DB4368A0
:10394000994202DA0844007A70470020704700BFAD
:10395000830705D120B1030F0CBF01200020704761
:103960000120704730B1002904DB43689942BCBF95
:1039700040180272704700BF002B23DB002921DBB7
:1039800070B54668B1421ADC5568761A1446EA1AD0
:10399000B242A8BF3246002A11DB84420D4607D04E
:1039A000083408300844E11805F0B6F9002070BD6D
:1039B0000834E118601915F0F4FB002070BD4FF0D9
:1039C000FF3070BD4FF0FF30704700BF4068704758
:1039D00010B4141E10DB426894420DDC33EA23035A
:1039E00028BF1346121B08309A422044A8BF1A462B
:1039F0005DF8044B06F074BB5DF8044B704700BFE4
:103A000043688B4210B400F108041846A8BF08466A
:103A100032EA220128BF19461B1A99422044A8BF46
:103A200019465DF8044B00F0E3BE00BF002BBCBF9D
:103A300043689B1A002A70B50E4620DB446899182B
:103A4000A1421CDC8A421ADCCBB136F0004116D010
:103A500059428E4214DDB34212DD0830002E00EBD5
:103A6000020515DB9C1B2246A919284615F099FB77
:103A7000324628190021BDE8704006F031BB70BD08
:103A8000002211464FF0FF33BDE87040FFF7A0BFA2
:103A900074429A192946281915F083FB22462846B4
:103AA0000021BDE8704006F01BBB00BF0346083094
:103AB000596800F01DBE00BF70B504460020616863
:103AC000490000F097FD6668002E11DD094D04F1F4
:103AD000080100EB4606034611F8012B141102F011
:103AE0000F022C5DAA5C9C71DA7102339E42F3D105
:103AF00070BD00BF68990208002BBCBF43689B1AC9
:103B0000002A2FDB70B445689C18AC4229DCA24225
:103B100027DC33B331F0004423D00029B8BF01EBD8
:103B2000032191FBF3F603FB1616002E00F10800AB
:103B3000B8BFF61802441644B242134411D03046BE
:103B400004E0B24208460ED090420AD001461478F2
:103B500011F8015B02F8015B8B420470F1D1304631
:103B6000F2E770BC70470E46EEE700BF00B583B0C9
:103B70004FF0FF3300930023FFF7FEFE03B05DF824
:103B800004FB00BF10B50C1E0EDD4168083002F0CA
:103B9000EBF81F2C09DC0123A34020FA04F4013BBD
:103BA000444004EA030010BD002010BD014600207F
:103BB00000F01EBE38B50021054600F0C7FD0146E5
:103BC000002000F015FE044600F10801284600F030
:103BD000BDFD204638BD00BF30B5013A83B0044674
:103BE0000D460F2A16D8DFE802F01717838D9417B9
:103BF0002E08081F424D5C367462184601F01EFB09
:103C0000012DADF8000005DD9DF800209DF8013084
:103C10002370627003B030BD184601F00FFB002D19
:103C2000F8DD207003B030BD184601F007FB032D0E
:103C30000090EFDD6A46231D12F8011B03F8011DF9
:103C40009C42F9D1E6E7184601F0F8FA002DC0B21F
:103C5000E0DD2070E6E7184601F05CFA072DCDE9BB
:103C60000001D7DD6B4603CB20606160D2E71846C8
:103C700001F078FA032DCDDDA3070CBF2060206092
:103C800003B030BD184601F06DFA032D0090C1DD80
:103C90006A46231D12F8011B03F8011D9C42F9D14D
:103CA000B8E7184601F062FB032DE5DCB2E71846E1
:103CB00001F030FA072DCDE90001ABDD0DF1FF3247
:103CC00004F1080312F8011F03F8011DA342F9D102
:103CD000A0E7184601F04AFB032D00909ADD6A46E2
:103CE000231D12F8011B03F8011DA342F9D191E72E
:103CF000184601F0A3FA012D8CDDE20754BF2080A5
:103D0000208087E7184601F099FA012D82DD80B204
:103D1000F3E7184601F092FA032DADDC7AE700BF15
:103D200030B4141E07DB456808300A462044291BBE
:103D300030BCFFF751BF30BC704700BF00B5013A3F
:103D400085B00F2A00F28880DFE802F01623303DAC
:103D50004A56595C5F626571748083080091012343
:103D600008220DEB0201FFF799FDDDE9020100F0E9
:103D70003BFF05B05DF804FB00910023012202A97E
:103D8000FFF78CFD9DF9080001F034F805B05DF8EF
:103D900004FB00910023012202A9FFF77FFD9DF89B
:103DA000080001F027F805B05DF804FB009100233E
:103DB000022202A9FFF772FDBDF9080001F01AF80E
:103DC00005B05DF804FB00910023022202A9FFF771
:103DD00065FDBDF8080001F00DF805B05DF804FBC5
:103DE00000910023042202A9FFF758FD029801F078
:103DF00001F805B05DF804FB01230091BEE7012343
:103E00000091C8E700910123D2E700910123DCE78C
:103E100000910123E6E700910023042202A9FFF7A5
:103E20003DFD029800F0F0FF05B05DF804FB009145
:103E30000123F2E700910023042202A9FFF72EFDDF
:103E4000029800F0CFFF05B05DF804FB009100235D
:103E500086E700910123EFE700208AE7131E09DBC4
:103E600010B4446808300A461844E11A5DF8044B5F
:103E7000FFF764BF002000F0BDBF00BF03F04CBAE5
:103E800008B503F04DFA20F0404008BD03F038BB00
:103E900006F054BEC11703F0ADB900BF03F0B8B9C6
:103EA00003F0C8B900B583B003F032FA02AB63E99E
:103EB00002010821184601F057FF20F0404003B0EE
:103EC0005DF804FB00B583B003F022FA02AB63E9AE
:103ED00002010821184600F08BFC03B05DF804FBDA
:103EE00081B138B50B680C4608461B6A98472368B1
:103EF00005465B6A2046984701462846BDE838409B
:103F000003F0A8BD704700BF01F050BE012002F0D1
:103F100047B900BF08B5022002F042F940F29330E1
:103F2000BDE8084006F01CBE014B1860704700BF9A
:103F3000C8040020704700BF00207047002A2DE908
:103F4000F04340F3BB8000242546ED27DFF8CCE1A9
:103F500009E07F2B04F1010415D8013508B1037085
:103F60000130A24221DD0B5D1E06F2D503F0E00612
:103F7000C02E1DD003F0F006E02E33D003F0F8067B
:103F8000F02E51D0013402350028EAD04FEA931CBC
:103F900006466CF03F0C06F802CB03F03F0363F0DB
:103FA0007F03A24243703046DDDC2846BDE8F08343
:103FB000661CB242DEDD01EB040C9CF801C00CF083
:103FC000C008B8F1800FD5D14FEA83180CF03F0C30
:103FD00008F4F86848EA0C0CBCF17F0F70DD63460A
:103FE0000234D0E7A61CB242C8DD0E1996F801C013
:103FF0000CF0C008B8F1800FC0D196F8028008F02C
:10400000C006802EBAD11E0308F03F084FEA8C1C70
:10401000B6B20CF47C6C46EA080646EA0C06B6F525
:10402000006FAFDB033430E0E61CB242AADD0E19AC
:1040300096F801C00CF0C008B8F1800FA2D196F834
:10404000028008F0C009B9F1800F9BD196F8039067
:1040500009F0C006802E95D19E0409F03F094FEA71
:104060000C3C06F4E0160CF47C3C4FEA881846EA57
:10407000090646EA0C0608F47C6846EA0806A6F536
:10408000803CF4453FF67EAF0434B6F5803F1DD248
:10409000033500283FF465AF4FEA163CC6F385139D
:1040A00006F03F066CF01F0C63F07F0366F07F069E
:1040B00080F800C043708670033052E7002574E733
:1040C0000235344600287FF461AF4CE7A6F5803610
:1040D000B30A063503F5584300283FF442AFC6F350
:1040E000090606F55C46C6F38518C3F3851C06F081
:1040F0003F0603F03F0368F07F0866F07F066CF030
:104100007F0C63F07F030770C77080F804804671EE
:1041100080F801C08370063023E700BFFFFF0F0067
:104120000378024618461B0600D4704700F0E003EF
:10413000C02B10D000F0F003E02B00D07047537874
:10414000927800039B0103F47C6380B2184302F071
:104150003F03184370475378800103F03F0300F496
:10416000F8601843704700BF704700BF70B4C5883F
:104170008D422BD30B0962BB826886882D0902EB26
:1041800045054BB103F10040013832F81030F61A02
:10419000B6B21D4401F00F010022134602E00133C4
:1041A0009E4213DB0132914205EB0300EC5C0EDB17
:1041B0002006F4D504F0E000C02804F0F00414D088
:1041C000E02C08BF023301339E42EBDA002070BCC2
:1041D00070472D0900F1080202EB45058688002B87
:1041E000DAD000EB4300C388D1E70133D7E700BF43
:1041F00080880A3080087047063070478088704792
:1042000083888B4226BF063040180020704700BFCD
:1042100080880A3080087047063070478088704771
:104220008188E1B130B4841D0020034602E00133EF
:10423000994210DDE25C150600F10100F7D502F0AD
:10424000E005C02D02F0F00207D0E02A08BF0233DB
:1042500001339942EEDC30BC70470133E7E7084692
:10426000704700BF70B400228688851D134602E0A7
:1042700001339E4213DB0132914205EB0300EC5CFB
:104280000EDB2006F4D504F0E000C02804F0F004B2
:1042900008D0E02C08BF023301339E42EBDA002045
:1042A00070BC70470133E3E7C38880681B0900EBEB
:1042B000430070470022FFF759BF00BFC3888088C2
:1042C0001B0900EB43000C3080087047704700BFAB
:1042D000C38800F108021B0902EB4300704700BFCE
:1042E00080887047C08870470122FFF73FBF00BF3A
:1042F0000320704740680B30800870472DE9F84371
:1043000004460B46002A4FD0C788B0F804803F0906
:1043100000F1080606EB470721B14246384604F093
:10432000FBFC002307F80830E3881B09D3B306EB36
:104330004309B8443846B8EB00041BD40278102176
:10434000002307E001339C4200EB030512DB013937
:10435000C25C1ED01506F5D502F0E005C02D02F0B6
:10436000F00214D0E02A08BF023301339C4200EB74
:104370000305ECDA4FF45C7006F0F2FB00231846FC
:10438000DB1B26F8023BB145D5D1BDE8F8830133EC
:10439000D8E72B46DB1B26F8023BB1452846CAD19D
:1043A000BDE8F883BDE8F8831546C2888768B0F891
:1043B0000480120907EB420729B907F80810C388DF
:1043C0001B09A668B2E74246384604F0A5FC07F888
:1043D0000850E3881B09F4E7806808B101F0BABD12
:1043E000704700BF10B50446406801F0DFFDA068CB
:1043F000BDE8104001F0DABD2DE9F04F414D83B02A
:10440000A9880090002970D13E48009ADFF8FC90FE
:10441000064602F0CBFA0027B846AB8830468BB18F
:1044200002F0D8FA03684B45044647D09B6A984788
:10443000236880445B6A20469847AB88074430462F
:10444000002BEDD14FEA18146400781C204402F0D0
:10445000CDF8A9880190044400294CD12948009A3C
:10446000DFF8A8A0814602F0A1FAAA884846BAB1AE
:1044700002F0B0FA0268524583462AD0526A904749
:10448000DBF800200646136A584698473246014634
:10449000204604F041FCAA8834444846002AE7D16B
:1044A00000980199184B816011468780A0F806801A
:1044B000036003B0BDE8F04FFFF720BF8268A98812
:1044C000304602F073FA6268A988304602F06EFA4C
:1044D000A3E78268A988484602F068FADBF804205E
:1044E000A988484602F062FABFE740F2713006F050
:1044F00037FBA98888E740F2713006F031FBA988C4
:10450000ACE700BFD0040020209A0208D899020826
:1045100010B50446FFF770FFE08810BD10B50446E3
:10452000FFF76AFFA08810BD10B50446FFF764FFCF
:10453000E388A0681B0900EB430010BD38B50D46A9
:104540000446FFF759FF294620460022BDE83840BF
:10455000FFF70CBE0320704703207047704700BF71
:1045600080887047C0887047704700BF8088704758
:10457000084B1B685BB15A68904201D0002AF8D101
:104580004A1C04D09A68914201D0002AF1D1184601
:10459000704700BFCC040020F0B5154E336883B0DF
:1045A00013B90AE01B6843B15C688442FAD19C6885
:1045B0008C42F7D1DA6003B0F0BD044610201746F4
:1045C0000D4602F025F8034620B100221A605A6019
:1045D0009A60DA6018463268019383E8340001215A
:1045E00040F80C7F02F06AF8019B336003B0F0BD25
:1045F000CC040020F8B50C1E064625DB4CB3002E7B
:1046000063D0002C0CDD96F90030002B23DB731CEB
:10461000311903E013F9012B002A1CDB9942F9D16F
:10462000E01D01F02DFF0546002856D02C4B2B60D5
:10463000AC8026B131462246A81D04F06DFB2C4407
:104640000023A3712846F8BD14F008FE0446002C90
:10465000D5D12448F8BD132C2EDD00210B4602E0F5
:1046600001339C4210DDF25C100601F10101F7D527
:1046700002F0E000C02802F0F00224D0E02A08BFD7
:10468000023301339C42EEDC8FB20029B8BF0F31F8
:10469000091104F1090000EB410001F0F1FE0546AB
:1046A00008B1114B03602846AC80EF8031460122EF
:1046B000FFF724FE2846F8BDE01D01F0E1FE0546A7
:1046C00058B10A4BB3E70133CAE7E01D01F0D8FE49
:1046D00005460028AAD1B480B1E7AC80AAE700BFA4
:1046E000809A0208A89B0208B09A0208509A020811
:1046F000F8B50C1E054603DB3CB9134C2046F8BD4B
:1047000014F0ACFD0446002CF7D0224629460020C8
:10471000FFF714FC8442064610D001F079FF2246D0
:1047200007462946FFF70AFC31463846FFF762FF85
:104730000446384601F090FE2046F8BD2146284642
:10474000BDE8F840FFF756BFA89B02082DE9F843E3
:10475000036804461B6A0F469847236806465B6A4F
:10476000204698470146002840D000242546335D66
:10477000ED2B06EB040008D007B17B550135013461
:104780008C42F4D32846BDE8F88304F10508884537
:10479000F2D2FFF7C5FC8146E01C3044FFF7C0FCB5
:1047A000A9F55843B3F5806FE9D2A0F55C42B2F5A4
:1047B000806FE4D200F5105000EB83239FB1981472
:1047C00060F00F0078557A19C3F30534C3F38510F0
:1047D00003F03F0364F07F0460F07F0063F07F0329
:1047E00054709070D37004354446C8E7BDE8F88330
:1047F00070B50D1E12DD064605F1080001F040FE01
:10480000044608B1084B036065602A46314604F14E
:1048100008002EB104F080FA204670BD034870BD38
:1048200005F05EFC204670BD1C9B02089C9B0208A4
:10483000014B1860704700BF04020020034A044B7C
:10484000116803FB00F0484010607047040200202C
:10485000CB5725CA30B40E4D2A68044621460020A5
:10486000930983EAD273534083EA121383EA9203D3
:104870005208534042EAC37202F00103490843EA76
:104880004000EDD18442E9D32A6030BC704700BFBC
:104890000402002000487047A89B020800B583B2BC
:1048A0007F2B83B02CDDB3F5006F17DB00F03F00EA
:1048B0001A1360F07F00C3F3851362F01F0263F0E8
:1048C0007F038DF80600032101A88DF804208DF8E0
:1048D0000530FFF78FFE03B05DF804FB00F03F00EA
:1048E00060F07F009B1163F03F038DF8050002210B
:1048F00001A88DF80430FFF77DFE03B05DF804FBDE
:10490000012101A88DF80430FFF774FE03B05DF8B3
:1049100004FB00BF2DE9F0470C46002876D0054681
:10492000444B002976D098427CD09C4218D02B680A
:10493000414EB34217D05B6A284698472368074622
:104940005B6A20469847C619322E804631D90C2022
:1049500001F096FD08B1384B036045608460054660
:104960002846BDE8F0872368B342F0D0A868036802
:10497000B342ECD05B6A9847236807465B6A2046DF
:10498000984738443228E2D80C2001F079FD0746D8
:1049900000B10660384601F0ABFE6B687B602146D3
:1049A000A868FFF7B7FFB860384601F0B1FE3D4692
:1049B000D6E72B6828461B6A9847236882461B6AFD
:1049C00020469847314681460020FFF713FE0368D2
:1049D0001B6A054698473A460446514604F09CF93E
:1049E00042464946E01904F097F9002EB8D094F9F0
:1049F0000030002B07DB3219631C9342B0D013F94F
:104A0000011B0029F9DA0D4B2B60A9E70C4D59B1B8
:104A1000084B8AE798420AD00368074E084CB34215
:104A200089D1A3E70D469BE7064B2C4683E7044D4F
:104A300096E700BFA89B0208D8990208509A02087E
:104A4000FC9B0208809A0208884228D0F8B50368C7
:104A50000D465B6A044698472B6807465B6A284602
:104A60009847236806461B6A204698472B680446E9
:104A70001B6A28469847BE4228BF3E46621E034630
:104A800013F8011B12F8014F8C42A3EB000503D170
:104A9000B542F5D90020F8BD03DB0120F8BD0020A8
:104AA00070474FF0FF30F8BD03689B6A184700BF9E
:104AB000F8B5161E21DD03689B6A0C46054698472B
:104AC000002CBCBF241824EAE474001B864212DACE
:104AD0002B682146DB6A284698472B68A1190746B0
:104AE000DB6A28469847044658B1E11B3846BDE8C2
:104AF000F840FFF77FBD002801DC0448F8BD0646FA
:104B0000E6E740F2723006F02BF8EEE7A89B0208C9
:104B1000002859D0002957D003682DE9F0471B6AB7
:104B2000054614460E4698472B6824EAE4718046F1
:104B3000DB6A284698472B6804465B6A28469847F4
:104B40003368A4EB0805451B5B6A30469847074667
:104B50009CB3854231D3336830461B6A98478146FF
:104B600090F800A002E0BD42344626D32378534596
:104B700005F1FF3504F10106F5D13A4649462046D4
:104B800014F000FB0028EED1A4EB0804002C03462F
:104B900003DC14E00130844211DD18F80020110616
:104BA00003F10103F6D502F0E001C02902F0F002A2
:104BB00008D0E02A08BF0230ECE74FF0FF33184678
:104BC000BDE8F0870130E5E74FF0FF331846704746
:104BD00008B5FFF79DFF013018BF012008BD00BFD9
:104BE00080F00100704700BF38B50C1E034612D19B
:104BF000002845D002460B4604460D4611F056FEED
:104C000000283FD10C2001F03BFC08B11E4B036093
:104C10004460856038BDC4F30A55A5F2FF321D2AF1
:104C200025D8142A0DDC0028E4D1A5F2F33514FAB6
:104C300005F3DFD1E002C2F11F0240F00040D04096
:104C40000EE0A5F2134510FA05F5D3D1E002C2F14A
:104C50001F0140F00040C2F13402C840D340184365
:104C6000002CB8BF4042400040F0010038BD1E2A71
:104C7000C0D10028BED1054B9C42BBD1044838BDF1
:104C8000012038BD0E2038BD4C9B02080000D0C169
:104C9000010000802DE9F041036882B01B6A98474B
:104CA00001A9F9F779FA0022002306460F4611F010
:104CB000CBFD68BB27F00045304629464FF0FF3258
:104CC0001D4B34464FF0010811F0F0FD38B94FF09C
:104CD000FF32194B3046294611F0DEFDF8B118F0CD
:104CE000FF0F20D100224FF48013204629464FF0B9
:104CF000010811F0DBFD40B92046294600224FF49F
:104D0000801311F0ABFD00B9804618F0FF0F0AD1F7
:104D100030463946FFF768FF02B0BDE8F0818046B3
:104D200018F0FF0FDED0054F002630463946FFF75A
:104D30005BFF02B0BDE8F081FFFFEF7F0000F87F6E
:104D400008B511F0B3FABDE80840FFF74DBF00BF4A
:104D5000F8B50368DB6A04469847E0B10646FFF7FA
:104D6000DFF9054638B14300B0EB630F10D0BDE862
:104D7000F840FFF7E5BF236820461B6A9847236881
:104D800007465B6A204698473844864203D02B4644
:104D900043F00100F8BD0E20F8BD00BF08B1FFF7D9
:104DA000D7BF0E20704700BFB8B110B5FFF7D0FFD6
:104DB0000E2804460FD0C30704D56010BDE810408C
:104DC000FFF76CBD40F2713005F0CAFE6010BDE81F
:104DD0001040FFF763BD024810BD0148704700BF97
:104DE000A89B020808B511F073FABDE80840FFF768
:104DF000FBBE00BF4300B0EB630F01D0FFF7A0BFC5
:104E000043F00100704700BFB0F1804F08B503D2F6
:104E1000400040F0010008BD11F038FABDE808403C
:104E2000FFF7E2BE002814BF42200A20704700BFEF
:104E300008B5F9F775FBBDE80840FFF7D5BE00BF20
:104E400001FB00F0704700BF90FBF1F0704700BF1E
:104E500010B50C2001F014FB044608B101F0C2FEAD
:104E6000204610BD00897047043001F029BE00BF04
:104E700003460A460430198901F002BE043001F0ED
:104E800031BE00BF03894268994234BF52F8210005
:104E900000207047043001F0F3BD00BF043001F082
:104EA0002FBE00BF043001F051BE00BF024B1B6893
:104EB000588CC000704700BF10050020704700BF2D
:104EC0000020704738B5184B1B688BB15C6A7CB109
:104ED0002368984223D05BB1002300E042B1023343
:104EE00054F823208242F9D101339B00E05838BDA9
:104EF0000D460446FFF7E4FF78B103689C4210D0EA
:104F00005BB1002300E042B1023350F82320944209
:104F1000F9D101339B00C05838BD284638BD042361
:104F2000E4E70423F7E700BF10050020406870475E
:104F30004160704710B5082001F0A2FA044608B19C
:104F400001F05AFE204610BD70B50C1E05461646EF
:104F50000EDB83889C420BDA05EB8404E36823B103
:104F60000B2140F2863001F0A9FEE660284670BDB4
:104F70000A2140F2863001F0A1FEEDE705F0F0BD18
:104F800018B1024B984208BF00207047A89B020846
:104F9000003018BF0120704710B5142001F070FADE
:104FA000044608B101F030FE204610BD10B504469D
:104FB00001F036FE002806DB238AE268984202D21E
:104FC00052F8200010BD002010BD00BF214B1B680F
:104FD000DB6A9A682DE9F0411C68904204F1FF35C4
:104FE00003F104081ED358F8253098421AD8002D32
:104FF00014DD641058F82430984210D0012203E0E8
:1050000058F8243098420AD098428CBF621C04F1B0
:10501000FF355419AA424FEA6404F1DD002420460A
:10502000BDE8F081002DF9DD0746012605E0B4BF9B
:10503000661C04F1FF35B542F0DB74196410394683
:1050400058F82400FFF700FD0028F0D12046BDE805
:10505000F08100BF10050020034B1B680131DB6AA3
:1050600053F82110FFF7A2BF1005002070B50E46BF
:105070001546044601F0D4FD011E06DB2A4604F164
:105080000C00BDE8704001F0FBBC32462189201DB8
:1050900001F0F6FC2A46218A04F10C00BDE87040BC
:1050A00001F0EEBC034B1B680131DB6A53F82110A1
:1050B000FFF7DCBF10050020014B1868704700BFE8
:1050C0000C050020704700BF820708B508D1E0B189
:1050D000036823F00103DA78F92A14D0042008BD0C
:1050E000B0B1C30701D5022008BD0E28FBD042286D
:1050F0000CD00A280AD00628F0D040F2213005F062
:105100002FFD042008BD987808BD08BD012008BD0A
:1051100008BD00BF0E2820D010B5044678B916E0AF
:105120002046FFF7D1FF0346022B204612D0032B67
:105130000DD1FFF7AFFD0E28044608D03CB1A30700
:10514000EED0204600F00EF811F0B0F810BD0020AF
:10515000034910BD6068A16810BD00200049704778
:105160000000F87FC107034601D540107047820751
:1051700049D4002853D02DE9F041FFF7CBFF21F0AF
:1051800000450F464FF0FF3229462A4B064604469B
:105190004FF0010811F08AFB38B94FF0FF32254B70
:1051A0003046294611F078FB90B318F0FF0F33D149
:1051B00000224FF48013204629464FF0010811F0D9
:1051C00075FB40B92046294600224FF4801311F0A8
:1051D00045FB00B9804618F0FF0F1DD13046394617
:1051E00011F02CFF0022144B12F066F9002200236C
:1051F00004460D4611F032FB98B92046294611F0BD
:1052000093FBBDE8F0819B0914BF0120002070478B
:10521000804618F0FF0FCBD00020BDE8F0810020C1
:105220007047204629460022034B10F0F3FE044647
:105230000D46E2E7FFFFEF7F0000F041FFF792BF6E
:1052400038B50D46FFF78EFF04462846FFF78AFF64
:1052500000F01F0004FA00F04300B0EB630F03D02E
:10526000BDE83840FFF76CBD43F0010038BD00BF1A
:1052700038B50D46FFF776FF04462846FFF772FF64
:1052800000F01F0044FA00F04300B0EB630F03D0BE
:10529000BDE83840FFF754BD43F0010038BD00BF02
:1052A00038B50D46FFF75EFF04462846FFF75AFF64
:1052B00060404300B0EB630F03D0BDE83840FFF718
:1052C0003FBD43F0010038BD38B50D46FFF74AFF3A
:1052D00004462846FFF746FF20434300B0EB630F28
:1052E00003D0BDE83840FFF72BBD43F0010038BDC7
:1052F00008B5FFF737FFC0434300B0EB630F03D09F
:10530000BDE80840FFF71CBD43F0010008BD00BF29
:1053100038B50D46FFF726FF04462846FFF722FF63
:1053200020404300B0EB630F03D0BDE83840FFF7E7
:1053300007BD43F0010038BD38B50D46FFF712FF39
:1053400004462846FFF70EFF00F01F0024FA00F085
:10535000B0F1804F03D2400040F0010038BD10F0A2
:1053600095FFBDE83840FFF73FBC00BF0E2816D0C0
:1053700008B50346C0B19B0708D1FFF7CBFE11F07B
:10538000F3FA07EE900A17EE900A08BDFFF7EAFE5F
:1053900007EE900AF8EEE77A17EE900A08BDDFED07
:1053A000047A17EE900A7047DFED017AEBE700BF51
:1053B0000000C07F70B50E46FFF7ACFE04463046D5
:1053C0000D46FFF7A7FE02460B462046294610F081
:1053D00021FEBDE87040FFF707BC00BF70B50E4668
:1053E000FFF798FE044630460D46FFF793FE02464F
:1053F0000B462046294610F00BFEBDE87040FFF733
:10540000F3BB00BF01F00103184203D0C313013303
:10541000012B12D9D0B50C46FFF77CFE064620467C
:105420000F46FFF777FE02460B463046394610F02E
:10543000A3FFBDE8D040FFF7D7BBCB130133012B4F
:10544000E8D84310481000FB03F04300B0EB630FB3
:1054500001D0FFF775BC43F001007047032912D05B
:10546000D0B50C46FFF756FE064620460F46FFF71E
:1054700051FE02460B463046394611F0A7F8BDE80A
:10548000D040FFF7B1BB7047F8B50C46C1070346E3
:1054900015D5E20713D5620811D0FFF763FE054664
:1054A0002046FFF75FFE95FBF0F303FB105043002F
:1054B000B0EB630F15D0BDE8F840FFF741BC1846CC
:1054C000FFF728FE064620460F46FFF723FE0B4651
:1054D00002463946304611F0EFFFBDE8F840FFF7CD
:1054E00083BB43F00100F8BD70B50E46FFF712FE16
:1054F000044630460D46FFF70DFE02460B46204699
:105500002946FAF759F8BDE87040FFF76DBB00BFB8
:10551000C2072DE9F8430C461CD4FFF7FBFD0646F5
:1055200020460F46FFF7F6FD04460D4602460B46A1
:105530003046394611F0B0F988BB22462B4630463A
:10554000394611F081F920B330463946BDE8F843B9
:10555000FFF74ABBCB07E0D540106410844208DB5C
:1055600004D1600040F00100BDE8F8832346044602
:105570001846001BFFF76EF920444400B0EB640F9F
:1055800003D0BDE8F843FFF7DBBB44F00100BDE802
:10559000F88322462B4634463D4616461F46F8F70A
:1055A000BFFF2246804689462B463046394610F0DA
:1055B0002FFD42464B4610F0DFFE22462B4610F0F0
:1055C00029FDBDE8F843FFF70FBB00BF08B5FFF7A3
:1055D000A1FD11F0CFFFBDE80840FFF705BB00BFFC
:1055E00008B5FFF797FD12F045F8BDE80840FFF752
:1055F000FBBA00BF08B5FFF78DFDF9F739FCBDE830
:105600000840FFF7F1BA00BF08B5FFF783FDF9F7CF
:10561000A3FBBDE80840FFF7E7BA00BF08B5FFF7F6
:1056200079FD11F00BFDBDE80840FFF7DDBA00BFC2
:1056300008B5FFF76FFD054B002210F0EBFCF9F702
:1056400017FCBDE80840FFF7CFBA00BF0000E03FFD
:105650000E2830D00E292ED08842F8B505462CD021
:1056600001F00102104201D00020F8BD0C46FFF706
:105670002BFD06462046FFF727FD8642F4D145EA7A
:1056800004039B07F0D1032E19D0022EECD128463B
:10569000FFF740FD064620460F46FFF73BFD0B4651
:1056A00002463946304611F0CFF84FF0010300B9F9
:1056B0000346D8B2F8BD002070470120F8BD21464E
:1056C0002846FFF7C1F9B0FA80F04009F8BD00BFE5
:1056D00008B5FFF7BDFF002814BF42200A2008BD0F
:1056E00008B5FFF7B5FF00280CBF42200A2008BD0F
:1056F0000E285CD00E29F8B50C4614D006280546B5
:1057000046D0422848D00A2830D00629034600F067
:105710008180422C09D00A2C42D09C423ED004F019
:1057200001031D4204D00020F8BD0322934235D06E
:105730002846FFF7C9FC06462046FFF7C5FC032EA6
:1057400030D0032816D0012E3DD0012831D086421A
:10575000E9D145EA04039B07E5D1032852D002288A
:1057600036D0601BB0FA80F04009F8BD0123062C4A
:10577000DED0CEE7022E2BD0012ED4D1062DD2D0F2
:10578000422D4FF002063BD00A2DDED10125DCE789
:10579000062903D00023BCE70323E8E70120F8BD76
:1057A0000122C3E7022813D00328CED1D1E700207D
:1057B0007047062C4FF002001ED0422C1ED00A2C3F
:1057C000C5D10124C3E7062DDAD102260025BCE7A6
:1057D0002846FFF79FFC064620460F46FFF79AFC37
:1057E00002460B463046394611F02EF84FF00104C0
:1057F00000B90446E0B2F8BD0024A8E70324A6E7F8
:105800000325A2E721462846FFF71EF9B0FA80F0EB
:105810004009F8BD002289E7FFF76ABF08B5FFF726
:1058200067FF002814BF42200A2008BD08B5FFF713
:105830005FFF00280CBF42200A2008BDF8B5078989
:1058400045687FB10E46043D002402E00134A742C2
:1058500008D0314655F8040FFFF74AFF0028F5D06D
:105860002046F8BD4FF0FF30F8BD00BF10B5002254
:105870000446FFF7E3FF011E04DB201D01F040F9A1
:10588000012010BD002010BD38B58307044608D1A3
:1058900098B1FFF719FC032811D0022814D0012079
:1058A00038BD0A2809D044B10E2C06D0062C04D0ED
:1058B00014F1FF3018BF012038BD002038BD0D485D
:1058C000201A18BF012038BD2046FFF723FC0246EE
:1058D0000B4604460D4610F0E9FF0028EDD12046A6
:1058E00029460022002310F0AFFFB0FA80F04009F3
:1058F00038BD00BFA89B0208422805D00A2801D065
:10590000FFF7C2BF00207047012070470E2847D024
:105910000E2945D0F8B50C460546FFF7D5FB0646DF
:105920002046FFF7D1FB032E2AD0A54230D02846CF
:10593000FFF7F0FB064620460F46FFF7EBFB32462B
:1059400004460D463B463046394610F0AFFF08BBD3
:1059500022462B462046294610F0A8FFD0B9224601
:105960002B463046394610F079FFB0B922462B4617
:105970003046394610F090FF003018BF0120F8BDC6
:105980000328D2D121462846BDE8F840FFF75CB88D
:105990000020F8BD6FF00100F8BD4FF0FF30F8BDFA
:1059A0006FF00100704700BF38B501F0010313EA42
:1059B000000405D1FFF7AAFF831C06D0C00F38BD35
:1059C0008842ACBF0020012038BD204638BD00BF52
:1059D00010B501F00104204207D1FFF797FF831CA7
:1059E00001D0002803DD0A2010BD8842FBDC4220E4
:1059F00010BD00BF10B501F00104204207D1FFF730
:105A000085FF831C01D0002803DB0A2010BD8842DB
:105A1000FBDA422010BD00BF10B501F001042042A6
:105A200005D1FFF773FF002803DB422010BD884239
:105A3000FBDA0A2010BD00BF10B501F001042042BE
:105A400005D1FFF763FF002803DD422010BD884227
:105A5000FBDC0A2010BD00BFF0B591B00446FFF793
:105A600033FB032847D0022810D0052835D0002C5E
:105A700059D00A2C59D00E2C40D0422C57D02D4B47
:105A80002D48062C08BF184611B0F0BDE30727D4F7
:105A90000E2C33D02046FFF73DFB21F000450F468A
:105AA0004FF0FF322946254B064610F0FFFE38BB6B
:105AB000304629464FF0FF32204B10F0D9FEF8B99E
:105AC000002330463946002210F0C8FE1C4C1D4B06
:105AD000002814BF20461846D6E71B4811B0F0BD79
:105AE0006946601005F02AFA68464FF0FF31FEF76C
:105AF00081FD11B0F0BD204611B0F0BD1348C3E7E1
:105B000032463B463046394610F0D0FE0028F5D1EB
:105B1000304639466A46F8F7E7FB68464FF0FF31F2
:105B2000FEF768FDB0E70A48AEE70A48ACE70A4866
:105B3000AAE700BFFC9B0208209C0208FFFFEF7F42
:105B4000EC9B0208D09B0208309C0208E09B0208F4
:105B50008C9B0208149C0208089C020808B5FFF7F9
:105B6000B3FA052810D8DFE800F0030507090B0D8C
:105B7000084808BD084808BD084808BD084808BDD1
:105B8000084808BD084808BD40F2223004F0E8FF8C
:105B9000002008BDC09B02087C9B0208449C0208B0
:105BA000649C0208549C0208B09B020870B504462D
:105BB000FFF78AFA042816D02046FFF74DFF054666
:105BC0002046FFF7CBFF03681B6A98472B68064601
:105BD0001B6A284698472246034631460F48BDE8CF
:105BE000704005F00FBC0CB1A30705D021460C484E
:105BF000BDE8704005F006BC21680A4821F00102AA
:105C00005369834203D02046BDE87040184713888B
:105C100005481289BDE8704005F0F4BB009B0208FE
:105C2000109B0208AD5B0108E09A020810B504461B
:105C30000A461248214605F0E5FB1CB1A3070AD02D
:105C4000062C15D02046FFF73FFABDE8104000F5BE
:105C5000757004F085BF216821F00101CB78F92B24
:105C6000EED10B898A78064805F0CCFB062CE9D1E9
:105C700040F2DD30BDE8104004F072BF7C990208AC
:105C80009C99020808B50146044805F0BBFB4FF497
:105C90006470BDE8084004F063BF00BF089A0208C2
:105CA00010B501F03FFB0446102000F0B1FC226962
:105CB0000260206110BD00BF38B501F033FB0469FC
:105CC000054634B123682B612046BDE8384000F01A
:105CD000C3BB40F2533004F043FFF3E7F0B585B0A7
:105CE000074601F01FFB0469064684B194E80F00E3
:105CF00030618DE80F00204600F0AEFB094B776164
:105D00001B68684631469B6B984705B0F0BD064856
:105D100005F078FB3846FFF749FF40F2E73004F022
:105D20001FFFE3E710050020BC99020810B501F041
:105D3000F9FA446912239C42436101D0204610BD08
:105D400040F2533004F00CFF204610BD08B501F0BE
:105D5000E9FA4369122B05D0FFF7E8FFBDE80840D8
:105D6000FFF7BCBF08BD00BF79B110B4084B094CA8
:105D7000014410F8012B04FB03F3884283EA020379
:105D8000F7D118465DF8044B7047014B1846704731
:105D9000C59D1C819301000138B5046834F00304EB
:105DA00005460FD0A30F11D0C4F3990525B1B5F561
:105DB000004F05D9002C03DB40F2493004F0D0FE3F
:105DC000284638BD40F2513004F0CAFE2846E36947
:105DD00098470546EAE700BF38B5144B9A881B6818
:105DE00092B1551E53F8251088421AD0023A03EB9F
:105DF00082032A4602E0216881420BD0013A511CFD
:105E00001C46A3F10403F6D14FF45270BDE83840AC
:105E100004F0A6BE954204D0044800F0DBFD2060EB
:105E200038BD0248BDE8384000F0D4BDE40400208D
:105E3000F8B54FF4804005F0E9FF044643F6F873E7
:105E400000250246194663601F48A56105F0DAFA8D
:105E50006268930732D11D491D4F4D6888681D4EF9
:105E6000D31C23F0004323F00303104443F000430A
:105E700001354D608860A360174D39683068E06077
:105E800004F1080303EB920233602A6099B18C425B
:105E900011D30A680AB1944207D213460A46236016
:105EA0001460F8BD9C42FAD31A461368002BF9D14E
:105EB00023601460F8BD21603C60F8BD4FF452705F
:105EC00004F04EFE6268C6E7E49C0208EC04002081
:105ED000D804002008050020E00400201821014813
:105EE000FEF786BCEC040020036823F00103188849
:105EF0008008704768B338B5C5680446ADB155F839
:105F0000043C2A686868A96862605A0F032AA06086
:105F1000E16005D040F2493004F022FE55F8043C1F
:105F200043F0004345F8043C38BD50F8043C5A0F98
:105F3000032A05D040F2493004F012FE54F8043C24
:105F400043F0004344F8043C0020BDE8384001F031
:105F5000F1B9704738B550F8043CDB070546A0F1AD
:105F600004041CD4104B1B6873B103F10802944263
:105F7000F9D359680A449442F5D255F8043C43F0E9
:105F8000010345F8043C38BD40F24A3004F0E8FD16
:105F900055F8043C43F0010345F8043C38BD40F299
:105FA0004F3004F0DDFDDDE7D8040020820700D08B
:105FB000704730B338B5030F00D138BD0568114BB9
:105FC0001D42FAD1EB78F92BF7D10F4B04461B6831
:105FD0008BB103F108018C42F9D35A6811448C4209
:105FE000F5D20A4845F00105256022468188BDE8C2
:105FF000384000F0DBBC40F24A3004F0B1FD2568C7
:10600000EFE7704703000040D8040020D0040020D0
:10601000002955D02DE9F04F83B0DFF8B090DFF8BC
:10602000B080284F01908B46061F002556F804AF1C
:106030001AF0030F0DD1BAF1000F0AD05FEA1A73FC
:1060400007D0DAF8000010EA090F02D1C378F92B63
:1060500005D00135AB45E9D103B0BDE8F08FD8F8E4
:10606000003053B103F10804A24503D359680C442E
:10607000A24508D31B68002BF4D140F24A3004F04B
:106080006FFDDAF80000B98840F00100CAF800009E
:1060900052460C4800F08AFCBB88642BD9D90C20EE
:1060A00005F0B4FE084A019B11681060013503EB4E
:1060B0008503ABEB050580E82A0003B0BDE8F08F4F
:1060C000704700BFD0040020DC0400200300004023
:1060D000D804002038B505684DB104462846FFF7BE
:1060E00039FFA1882846BDE83840FFF791BF38BD89
:1060F000830703D1002849D0030F00D170472DE951
:10610000F041234B05681D4201D0BDE8F081EB78DA
:10611000F92BFAD11F4B04461B68002B30D003F13A
:1061200008029442F8D359680A449442F4D225F004
:10613000030345F001059B6925600BB12046984794
:10614000154F164CB846BB887BB923681846002B00
:10615000DBD093E86400226005F07EFE31462846DD
:10616000FFF756FFBB88002BEFD0404600F032FC13
:10617000036823F003039B69002BE4D09847E2E710
:1061800040F24A3004F0ECFC2568D0E7704700BFCD
:1061900003000040D8040020D0040020DC040020CC
:1061A0002DE9F04F9E4B85B01B780390980705D5DD
:1061B0004FF4527004F0D4FC994B1B789849994ADB
:1061C00043F002030B70039B1568978813F00206D7
:1061D00040F0FF8077B1043D002455F8040F20F013
:1061E000010310F0010F18BF18680134FFF780FF9A
:1061F000A742F2D18C4D039801F0A2F82B68A3B10D
:106200008A4B1B685C8D00F073FD2D68071B05EB46
:106210008405002E40F0E6803FB10024013455F89B
:10622000040BFFF765FFA742F8D1814A814B16782E
:106230001D683EB10024013455F8040BFFF758FFE8
:10624000A642F8D17C4B7D4A1B687B4912680192BB
:1062500001330B607A4B00271F60002A00F0D980C1
:10626000B846B9460297019A536802F108059B089F
:10627000029A05EB83061A44B542029248D22B6873
:1062800013F0010140F08D801A0F062A00F089807A
:10629000AE4240F296802C4600E02368002B4FEA85
:1062A00013720FDBD90714D4062A12D05A0009D46E
:1062B000DB78F92B40F2493001D004F051FC204644
:1062C00000F05EFB2046FFF767FD04EB8004A6426A
:1062D000E3D8A4EB050A4FEAAA0AD0454FEA8A029E
:1062E0004FF0FF01284642F0004BB8BFD04603F004
:1062F000F7FEBAF1010FD144C5F800B05ADD002312
:106300006B60002F58D07D602F462546AE42B6D830
:10631000019B1B680193002BA5D14A4803689BB1E0
:10632000474B1B684FEA590473B11968C1F39901CF
:106330008C4206D25CE01A68C2F3990211448C4286
:1063400057D35B68002BF6D14FEA8901029B01EB22
:1063500009199C004FEA88084FEA4909364B5A69E7
:10636000D960C3F810808AB18A420FD8039BDB073B
:1063700011D44C4501D3FFF75BFD294B284A1B780C
:1063800023F00203137005B0BDE8F08F2A4B59616A
:10639000039BDB07EDD5434622462B4805F032F838
:1063A000E7E723F001032B602846FFF7F5FC05EB38
:1063B0008005ABE72546A9E7214B2F461D60254602
:1063C000A4E74FF00043B8F1000F2B609EDA884637
:1063D0009CE71E4805F016F83A4629461C4805F089
:1063E00011F8F7E63A4629461A4805F00BF813E784
:1063F0000A462244521A03EB82034FEA89010360E2
:10640000029B01EB09199C004FEA88084FEA4909F1
:10641000A4E7DDF80490C8464C4649469EE700BF15
:1064200042270020E40400200C0500201005002075
:106430004327002004050020EC040020D80400209D
:1064400008050020E0040020C89C0208A89C02085F
:10645000B09C0208BC9C020850F8043C5A0F032A66
:1064600010B5044605D040F2493004F079FB54F8E9
:10647000043C43F0004344F8043C204610BD00BFF8
:106480002DE9F04F85B0C51CB0F5003F03904FEAF1
:10649000950500F392804F4BDFF848815B68C3F3AA
:1064A0000803BBBB98F80030190733D143F0010350
:1064B00088F8003000F036FF18B14368002B00F078
:1064C0008380DFF82491444F0024D9F800B00026DF
:1064D000BBF1000F25D014B93B685B4554D31BF0CA
:1064E000030F26D040F2513004F03AFBDBF800A055
:1064F000BAF1000F03DB40F24B3004F031FBCAF37A
:1065000099035B1B002B18DADBF804305E4643B1BD
:106510009B46E0E740F2923004F022FB98F800300E
:10652000C4E78CB3012C3AD0152004F019FB0134D8
:10653000CBE75FEA1B73D5D0D8E7DBF804100AD0AD
:10654000980040F000404BF825000BEB8505012B2F
:106550001CBF69602946002E33D071600023CBF840
:10656000003039B14B682BB19A0711D04FF45470F9
:1065700004F0F6FA98F80030584623F0010388F842
:10658000003005B0BDE8F08F0020FFF709FECEE730
:106590001B0FEFD14FF4547004F0E2FAEAE70F4911
:1065A0000E4B0E4A09699B68D2680D480091039909
:1065B00004F028FFFFF73CFCB9E7162004F0D0FAFE
:1065C00069E7C9F80010C9E740F24E3004F0C8FA94
:1065D00077E700BF00ED00E0E0040020EC040020BD
:1065E000749C02084227002008050020033010B5E3
:1065F00020F00304201DFFF743FFE31D23F0804339
:1066000023F0030343F0804340F8043B10BD00BF78
:1066100008B540B1FFF7EAFF50F8042C42F00052F1
:1066200040F8042C08BD08BDF8B5204B5B68C3F3E7
:10663000080305460F46FBB900F074FE1C4E1D4AC8
:10664000EB1B9B10337004461760D0B10C20FFF792
:10665000CDFF50F8043CE2686768A168416043F0F0
:106660000053076040F8043C8260E0600023337010
:10667000A56063602046F8BD40F2923004F070FAE5
:10668000DAE71820FFF7B2FF0B4A50F8043C126813
:10669000C46043F0005312210746046140F8043CF3
:1066A0000260416100F046FE3C46DFE700ED00E09D
:1066B00043270020040500200C05002061B10129BA
:1066C00038B50ADD4C1E013C0121051DFFF7F6FF20
:1066D000631C2846F7D138BD7047044B40F00102D7
:1066E00099881846BDE8384000F060B9E4040020FD
:1066F000830702D140B1030F00D17047034B02461C
:106700009988184600F052B9704700BFE404002091
:106710008207034602D120B11B0F00D17047FFF75B
:106720005BBB70474068FFF741BC00BF0430FFF718
:10673000D1BC00BF03460C309988FFF769BC00BF8D
:106740004068FFF733BC00BF10B504460430FFF7C4
:10675000C1FC04F10C00BDE81040FFF7BBBC00BF5A
:1067600050F8043B23F00103198804398908FFF726
:106770004FBC00BF03207047032070478088800013
:106780000F308008704700BF022070470520704717
:106790000449054A00230B608B80CB8013609380F3
:1067A000D3807047E4040020D004002000F024BD12
:1067B000002801DB00F01CBD704700BF00234381AF
:1067C00003814360704700BF704700BF00234381CF
:1067D0000381436043820382C3607047054B10B45A
:1067E0001A68846883880146A21A03485DF8044B3E
:1067F00004F008BE10050020E09D02080146426832
:10680000014804F0FFBD00BFF89C02080146028960
:10681000014804F0F7BD00BF909D02082DE9F04744
:10682000C5888D4204460E461BD245BB04290F463F
:10683000B8BF0427B80005F0E9FAD4F800A08046F4
:10684000A9467A1B9200002108EB090003F048FCDE
:10685000504605F001FBC4F80080E780A680BDE843
:10686000F08782889142F9D20068521A00EB8100C9
:106870009200002103F034FCA680BDE8F0873F2D94
:106880001DDDB5F5007F1CDB05F580774FF6FE7248
:106890004FF6FF73974288BF1F46B742B8BF3746CF
:1068A000B80005F0B3FAD4F800A08046002DC7D098
:1068B0004FEA850951464A4602F02EFAC1E76F00B9
:1068C000EBE7044F05EB850387FB0327A7EBE37793
:1068D000E3E700BF56555555704700BF704700BFEE
:1068E0000B6823F0010370B51B89042B0C46054689
:1068F00009D01048012240F2853104F083FD40F2B6
:10690000853004F02DF90DB9204670BDE81C8000DB
:10691000FFF7B6FD064608B1074B0360A368B360F6
:10692000AAB2B5809200002106F10C0003F0D8FB5A
:10693000304670BDD09D0208449D020838B50269FA
:106940000D4B9A42054609D00C4803224FF4627160
:1069500004F058FD4FF4627004F002F92888FFF744
:106960008FFD044600B105602A880021043A201DED
:1069700003F0B6FB204638BDD9680108D09D020857
:10698000036823F001031B69184700BF036823F065
:1069900001031B69184700BF036823F00103014688
:1069A0001A88014804F02EBD289D02084FF6FE7398
:1069B00099420DD88388994270B5054616460C4613
:1069C00002D30131FFF72AFF2B6843F8246070BD22
:1069D000704700BF83884BB1013B9BB20268838044
:1069E000002152F8230042F82310704718467047E0
:1069F000F8B5C38805460C46A3B903290E4629DC21
:106A0000042634461020FFF7F1FDEB8807467BBBD8
:106A1000F21A920007EB8300002103F061FB2F6064
:106A2000EC80F8BD3F2B20DDB3F5007F14DB03F5D0
:106A300080724FF6FE718A4295BF91B24FF6FF7297
:106A40000A46114694422646BCBF0C462646B3422F
:106A500000DBF8BDA000D6E7084A03EB830182FB08
:106A60000102A2EBE17291B2ECE75A0091B2E9E7C0
:106A70009A00296802F050F9EB88C9E75655555538
:106A800030B5C3888B4283B005460C4609D90368EC
:106A900043F82120AB889C4224BF0134AC8003B072
:106AA00030BD4FF6FE739942F9D8013189B2019297
:106AB000FFF79EFF2B68019A43F82420EAE700BF06
:106AC00038B5C3888B42054602D28AB29A4202DAAE
:106AD0008CB2AC8038BD14461146FFF789FFAC80FC
:106AE00038BD00BF83884BB1013B9BB202688380F5
:106AF000002152F8230042F82310704718467047CF
:106B0000F8B583888B421DD905684A1C8F009342D3
:106B1000044655F8216005EB070007D8013B9BB2FE
:106B20000022A380304645F82320F8BD5A1A02F10E
:106B30008042013A391D2944920012F032FBA388A9
:106B40002568EBE700263046F8BD00BF83888B42FE
:106B50001CD970B50E461546591CC28889B291429F
:106B600004460FDA701C216880009B1B061F9A00E8
:106B70000844314412F015FBA38822680133955173
:106B8000A38070BDFFF734FFA388EBE7FFF778BF62
:106B900070B505460A48EB88AA88296804F032FCDB
:106BA000EB885BB1074E00242B68304653F8241065
:106BB00004F028FCEB880134A342F5D870BD00BF77
:106BC000A49D0208C89D020810B50146044602892A
:106BD000034804F017FC201DBDE81040FFF7D8BFA4
:106BE0000C9D0208034A0260002242600281428139
:106BF000704700BF5C9E0208024A026000224260A9
:106C0000704700BF2C9E0208044A026000224260C6
:106C100002814281C260028242827047FC9D02086A
:106C20002DE9F843068947680C46002E34D03B68AE
:106C30008B423DD03B46002003E053F8042FA24294
:106C400028D00130B042F8D1236820465B6A9847CB
:106C5000236880461B6A20469847043F81460024EB
:106C600002E00134B4421FD057F8045F2B68284675
:106C70005B6A98474045F4D12B6828461B6A9847C1
:106C800042460146484612F07DFA0028E9D12046E6
:106C9000BDE8F883BDE8F8830B6808465B6A98474F
:106CA000236820461B6A98474FF0FF30BDE8F88301
:106CB0000020BDE8F88300BF704700BF10B5044650
:106CC0000A460448214604F09DFB2046BDE81040DA
:106CD00003F046BFD09D0208014B1B68186970473E
:106CE00010050020014B1B689869704710050020B3
:106CF000014B1B68188C704710050020014B1B6866
:106D0000D86B7047100500200268F8B544F21023D4
:106D10009A4200D0FEE741681B4B0A681B4F9A421B
:106D20000446396025D0088C194E8000FFF770FCAE
:106D30003B6830601A8C0021920003F0D1F93D6865
:106D4000144B2A6831689A420E6000D0FEE7A368AF
:106D50002A699A42FAD100F071FA3A680023146B5A
:106D600005F140001A461946A047BDE8F84000F07A
:106D70003DBA0948103104F045FB40F29F30BDE8B0
:106D8000F84003F0EDBE00BF718E3B92100500206D
:106D90000C050020708E3B92749D02080148FFF79D
:106DA000B3BF00BFA093020848B110F003030ED197
:106DB000026822F00102D178F92901D01846704703
:106DC0001089A0F10600B0FA80F040097047002059
:106DD000704700BF70B505460C20FFF751FB044615
:106DE00028B1164B036000234360038143813DB10A
:106DF000AB0705D12B6823F00103DA78F92A01D01B
:106E0000204670BD0E4A9342FAD12E89002EF7D04B
:106E10002046FFF76DFC63899E4204D903DB3146AF
:106E2000201DFFF7E5FD2681B2006968606801F06A
:106E300073FF2046FFF76CFCE2E700BF5C9E020890
:106E4000FC9D020838B50D46044608B1830714D0EE
:106E500040F29B3003F084FE29462046FFF7E0FE17
:106E6000051E08DB2946201DFFF74AFE294604F1CE
:106E70000C00FFF745FE422038BD036823F00103F4
:106E8000DA78F92AE4D1024A9342E5D0E0E700BF7C
:106E9000FC9D020870B50E46FEF73CF904463046EC
:106EA0000D46FEF737F902460B462046294610F0FC
:106EB0008DFABDE87040FDF797BE00BF08B5FEF73C
:106EC00029F910F019F8BDE80840FDF78DBE00BFA4
:106ED00008B5FEF71FF90FF0CBFFBDE80840FDF73E
:106EE00083BE00BF08B5FEF715F90FF075FFBDE8CA
:106EF0000840FDF779BE00BF08B5FEF70BF9F7F7BC
:106F00008BFDBDE80840FDF76FBE00BF08B5FEF77A
:106F100001F910F007FABDE80840FDF765BE00BFB3
:106F200008B5FEF7F7F810F053F9BDE80840FDF793
:106F30005BBE00BF08B5FEF7EDF810F083FCBDE8BE
:106F40000840FDF751BE00BF2DE9F04100F57A651C
:106F500082B0044628460E4600F0F4FB804618B185
:106F6000404602B0BDE8F08106F0F002102A1AD0C7
:106F7000202A1BD02A2003F0F3FD204600F0DCFB82
:106F80000746182009F0A8FF06F00F068DE840011B
:106F90003946AAB20123044605F07EFEA0464046CB
:106FA00002B0BDE8F0814FF00108E6E74FF00208BB
:106FB000E3E700BF38B50D464FF0FF31FDF782FF24
:106FC0000446013005D029462046BDE83840FFF789
:106FD000BBBF2A2003F0C4FD29462046BDE8384047
:106FE000FFF7B2BF2DE9F041884617461D46064619
:106FF00000F0A8FB044610B12046BDE8F081294608
:107000004046FFF7A1FF294680463846FFF79CFF20
:107010000746102009F060FFB3B2BA88B8F8041030
:10702000054606F063FB2146404605F06FFE21460B
:10703000384605F06BFE2C462846012106F0F4FA8E
:107040002046BDE8F08100BF70B54FF0FF31044627
:107050000420FDF737FF4FF0FF3105460520FDF70F
:1070600031FF20210646CA20FDF72CFF5CB1012C20
:1070700014D0022C0DD10346324629460320BDE828
:107080007040FFF7AFBF01462846BDE87040FFF7EC
:107090005BBF2A2003F064FD002070BD014630462E
:1070A000BDE87040FFF750BF007C2021FFF74CBFC8
:1070B0008088102300F024BA08B50368DB6998477C
:1070C000003018BF012008BD08B504F0BDFF003036
:1070D00018BF012008BD00BF808870470048704776
:1070E00016FCFFFF054B1A6810B4146B0023A4466E
:1070F0001A4619465DF8044B604700BF1005002092
:1071000070B584B08DE80F009DE80F00BDF80260F7
:10711000144CBDF8005084E80F0031462846FDF7B6
:1071200027FA04463046FDF765FE06463CB10E4B95
:10713000E0681A680023146B31461A46A0472846B7
:107140000021FDF715FA58B1074BC0681A68146B97
:10715000002331461A46A44604B0BDE8704060479B
:1071600004B070BD900400201005002004F0F6BCAF
:1071700008B5064E054632680023146B19461A46B8
:107180002846A047142004F0B3FCF4E710050020C3
:1071900038B505460B4B45F8443B04460A4B43645F
:1071A000284608F015FAA36E1BB104F15C009B6839
:1071B0009847284608F00EFB204605F0E9FB2046DC
:1071C00038BD00BF00A402085CAA020810B504463E
:1071D00004F002FA034640B100200CB144F820301C
:1071E0001B6A0130002BF8D110BD10BD04F0B6BCF5
:1071F00004F07EBC09F016BF20B10146024A0348E4
:1072000004F066BB704700BF2DBC01087171010816
:1072100050B108B50146054A054804F059FB012064
:10722000BDE8084004F064BC704700BF6D71010800
:10723000E570010889B280B204F07EBCF0B583B07D
:1072400000F070FB274B1B681F8D5FB30024264E98
:1072500004E0B54212D040D82C602C46042004F043
:10726000D5FD0190019B5B070546F2D504F0F4FDC6
:10727000082004F0CBFD0546B542ECD1284604F0C9
:10728000EBFD384604F0C2FD854203D040F2E73002
:1072900003F066FC34B1256820462C4604F0DCFD82
:1072A000002CF8D1114C1248124E04F5807504F0F0
:1072B000E5F901E0AC420AD054F8040F0028F9D0F7
:1072C00003681B68B342F5D09847AC42F4D100F094
:1072D000BFFB00F01DFB03B0F0BD40F2E73003F050
:1072E0003FFCB9E71005002000100020F009002045
:1072F00014050020DD700108044B10B51C68FDF773
:10730000D5FDFF34204420F0FF0010BD1005002003
:1073100000200021704700BF08B505F03BFB08BD09
:1073200005F048BB024B186800B1406A704700BFC7
:10733000F80E0020014B1B6858627047F80E0020C1
:107340002DE9F04FDFF81881D8F8003087B0002B16
:107350007AD0824604F040F90446002867D0002322
:10736000246A0133002CFBD198001C46029304F0E0
:107370004DFD0390FFF72AFFA04203D04FF44B705E
:1073800003F0EEFB029B002B3DDD002300939946AA
:10739000039B043B0AF0020A0193019B53F8047F0C
:1073A00001937E6A4EB37069FEF7A2FE0436D8F8E8
:1073B000003034689F422CD03868BD6803F0ECFB85
:1073C000D8F80030281A9F420444756807D03868FE
:1073D000D7F808B003F0E0FBABEB00000544BAF1CE
:1073E000000F1AD1A54205D954F8040BFEF780FE10
:1073F000AC42F9D3B668002ED9D1009B029A013372
:1074000093420093C9D1039804F026FD07B0BDE86C
:10741000F08F7568BAF1000FE4D02B1B49469B1022
:1074200022460E4803F0EEFF09F10109DAE704F005
:10743000EDFC0390FFF7CAFE0028E4D04FF44B7038
:10744000029403F08DFB9DE7012004F0DFFC059022
:10745000059804F001FD07B0BDE8F08F8C9E02088E
:10746000F80E002038B505460D4B45F8443B044660
:107470000C4B4364284608F0ABF8A36E1BB104F133
:107480005C009B689847284608F0A4F9204605F060
:107490007FFA2046702111F02AFE204638BD00BF39
:1074A00000A402085CAA020870B50D4E0D4D0E4CEA
:1074B000304607F03BF82A460C49304609F004FDF7
:1074C0000B4806F0F7F9204605F0AAFE2A462046AA
:1074D000084909F0F9FC084B084A1A6070BD00BF62
:1074E00020040020000200201405002091710108F2
:1074F00090040020B9D201083C050020D4A0020865
:107500002DE9F04182B016461F4604460D46FDF7B0
:107510002FF838B132462946204602B0BDE8F04186
:10752000FDF73AB80F2CBFB217D0282009F0D4FCD1
:10753000A1B2804600970A4BAAB204F0E1FC414692
:10754000084805F069FC0028E4D0404604F0F0FC4F
:107550004046282111F0CBFDDCE7C02FE5D0D9E76C
:10756000017101081405002000B585B08AB201231D
:1075700081B2684606F07EF905B05DF804FB00BFF5
:107580004FF0FF310148FDF7B3B800BF989E0208E5
:1075900008B505F00DFE08BD704700BF704700BF7D
:1075A000014820F0604070470080022070B54FF025
:1075B000FF311920FDF786FC00B200F0BDF84FF056
:1075C000FF3105461820FDF77DFC00B200F0B4F84D
:1075D0000646DC2009F080FC32462946044606F0C7
:1075E0002DFA014B1C6070BD400500202DE9F041D3
:1075F000114F3B6882B004460E4690469BB1304620
:1076000000F0BAF80546386861000468CDF80080DB
:1076100089B23346246A05F10802A04730B92846EA
:1076200002B0BDE8F081FFF7C1FFE8E7284604F0AB
:1076300013FC0025F3E700BF4005002070B50C4E99
:10764000346884B00D465CB126686B6800924000D7
:1076500081B2B669204605F10802B04704B070BD9A
:1076600003920290FFF7A2FF3468039A0298EBE7B7
:10767000400500202F282DE9F041044646D8254D2D
:107680002B5D43B1244A03F180431268013B52F859
:107690002300BDE8F081214E1F4F31783868013159
:1076A000890004F009FC38601C2009F015FCDFF8A3
:1076B00070E040F2DF312EFA04F2C4F1200E01FA3C
:1076C0000EFE42EA0E02A4F1200E21FA0EFE42EA5C
:1076D0000E02002302F0010213430CBF0123032317
:1076E000E2B204F16401804603F004FC30783A68A9
:1076F000411CC9B20B4603F1804342F82080013B94
:107700002955317052F82300BDE8F0812A2003F09A
:1077100027FAB4E744050020740500204427002020
:10772000FF9F03F408B54FF0FF31FDF7CBFBBDE839
:107730000840FFF79FBF00BF002801DBFFF79ABF9B
:10774000002070470B4B10B403F5807401E0A34296
:107750000AD053F8042F002AF9D091888142F6D13B
:1077600010465DF8044B7047002210465DF8044B4C
:10777000704700BFF009002001460020FDF738B82F
:10778000014B9868704700BF9004002003685B6954
:10779000184700BF0368DB68184700BF03685B68D1
:1077A000184700BF03681B68184700BF70B503681F
:1077B00004460D4616461B6D03219847324629465E
:1077C00020891023BDE87040FFF79ABE70B58C1E6B
:1077D000012C00D970BD0368054616460C461B6D8A
:1077E000022198473246214628891023BDE870407F
:1077F000FFF786BE2DE9F047A1F1040A04461646BC
:10780000D71705F0D7F8BAFA8AFA4FEA5A1A80461B
:10781000894609E005F0CEF8B0EB080061EB0901FC
:107820008F4208BF864220D3236820465B68984772
:1078300050450546EED105F0BDF8824609E005F059
:10784000B9F8B0EB080061EB09018F4208BF86422E
:107850000BD3236820465B6898478542EFD005F03C
:10786000A9F8A0EB0A00BDE8F0870020BDE8F0878A
:1078700031B1036801290CBF022100211B6C18479C
:10788000036801211B6C18470368D3F88030184740
:10789000026810B4146940F2DC53A4464FF4FA6253
:1078A0005DF8044B604700BF0368DB6F184700BFFB
:1078B00070B5154C257882B01DB1144B187802B004
:1078C00070BD1F20FFF738FF036806465B689847C6
:1078D000336830461B6C012198470195019B632B4F
:1078E00005DC019B01330193019B632BF9DD3368B8
:1078F00030465B689847054A003018BF01200123D5
:107900001070237002B070BD45270020462700206C
:1079100008B50348FCF78CFFBDE80840FFF7C8BF77
:10792000A10D0C00704700BFF8B54FF0FF311320D8
:10793000FDF7C8FA00B2FFF7FFFE4FF0FF31054632
:107940001220FDF7BFFA00B2FFF7F6FE4FF0FF314D
:1079500006461720FDF7B6FA00B2FFF7EDFE074620
:10796000E82009F0B9FA3B4632462946044606F0BB
:10797000BDFC024BE4341C60F8BD00BF780500205C
:1079800010B5094C236882B0014633B11A68926879
:10799000184602B0BDE8104010470190FFF7C4FF41
:1079A00023680199F2E700BF7805002070B5104EFA
:1079B000356884B00C4675B1A0B100F10801426889
:1079C000A4B104F10803646828680094C4682846D8
:1079D000A04704B070BD0390FFF7A6FF0398356879
:1079E0000028EAD102460146002CEAD12346EBE703
:1079F0007805002010B5094C236882B0014633B1E8
:107A00001A681268184602B0BDE81040104701908D
:107A1000FFF78AFF23680199F2E700BF780500208D
:107A200010B50A4C236882B0014643B11A68546805
:107A300018460822234602B0BDE8104018470190BE
:107A4000FFF772FF23680199F0E700BF7805002077
:107A5000704700BF024B1B6803B11847704700BF57
:107A60007C05002010B50A4C23687BB10821094829
:107A7000984709482368016843B104309847236850
:107A800023B102210548BDE81040184710BD00BFD2
:107A90007C050020A09E0208F40A0020AC9E02088B
:107AA0002DE9F043364B1A789BB0044689469AB3C9
:107AB000FFF7FEFE20B9422C57D91BB0BDE8F0837A
:107AC000B9F1000FF9D02F4AE31782FB0412C3EB80
:107AD000620303EB830203EB43039F00A41A7D1CA4
:107AE00004EB44040C37A600BD4206F1230806F15E
:107AF0002E06E2DAB045B8BF444607DA0122204636
:107B00002946144402F04CFBB442F7D10135BD4282
:107B1000F0D11BB0BDE8F08301251D70FFF7C8FE52
:107B20000028C5D13220FFF763FB0920FFF704FED0
:107B30000368154E1B68294698476422134901A81B
:107B400001F0EAF86D460DF16408182009F0C4F957
:107B500055F8042F0123D2B20021074606F068FB36
:107B6000454546F8047FF0D1A2E7094B53F82400BD
:107B700003681B6849461BB0BDE8F043184700BFC7
:107B800047270020676666667C050020B09E0208D5
:107B90008005002038B5054602F0F6FA05350024C8
:107BA00015F8013F012120460BB919462046013442
:107BB000FFF776FF192CF3D1BDE8384002F006BB81
:107BC00010B502F0E1FA0024204600210134FFF74D
:107BD00067FF192CF8D1BDE8104002F0F7BA00BFDA
:107BE000704700BF704700BF10B5044682B0082040
:107BF000FFF7A2FD002301930CB102230193019929
:107C000003680029D4BF002101211B68984702B0F6
:107C100010BD00BF08B5FFF7C1F8002008BD00BFC8
:107C200008B5072824D8DFE800F01E09070B0D125D
:107C30001704FFF73DFED8B9032008BD052008BD95
:107C4000022008BDFFF734FE90B1012008BDFFF708
:107C50002FFE68B1092008BDFFF72AFE002814BFD7
:107C60000A20052008BDFFF723FE08B1182008BD33
:107C70004FF0FF3008BD00BF024B1A68824218BFA8
:107C800018607047E4050020014B1868704700BF7A
:107C900008020020704700BF704700BF024B1B68FE
:107CA00003EB4000704700BF10050020704700BF85
:107CB000704700BF704700BF704700BF4268014671
:107CC00093890248528903F09DBB00BF349F02088C
:107CD00070B506464068457A012D82B000F1100467
:107CE00014D0042D29D183899B001F335B119B0085
:107CF00001FB0343F2B9D20704D41A7802F00F0053
:107D000002B070BD1A78101102B070BD83890733BC
:107D1000DB1001FB03430AB103EBE203197802F025
:107D20000702012303FA02F20A4214BF1846002098
:107D300002B070BD03EB6203DDE740F235308DE841
:107D4000060002F00DFF0099019A631A7168497AE2
:107D500032B10129E0D00429ECD0002002B070BD7E
:107D60000429CAD00129F8D1D8E700BF70B506466A
:107D70004068447A012C84B000F110051DD0042C19
:107D80002ED1808980001F304011800001FB0051FE
:107D9000002A37D1D20708D40A7803F00F0022F066
:107DA0000F0303430B7004B070BD0A7802F00F029A
:107DB00042EA03130B7004B070BD80890730C01015
:107DC00001FB00510AB101EBE20102F007000122C0
:107DD0008240D3B90B7823EA02020A7004B070BD66
:107DE00040F2353003930292019102F0B9FE0199FD
:107DF0007068029A039B407A691A5AB10128E2D04E
:107E00000428D0D101EB6201C4E70B781A430A7051
:107E100004B070BD0428BFD00128D6D004B070BD16
:107E20002DE9F04F83B098460C9FDDF834A0BF1ABF
:107E300048BF7F42A3EB010B4FEA47074CBF4FF00F
:107E4000FF3301238845A7EB0B040D4616468146F8
:107E500001934FEA4B0B10DB294653463246484606
:107E6000FFF784FF002C05F1010503DD019BA4EB66
:107E70000B041E44A8453C44EEDA03B0BDE8F08F85
:107E80002DE9F04F83B05B1ADDF83080DDF834B0B7
:107E9000154648BF5B42A8EB02094FEA43074CBFB7
:107EA0004FF0FF320122A845A7EB09040E46824697
:107EB00001924FEA490910DB2A465B46314650469B
:107EC000FFF754FF002C05F1010503DD019BA4EB36
:107ED00009041E44A8453C44EEDA03B0BDE8F08F27
:107EE0008368426801338360930708D010B55168F6
:107EF000044602F10800FCF77BFC606010BD002A1C
:107F0000F4D0130FF2D0704710B444680B68608946
:107F1000A489013823EAE3739842A8BF1846086091
:107F20001368013C23EAE373A342A8BF234613600E
:107F30005DF8044B704700BF38B5FCF759FC0546A7
:107F4000FEF7D6FB0C20FEF79BFA044628B1084A40
:107F5000456000230260836025B12846FEF7D8FB08
:107F6000204638BD40F2353002F0FAFDF5E700BF9B
:107F7000509F0208B0F5FA6F20D8B1F5FA6F1DD8FE
:107F8000012A70B51CD0042A16D18B001F335C1156
:107F9000830003FB04F308330D4604461946002012
:107FA0001646FFF7C9FF4368872100225E721972E7
:107FB0005C819D81DA8170BD002070BD002070471A
:107FC000CB1DDB1000FB03F30833E5E738B1436852
:107FD000082B02DD027A872A02D000207047704702
:107FE000427A012A0FD0042AF7D18289408992006F
:107FF0001F325211800000FB02F00830181AB0FA4C
:1080000080F040097047828940890732D21000FB16
:1080100002F00830F2E700BF48B14268042A04DDEC
:10802000037AE12B14D0E42B02D000207047704774
:10803000817A437A1F2000EB81009B00401103FBF3
:1080400000F30833181F801AB0FA80F04009704717
:10805000817A437AC81DC01003FB00F30833F1E7AF
:1080600043685889704700BF43689889704700BFCC
:108070000120704743689A0705D123B11B0F0CBF3D
:108080000120002070470120704700BF8068003049
:1080900018BF0120704700BF00291ADB2DE9F0410D
:1080A00045686E89B142044611DA002A0FDBAD89BA
:1080B000AA420CDA0D461F461646FFF711FF3B4653
:1080C000324629462046BDE8F041FFF74FBEBDE8E5
:1080D000F08170470B1E0FDB70B444686689B342B1
:1080E00007DA002A05DBA3899A4202DA70BCFFF79F
:1080F000EFBD002070BC70470020704770B4466828
:10810000707A042801D070BC704770898142FADA15
:108110000029F8DBB4895568401A04FB00F0A3007D
:10812000A84203F11F034FEA6313A8BF28469B0030
:108130001036401001FB0361E5D008440A320C46BA
:1081400011F8013B03F00F0302F8023C2378884248
:108150004FEA231302F8013C02F10202EFD170BC96
:10816000704700BF2DE9F04143685D7A042D01D0CE
:10817000BDE8F0815D89A942FADA0029F8DB0746FB
:1081800014469E898846FFF7ABFE7B685A7A012A1F
:1081900003F1100725D0042A27D1998989001F31BE
:1081A000491189006368A5EB080506FB05F59D42AA
:1081B000A8BF1D466D1001FB0871D9D00D4404F114
:1081C0000A0212F8023C12F8010C03F00F0343EA12
:1081D000001301F8013B8D4202F10202F1D1BDE82A
:1081E000F08199890731C910DCE740F2353002F09F
:1081F000B7FC4FF0FF31D5E72DE9F04786B003918A
:1082000002920E9C0F9D03B114B906B0BDE8F08731
:108210004768B7F80AE071450646F6DABF89BA4200
:10822000F3DA01390B44013A1444002B049305940A
:10823000EBDB002CE9DB05AA04A9FFF765FE02AA27
:1082400003A93046FFF760FE02A91EC9706887893E
:1082500001330134A3EB02087B07A4EB010402D134
:10826000002A00F0A3803046FFF73AFE71684B7A8F
:10827000012B00F0AA80042B40F0D480B1F80CC090
:10828000039A029B4FEA8C0C0CF11F0C05F00F07B0
:108290004FEA6C1C07EB07174FEA8C0CFFB201F199
:1082A0001009B1F80CE04FEA8E0E0EF11F0E4FEAE6
:1082B0006E1E4FEA8E0E02FB0E9E002B40F0AF802A
:1082C000B8F1000F08F1FF3006DC9EE7042B39D02F
:1082D0000138431CE64498D073685B7A012BF5D1D2
:1082E000029A002C02F0070203FA02F3F0DDF046D6
:1082F000002206E041EA090188F8001001329442A8
:10830000E6DDB3F5807F0AD0D9B25B0098F8009023
:10831000002DEFD129EA010188F80010EEE7A31A39
:10832000072BA3F1080308DD0832944208F8017F07
:10833000CEDD072BA3F10803F6DC08F101080223C8
:108340000121E3E7029B13F0010F14BF4FF0F00887
:108350004FF00F08002CBBDDF14600220FE05FFA62
:1083600088F14FEA081899F8003083EA070A01EA11
:108370000A0101324B40944289F80030A8DDB8F57B
:10838000706FECD1A31A012BA3F1020308DD0232B6
:10839000944209F8017F9BDD012BA3F10203F6DC77
:1083A00009F101094FF0F0080F21DCE700297FF403
:1083B0005AAF438998457FF456AFBC427FF453AF20
:1083C0002946304600F050F81FE7B1F80CC00CF118
:1083D000070C4FEAEC0CE646039A029B01F11009E8
:1083E00045F300070EFB029EFFB2002B3FF468AF7F
:1083F0000EEBE30E64E740F235300192009302F099
:10840000AFFB019A009BA9EB020E53B37268527A3C
:10841000012A4FF0FF3CEBD0042A7FF451AF0EEB62
:10842000630E4DE740F2353002F09AFB7168487AEE
:10843000012808D1B1F80CE00EF1070E4FEAEE0E5C
:108440004FF0FF3CC8E705F00F0707EB07170428BC
:10845000FFB2039A029B01F11009CCD14FF0FF3C0F
:108460001FE74FF0FF3C2BE730B5054683B00C46C5
:1084700019B1436899894A0728D12846FFF730FD8A
:1084800069684A7A012A01F1100328D0496804F08A
:108490000F04083904EB04140329E2B20ED998073B
:1084A0000DD102EB022021F0030400EB00401C443C
:1084B00043F8040BA342FBD101F0030121B119449D
:1084C0001A7001338B42FBD103B030BD00225B89AF
:1084D000009101941146FFF78FFE03B030BD49684B
:1084E000083944F300020329D2B2E7D9D7E700BF25
:1084F00010B582B014140193009413B20A1409B297
:10850000FFF77AFE02B010BD2DE9F04387B003916A
:1085100002920BB10E9C14B907B0BDE8F083456818
:108520006E898E420746F7DDAE89B242F4DA6D7A83
:10853000042DF1D10F9C65680F2DEDDD01390B4441
:108540000E990493013A0A44002B0592E4DB002AB9
:10855000E2DB05AA04A9FFF7D7FC02AA03A9384663
:10856000FFF7D2FC03A90EC9029C01320133384641
:10857000A2EB01081C1BFFF7B3FC7A68537A012BAE
:1085800040D0042B50D197890F99039E029BBF00C6
:108590001F377F11BF0002F1100901F108053A46AB
:1085A00002FB0696002B61D1B8F1000F08F1FF30F5
:1085B000B2DD002C21DD029BDB075AD431460122BB
:1085C0000DE001324FEA231E03F00F0315F80EE011
:1085D000944243EA0E1301F8013B0EDD01320B78A1
:1085E00003F00F0C23F00F0E15F80C3003F00F03FF
:1085F00043EA0E0394420B70E3DC0138421C3E4414
:10860000D7D189E797890F99039E029B0737FF10FF
:1086100002F1100901F108053A4602FB0696002B0B
:10862000C2D006EBE306BFE740F2353002F098FA1D
:108630007A680F98517A039E029B012902F1100972
:1086400000F1080524D004291AD040F235300193F6
:1086500002F086FA019BA9EB060673B17A68527A9A
:10866000012A4FF0FF37DCD0042A9DD106EB6306C8
:108670009AE7337831460122A4E74FF0FF3793E7BA
:10868000928992001F32521192004FF0FF3787E714
:1086900092890732D2104FF0FF37BEE710B582B093
:1086A00014140193009413B20A1409B2FFF72CFFBB
:1086B00002B010BD81B140684968426808B54B6896
:1086C0009A4201D0002008BD0831083010F05AFD50
:1086D000B0FA80F0400908BD08467047406841681C
:1086E0000830FFF729BC00BF2DE9F0410746FFF72E
:1086F000F7FB7B685A8942B300269C89013C002C19
:10870000C8BF00251BDD2A4631463846FFF7E0FA90
:108710002246804631463846FFF7DAFA2A460346B3
:1087200031463846FFF722FB0135224643463146A3
:108730003846013CFFF71AFBA542E4DB7B685A8907
:1087400001369642D9DBBDE8F081BDE8F08100BF7B
:1087500070B5436805465A7A59899889FFF70AFC2B
:108760006B685A890646B2B100249A897AB12146CB
:1087700000222846FFF7ACFA224603460021304685
:10878000FFF7F4FA6B689A890134002AEFD15A890D
:1087900001349442E9DB304670BD00BF43689989DB
:1087A0007E292DE9F04750DC81465A7A58894900E4
:1087B000FFF7E0FBD9F804304268597A5F89012954
:1087C000804602F1100403F1100A47D0042949D170
:1087D0009E89B6001F367611B600537A012B39D028
:1087E000042B48D19589AD001F356D11AD00D9F826
:1087F000043024485A7A244B012A08BF18460FB384
:10880000D4464FF0000905F1FF3E002D634614DD0C
:108810000022197801F00F017245415C217008BFF8
:10882000013405D0197809110234415C04F8011CA7
:108830000232AA4203F10103EBDB09F10109B94558
:10884000B444E2D14046BDE8F0874FF0000840460E
:10885000BDE8F08795890735ED10C8E79E89073692
:10886000F610BAE740F2353002F07AF94FF0FF36F1
:10887000D8F80420B1E740F2353002F071F94FF03A
:10888000FF35B4E7249F0208149F0208F8B5436837
:108890005B7A042B00D0F8BD02F00F078F42FAD0AC
:1088A00005460E46FFF71CFB6B6816BB9A895207FC
:1088B0001FD05A89C2B1002404E06B685989013481
:1088C0008C4211DA324621462846FFF701FA002889
:1088D000F3D121463B4632462846FFF747FA6B68FC
:1088E000598901348C42EDDB9A8901369642E0DBEE
:1088F000F8BD5A68083A03F11003CCD03C0198182F
:1089000064B203E003F8012B834212D01A7802F01C
:108910000F018E4204BF22F00F023A43B6EB121F42
:10892000F0D102F00F022243D2B203F8012B8342AE
:10893000ECD1F8BD2DE9F0411C4684B08C420746CD
:108940000A9D0B9B06DB66E02E46204615460C462C
:1089500032460146A142F7DBB2EB0508A1EB040663
:108960000FD156B34FF0010E0B932A4606EB0E03C0
:1089700021463846CDF828E004B0BDE8F041FFF7C5
:108980003BBC7EB9B8F1000F1FDD08F101020A926D
:108990000B932A4621463846012304B0BDE8F04136
:1089A000FFF72ABC002905DBD7F804E0BEF80A006F
:1089B000A0420FDC04B0BDE8F0812A4621463846CB
:1089C00004B0BDE8F041FFF767BBC8F101010A91AF
:1089D0000B93DFE7002C4DDB884207DC0138411A9E
:1089E00008FB01FC01469CFBF6F002449542BEF8F0
:1089F0000C0017DA8542DDDA002ADBDB002D56DBBE
:108A000082421FDB0138821A06FB02FE02469EFBF1
:108A1000F8F0014416E0164608462A462146354637
:108A2000044699E78242C5DA002DC3DB002A37DB12
:108A3000854207DB0138451B06FB05FE05469EFB0C
:108A4000F8F004443846039302920191FFF748FA84
:108A500001A9B8F1000F0EC913DB46450B930A922A
:108A60000B462A462146384615DC04B0BDE8F041E5
:108A7000FFF706BA04FB08F494FBF6F42D1B002460
:108A8000AAE7C8F1000846450B9317DD0A920B468A
:108A90002A462146384604B0BDE8F041FFF7C0B988
:108AA00006FB02F292FBF8F2891A0022C0E706FBED
:108AB00005F595FBF8F5641B0025A1E70A9523460B
:108AC0003846D2E710B582B014140193009413B263
:108AD0000A1409B2FFF72EFF02B010BDF0B500294D
:108AE000059C10DB47687D89A9420CDAB88900280B
:108AF0006BD0002C5ADBAC4205DA069D002D02DD5E
:108B00007D7A042D00D0F0BDD3F804E09EF8093042
:108B1000042BF8D1069BBEF80A509E188642A8BFC7
:108B20000646002A4FEA054595FBF3F53FDB4FEA81
:108B3000800303F11F034FEA63134FEA830307F136
:108B4000100701FB037141D001EB62010EF1100728
:108B50000023BEF80C0080001F30401180009642B8
:108B600004FB00770ADCCEE704F00F04013244EA8C
:108B70000010964201F8010B2B4416D05C142046DD
:108B800013F4803F14BF385D385C0C7814BF0011BB
:108B900000F00F0012F0010FE6D124F00F040132B3
:108BA0002043964208702B44E8D1F0BDF0BD800010
:108BB0001F30401180005342103705FB03F301FBC7
:108BC00000710EF110070022C3E7F0BD1346F8E76D
:108BD00030B51D1483B01CB28DE8300013460A1462
:108BE00009B2FFF77BFF03B030BD00BF2DE9F04FA6
:108BF00089B05C000594C4F1010403945C1E54D454
:108C0000012306928B46824607930493002507E0D2
:108C1000049A013C02321344AC420492039344DBB5
:108C2000069E129B01934FEA4509A6EB050809F140
:108C30000109424601230BEB04015046CDF8009098
:108C40006700FFF7D9FA0137129B0193361B3246B2
:108C500001230BEB050150460097FFF7CDFA129B5D
:108C6000019342460123ABEB04015046CDF800903E
:108C7000FFF7C2FA129B0193324601230097ABEB38
:108C800005015046FFF7B8FA039B059A002BA3EBAA
:108C90000203BDDC039B079A1946013513461144B4
:108CA0000233AC4203910793BADA09B0BDE8F08F02
:108CB00010B582B00C46009309B213462214FFF798
:108CC00095FF02B010BD00BF10B50422FFF752F9A6
:108CD0000446D8B143685A68083A032A03F11003DE
:108CE0000BD913F0030009D122F00301194443F812
:108CF000040B8B42FBD102F003022AB11A4400217B
:108D0000197001339A42FBD1204610BD40F29130D8
:108D100001F026FFF8E700BF032A70B41DD940EA2E
:108D200001039B071DD122F00303CE18041F51F845
:108D3000045B44F8045F8E42F9D102F0030231462D
:108D4000034442B11A440C78E4B21C7001339342DC
:108D500001F10101F7D170BC70470346002AF1D13F
:108D6000F9E70346EEE700BF70B542684C685689E4
:108D70006589AE4200D070BDA6899589AE42FAD110
:108D8000647A527A9442F6D10D460446FFF7A8F869
:108D9000696860684A681030083A1031BDE8704070
:108DA000FFF7BABF2DE9F04F80464868D8F8044075
:108DB000B0F80A9065898DB0009509EB0205002D89
:108DC00001954FDD9A46009B9A424BDA85890AEB62
:108DD0000506002E46DDA789BA4543DABAF1000F31
:108DE00044DBA7EB0A03AB42A8BF2B460493437AAC
:108DF000169894F809B0023004D11AB9BAF1000FEC
:108E000000F09B80012B00F08D82042B40F04E85FA
:108E1000AD001F356D11AD005846012800F07E826F
:108E2000042840F01C85A08980001F30401180007C
:108E300002904868103010340390BAF1000F08D047
:108E4000D8F80400407A012800F07083042800F06C
:108E50007482BBF1040F0FD0BBF1010F02D1012BC3
:108E600000F0968100200DB0BDE8F08FBE42334681
:108E7000A8BF3B460493BAE7042B6DD0012BF1D178
:108E8000BAF1000FC0F2E681B9F1000FEAD0CAF1E1
:108E9000000B0BF007034FF0010B0BFA03FB169BC3
:108EA0000299039F0AF00109BAF1000F4FEA031A71
:108EB000049BB4BF4FF000094FF0010B4B44CDF8B9
:108EC0000CB0DDF804B0CDF80890013701FB024486
:108ED0009C464FFA8AFA8946002A28DB009B934277
:108EE00025DD029B17F801EC63452046B8461EDAE3
:108EF000039901920CE0DA07067840F1C78106F089
:108F00000F064AEA060606700130013363450DD0AC
:108F1000B1F5807F00F0B3810E4649001EEA060FCE
:108F2000E9D1DE07F0D401336345F1D1019A013272
:108F30005A452F444C44CFD194E75B457FF462AF50
:108F4000009881457FF45EAFBD427FF45BAF404641
:108F5000FFF70AFF504686E7AB100793B9F1000F01
:108F600080D00299CDF820A001FB0244BE42A8BFE8
:108F70003E46211D9B000491A6F10800A7F10801BF
:108F800005930AF00103B346099006938A46002A26
:108F9000C0F28581009B934240F381811699039B27
:108FA0000029C0F2C682089806990446002940F0BC
:108FB000C78100F1070800F1060C00F1050E071D3E
:108FC000079D04986BE011F00F0907D010F8046CAE
:108FD00026F00F0646EA090600F8046C11F0F00FBF
:108FE00009D010F8049C21F00F0609F00F0949EA96
:108FF000060600F8046CC1F30329B9F1000F07D08D
:1090000010F8036C26F00F0646EA090600F8036C18
:109010004FEA113919F00F0F07D010F8036C06F062
:109020000F0646EA091600F8036CC1F30349B9F1CB
:10903000000F07D010F8026C26F00F0646EA09066A
:1090400000F8026C4FEA115919F00F0F07D010F811
:10905000026C06F00F0646EA091600F8026CC1F32E
:109060000369B9F1000F07D010F8016C26F00F0664
:1090700046EA090600F8016C090F07D010F8016CE8
:1090800006F00F0646EA011100F8011C083404300E
:1090900008F108080CF1080C0EF1080E083715F15C
:1090A000FF35C0F0FC80002C53F8041B05DBA24503
:1090B00089DA11F00F0940F0258111F0F00F0DD081
:1090C000661C0BD4B34509DD10F8049C21F00F0693
:1090D00009F00F0949EA060600F8046CC1F30326FB
:1090E00066B114F1020909D4CB4507DD10F8039CE1
:1090F00029F00F0949EA060600F8036C0E0B16F07A
:109100000F0F0CD014F1030909D4CB4507DD10F87B
:10911000039C09F00F0949EA061600F8036CC1F335
:1091200003465EB1002F09DBBB4507DD10F8029C4A
:1091300029F00F0949EA060600F8026C0E0D16F038
:109140000F0F0CD0BEF1000F09DBF34507DD10F85F
:10915000029C09F00F0949EA061600F8026CC1F3F7
:10916000036666B1BCF1000F09DBE34507DD10F8CB
:10917000019C29F00F0949EA060600F8016C090F65
:1091800084D0B8F1000F81DBC3457FF77FAF75E76F
:10919000D8F80410487A8B8901F11007012803F1EF
:1091A000FF33A7EB040B00F0EC84042840F0F284BA
:1091B000002B40F00285CDF810B0B9F1000F3FF45C
:1091C00051AE0AF0070806EB080319460693029B06
:1091D0000498039FCDF80CA01E4606FB0203DDF8A1
:1091E00004A0ABEB00000590A1F1080904EB030B10
:1091F000002A7FDB009B93427CDD049B039CABEB4E
:109200000301059B4C453E4603EB0B0C80F2B584F5
:109210000020019207E040EA0E0008704C4501F181
:109220000101184649DA16F8013B614504F10804CA
:1092300003FA08F3F2D343EA20208B45C0B2EDD302
:10924000169A91F800E00132E5D110EA0E0FE5D050
:10925000012008E64F687B7A07F11000012B03908C
:10926000CAF1000400F0AF84042B40F0B284039BE9
:1092700003EB64030393D8F80440103404E698F831
:1092800000E0022108F10108012647E6169A26F0BF
:109290000F061643067038E60A9ADDF82CA0039BE9
:1092A00005990B4403930299049B0B440493019B7F
:1092B00001329A427FF46BAED4E5019A0698041B02
:1092C000002C17DD614515D38B4513D3307800FA98
:1092D00008F040EA2320C4F10804FF2343FA04F411
:1092E00000EA040316980130DBB200F040840878ED
:1092F00003430B700132029B52459B442F447FF481
:1093000077AFAFE5A3457FF7D8AE10F8046C26F031
:109310000F0646EA090600F8046CCEE6A08907307D
:10932000C01085E50735ED10584676E5BAF1000F17
:1093300000F064844FF0FF30029004EB6A0488E58B
:1093400000F1070C00F1060E471D061D079D04984D
:10935000914666E00A0707D010F8042C02F00F02CD
:1093600042EA011200F8042CC1F30318B8F1000F0F
:1093700007D010F8032C22F00F0242EA080200F88E
:10938000032C4FEA112818F00F0F07D010F8032C08
:1093900002F00F0242EA081200F8032CC1F303386E
:1093A000B8F1000F07D010F8022C22F00F0242EAA9
:1093B000080200F8022C4FEA114818F00F0F07D0EE
:1093C00010F8022C02F00F0242EA081200F8022CF8
:1093D000C1F30358B8F1000F07D010F8012C22F0A8
:1093E0000F0242EA080200F8012C4FEA116818F057
:1093F0000F0F07D010F8012C02F00F0242EA0812FA
:1094000000F8012C090F04D0027822F00F0211435A
:109410000170083404300CF1080C0EF1080E083706
:10942000083615F1FF357CD3002C53F8041B03DB01
:1094300054458FDD0A0769D1C1F3031262B114F1FB
:10944000010809D4C34507DD10F8038C28F00F0884
:1094500048EA020200F8032C0A0A12F00F0F0CD09F
:1094600014F1020809D4C34507DD10F8038C08F095
:109470000F0848EA021200F8032CC1F3033262B16C
:1094800014F1030809D4C34507DD10F8028C28F055
:109490000F0848EA020200F8022C0A0C12F00F0F23
:1094A0000BD0002E09DB5E4507DA10F8028C08F0BD
:1094B0000F0848EA021200F8022CC1F303525AB115
:1094C000002F09DBBB4507DD10F8018C28F00F08E1
:1094D00048EA020200F8012C4FEA116818F00F0F59
:1094E0000CD0BEF1000F09DBF34507DD10F8012CAD
:1094F00002F00F0242EA081800F8018C090F88D028
:10950000BCF1000F85DBE34583DD7DE75C4593DA45
:1095100010F8042C02F00F0242EA011200F8042CA9
:109520008AE74A46BBE64FF0FF30029004EBEA04BC
:109530008FE416990231069900F0C981089C2046F3
:10954000002940F0C78004F1070C04F1060E671DE6
:10955000261D079D049C002D3FF4A1AE002853F862
:10956000041B5DDB824550DB11F00F0F05D014F8B2
:10957000048C18F00F0F7FF46BAE11F0F00F05D0D4
:1095800014F8048C18F0F00F7FF462AE11F4706FD1
:1095900005D014F8038C18F00F0F7FF459AE11F4B6
:1095A000704F05D014F8038C18F0F00F7FF450AE14
:1095B00011F4702F05D014F8028C18F00F0F7FF4FF
:1095C00047AE11F4700F05D014F8028C18F0F00FAC
:1095D0007FF43EAE11F0706F05D014F8018C18F0D6
:1095E0000F0F7FF435AE090F05D014F8011C11F0F0
:1095F000F00F7FF42DAE013D083004340CF1080C5F
:109600000EF1080E08370836A5E711F00F0F07D046
:10961000834505DD14F8048C18F00F0F7FF418AEA5
:1096200011F0F00F0AD010F1010807D4C34505DD91
:1096300014F8048C18F0F00F7FF40AAE11F4706F78
:109640000AD010F1020807D4C34505DD14F8038CD5
:1096500018F00F0F7FF4FCAD11F4704F0AD010F129
:10966000030807D4C34505DD14F8038C18F0F00F88
:109670007FF4EEAD11F4702F09D0002E07DBB34557
:1096800005DD14F8028C18F00F0F7FF4E1AD11F432
:10969000700F09D0002F07DBBB4505DD14F8028CE5
:1096A00018F0F00F7FF4D4AD11F0706F0AD0BEF156
:1096B000000F07DBF34505DD14F8018C18F00F0FE0
:1096C0007FF4C6AD090F96D0BCF1000F93DBE345E4
:1096D00091DD8AE704F1070C04F1060E671D261DD3
:1096E000079D049C002D3FF4DAAD002853F8041BBD
:1096F0005BDB82454EDB11F00F0F05D014F8048CB4
:1097000018F0F00F7FF4A4AD11F0F00F05D014F8AD
:10971000038C18F00F0F7FF49BAD11F4706F05D020
:1097200014F8038C18F0F00F7FF492AD11F4704F21
:1097300005D014F8028C18F00F0F7FF489AD11F4E6
:10974000702F05D014F8028C18F0F00F7FF480AD64
:1097500011F4700F05D014F8018C18F00F0F7FF47E
:1097600077AD11F0706F05D014F8018C18F0F00F80
:109770007FF46EAD090F03D0217809077FF468AD3F
:10978000013D083004340CF1080C0EF1080E0837C6
:109790000836A7E711F00F0F07D0834505DD14F851
:1097A000048C18F0F00F7FF453AD11F0F00F0AD0D5
:1097B00010F1010807D4D84505DA14F8038C18F025
:1097C0000F0F7FF445AD11F4706F0AD010F102084D
:1097D00007D4C34505DD14F8038C18F0F00F7FF4AF
:1097E00037AD11F4704F0AD010F1030807D4C34508
:1097F00005DD14F8028C18F00F0F7FF429AD11F479
:10980000702F09D0002E07DBB34505DD14F8028C5C
:1098100018F0F00F7FF41CAD11F4700F09D0002F79
:1098200007DBBB4505DD14F8018C18F00F0F7FF442
:109830000FAD11F0706F0AD0BEF1000F07DBF345DA
:1098400005DD14F8018C18F0F00F7FF401AD090F5D
:1098500096D0BCF1000F93DBE34591DD8CE740F23D
:10986000353005920391029301F07AF9D8F804405B
:109870000399607A4B68059A10330128039304F129
:109880001004029B00F0B68104283FF44FAD40F273
:10989000353007920691059301F062F94FF0FF33DE
:1098A0000293079A0699059BFFF7C7BA40F2353035
:1098B00005920391029301F053F9D8F80440059AF8
:1098C000607A0399029B4FF0FF35FFF7A6BA002993
:1098D00040F0A3800898CDF82CA0044600F10708BA
:1098E00000F1060C00F1050E071DC61C0499079D2A
:1098F0000A92DDF824A015E04FEA1229100C01F8B5
:10990000042C120E01F8039C01F8020C01F8012C42
:109910000834043108F108080CF1080C0EF1080EA7
:109920000837083615F1FF35FFF4B6AC002C53F8B4
:10993000042B0DDBA245DFDAA34509DD11F8040C89
:1099400002F00F0920F00F0040EA090001F8040CB2
:10995000601C0BD4834509DD11F8040C22F00F09BB
:1099600000F00F0040EA090001F8040CA01C0BD421
:10997000834509DD11F8030CC2F3032920F00F0021
:1099800040EA090001F8030C002E0BDBB34509DDAA
:1099900011F8030C4FEA123900F00F0040EA0910E9
:1099A00001F8030C002F0BDBBB4509DD11F8020C9D
:1099B000C2F3034920F00F0040EA090001F8020C4D
:1099C000BEF1000F0BDBF34509DD11F8020C4FEA85
:1099D000125900F00F0040EA091001F8020CBCF126
:1099E000000F0BDBE34509DD11F8010CC2F303693D
:1099F00020F00F0040EA090001F8010CB8F1000F57
:109A000086DBC34584DD11F8010C120F00F00F0056
:109A100040EA021201F8012C7AE7089CCDF82CA04C
:109A2000204604F1070804F1060C04F1050E271D79
:109A3000E61C0499079D0A92DDF824A021E011F8A4
:109A4000049C0C7809F00F0924F00F0449EA02196C
:109A500044EA127401F8049C0C704FEA1219140BBA
:109A6000120D01F8039C01F8024C01F8012C08309A
:109A7000043108F108080CF1080C0EF1080E083743
:109A8000083615F1FF35FFF407AC002853F8042B16
:109A90000BDB8245D3DA834507DD11F8044C04F073
:109AA0000F0444EA021401F8044C441C0BD4A345EF
:109AB00009DD11F8034CC2F3031924F00F0444EA42
:109AC000090401F8034C841C0BD4A34509DD11F8EB
:109AD000034C4FEA122904F00F0444EA091401F878
:109AE000034C002E0BDBB34509DD11F8024CC2F329
:109AF000033924F00F0444EA090401F8024C002F52
:109B00000BDBBB4509DD11F8024C4FEA124904F0AA
:109B10000F0444EA091401F8024CBEF1000F0BDBFC
:109B2000F34509DD11F8014CC2F3035924F00F0489
:109B300044EA090401F8014CBCF1000F0BDBE345DA
:109B400009DD11F8014C4FEA126904F00F0444EAF0
:109B5000091401F8014CB8F1000F88DBC34586DD1C
:109B60000C7824F00F0444EA12720A707FE7097837
:109B70000B423FF4BFABFFF76BBB039C0023FFF727
:109B80009DBB002B3FF417AB07EBE3031B1B0493B8
:109B9000FFF713BB40F235300592049300F0E0FF6D
:109BA000049B059A002B3FF406ABD8F80400407ADA
:109BB0000128E9D004287FF4FEAA07EB63031B1BEE
:109BC0000493FFF7FABA039B03EBE4030393FFF755
:109BD00052BB40F235300692059100F0C1FF059965
:109BE000069A4B685B7A012BEDD0042B7FF443ABD4
:109BF000FFF73DBBBAF1000F7FF495AC4FF0FF309B
:109C00000290FFF726B900BF2DE9F04182B00E4661
:109C10001746984605460124FEF762F943463A4640
:109C2000314628460094FFF7BDF802B0BDE8F08148
:109C300010B582B04FF0FF340094FFF7B3F802B0D4
:109C400010BD00BFF0B5044683B00D4616461F4652
:109C5000FEF746F963686A685B7A042B15D0002129
:109C6000538901919289009231463A462046FEF787
:109C7000C3FA4FF0010E3B46324629462046CDF846
:109C800000E0FFF78FF803B0F0BD537A042BE6D164
:109C90006FF0010EEFE700BF2DE9F04780460F4659
:109CA0001546FEF71DF9D8F80400437A012B00F0A1
:109CB0008180042B40F0A9808489A4001F346411A2
:109CC000A4004689002D4CD1002F1DDB1AD0B742CD
:109CD00074DB04FB06F4032C00F110000BD910F028
:109CE000030209D124F00303034440F8042B9842F3
:109CF000FBD104F003042CB10444002303700130B1
:109D0000A042FBD1BDE8F087C7F10009B14539DBBE
:109D1000427A012A00F1100768D0042A40F08380BB
:109D2000828992001F325211920004FB06F4032C28
:109D300005FB02730BD913F003010AD124F00302CF
:109D40001A4443F8041B9342FBD104F00304002C93
:109D5000D8D01C4400221A700133A342FBD1BDE8C5
:109D6000F08741680830FEF7E7F8002104464046D6
:109D7000FEF77AFB2B463A4621464046BDE8F047BF
:109D8000FFF760BF437A012B00F1100A32D0042B99
:109D900034D1818989001F3149118900BD1901FB26
:109DA00009A1504604FB05F20FF0FBF94E46D8F826
:109DB0000400ADE784890734E41082E7437A012B7D
:109DC00000F110052AD0042B34D1808980001F3087
:109DD000401180002946F21B04FB02F200FB0750F1
:109DE0000FF0DFF93E46D8F8040072E782890732A7
:109DF000D2109AE781890731C910CFE740F2353098
:109E000000F0AEFE4FF0FF31C8E740F2353000F011
:109E1000A7FE4FF0FF34D8F8040052E780890730DE
:109E2000C0102946D7E740F2353000F099FE4FF0D8
:109E3000FF327AE740F2353000F092FED8F8041095
:109E40004FF0FF301031C6E72DE9F843054600AF6B
:109E5000FEF746F86C68637A012B2FD0042B38D1BB
:109E6000A689B4F80A80B6001F367611B6003246CD
:109E7000354608F1FF381034073208FB054522F05B
:109E80000702ADEB020DA542E84614D9C6F1000960
:109E9000214632464046FEF73FFF294632462046DD
:109EA000FEF73AFF34442846324641464D44FEF719
:109EB00033FFAC42ECD3BD46BDE8F883A689B4F8C5
:109EC0000A800736F6103246354608F1FF3810345E
:109ED000D2E740F2353000F043FE6B685A7A5D8974
:109EE000012A05F1FF3803F110040AD0042A0FD02B
:109EF00040F2353000F034FE4FF0FF321646154682
:109F0000BAE79B894FF0FF320733DD101646B3E7FF
:109F10009B899B001F335B114FF0FF329D0016465B
:109F2000AAE700BF2DE9F84343685A897E2A2EDC50
:109F30000446998950005A7AFEF71CF86368416814
:109F40005A7A5E89012A074601F1100803F11005CB
:109F500021D0042A23D19C89A4001F346411A400B9
:109F600096B14FF00009294622464046A044FEF72C
:109F7000D3FE09F10109404629462246FEF7CCFEF0
:109F80004E45A0442544EED13846BDE8F88300276D
:109F90003846BDE8F8839C890734E410E0E740F2D6
:109FA000353000F0DDFD4FF0FF34D9E738B5FFF76D
:109FB000B9FF0446FCF79CFB2046FEF7EFFB054685
:109FC0002046FCF7A5FB284638BD00BF38B505463E
:109FD000FDF7FCFFA8B10C20FCF752FA044628B1AB
:109FE0000B4A45600023026083605DB12046FCF7A8
:109FF0007FFB2046FFF7DAFF05462046FCF788FB8B
:10A00000686838BD40F2353000F0AAFDEEE700BFC9
:10A01000509F0208F8B50546FDF7D8FF68BB074614
:10A020002846FDF7F9FF002833D069683846043127
:10A03000FAF7DEFB872303722B7A03F00F034372D8
:10A040006B7A6A684381AB7A8381043A05F10C012B
:10A050000646C7811030FEF75FFE3046FCF748FB2E
:10A060000C20FCF70DFA044610B10E4B80E8C80036
:10A070003046FCF74DFB2046F8BD0C20FCF700FAFB
:10A08000044630B1074A456000230260836015B181
:10A09000F8BD0020F8BD40F2353000F061FD2046EB
:10A0A000F8BD00BF509F0208F0B50C4683B00646CD
:10A0B00015461F46FDF714FF2046FFF7ABFF50B1D2
:10A0C00043685B7A012B06D10146009730462B147A
:10A0D0002AB2FEF767FE03B0F0BD00BFFFF79ABFDC
:10A0E000032A19D9830720D130B422F0030301EBEE
:10A0F000012505EB05450344044644F8045BA342EF
:10A10000FBD102F003022AB1C9B21A44197001331B
:10A110009342FBD130BC7047034642B1C9B21A44E6
:10A12000197001339342FBD170470346F6E770473D
:10A1300070B5144D286800B170BD4FF49D6006F0F5
:10A14000CBFE4FF0FF3104460320FAF7BBFE00B20E
:10A15000FDF7F2FA4FF0FF3106460220FAF7B2FEA1
:10A1600000B2FDF7E9FA31460246204603F066FCEC
:10A17000214604F1DC00782200F008F92C6020462A
:10A1800070BD00BFE8050020044B002103F580628C
:10A1900003F8011F9342FBD1704700BFEB0500207D
:10A1A000094B03EBC00009B100EBE100012301F012
:10A1B000070103FA01F1037812B1194301707047E6
:10A1C00023EA010101707047EC05002008B5FFF794
:10A1D000AFFF0349DC30BDE8084000F049BB00BFD9
:10A1E000EC050020002868D0F8B5476807F1100298
:10A1F00007F58057103711464FF6FF7341F22105DE
:10A2000011F8016B082483EA06231E044CBF85EA7B
:10A2100043035B00013C9BB2F7D1B942F0D129491D
:10A220000D889D4248D0284E0B8006F58067012599
:10A23000002309E09EF8002001331143402B8EF8E3
:10A24000001019D0426810321119EBB15A108A5C13
:10A25000D9071ED5121106EBE30E03F0070105FA2C
:10A2600001F1002AE6D19EF80020013322EA010123
:10A27000402B8EF80010E5D10836B74204F12004D7
:10A280000AD042681032D3E7125DB64602F00F02E0
:10A29000E3E702F00F02DEE743685A89802A0DD017
:10A2A00040F28A3000F05CFCFFF742FF0649DC30E8
:10A2B000BDE8F84000F0DCBAF8BD70479B89402B40
:10A2C000EED1F1E740270020EC050020704700BFE9
:10A2D00038B50C4D286800B138BD182006F0FCFDDB
:10A2E0004FF0FF3104461B20FAF7ECFD00B2FDF7FA
:10A2F00023FA08220146204600F010FB2C6020467D
:10A3000038BD00BFEC0900202DE9F04190461F4602
:10A3100006460C46FFF7DCFF0368DB6905469847F5
:10A32000B8F1000F0AD004EB840463000C49A3F5D4
:10A33000A07381FB0321DC17C4EBA104012EA1B2A1
:10A34000284609D002F0E8F93A463146A888102399
:10A35000BDE8F041FDF7D4B802F0F8F9F4E700BF2A
:10A36000398EE33810B50446FFF7B2FFF4F790F9E1
:10A370004CB100EBC000044B400083FB0023C0172E
:10A38000C0EBA300203010BD676666662DE9F04380
:10A39000016093B000210C4605460123A0F8082473
:10A3A00012220CA803F044FF0B940B990CA803F0A5
:10A3B000FBFB322006F054FE01230B930B990CA8F3
:10A3C00003F0F2FB322006F04BFEAE238DF827306F
:10A3D0009DF8273028688DF828408DF829300368CB
:10A3E000B5F8081400949E690AAA0223B0478DF8B4
:10A3F00026409DF8263028688DF828408DF82930B1
:10A400000368B5F8081400949E690AAA0223B047AD
:10A4100010238DF825309DF8253028688DF82840C8
:10A420008DF829300368B5F80814009440269F6918
:10A430000AAA0223B8478DF824609DF824302868C2
:10A440008DF828408DF829300368B5F80814009479
:10A450009F690AAA0223B84781238DF823309DF80B
:10A46000233028688DF828408DF829300368B5F826
:10A47000081400949F690AAA0223B847CF238DF8D5
:10A4800022309DF8223028688DF828408DF8293038
:10A490000368B5F8081400949F690AAA0223B84714
:10A4A000A1238DF821309DF8213028688DF82840AF
:10A4B0008DF829300368B5F8081400949F690AAA3A
:10A4C0000223B847A6238DF820309DF82030286855
:10A4D0008DF828408DF829300368B5F808140094E9
:10A4E0009F690AAA0223B847A8238DF81F309DF858
:10A4F0001F3028688DF828408DF829300368B5F89A
:10A50000081400949F690AAA0223B8473F238DF8D4
:10A510001E309DF81E3028688DF828408DF82930AF
:10A520000368B5F8081400949F690AAA0223B84783
:10A53000D3238DF81D309DF81D3028688DF82840F4
:10A540008DF829300368B5F8081400949F690AAAA9
:10A550000223B8478DF81C409DF81C3028688DF800
:10A5600028408DF829300368B5F8081400949F69D5
:10A570000AAA0223B847D5238DF81B309DF81B305B
:10A5800028688DF828408DF829300368B5F808143C
:10A5900000949F690AAA0223B84780238DF81A30D5
:10A5A0009DF81A3028688DF828408DF82930036806
:10A5B000B5F8081400949F690AAA0223B847D92362
:10A5C0008DF819309DF8193028688DF828408DF8DD
:10A5D00029300368B5F8081400949F690AAA022379
:10A5E000B847F1238DF818309DF8183028688DF899
:10A5F00028408DF829300368B5F8081400949F6945
:10A600000AAA0223B847DA238DF817309DF81730CD
:10A6100028688DF828408DF829300368B5F80814AB
:10A6200000949F690AAA0223B84712238DF81630B6
:10A630009DF8163028688DF828408DF82930036879
:10A64000B5F8081400949F690AAA0223B847DB23CF
:10A650008DF815309DF8153028688DF828408DF854
:10A6600029300368B5F8081400949F690AAA0223E8
:10A67000B8478DF814609DF8143028688DF828408C
:10A680008DF829300368B5F8081400949F690AAA68
:10A690000223B8478D238DF813309DF813302868B6
:10A6A0008DF828408DF829300368B5F80814009417
:10A6B0009F690AAA0223B84714238DF812309DF827
:10A6C000123028688DF828408DF829300368B5F8D5
:10A6D000081400949F690AAA0223B847AF238DF893
:10A6E00011309DF8113028688DF828408DF82930F8
:10A6F0000368B5F8081400949F690AAA0223B847B2
:10A70000C8238DF810309DF8103028688DF8284047
:10A710008DF829300368B5F8081400949F690AAAD7
:10A720000223B84720238DF80F309DF80F3028689A
:10A730008DF828408DF829300368B5F80814009486
:10A740009F690AAA0223B8478DF80E409DF80E3083
:10A7500028688DF828408DF829300368B5F808146A
:10A7600000949F690AAA0223B84721238DF80D306F
:10A770009DF80D3028688DF828408DF82930036841
:10A78000B5F8081400949F690AAA0223B8478DF807
:10A790000C409DF80C3028688DF828408DF8293041
:10A7A0000368B5F8081400949F690AAA0223B84701
:10A7B0007F238DF80B309DF80B3028688DF82840EA
:10A7C0008DF829300368B5F8081400949F690AAA27
:10A7D0000223B84722238DF80A309DF80A302868F2
:10A7E0008DF828408DF829300368B5F808140094D6
:10A7F0009F690AAA0223B8478DF809409DF80930DD
:10A8000028688DF828408DF829300368B5F80814B9
:10A8100000949F690AAA0223B84707238DF80830DD
:10A820009DF8083028688DF828408DF82930036895
:10A83000B5F8081400940AAAD3F8189005F1060890
:10A84000022340F20147C84721463A464046FFF7F7
:10A8500047FC2868AE710668B5F8081400944246B3
:10A860003B46B469A047284613B0BDE8F08300BF5B
:10A87000F0B5002683B04FF0010EF700002201363C
:10A8800005E0AB7901321C43402AAC7115D0D310DE
:10A89000CD1802F0070415F807C006EBC3130EFA33
:10A8A00004F4C5181CEA040F2B46EAD1AD79013235
:10A8B00025EA0404402A9C71E9D1802EDDD10246AC
:10A8C000B0F8081452F8060B0024036800949C6941
:10A8D00040F20143A04703B0F0BD00BF704700BF86
:10A8E000704700BF0048704716FCFFFF10B5034BD0
:10A8F0000360044602F0BCF8204610BD889F0208A1
:10A9000010B5054B0360044602F0B2F8204618214A
:10A910000EF0EDFB204610BD889F020810B50446DE
:10A9200002F0CAF8014B2360204610BD889F020840
:10A93000F0B5436C85B0202202258DF80C208DF8EF
:10A940000D50D3B11A68B0F84C100026044600969A
:10A95000184697692B4603AAB847606C0722012363
:10A960008DF80C208DF80D3038B1B4F84C10046817
:10A9700000962B4603AAA469A047002005B0F0BDAD
:10A9800010B5034B0360044601F06CFB204610BD7C
:10A99000B49F020810B5054B0360044601F062FB4A
:10A9A000204654210EF0A3FB204610BDB49F0208A0
:10A9B000F8B504460F4616461946BDF81C20BDF8EA
:10A9C000185001F0B3FB084A2260002384F84E308F
:10A9D0006764A664A4F84C5001F0DCFF20652046B3
:10A9E000FFF7A6FF2046F8BDB49F0208F0B5474A1E
:10A9F000474B12689A4285B0044600F0818094F873
:10AA00004E3063B9636C53B101F0C4FF6438226DFA
:10AA100041F1FF3100238B4208BF824202D3002064
:10AA200005B0F0BD606CB4F84C10036801260196C7
:10AA300000965D6A0D2203ABA847606CB4F84C1019
:10AA40000368019600965F6A9DF80C5003AB0F22D5
:10AA5000B847606CB4F84C1002680196009603ABDE
:10AA60009DF80C60576A1122B8479DF80C30294AAE
:10AA700021687F2DC8BFA5F580757F2EC8BFA6F5BC
:10AA800080767F2BC8BFA3F58073AD0248BF3F35EA
:10AA9000B6024FEAA51548BF3F369B024FEAA616FD
:10AAA00048BF3F33B5F5806F4FEAA310A8BF4FF4FE
:10AAB0008065B6F5806FA8BF4FF48066B0F5806FF3
:10AAC000A8BF4FF480609642B8BF16469542B8BF03
:10AAD00015469042B8BF10466B427642012520626F
:10AAE000E361A6614B6B84F84E502046984701F015
:10AAF00051FF00232065002084F84E3005B0F0BDE2
:10AB000000F016F8044B1B68984778E79401002082
:10AB100034CD12AB00FCFFFF0464000808B5FFF75A
:10AB200065FF002008BD00BFFFF760BF62B6704739
:10AB300072B6704720BF704706F092BABFF34F8FCE
:10AB40000549064BCA6802F4E0621343CB60BFF3C9
:10AB50004F8F00BFFDE700BF00ED00E00400FA05E5
:10AB600008B5014672B6024800F04CFCFEE700BF93
:10AB7000EC9F0208024B1869DB681844704700BF5D
:10AB800010020020402001F041B900BF81637047EE
:10AB900041637047C1637047C06B7047EFF3098032
:10ABA000704700BF406B704780E80E00704700BFE1
:10ABB0006FF47D70704700BF6FF47D70704700BF09
:10ABC0006FF47D70704700BFC1600020704700BF08
:10ABD0006FF47D70704700BF38B503689B69044609
:10ABE0000D46984708B9094838BD236820465B6878
:10ABF0009847B5FA85F35B099842F4D12368294652
:10AC00001B6820469847002038BD00BF12FCFFFF9C
:10AC1000704700BF704700BF10B5102104460EF00A
:10AC200066FA204610BD00BF10B51C2104460EF088
:10AC30005EFA204610BD00BF70B50E4C206818B1FA
:10AC4000BDE8704004F0D6BA0B4D4FF0FF312868D4
:10AC500006F04EFF23683BB1286806F053FF2068DA
:10AC6000BDE8704004F0C6BA261D304604F0A4FAD0
:10AC70002660F1E72C0F0020E829002070B5104C69
:10AC8000206828B14FF0FF31BDE8704004F0AEBA43
:10AC90000C4D4FF0FF31286806F02AFF23684BB1B6
:10ACA000286806F02FFF20684FF0FF31BDE87040A4
:10ACB00004F09CBA261D304604F07EFA2660EFE7C9
:10ACC0002C0F0020E82900202DE9F84303799A078A
:10ACD00040F19880C3885B07044640D585692F1DE5
:10ACE000237C7D4AF12B2B689B681BD0934259D162
:10ACF0007A4E3068002874D04FF0FF3104F076FAB5
:10AD0000384604F0EFFD2B68754ADB689342044631
:10AD10004BD1724E3068002852D004F06BFAA0116B
:10AD2000BDE8F883934248D16C4E3368002B7DD048
:10AD300030684FF0FF3104F059FA384604F0D2FD84
:10AD40002B68674ADB689342044633D1634E306810
:10AD500000285AD004F04EFA2046BDE8F883036874
:10AD60005E4E9B6D9847102006F0B6F80546306899
:10AD70005C4B2B6094F81090002866D04FF0FF31A8
:10AD80002F1D04F033FA3846494604F03BFD306885
:10AD900000286AD004F02EFAE388A56143F004038A
:10ADA000E3809DE728469847AAE728469847A011E0
:10ADB000BDE8F88328469847CEE728469847BCE781
:10ADC000DFF828814FF0FF31D8F8000006F090FE40
:10ADD0003368002B59D0D8F8000006F093FE306895
:10ADE0009BE7DFF808814FF0FF31D8F8000006F04C
:10ADF0007FFE3368002B4ED0D8F8000006F082FEAC
:10AE0000306879E73848BDE8F883DFF8E0804FF034
:10AE1000FF31D8F8000006F06BFE3368002B40D0FD
:10AE2000D8F8000006F06EFE306893E7DFF8BC80CB
:10AE30004FF0FF31D8F8000006F05AFE3368B3B384
:10AE4000D8F8000006F05EFE72E7DFF8A0804FF051
:10AE5000FF31D8F8000006F04BFE3368ABB3D8F8EA
:10AE6000000006F04FFE306888E7DFF880804FF082
:10AE7000FF31D8F8000006F03BFE3368EBB1D8F89C
:10AE8000000006F03FFE306884E7351D284604F0D8
:10AE900093F935609FE7341D204604F08DF9346046
:10AEA000AAE7351D284604F087F93560B8E7341D58
:10AEB000204604F081F93460C2E7DFF83490484658
:10AEC00004F07AF9C6F80090D9E7371D384604F047
:10AED00073F93760C3E700BF7DAC01082C0F002079
:10AEE00039AC01080CA0020816FCFFFFE82900207D
:10AEF000300F002010B5044603F09AF9034B23608D
:10AF000000236371E380A361204610BD24A00208E2
:10AF100088B110B504460EF0A1F9013820448442EE
:10AF200007D22378027804F8012B00F80139844213
:10AF3000F7D3002010BD6FF47A707047F8B539B3BD
:10AF400080EAE074C4EBE0744E1E0027DFF848E0AE
:10AF500000E01F468EFB0423E217C2EBA30202EBC4
:10AF60008203C4EB43033033554206F8013F1446D5
:10AF70007B1C002DEDD1002806DB00220846CA54B8
:10AF8000FFF7C6FF2846F8BD2D22CA54BB1CF4E7C4
:10AF90006FF47A75F6E700BF67666666014B186066
:10AFA00000207047F009002030B40C4D0C4A2B688B
:10AFB000026000249842C4800BD02A46012301E09D
:10AFC000402B09D052F8041F88421C4603F10103AC
:10AFD000F6D1002345F8243030BC7047F409002036
:10AFE000B0A002080048704716FCFFFF38B50F4DAF
:10AFF0000F4A2B6804469C424FF000002260E0801C
:10B000000BD02A46012301E0402B09D052F8041F3F
:10B010008C42184603F10103F6D1002345F8203095
:10B02000204608210EF063F8204638BDF4090020C0
:10B03000B0A00208013908B503290AD8DFE801F0F9
:10B040000B0B02020368084ADB68934201D000211F
:10B050009847002008BD0368034ADB689342F8D094
:10B0600001219847F5E700BFE5A8010870B584B055
:10B0700004AC04E90F00BDF80230012B18D0022BFC
:10B0800014D1154C154E04F5807501E0AC420DD07D
:10B0900054F8040F0028F9D0C3885B04F6D5036880
:10B0A0009B68B342F2D09847AC42F1D104B070BD76
:10B0B000094C0B4E04F5807501E0A542F6D054F81A
:10B0C000040F0028F9D0C3889A04F6D503685B689A
:10B0D000B342F2D09847F0E7F0090020E1A8010858
:10B0E000DDA801082DE9F041344D2C6882B054B13F
:10B0F0002A46012301E0402B07D052F8041F1C46CA
:10B1000001330029F7D145F824002D4C237813F0A2
:10B1100001030BD12B4D2A6842B100931022012369
:10B120004FF47A60002101F055FC10B102B0BDE887
:10B13000F0812820D5F80080234E05F0CDFEC023F5
:10B1400000930122214B1021074600F0D9FED8F8C8
:10B1500000305B68B34224D1384600F0E9FE38463F
:10B1600028210DF0C4FF28202F6805F0B5FEC0236C
:10B1700000930222154B0F21054600F0C1FE3B68EB
:10B180005B68B34213D1284600F0D2FE284628213E
:10B190000DF0ADFF237843F00103237002B0BDE84A
:10B1A000F0814046394698470028DCD0D4E738463D
:10B1B000294698470028EDD0E5E700BFF4090020B4
:10B1C00048270020280F0020E5AF01086DB00108D6
:10B1D00030B40B4D2B68984210D02A46012301E071
:10B1E000402B09D052F8041F81421C4603F1010391
:10B1F000F6D1002345F8243030BC70470024F8E72E
:10B20000F409002000487047989E020800200021A1
:10B21000704700BF084600F06BBC00BF084600F056
:10B22000DBBE00BF0846FFF79BBC00BF0846FFF728
:10B2300083BC00BFFFF782BCF8B51A4D0E4604462A
:10B24000FFF776FC28688319B3F5806FB64616D2EF
:10B2500004302844771E1EB3431EC11914F8012B75
:10B2600003F8012F9942F9D10137384400230370C4
:10B270002B6873442B60BDE8F840FFF757BC0A4BBE
:10B280006B6040F2FA3304229E422A6006DD074CCE
:10B290004FF0150E142705F10800DDE70820D8E768
:10B2A000B646E3E7F40A00202E2E2E0AF4A0020888
:10B2B000F0B587B062B901AC2146FFF73FFE2046EA
:10B2C0000DF0CCFF01462046FFF7B6FF07B0F0BDFA
:10B2D00007461C22002001AC27FA02F303F00F03FB
:10B2E000A1B99BB902B120B1461C251830333046B4
:10B2F0002B70043A131DEFD106AB03440022022148
:10B30000074803F8142CFFF797FFD8E7092B00F143
:10B31000010604EB0005E9DD37333046E8E700BFFE
:10B32000F0A002082DE9F047DFF8D090DFF8D080D8
:10B3300082B082460F46161F544602E0252A1C465C
:10B3400012D02346254613F8012B002AF6D1A4EB90
:10B350000A015046FFF770FF1FB102212648FFF790
:10B360006BFF02B0BDE8F0876FEA0A01194450464E
:10B37000FFF762FF237856F8044F0194642B05F120
:10B38000020A1DD00CD9732B20D02CD9752B17D0C5
:10B39000782B0BD1204601220021FFF789FFCBE754
:10B3A000582B22D0632B19D0252B04D003214846DB
:10B3B000FFF742FFC0E701214046FFF73DFFBBE733
:10B3C000002220461146FFF773FFB5E720460DF037
:10B3D00045FF01462046FFF72FFFADE7012101A8F9
:10B3E000FFF72AFFA8E7702BE0D101222046114683
:10B3F000FFF75EFFA0E700BF14A1020810A102083A
:10B400000CA102080FB400B583B004AA012152F8C0
:10B41000040B0192FFF786FF03B05DF804EB04B064
:10B42000704700BF0048704716FCFFFF38B50D4657
:10B430000446FFF77DFB2A6865610AB90AE01A46EF
:10B440009369002BFBD19461E261A361BDE83840B0
:10B45000FFF76CBBA261E2612C60BDE83840FFF7EA
:10B4600065BB00BF43699BB110B50446FFF760FBA5
:10B47000E36973B1A2699A61A3690BB1E269DA6108
:10B480000023A361E3616361BDE81040FFF74EBB99
:10B4900070476369A2691A60EEE700BF2DE9F041C9
:10B4A00084B004AC04E90F00124B1C68DDE9020112
:10B4B0004FF47A7200230BF0A7FABCB106460F4690
:10B4C000DFF8348001E02C4685B1E268A5690023ED
:10B4D0009F4208BF9642F6D32046FFF7C3FF20469F
:10B4E0004146FFF7A3FF2C46002DEED104B0BDE886
:10B4F000F08100BF000F0020080F00202DE9F04F61
:10B5000093B004AC84E80F00DFF8C8902D4AD9F856
:10B510000030BDF81060BDF812B0146853B39CB190
:10B520000023294F039340F2FE3A40F2FF38E368CC
:10B53000A569190C56459BB288B21ED06BB39E42CA
:10B540002BD02C46002DF2D1A6F2FE33012B11D9BF
:10B55000D9F800401D4B10255A46314608A80095E1
:10B5600000F0CEFC23681A4A9B68934226D108A8B3
:10B5700000F0DEFC13B0BDE8F08F4345DED1B9B971
:10B58000039B002BDDD12046FFF76CFF3946204698
:10B59000FFF74CFF01230393D3E709B15845D0D1FE
:10B5A0002046FFF75FFF39462046FFF73FFFC8E719
:10B5B0005845C6D1039B002BC3D1E4E7204608A918
:10B5C0009847D4E7180F0020080F0020FDB40108A9
:10B5D00025B40108FC0E0020014B1868704700BF1D
:10B5E0000C0F002038B5FFF7A3FA154B1C68C4B147
:10B5F0002046FFF737FFFFF799FA002323616362C4
:10B600002568FFF7B7FA01462846FFF7C3FAFFF7A8
:10B610008FFA0C4B1A6822621C60FFF787FA2046EB
:10B6200038BD282005F058FC214628220546FEF7A3
:10B6300057FDFFF7A7FAAC6085E811002C46DAE762
:10B64000100F00200C0F002038B50A4B1C6823692E
:10B65000DB0707D5084D286830B1636A43620023D1
:10B6600063620446204638BDFFF7BCFF286000280F
:10B67000F8D0F2E7F80E0020040F00202DE9F04189
:10B68000464D2A7812F0010482B072D1444E454FE3
:10B690003060FFF7A7FF444B44491860FFF7C6FE30
:10B6A000FFF7A0FF3860D0F80080FFF763FA011FB2
:10B6B0004046FFF76DFA3B683D491868FFF766FAA8
:10B6C0003768002F51D0282005F006FCC023224601
:10B6D000009340F2FF31374B374C804600F010FCAE
:10B6E0003B685B68A34247D1404600F021FC4046DE
:10B6F00028210DF0FCFC2820D6F8008005F0ECFB9A
:10B70000C023009300222B4B40F2FE31074600F08D
:10B71000F7FBD8F800305B68A34239D1384600F017
:10B7200007FC384628210DF0E2FC00230F220021FF
:10B7300000934FF47A60012301F04CF92820376818
:10B7400005F0CAFBC023009301221C4B0F210646C3
:10B7500000F0D6FB3B685B68A34213D1304600F093
:10B76000E7FB304628210DF0C2FC2B7843F00103A3
:10B770002B7002B0BDE8F08138464146984700285A
:10B78000B9D0B1E73846314698470028EDD0E5E713
:10B790004046394698470028C7D0BFE749270020D0
:10B7A000FC0E0020140F0020F80E0020080F0020CF
:10B7B00005BD0108FDB40108E5AF01089DB401080D
:10B7C000024B187800F00100704700BF49270020A5
:10B7D000F0B51F4F3B6883B0002B36D01D4B1B7854
:10B7E000DB0732D50E460446FFF72EFF44EA064338
:10B7F000C3600546FFF736FE28461749FFF716FED9
:10B80000A4F2FE33012B17D928203F6805F064FB12
:10B81000C023324600932146104B054600F070FBD2
:10B820003B680F4A5B68934209D1284600F080FBD1
:10B83000284628210DF05BFC002003B0F0BD3846FF
:10B84000294698470028F7D0EFE7064803B0F0BD37
:10B85000FC0E002049270020180F0020FDB401082D
:10B86000E5AF010816FCFFFF2DE9F04128B321B335
:10B870000546984617460E46FFF7B4FE0446E0B16B
:10B8800032463B4629460068FFF78EF92568FFF7E8
:10B8900071F9011F2846FFF77BF90A4B0A49206816
:10B8A000B8F1000F18BF1946FFF770F92046074995
:10B8B000FFF7BCFD2046BDE8F08100242046BDE82E
:10B8C000F08100BFDDBC01081DBC0108080F00208D
:10B8D000074B1B7813F0010301D11846704710B4D1
:10B8E000144601230A4621465DF8044BFFF7BCBF0E
:10B8F00049270020024B1868B0FA80F040097047D1
:10B90000080F002030B50F4D2B789A0785B004D56D
:10B910000D4B1B6873B105B030BD43F00204022229
:10B9200001230F2168462C7001F0A4FF064B1B6811
:10B93000002BF0D12B7823F002032B7000F04EFB8C
:10B9400005B030BD49270020080F00202DE9F04147
:10B950005C4D2C682269D10736D45B4E3368002BCE
:10B9600078D06169B14200F094802B60574F3968FC
:10B97000994272D09C4260D08C4260D0544B626934
:10B980009A425CD02068FFF707F90646FFF706F9F0
:10B99000A1686368301ACA1A904259D900F120018F
:10B9A0002F682C6021F01F06002B78D1304600F064
:10B9B0002DFA3118A16060602F602068BB683A687A
:10B9C000BDE8F0410DF000BB424E2068336842F004
:10B9D000020222611A691C6842F004021A61FFF730
:10B9E000E1F801462046FFF7D5F837683868FFF7D9
:10B9F000D3F80446FFF7D2F87A68BB68201A9B1A7E
:10BA000098420FD92030D5F800802F6020F01F0415
:10BA1000002A52D1204600F0F9F90444BC60786055
:10BA2000C5F800803368996818680DF00EFB2B6824
:10BA30001A6900219207316035D4BDE8F0812A6887
:10BA40000021936812680846BDE8F0410DF0BCBAC9
:10BA50002F68B2E71D4F3B682B60130728D52C6079
:10BA6000FFF750FF3368002BFAD09C422B60E4D0E4
:10BA700039688B4280D11E68FFF77CF8011F304681
:10BA8000FFF786F83B6814491868FFF77FF83968B4
:10BA900072E7A169002918BF0B462B6066E71846BC
:10BAA00000F0DAF982E71868BDE8F0410DF007BB55
:10BAB0002B689C42DFD1BDE8F081104600F0CCF944
:10BAC000A8E700BFF80E0020080F0020140F002088
:10BAD000100F0020040F002005BD0108034B1B7848
:10BAE000DB0700D47047FFF731BF00BF49270020B4
:10BAF00070B50F4D2A78D20703D4BDE87040FFF728
:10BB00001BB80446FFF7A0FD064600F043FF2044A3
:10BB1000F0603046FFF7A6FC30460649FFF786FC8A
:10BB20002B78DB0703D5BDE87040FFF70FBF70BD72
:10BB300049270020000F002000B583B0FFF748FE22
:10BB400038B9054B1B78DB0703D50190FFF7FEFEE4
:10BB5000019803B05DF804FB4927002070B52B4D18
:10BB60002B78DA0700D470BD294E2A4C3068FFF7D5
:10BB700079FC21463068FFF759FC246844B1002263
:10BB800001E001321C46A369002BFAD1032A2EDC06
:10BB9000336800221A611C68FEF7ECFF014620465C
:10BBA000FEF7F8FFFEF7C4FF1B4B31681A688A42A4
:10BBB00029D04AB1136A994210D02BB11A6A914226
:10BBC0000DD01346002BF9D1FEF7B0FF2B78DB0721
:10BBD00003D5BDE87040FFF7B9BE70BD13460A6AD1
:10BBE0001A62FEF7A3FF2B78DB07F2D4F5E7E269D0
:10BBF0002068936100F030F9606800F02DF920466C
:10BC000000F02AF9C4E7126A1A60DDE7492700202C
:10BC1000F80E0020100F00200C0F002010B50C466D
:10BC20008047A047BDE81040FFF798BF034B1B7843
:10BC3000DB0701D5FFF792BF704700BF49270020FF
:10BC4000002840D02DE9F041204F3B78DC0782B03E
:10BC50000FD51F4E33681A695207054601D15C6A39
:10BC60005CB128461B4AFFF733FE002002B0BDE856
:10BC7000F081194802B0BDE8F081186801910DF01B
:10BC800006FA32680199136913F0020804D023F010
:10BC9000030313612046E9E743F0010313610846FB
:10BCA000A84733681869C3F8248020F0010210F017
:10BCB00004001A61DAD0387810F00100D6D0FFF70E
:10BCC0004DFF4046D2E76FF47A7070474927002055
:10BCD000F80E00202DBC010816FCFFFF38B5034606
:10BCE000144610460D4698472046A847044B1B783B
:10BCF000DB0703D5BDE83840FFF730BF38BD00BFD4
:10BD00004927002008B5044CFFF7FCFD2378DB072A
:10BD1000FAD5FFF71BFEF7E749270020024B1878FA
:10BD2000C0F38000704700BF49270020F8B50C4CD5
:10BD300005460E462778FEF7FBFE0A4A731B02EB08
:10BD4000C7019B0843F0004342F837504E602B6018
:10BD5000237801332370FEF7E9FE0020F8BD00BF11
:10BD60004B2700201C0F0020F8B5830703D108B132
:10BD7000860802E0F8BD8008461C0D46FEF7D8FE96
:10BD800030CD771CAC4206D22368002B07DB04EBD6
:10BD90008304AC42F8D3FEF7C9FE0020F8BD23F0BF
:10BDA0000043990054F82320002A04EB01000DDB26
:10BDB0000EE022F00042134443F00042226054F8A7
:10BDC00023209900002A04EB010001DA8542F0D813
:10BDD0009F4201D90C44D5E7B01C984207D3236891
:10BDE00023F000432360FEF7A1FE201DF8BD04EB05
:10BDF00080008542F3D9DB1B43F0004340F8043C4C
:10BE00002760FEF793FE201DF8BD00BF38B504463D
:10BE100040B10C4D2B783BB120460B49FFF7A4FFF6
:10BE2000044658B1204638BD0849094A08680949FE
:10BE30001370FFF77BFF01232B70EDE71420FEF753
:10BE40008FFEEFE74A2700201C0F00200C02002085
:10BE50004B27002000700220A0B10E4B1A689042C0
:10BE60000DD95B6898420AD250F8043C002B10B5FB
:10BE7000044608DD43F0004344F8043C10BD1E2096
:10BE8000FEF76EBE70471E20FEF76AFE54F8043CB3
:10BE9000F0E700BF1C0F002038B501FB00F5284675
:10BEA000FFF7B4FF044628B101232A4603600021AE
:10BEB000FEF716F9204638BD70B5044608460E4612
:10BEC000FFF7A4FF054664B158B154F8043C9A004A
:10BED000B242A8BF32462146FCF71EFF2046FFF7BC
:10BEE000BBFF284670BD00BF08B50846FFF78EFFB0
:10BEF00008BD00BF08B50846FFF7AEFF08BD00BF8C
:10BF00002DE9F04104461E46103088461746BDF81C
:10BF1000185001F0CFFC0020A660E0606062206253
:10BF2000A4F800806780A5802046BDE8F08100BFAE
:10BF300083889B0710B5044603D5182180680DF04F
:10BF4000D6F8204610BD00BF82B070B586B00AA9F1
:10BF500081E80C00036A4BB31C696CB1012200E05C
:10BF60001C4623690132002BFAD1092A05DD06B0EF
:10BF7000BDE8704002B070471C460AAB0FCB02AD63
:10BF800085E80F00182004F0A7FF06AB064613E96A
:10BF9000030095E80C008DE80300304601F0B2FC88
:10BFA000266106B0BDE8704002B070470AAB044697
:10BFB0000FCB02AD85E80F00182004F08DFF06AB13
:10BFC000064613E9030095E80C008DE803003046AF
:10BFD00001F098FC2662CAE7FEF7E0BFFEF7AABDB3
:10BFE0000020704710B5044B036000230446C38053
:10BFF000FFF7EEF8204610BDB0A0020810B5064BC2
:10C00000036000230446C380FFF7E2F820460C21BA
:10C010000DF06DF8204610BDB0A0020838B50446FA
:10C020000025074B03608580C580FFF75BF8E38838
:10C03000044A258143F480532260E380204638BDC2
:10C04000B0A0020820A102080346002200891A813C
:10C05000704700BF00897047807A7047004870477A
:10C0600016FCFFFF10B5044B036000230446C38099
:10C07000FFF7AEF8204610BDB0A0020810B5064B81
:10C08000036000230446C380FFF7A2F82046442142
:10C090000DF02DF8204610BDB0A0020838B5036899
:10C0A00081720D4DDA6AAA42044608D19B6A0B4A96
:10C0B0000B4D93420AD1A07AA072284638BD904712
:10C0C0002368064A9B6A93420546F4D02046984767
:10C0D000A072284638BD00BF5DC0010859C00108E4
:10C0E00016FCFFFF38B503680D4DDA6A0181AA42DC
:10C0F000044608D11B6A0B4A0B4D93420AD1208992
:10C100002081284638BD90472368064A1B6A93421F
:10C110000546F4D0204698472081284638BD00BF08
:10C120005DC0010855C0010816FCFFFF2DE9F04174
:10C13000194B0360044600258580C5800E46904655
:10C14000FEF7D0FF94F83630144F666203F0F90121
:10C150000220012365F3C3011426A07284F8305035
:10C1600084F83150E56025616561A561E56125626E
:10C17000A4F80480E5806586A58684F84050A4F87C
:10C18000425084F836102760268123876387A3876F
:10C19000E3872046BDE8F081B0A0020848A102086C
:10C1A000C16811F5C87FF0B478DA90F8363013F032
:10C1B00002037BD1046914F5C87F5CDA90F836205D
:10C1C00012F004025FD1456915F5C87F2ADA90F8AC
:10C1D000362012F008022DD1ABBB90F84030ABB145
:10C1E000B0F8422090F83660013292B216F00107A2
:10C1F000A0F8422065D01D2A08D900236FF300065D
:10C2000080F83660A0F8423080F8403004FB04F338
:10C2100001FB0133414A05FB053393425BD80720FC
:10C22000F0BC7047B5F5C87FD6DD90F8362012F027
:10C230000802D1D1B2FA82F390F836205B0963F399
:10C24000C30280F8362090F84030032BC7DC01335E
:10C25000DBB2012B80F8403048D0042BBFD190F8DE
:10C260003630002243F0010380F83630A0F8422037
:10C27000F0BC0B207047B4F5C87FA4DD90F83620E1
:10C2800012F004029FD1B2FA82F390F836205B09D3
:10C2900063F3820280F83620012394E7B1F5C87F6A
:10C2A00017DD90F8363013F0020312D190F83620E3
:10C2B000B3FA83F35B0963F3410280F8362001236C
:10C2C00078E7092AA2D9013B80F84030A0F84270F3
:10C2D0009CE700236EE711F5487F02DA0320F0BCEB
:10C2E0007047B1F5487F04DD042099E7A0F842309B
:10C2F0008CE714F5487F01DA022091E7B4F5487F16
:10C3000004DC15F5487F03DA052089E7012087E77B
:10C31000B5F5487FD4BF0020062081E7FF700200FA
:10C320000269C36830B502FB02F2456903FB0323CF
:10C3300005FB0535B5F5800F85B0044616D9038F8A
:10C34000002B4AD0B5F5100F1AD8012384F83130EC
:10C350002046FFF725FF0B2836D0A38E834226D038
:10C360000023A08684F8303005B030BD90F831301D
:10C37000042B54DD0023C387838743870387E7E7C4
:10C38000638F002B42D0B5F1107FDED9A38FA3B30A
:10C39000B5F1806FD9D9E38F002BD6D101230A22C2
:10C3A0000D21684601F066FA0123E387CDE794F892
:10C3B0003030042B1DDC628E0133DBB2824284F804
:10C3C0003030D1D0042BCFD96086024601230D2115
:10C3D000684601F04FFA05B030BD01230C220D2153
:10C3E000684601F047FA0123B5F5100F2387ACD951
:10C3F000C6E7638E8342E7D1B6E7012309220D2108
:10C40000684601F037FA0123A387C1E70123082218
:10C410000D21684601F02EFA01236387B3E701334B
:10C42000DBB293E730B58BB0026A416A009202AD8D
:10C4300000F1180304460CCB284601F0E9F995E811
:10C440000700E38804F10C0523F0020385E80700E8
:10C45000E3802046FFF764FF0123A1881A4606A85F
:10C4600001F008FA00200BB030BD00BF0368054A98
:10C470001B6B934210B5044601D1E06810BD98478C
:10C48000E06810BD5DC001080368054A1B6B93425C
:10C4900010B5044601D1206910BD9847206910BD30
:10C4A0005DC001080368054A1B6B934210B5044642
:10C4B00001D1606910BD9847606910BD5DC0010879
:10C4C0000368084A1B6B934210B5044607D1E38802
:10C4D0009B0702D42046F2F743F9A06A10BD9847A3
:10C4E000F5E700BF5DC001080368084A1B6B934273
:10C4F00010B5044607D1E3889B0702D42046F2F723
:10C500002FF9E06A10BD9847F5E700BF5DC001084C
:10C51000016882B08DE80C00CB6902B0184700BFFB
:10C5200082B030B50C4685B049680546206802AC3B
:10C5300003C4039908A880E80C00CB0712D5491062
:10C54000029B6A58D4580D440AAB93E8030008AB29
:10C550000CCB8DE803002846A04705B0BDE830406D
:10C5600002B0704705EB6105029CEDE72DE9F04351
:10C57000344D0560002685B08680C6801546044689
:10C580000F469846FEF7AEFD2F4BA78040F2FF32D4
:10C59000D3F800902D4B23609542A8BF15466581C6
:10C5A000B9F1000F30D0282004F096FC0546103079
:10C5B00001F080F903232F806B80182004F08CFC9D
:10C5C000234B0396029302AF0346024603CF43F880
:10C5D000044BAA609E60DE6050605960D9F800305C
:10C5E000EE605B681B491C482E626E628B424FF006
:10C5F000C206AE8050611FD12846FFF799FC28463D
:10C6000028210CF074FDA788B8F1000F0ED01FFA96
:10C6100088F000210023A4F808803A460093032301
:10C6200000F0F2F9204605B0BDE8F0834FF4FA704F
:10C6300000214FF4FA78EDE748462946984700284C
:10C64000E1D0D9E7B0A00208280F002088A1020895
:10C6500011C50108E5AF010821C50108008A70472E
:10C6600010B5C38803F01202102A84B0044617D014
:10C6700003F00C03082B01D004B010BD228AE3891B
:10C680009A42F9DC01231A46A188684601F0F2F8C3
:10C69000E38823F0020343F00403E38004B010BDF9
:10C6A000018A82899142E3DB012381880222684664
:10C6B00001F0E0F8E38823F0040343F002039BB2A7
:10C6C000E380D5E7036810B504461B6A9847E38802
:10C6D000DA0718D5A388082B0FD06289238AC2F500
:10C6E0007F7102FB00F0033101FB0300800A20820E
:10C6F0002046BDE81040FFF7B3BF20822046BDE8CA
:10C700001040FFF7ADBF43F001032082E3802046D5
:10C71000BDE81040FFF7A4BF08B5C388DA0602D50C
:10C7200082898A420FD023F0020242F010021B07D6
:10C730008181C28007D5C38901399942A8BF1946B2
:10C7400089B200F003F8002008BD00BF08B5C38817
:10C750001A0702D5C2898A420FD023F0040242F0A0
:10C760000802DB06C181C28007D583890131994265
:10C77000B8BF194689B2FFF7CFFF002008BD00BF40
:10C7800010B5044B036000230446C380FEF720FD70
:10C79000204610BDB0A00208002070470B4A0C4B89
:10C7A00010B502600A220446C2620121F0201C601A
:10C7B000FFF772FB0022002300216062A162C4E93E
:10C7C0000423C4E90623204610BD00BFB4A102081B
:10C7D000240F00202DE9F0471646C26ABDF82080DC
:10C7E000BDF824909DF828A0002A11DD446A1F4658
:10C7F000238A054683B104F11803002102E033F8CF
:10C80000080C48B1013191421C4603F11803F6D1DE
:10C810006FF47B70BDE8F0872B6828461B6998474A
:10C82000D5E9062392197B41BAF1000F1BD0C4E968
:10C8300002230B9BA4F81080C4E90067A4F81290AF
:10C840006361FEF775F9A96A39B1D4E90223D1E928
:10C8500002018B4208BF824200D2AC62FEF766F949
:10C860000020BDE8F08700260027E0E72DE97003EF
:10C87000C66A436A00229642826211DD198A013239
:10C8800051B1816A39B1D3E90245D1E902894D45F7
:10C8900008BF444500D28362B24203F11803EDD1D0
:10C8A000BDE87003704700BF2DE9F04F0368834671
:10C8B00089B01B699847DBF82C20DBF82440002A5C
:10C8C00050DD0025AA461BE0D4E9006756EA070EB2
:10C8D000628A50D1DBF828700026A742268251D008
:10C8E0000126CDE900010296194604A800F0D2FF06
:10C8F000DBF82C20B2440135AA4204F118042EDDE5
:10C90000238A002BF7D0DBE90601D4E902894945E7
:10C9100008BF4045D8D26369DB07ECD5FFF7FEF9C5
:10C9200030B3DBE90601194ED4E9022336184FF083
:10C9300000074F41BB4208BFB24219D20123CDE9E3
:10C9400000010522029340F2FF3104A800F0A2FF8B
:10C95000DBF82C200135AA4204F11804D0DCBAF12E
:10C96000000FAAD15846FFF781FF09B0BDE8F08F4C
:10C97000DBF82C20BFE716EB080647EB0907C4E9F4
:10C980000267ADE7CBF82860AAE700BFA0860100E8
:10C99000704700BF064B10B51C6834B123682046B1
:10C9A0001B699847D4E9040110BD0020002110BD87
:10C9B000240F0020064B10B51C6834B123682046B4
:10C9C0001B699847D4E9060110BD0020002110BD65
:10C9D000240F002070B50A4C266884B076B11D463D
:10C9E00014460B4602460121089803908DE830005A
:10C9F00030460291FFF7EEFE04B070BD0148FBE740
:10CA0000240F002016FCFFFF2DE9F043144C26688C
:10CA100085B016B39E4644014B01241A43EAD06503
:10CA200065EB01058946A300A900174641EA947108
:10CA30001A1841EB0903D90041EA5271D0000246AD
:10CA40000B460C98039001218DE8804030460291FE
:10CA5000FFF7C0FE05B0BDE8F0830248FAE700BF6B
:10CA6000240F002016FCFFFF6FF47D70704700BF9D
:10CA700010B5034B03600446FFF782FE204610BD4D
:10CA8000D0A1020810B5054B03600446FFF778FEFD
:10CA9000204618210CF02BFB204610BDD0A1020827
:10CAA0004069044A03685B69934202D16FF47D7068
:10CAB0007047184769CA010838B504460D464FF457
:10CAC000FA7311464FF45972FFF750FDA388064AD6
:10CAD0006561082B08BFF1232260204608BF2B7434
:10CAE000FFF7F0FD204638BDD0A102086FF47D703D
:10CAF000704700BF6FF47D70704700BFC08800F0C2
:10CB00000100704710B5034B03600446FFF76AFA53
:10CB1000204610BDFCA1020810B5054B0360044679
:10CB2000FFF760FA204618210CF0E1FA204610BD0C
:10CB3000FCA10208C388DB0400D47047F0B5036889
:10CB400089B01B6A04469847237C70B93BB3013B0C
:10CB5000DBB22374082B0EDC012B20DDE38803F00D
:10CB60000305012D3DD009B0F0BD0B2B03DC0133D3
:10CB7000DBB22374EEE7E388D907F0D443F0010277
:10CB80000123E280A1881A4604A800F073FE2389DD
:10CB900001332381FFF7FEFE237CE060DCE7E388BE
:10CBA000DA07DCD523F00303E38002220123A18806
:10CBB000684600F05FFE657C012DCFD1FFF7EAFEED
:10CBC000E368C01A61F10001002908BFB0F57A7F5F
:10CBD0002B462CBF04220322A18804A800F04AFEA1
:10CBE000BCE7FFF7D7FEE368C01A4FF0000761F11A
:10CBF000000140F2DB568F4208BF8642B3D2E28882
:10CC0000A18842F00202E2802B46052204A800F02F
:10CC100031FE09B0F0BD00BF10B5044684B051B973
:10CC20004269D288930503D503681B6A984760B9A7
:10CC3000002004B010BDC288002122F00302C2808F
:10CC400001810174002004B010BDE288A188012395
:10CC500042F001020320E28020741A46684600F088
:10CC600009FE01232381FFF795FEE060E0E700BFA6
:10CC700010B504464069074A03685B68934207D1D0
:10CC80006FF47D70A37C181AB0FA80F0400910BDD3
:10CC90009847F7E7EDCA01082DE9F8439DF82060B1
:10CCA0009DF8247004460D4691469846FFF7B6F964
:10CCB00000221449A4F80490012E656184F81180C3
:10CCC000A6742160E26022740FD0EB880E4A23F430
:10CCD0008073EB802B681B6C93420FD1E38843F485
:10CCE0000053E3802046BDE8F883EB88064A43F40E
:10CCF0008073EB802B681B6C9342EFD0394628463B
:10CD00009847EBE7FCA10208F5CA01084174704797
:10CD100082B08DE80C00014802B0704716FCFFFF9E
:10CD2000002070470029806905DD08B904E010B1D2
:10CD30000139406AFBD17047704700BF82B030B5FF
:10CD40000C4685B049680546206802AC03C40399C7
:10CD500008A880E80C00CB0712D54910029B6A583E
:10CD6000D4580D440AAB93E8030008AB0CCB8DE814
:10CD700003002846A04705B0BDE8304002B0704728
:10CD800005EB6105029CEDE700293FD02DE9F0415C
:10CD90008469002C36D00D460646DFF878800027DF
:10CDA00005E0A268AB689A4218D0646A8CB1AA8880
:10CDB000A38853409907F8D49207F2D5A968A068D0
:10CDC00000F0CEFD50B9AB889B07EAD5646A002C11
:10CDD000EDD1002F16DD2046BDE8F0812B8813B180
:10CDE00022889A42E1D16B8813B162889A42DCD1E1
:10CDF000B3680BB120469847A38843EA080301377C
:10CE0000A380D2E76FF47A70BDE8F0816FF47A7096
:10CE1000704700BF0080FFFF002979D0F0B584691A
:10CE200085B00D4606464CB96DE0A388990708D534
:10CE300022682B689A4216D0646AFCB1AB889807C6
:10CE4000F3D422682B689A42F6D1A268AB689A4262
:10CE5000F2D1EA68E3689A42EED1A3881A043ED47C
:10CE60002D4805B0F0BDA968A06800F079FD002844
:10CE7000E2D0EA68E3689A42DED1EEE7D6F818E03D
:10CE8000BEF1000F3FD02A887046734600E00B4683
:10CE90001C88A24211DD596A18460029F7D19E4527
:10CEA00023D0596A69625D62012340F2FD31684610
:10CEB00000F0E0FC002005B0F0BD944226D16F8860
:10CEC0005988B94204DB21E04888B842E7DA0B46CA
:10CED000596A0029E3D00888A042F5D0DFE70E4860
:10CEE000C3F30E03A38005B0F0BDBEF800108A4264
:10CEF00005DBD6D1BEF8020069888842D1DDC5F8CD
:10CF000024E0B561D0E7B5612A88CDE70346C6E7DE
:10CF10006FF47A70704700BF16FCFFFF2DE9F041F7
:10CF200083885F0782B0064603D59D062FD4DC06B2
:10CF30003BD443F00403B38006F1100506F1180852
:10CF400017E0F3680093B46895E80F00A047B38832
:10CF5000DA0619D5346ABCB194E80F00276985E870
:10CF60000F002046182137620CF0C1F8FEF7B6FD1D
:10CF7000B38898070ED4D907E3D495E80F00B468B6
:10CF8000A047B388DA06E5D423F00403B38002B0E7
:10CF9000BDE8F08198E80300B4688DE803002046FE
:10CFA00095E80C0000F0C4FCD1E700F1180393E809
:10CFB00003008DE8030006F110030CCB3046FEF7AA
:10CFC000C3FFE4E738B50446FDF7B2FDE5692DB1CE
:10CFD0002B69E36133B1E38C013BE384FDF7A6FDEC
:10CFE000284638BD2362F6E72DE9F041846924B371
:10CFF000002607463546A3881A0406D42546646AE7
:10D00000002CF8D13046BDE8F0815B07F6D47DB145
:10D01000636A6B62D4F824802046FEF789FF2046BD
:10D020002821444601360CF062F8002CE3D1E9E7F0
:10D03000D4F82480C7F81880EEE72646E2E700BF60
:10D040002DE9F0418469002C45D016460D46DFF8E5
:10D050008C8001270CE0A38803F0C003A3F1C00378
:10D06000B3FA83F35B09B34215D00027646A34B383
:10D0700023882988994201D0002BF7D163886A88D8
:10D080009A4201D0002BF1D1FEF79AFB0028E2D1A1
:10D090000123B342E9D1B4F804C01CF4004FE4D139
:10D0A00095E80F0004F1100E1CF0400F8EE80F0001
:10D0B00008D02046FFF732FF646A002CD8D13846EA
:10D0C000BDE8F081FEF77CFB0028F2D02146404607
:10D0D000FEF7B6FDCAE70127F1E700BF1DCF010843
:10D0E000F0B5012287B00446066A0D46FFF7A8FF97
:10D0F00010B9E38C092B01DD07B0F0BD95E80F00F6
:10D1000002AD85E80F00182003F0E6FE06AB0746E7
:10D1100013E9030095E80C008DE80300384600F0A1
:10D12000F1FBFDF705FD66B133693B6137613B6992
:10D130005BB1E38C0133E38407B0BDE8F040FDF759
:10D14000F5BCE3693B61E761F2E72762F1E700BF05
:10D1500082B008B502A981E80C00FFF7C1FFBDE865
:10D160000840002002B0704782B038B5054604A9D7
:10D1700081E80C00FFF738FF2846FFF723FF98B13E
:10D18000044604E02846FFF71DFF044660B1002274
:10D1900021462846FFF754FF204618210BF0A7FF31
:10D1A000FEF7A8FB0028EDD1BDE8384002B070477B
:10D1B000024B1888421C1A80704700BF04040020EC
:10D1C0002DE9F041044682B00E46154610309846CF
:10D1D000BDF8287000F06EFB26806580182003F0F3
:10D1E0007BFE08AB064693E803008DE80300354656
:10D1F0006A4603CA45F8048B0023084AAB60EB601B
:10D2000047F00207706020466960A780A660E3606F
:10D2100023626362726102B0BDE8F0813DCD010816
:10D2200030B5204A204B0260002587B00446C36019
:10D230008560058245820C30FDF754FF1B4BA561CC
:10D2400003F12002E5612562E5842360E260184B6A
:10D2500005952820049303F03FFE06AB054613E92D
:10D260000300C0228DE8030002920F2123462846C6
:10D270000222FFF7A5FF29462046FFF7CDFD30B17A
:10D280002846FEF755FE284628210BF030FF094BB3
:10D290001A6812B1204607B030BD20461C6007B0A6
:10D2A00030BD00BF28A20208B0A0020840A20208B8
:10D2B00069D10108280F002070B590B00025144BEB
:10D2C0000493059504AA0446124B92E80300102625
:10D2D00003F1080228332260E3602A4623468DE8E2
:10D2E0000300029606A80F21FFF76AFF06A9204651
:10D2F000FFF74AFD06A8FEF71BFE074B658204F107
:10D300000C00E360FDF764FF204610B070BD00BF65
:10D3100069D1010838A20208B0A00208A0F10C00EF
:10D32000FFF7CABF10B50446FFF7C6FF2046282105
:10D330000BF0DDFE204610BDA0F10C00FFF7F2BFA0
:10D34000C08800F00300A0F10300B0FA80F04009AB
:10D35000704700BF82B030B50C4685B049680546BD
:10D36000206802AC03C4039908A880E80C00CB072E
:10D3700012D54910029B6A58D4580D440AAB93E861
:10D38000030008AB0CCB8DE803002846A04705B08E
:10D39000BDE8304002B0704705EB6105029CEDE747
:10D3A00010B5034B03600446FEF71CFE204610BD7B
:10D3B00084A2020810B5054B03600446FEF712FE76
:10D3C000204610210BF093FE204610BD84A20208D7
:10D3D00082B0F0B589B00EA981E80C004389BDF890
:10D3E0003850BDF83A209D42044620D0022A00F071
:10D3F0008C80052A06D0012A57D009B0BDE8F0403C
:10D4000002B0704786891A46B54200F0D280934236
:10D410006DD09642F1D1E38803F00803002BECD0E5
:10D42000A1880123052204A800F024FAE5E78689F3
:10D43000022A314651D1AE4200F09080C288900756
:10D44000174640F1908001230222A188684600F02F
:10D4500011FA63899D4200F0BE80A289AA4268D079
:10D4600001230322A18804A800F004FA6389B342CF
:10D4700000F0B580A089B04200F0BD809D4250D13F
:10D48000E7882B4627F0010292B28542E28000F045
:10D49000838022F004018542E18000F0B3809D4248
:10D4A000ABD122F01402E280A7E786891A46B54282
:10D4B00000F0848093421ED096429ED1E38803F010
:10D4C0000203002B99D001231A46A18804A800F07A
:10D4D000D1F92389013323818FE7052A0FD0012A4F
:10D4E0008BD1C28842F00102C2803246DFE7E38876
:10D4F00003F0040392E7E38803F00103E1E7C28845
:10D5000042F00402C28032467EE7E288D60701D5A7
:10D510001E4698E7A1898D4208463AD0A27B012A8F
:10D520002ED085427DD09D427FF467AFE2882B46A6
:10D53000AFE7E28802F00801002991D0B34257D04A
:10D54000A389B3428CD102F00802002A88D00123BB
:10D550000422A18804A800F08DF987E7C288D007CB
:10D5600017463FF570AFD20648BF08468AD4A27B63
:10D57000012A01D0084681E79D4224D0A94233D038
:10D5800001230322294604A800F074F96389A089C5
:10D5900074E7960641D5284622F0020189B29D42E1
:10D5A000E1802DD022F00A0292B222F02003E38023
:10D5B00023E7E18841F00801E18028E7E18841F0B4
:10D5C0000201E18076E7E38803F00403002BD7D063
:10D5D00001230422D6E7E28802F00401ACE7E288E6
:10D5E00042F01002E28045E7E38803F00803EDE72C
:10D5F00002F00402A9E7E28842F02002E2803DE75F
:10D600000A4646E722F00C0292B29D4208BF22F081
:10D610001003E28008BF9AB2C7E7A27B012AA9D112
:10D62000ACE7E288B7E700BF817370472DE9F04FA0
:10D6300083B0BDF83870DDF83090DDF834A0002BF1
:10D640003ED0B9F1000F46D00F2937D080462820B0
:10D650001D460E46934603F03FFC0446103000F092
:10D6600029F918202680A4F802B003F035FC8DE8D3
:10D67000000602466B46064603CB42F8045B0023D5
:10D68000D8F800509360D360A6607060E36051608A
:10D690006A6813491348236247F002078A42A78049
:10D6A000636270610FD12046FEF742FC20462821BC
:10D6B0000BF01DFD0C4803B0BDE8F08FC02FC5D0A6
:10D6C0006FF47A70F7E74046214690470028EAD188
:10D6D00003B0BDE8F08F1AF0010FB5D1F0E700BF3D
:10D6E000E5AF010855D3010816FCFFFF2DE9F0470F
:10D6F0001D4F044688B0884616461D46FEF78EFC30
:10D700003A681A49A5800025A4F80A80A6812160FC
:10D71000A57322B3DFF858A00595CDF810A004AB8F
:10D7200093E803004FF0C0098DE80300234641460B
:10D730001046CDF808902A46FFF778FF08ABCDF8E1
:10D7400018A0079513E903003F68CDF808908DE80D
:10D7500003002A46234638463146FFF767FF204636
:10D7600008B0BDE8F08700BF280F002084A202089F
:10D77000D1D3010810B40170427043605DF8044BCE
:10D78000704700BF82B030B402AC84E80C000D4694
:10D79000034694E807009DF8144083E80700DCB1D5
:10D7A000687818B14942524259609A606A68022A00
:10D7B00021D0032A26D0012A04D11A685968196099
:10D7C00052425A60012C0BD0022C05D159689A683C
:10D7D0004942524259609A6030BC184602B07047C4
:10D7E00030BC9A68586819685960524218609A604B
:10D7F000184602B0704793E806004942524283E857
:10D800000600DFE793E80600524259601A60D9E744
:10D8100082B010B582B004AC84E80C000B78069C92
:10D82000019304AB0CCB00940446FFF7ABFF2046FA
:10D8300002B0BDE8104002B0704700BF30B50B4BDE
:10D840001C6883B024B12268094B15689D4201D140
:10D8500003B030BD00F10802034692E803000CCB90
:10D860008DE803002046A84703B030BD280F0020F4
:10D8700011CD010838B50180428004461D46FFF7EE
:10D8800099F8C4E9020115B12046FFF7D7FF2046F9
:10D8900038BD00BFD0B5DDE904679DF818300180C0
:10D8A0000446C0E9026742800BB1FFF7C7FF20467C
:10D8B000D0BD00BF10B50023038043800446FFF7AE
:10D8C00079F8C4E90201204610BD00BF30B50B4B0A
:10D8D0001C6883B024B12268094B15689D4201D1B0
:10D8E00003B030BD00F10802034692E803000CCB00
:10D8F0008DE803002046A84703B030BD280F002064
:10D9000011CD010882B038B5002504A905804580F5
:10D91000044681E80C00FFF74DF804AB0FCB2561FE
:10D9200084E80F002046BDE8384002B0704700BFD1
:10D9300082B070B582B0044608A906A880E80C0041
:10D9400003C9266865698DE8030006AB0CCB304639
:10D95000211DA84702B0BDE8704002B0704700BF6B
:10D9600008B502680B689A4201D0002008BD043156
:10D97000102204300BF006FCB0FA80F0400908BD1C
:10D98000064B074A10B503604369044640F8042F6C
:10D9900013B104309B689847204610BDACA2020822
:10D9A00060A40208A0F10400EAE700BF08B5043053
:10D9B00001F0F8F9002008BD08B5043001F01AFAAA
:10D9C000024B0028B4BF1846002008BD0EFCFFFF24
:10D9D00008B5B1FA81F14909043001F033FA034B7B
:10D9E00030EA200028BF184608BD00BF0EFCFFFF2C
:10D9F00008B5043001F056FA002008BD08B504301F
:10DA000001F070FA002008BD084B094A10B5036008
:10DA10004369044640F8042F13B104309B689847CB
:10DA20002046DC210BF063FB204610BDACA20208AF
:10DA300060A40208A0F10400E6E700BFF8B50E46B6
:10DA40001746051D044600F027FF3A7C317C284626
:10DA500001F066F9054B064903F1080244332846F4
:10DA600084E80C0001F09EF92046F8BDA4A202084B
:10DA7000A086010010B5036804461B6C9847236814
:10DA800020465B68BDE81040184700BFF0B5057937
:10DA9000AC072AD5002925DB002A23DD002B21DD58
:10DAA000B4294FF47A77A8BFB421114D0468114E00
:10DAB000E46F07FB01F185FB01E50D44C917C1EBDC
:10DAC000E51102EBD27502FB01F1A3EB650307FB45
:10DAD000031386FB0321DB17C3EBA1112346BDE82B
:10DAE000F04018476FF47A70F0BD0348F0BD00BFF6
:10DAF000B7600BB6D34D621016FCFFFFC08800F074
:10DB00000500003018BF0120704700BFC08800F03A
:10DB10000A00003018BF0120704700BFC08810F015
:10DB2000030018BF01207047C08800F00C000030CF
:10DB300018BF0120704700BF03684FF47A72D3F812
:10DB4000803002FB01F1184708B503689B6B9847CA
:10DB5000024BA3FB0030800908BD00BFD34D62100B
:10DB6000034610B107C983E807007047704700BF3C
:10DB70004268D30704D48368016803EB6200084756
:10DB800010B45210836801689C58981861585DF869
:10DB9000044B0847704700BF10B5182104460BF02E
:10DBA000A6FA204610BD00BFF8B50379DB072DD5D6
:10DBB000012928D8C58815F0020504460F460BD068
:10DBC000466927B9F36832681A603846F8BDB36809
:10DBD00032681A600020F8BD03689B6D98471C20CE
:10DBE00003F07AF9217C056045608560C5600561B8
:10DBF00045618561064603F005F8E388666143F0F8
:10DC00000203E380DDE76FF47A70F8BD0048F8BDE9
:10DC100016FCFFFF0379DB0739D5C38870B513F015
:10DC2000610605460BD013F0600F44692AD1626883
:10DC3000236812681A4214BF0120002070BD0368D7
:10DC40009B6D98476B79022B98BF124A4FF01C00CE
:10DC500098BFD65C03F040F9002303604360836003
:10DC6000C360036143618361297C3246044602F04C
:10DC700099FFEB886C6143F001039BB213F0600FD6
:10DC8000EB80D4D02046BDE8704001F0E9B90248ED
:10DC9000704700BF04A3020816FCFFFF0279D207F9
:10DCA0001DD5B1F5806F17D238B503685B6E044699
:10DCB0000D46984708B1002038BD07EE905A9FEDF9
:10DCC000097A6069F8EEE77ABDE83840C7EE876AFE
:10DCD00016EE901A00F08EBC6FF47A70704702480E
:10DCE000704700BF00C07F4416FCFFFF0379DB07CD
:10DCF00022D570B5C38813F0100582B0044607D052
:10DD000046693368DB69304602B0BDE870401847A9
:10DD100003689B6D9847182003F0DEF8228901956F
:10DD20000123009521460646FEF7B6FFE3886661AB
:10DD300043F01003E380E4E70048704716FCFFFF60
:10DD400038B50D46C18811F00801044603D10368B7
:10DD5000DB68984728B929466069BDE8384000F07B
:10DD600067BC38BD2DE9D043044684B08AB2002395
:10DD700021896846FFF77EFD6069DDE9026700F0F2
:10DD800001FB8046894658EA09030AD0DDE90223EF
:10DD9000B2EB080263EB01036846CDE90223FFF70B
:10DDA00095FD32463B46606900F0E8FA04B0BDE8F4
:10DDB000D08300BFF0B5C38813F0600685B0044679
:10DDC0000D460CD023F06003022D9BB240D0032DF2
:10DDD00008BF43F040030020E38005B0F0BD0368B6
:10DDE0009B6D9847582003F077F8217C074600F098
:10DDF000B7FA63796761022B96BF184A3146D15C46
:10DE0000174E384601F034F9012368226069029404
:10DE100069468DE80C00039601F03AF9039B13B1B3
:10DE20009B686846984701236C22606902946946A2
:10DE30008DE80C00039601F075F9039B13B19B6804
:10DE400068469847E388022D23F060039BB2BED159
:10DE500043F020030020E38005B0F0BD04A30208D6
:10DE6000F8A2020808B5C38803F0700313B1036871
:10DE70009B6D9847002008BD00B583B004291BD8CE
:10DE8000DFE801F0111A0A0A030003689B6A984749
:10DE9000002003B05DF804FB03685B6F9847002027
:10DEA00003B05DF804FB036801919B6F98470199EB
:10DEB000084603B05DF804FB6FF47A7003B05DF8B8
:10DEC00004FB00BF38B5C3881B07044611D4236880
:10DED00020469B6D9847202002F0FEFF217C0546DE
:10DEE00000F076FBE388656143F00803E3800020DF
:10DEF00038BD406900F096FB237C9842E7D1F6E7F5
:10DF0000C3881B0701D402487047406900F08EBBEC
:10DF100016FCFFFF10B5C3885A0684B0044609D426
:10DF20009B0605D52189012302226846FFF7A2FC42
:10DF300004B010BD036805211B6F9847E388EFE725
:10DF400010B5C3885A0684B0044609D49B0605D58B
:10DF50002189012303226846FFF78CFC04B010BD21
:10DF6000036804211B6F9847E388EFE70279930762
:10DF700070B520D5002920DB03685B6E04460D4692
:10DF80009847064610B10026304670BD606900F023
:10DF90004DFB44F62061884202D0606900F048FBE6
:10DFA000646902F0BFFD2046294603F021FB02F020
:10DFB000CDFD304670BD024EE6E76FF47A76E3E7BA
:10DFC00016FCFFFF38B5C388417113F0010210D071
:10DFD000022998BF0F4B446994BF5D5C002502F095
:10DFE000A1FD2046294601F06DFE02F0AFFD0020A4
:10DFF00038BD13F0600F0AD0022998BF054B406965
:10E0000094BF595C114601F033F8002038BD024836
:10E0100038BD00BF04A3020816FCFFFFC388D90760
:10E0200010B5044633D49A072BD458070AD5606933
:10E0300040B103681A4A5B6893422ED110210BF05D
:10E0400056F8E388190713D4DA0605D5606958B184
:10E0500003689B699847E38813F0600F04D06069F8
:10E0600010B103685B68984700236361E38010BDCB
:10E07000606900F0BDFA202160690BF038F8E38890
:10E08000E2E71C2160690BF032F8E388CDE71C2140
:10E0900040690BF02CF8E388C5E79847E388D1E79F
:10E0A00019AC01082DE9F84303799A0775D5C3889F
:10E0B0005B07044621D54669564A33689B689342FC
:10E0C00006F1040740D1544D2868002844D04FF091
:10E0D000FF3101F08BF8384601F004FC33684F4AF9
:10E0E000DB689342044632D14B4D2868002844D067
:10E0F00001F080F8A010BDE8F8830368464D9B6DE1
:10E100009847102002F0E8FE06462868444B33602A
:10E1100094F81090002843D04FF0FF31371D01F0E4
:10E1200065F83846494601F06DFB2868002847D05D
:10E1300001F060F8E388666143F00403E38033682C
:10E14000344A9B689342BED030469847C3E7304676
:10E150009847A010BDE8F883DFF8CC804FF0FF317E
:10E16000D8F8000003F0C4FC2B68002B3ED0D8F890
:10E17000000003F0C7FC2868A9E7DFF8AC804FF087
:10E18000FF31D8F8000003F0B3FC2B6843B3D8F894
:10E19000000003F0B7FC2868AAE72248BDE8F8832E
:10E1A000DFF884804FF0FF31D8F8000003F0A0FCC6
:10E1B0002B680BB3D8F8000003F0A4FC2868ABE789
:10E1C000DFF864804FF0FF31D8F8000003F090FCD6
:10E1D0002B68BBB1D8F8000003F094FC2868A7E7CF
:10E1E0002E1D304600F0E8FF2E60D0E72C1D2046A3
:10E1F00000F0E2FF2C60BAE72F1D384600F0DCFF8C
:10E200002F60D7E7DFF82490484600F0D5FFC5F827
:10E210000090DFE77DAC01082C0F002039AC01082D
:10E220000CA0020816FCFFFFE8290020300F002098
:10E2300030B4064D01810021056002740371C16094
:10E240004171C180416130BC704700BF10A302081A
:10E25000D0F8D030044A10B5044640F8C42B0BB1B6
:10E260009B689847204610BD40AA0208A0F1E40030
:10E27000EEE700BF08B501F0EDF8002008BD00BFD3
:10E28000A0F1E400FFF7F6BF08B513460A461946A9
:10E2900001F0C8F8002008BDA0F1E400FFF7F4BFCA
:10E2A00008B501F0EDF8034B30EA200028BF18460E
:10E2B00008BD00BF0AFCFFFFA0F1E400FFF7F0BFBC
:10E2C000D0F8D030064A10B5044640F8C42B0BB144
:10E2D0009B6898472046E8210AF009FF204610BDB8
:10E2E00040AA0208A0F1E400EAE700BF10B582B03E
:10E2F0004FF0FF341B7C127C097C0094044601F033
:10E30000D5F8094B094903F108022C332260C4F8FF
:10E31000E430204601F09EF820460022082101F05A
:10E3200081F8204602B010BD94A3020840420F00BD
:10E3300010B5034B0360044600F004FE204610BDF8
:10E34000E4A3020810B5054B0360044600F0FAFD93
:10E35000204658210AF0CBFE204610BDE4A3020857
:10E3600010B5044600F010FE034B2360002200238A
:10E37000C4E91423204610BDE4A30208C0E9142315
:10E38000704700BFD0E91401704700BFC36EDB07C0
:10E3900000D462B600207047EFF31083C36672B6F4
:10E3A00000207047034610B107C983E80700704793
:10E3B000704700BF4268D30704D48368016803EB49
:10E3C0006200084710B45210836801689C5898187E
:10E3D00061585DF8044B08472DE9F04105460446B5
:10E3E00055F8343BDB689847284601F0AFF90746FB
:10E3F000284601F0BBF9236A0F4D2668D4E90601CF
:10E4000003EB070EA5FB0E35D4E90423C01941EB3D
:10E41000E771AD095219C4E906014FF47A7143F16D
:10E42000000301FB15E5C4E904232562B368204617
:10E43000BDE8F041184700BFD34D62102DE9F0410F
:10E4400084B000F15C061649164B02906D4600221E
:10E45000AE42044600F14407D0F8308003938DE8C3
:10E4600006000CD0826E22B1936830469847039B19
:10E4700023B15B68304629469847039BA366414613
:10E48000384601F0F7F8039B13B19B68284698477C
:10E4900020460021FEF708FA04B0BDE8F08100BF75
:10E4A0003DE40108ECA302082DE9F0431D4600F10C
:10E4B000440785B00446A9463846164601F088F858
:10E4C000B9F1000F08BF202E164D009528BFB046A9
:10E4D0006D4604F15C06144B02944FF0000238BF05
:10E4E0004FF02008AE42019203930CD0A36EB3B15B
:10E4F0009B6830469847039B23B15B6830462946AA
:10E500009847039BA3664146384601F0B3F8039B46
:10E5100013B19B682846984705B0BDE8F083024BCD
:10E52000EBE700BF3DE40108ECA302082DE9F04150
:10E53000054684B00446FEF731F9214B45F8343BDB
:10E5400004F14407284601F01FF9384601F02EF97E
:10E550001C4B63644FF0000842F21073284623639B
:10E56000C4F8688004F15C066D4601F0C7F8164AED
:10E57000164BCDF80480AE420294D4F8308000925D
:10E5800003930CD0A26E22B1936830469847039B48
:10E5900023B15B68304629469847039BA3664146F2
:10E5A000384601F067F8039B13B19B6828469847EB
:10E5B000EFF310832046E36604B0BDE8F08100BFAE
:10E5C00000A4020870AA02083DE40108ECA30208B6
:10E5D00038B504460D4602F0A5FA2046294602F059
:10E5E0008FFF02F0B3FA0023A361204638BD00BFBD
:10E5F00002F052BE07EE901AF5EEC07AF1EE10FA74
:10E600000DD438B505460C4602F08CFA2846214652
:10E6100002F048FE02F09AFAEC61002038BD6FF477
:10E620007A707047B0F90400704700BF8069704786
:10E6300038B504460D4602F075FA2946204602F028
:10E6400089FE02F083FAE1692046FFF7D3FFA56156
:10E65000002038BD6FF47D70704700BF6FF47D708F
:10E66000704700BF6FF47D70704700BF6FF47D701E
:10E67000704700BF10B584B004AB046803F8012DE7
:10E6800000220092A4691A460123A04704B010BDDD
:10E6900010B584B004688DF80C20002200928DF82B
:10E6A0000D30A469022303AAA04704B010BD00BF27
:10E6B00010B584B00468012301930093646A0DF1DE
:10E6C0000F03A04708B99DF80F0004B010BD00BFAC
:10E6D000F0B585B01F469DF82C508DF80F200446EC
:10E6E0000E468DB102680123009395690DF10F026A
:10E6F000A84738B9236800901D6A0A9B3A463146FC
:10E700002046A84705B0F0BD03689DF80F205B695F
:10E710009847EEE72DE9F84F9DF82890002A58D049
:10E72000002B56DD056890461F462C4A6B689342C5
:10E7300006460C463CD1EB68294A934231D1012F61
:10E740003ED0023FDFF89CB008EB070A08F1FF3427
:10E7500005E00B2004F8010FA2450BD035682B69AA
:10E760005B45F6D0002130469847C0B204F8010F4F
:10E77000A245F3D1356801372B695B45B8441AD1FE
:10E780000B2088F80000B9F1000F02D00020BDE88E
:10E79000F88F3368114A9B68934215D14846BDE80B
:10E7A000F88F44F00101C9B2304698473568C6E792
:10E7B00098473568BFE7012130469847C0B2E0E787
:10E7C000DFF820B00027D7E7304698474846BDE835
:10E7D000F88F6FF47A70BDE8F88F00BF5DE601082E
:10E7E00065E601086DE601082DE9F84F9DF82890CF
:10E7F000002A42D0002B40DD1F460368DFF890A0BE
:10E8000015465A68524506460C462ED1DB68DFF89D
:10E8100084B05B4523D107F1FF38002406E00134C2
:10E82000A74205F101050DD03268D368444528D0D0
:10E830005B45F4D02978304601349847A74205F16A
:10E840000105F1D1B9F1000F02D00020BDE8F88F29
:10E8500033689B6853450BD14846BDE8F88FE1B259
:10E86000304698473368DB68D5E790473368CDE793
:10E87000304698474846BDE8F88F6FF47A70BDE897
:10E88000F88F2978304641F47F419847C7E700BFA9
:10E890005DE6010865E60108014B0360704700BFB3
:10E8A00020A402082DE9F84FDDF828904A4590464B
:10E8B00038BFC846B8F1000F1BD09B468A460546B4
:10E8C0001746002406E0A14588BF0BF80400013478
:10E8D00044450ED02B68A74288BF1AF804109E68E2
:10E8E00098BF00212846B0470028ECDA0248BDE86E
:10E8F000F88F0020BDE8F88F0AFCFFFF30B583B029
:10E900000468069D0095E468A0470899034A0446F8
:10E910000798FCF7DDFF204603B030BD2DBC010891
:10E92000036818470B680360704700BF704700BF5B
:10E93000254BF0B5866AD3F800E0076BB60808BF30
:10E94000CEF38D0607EB86056B0748BF043D4FF0FD
:10E95000807345E90213A5F1400CA5F14403A5F12C
:10E960000C04002243F8042FA342FBD1C36945F8ED
:10E97000203C1EF0805F6346C0F82CC0416320D06D
:10E98000112E1ED9103E7608012E12D06FF03702DC
:10E99000A2EBC60215444FF0CC3243F8042C43F8E6
:10E9A000082DAB42F9D1C6EB46760CEBC60303F15A
:10E9B000080CACF104039F423CBF4FF0CC334CF841
:10E9C000043C024B3B60F0BD1CAA0208A52E5AE293
:10E9D00090F82520C36A12B1603319607047203364
:10E9E0001960704710B490F82540C36A2CB16033A9
:10E9F000C3E900125DF8044B70472033C3E90012ED
:10EA00005DF8044B704700BF80F309887047EFF34F
:10EA100009807047684680F309885A480078C00723
:10EA200014BF0220032080F314887047DFF858C118
:10EA3000EFF305831B0618BF6047EFF31483DB0772
:10EA400008BF604700DF7047DFF840C1EFF3058380
:10EA50001B0618BF6047EFF31483DB0708BF60474E
:10EA600000DF7047EFF30980816911F8021CE1BBF8
:10EA700090E80F1010B5E047BDE81040EFF3098CA7
:10EA80008CE80700424B93E80600914208BF7047AC
:10EA900041B91EF0100F16D13E49086820F0010060
:10EAA000086010E01EF0100F06BF2CED108A012048
:10EAB000002081F825002CE9F00FC1F82CC00CB41F
:10EAC00003F08AFD0CBC1A60D2F82CC0BCE8F00F31
:10EAD00092F8250000280EBF6FF0020E6FF0120EA4
:10EAE000BCEC108A8CF30988704710B52A4A12686A
:10EAF000914209D8294C54F8214090E80F10A047C2
:10EB0000EFF3098C8CE80F0010BD10B503F0E4FCA6
:10EB1000BDE810401E4B93E80600914208BF7047C5
:10EB2000EFF3098C1EF0100F06BF2CED108A0120A8
:10EB3000002081F825002CE9F00FC1F82CC00CB49E
:10EB400003F04AFD0CBC1A60D2F82CC0BCE8F00FF0
:10EB500092F8250000280EBF6FF0020E6FF0120E23
:10EB6000BCEC108A8CF30988704710B503F016FDD1
:10EB7000FFF7CEBF10B503F00FFD03F00FFDFFF759
:10EB8000C7BF0000E7B30208712202088D22020805
:10EB9000CC31002034EF00E000000000FCFFFFFF5C
:10EBA0000369054A10B50446026013B19B6804303E
:10EBB0009847204610BD00BF60A4020850B1D2E9BA
:10EBC000003223B100EB6200D20706D4184712F0DE
:10EBD000010F00D1704700EB62000268D35818475C
:10EBE00070B5104C206828B1BDE870404FF0FF317F
:10EBF00000F0FCBA0C4D4FF0FF31286802F078FFAE
:10EC000023684BB1286802F07DFF20684FF0FF3188
:10EC1000BDE8704000F0EABA261D304600F0CCFA9C
:10EC20002660EFE7480F0020E82900200369064A24
:10EC300010B50446026013B19B6804309847204623
:10EC400002F058F9204610BD60A4020870B50E4CC1
:10EC5000206818B1BDE8704000F0CCBA0B4D4FF001
:10EC6000FF31286802F044FF23683BB1286802F0B6
:10EC700049FF2068BDE8704000F0BCBA261D304650
:10EC800000F09AFA2660F1E7480F0020E8290020FA
:10EC900070B50E4C206818B1BDE8704000F0AABAFB
:10ECA0000B4D4FF0FF31286802F022FF23683BB183
:10ECB000286802F027FF2068BDE8704000F09ABA8B
:10ECC000261D304600F078FA2660F1E7480F002054
:10ECD000E829002070B5104C206828B1BDE87040CC
:10ECE0004FF0FF3100F082BA0C4D4FF0FF31286831
:10ECF00002F0FEFE23684BB1286802F003FF206893
:10ED00004FF0FF31BDE8704000F070BA261D30466C
:10ED100000F052FA2660EFE7480F0020E8290020B3
:10ED2000F0B5002383B0CDE900330D4602A90446B7
:10ED300011E9030004F11807154E2660DFF860C0E2
:10ED40002361164687E80300124AC4F820C048F23F
:10ED500007016162E362A46227636263BFF36F8F9E
:10ED6000BFF34F8F04F13C0784F83830194638461A
:10ED70009822FBF7B5F9084BC4F8D4303846324630
:10ED8000294601F023FC054B20461C6003B0F0BD72
:10ED900060A40208BDEB0108A0860100640F0020FA
:10EDA00001A090E80368104A1B68934270B50446BE
:10EDB0000D4613D1FFF78EFF2946C4F8D45004F155
:10EDC0003C0001F031FB2368084A5B680849934224
:10EDD0000C6005D1BDE87040FFF738BF9847EBE7FE
:10EDE0002046BDE870401847E1EB010891EC0108AE
:10EDF000640F002030B50368104A1B6883B093424B
:10EE00000446019111D1FFF765FF019904F13C001F
:10EE100001F002FE23680A4A5B689342054607D167
:10EE2000FFF714FF284603B030BD98470199EDE77E
:10EE300020469847284603B030BD00BFE1EB0108EB
:10EE400091EC010838B50368144A1B6893420446E4
:10EE50000D4620D1FFF73EFF75B1002104F13C00C3
:10EE600001F07CFD23680E4A5B68934205460ED193
:10EE7000FFF7ECFE284638BD012104F13C0001F00B
:10EE80006DFD2368064A5B6893420546F0D0204634
:10EE90009847284638BD9847DEE700BFE1EB0108F8
:10EEA00091EC010803680D4A1B68934210B50446B3
:10EEB0000ED1FFF70FFF04F13C0001F069FC23685D
:10EEC000074A5B68934205D1BDE81040FFF7BEBE1C
:10EED0009847F0E72046BDE810401847E1EB0108ED
:10EEE00091EC010803680D4A1B68934210B5044673
:10EEF0000ED1FFF7EFFE04F13C0001F04DFC23685A
:10EF0000074A5B68934205D1BDE81040FFF79EBEFB
:10EF10009847F0E72046BDE810401847E1EB0108AC
:10EF200091EC0108704700BF012906D0022903D1E6
:10EF3000C36C40301B6818477047C36B30301B6888
:10EF4000184700BF10B50A4B044640F8203B01F0BB
:10EF500057F8E36C1BB19B6804F140009847E36BE2
:10EF60001BB19B6804F130009847204610BD00BFDC
:10EF700078A4020810B50446FFF7E4FF204601F02C
:10EF8000B9FF204610BD00BF2DE9F04F054685B002
:10EF90002F4B45F8043B044600F120086E46303004
:10EFA0000023DFF8B8A0DFF8B0906360B042C5E995
:10EFB0000133C5E90333C5E905330F462362CDF8B4
:10EFC00000A0C8E90133C8F80C30CDF80C90E36319
:10EFD000E36404F1400B32D0B9F1000F2DD031467B
:10EFE000FFF7A0FC039BE36313B19B68304698478F
:10EFF000B345CDF800A0CDF80C9022D0E36C23B33C
:10F000009B6858469847039BEBB15B68584631466E
:10F010009847039BE36413B19B68304698470D4AB9
:10F0200023463946404600F031FF2846394601F074
:10F03000A7FD204605B0BDE8F08F4B46D3E74B4611
:10F04000D2E7054BE7E7E364E9E7034BDCE700BF02
:10F0500078A4020829EF01084CA4020825EF010852
:10F06000D0E9013212681A4214BF01200020704713
:10F0700010B582B00446019101F054FD0199201DA4
:10F0800000F020FE02B0BDE8104001F05FBD00BFFF
:10F0900070B50D4686B0044601F044FDEB68D3B16F
:10F0A00004F13006AE420CD0E26B22B193683046D8
:10F0B0009847EB6823B15B68304629469847EB6870
:10F0C000E363012204F12000114600F081FE01F00B
:10F0D0003DFD06B070BDE26B1049114B02910593E6
:10F0E00004F1300022B1936801909847059B019884
:10F0F00093B15B6802A99847059BE36313B19B68D2
:10F1000002A8984704F120000022012100F060FECF
:10F1100001F01CFD06B070BDE363F3E725EF0108C5
:10F120004CA4020870B50D4686B0044601F0FAFC06
:10F13000EB68D3B104F14006AE420CD0E26C22B1D0
:10F14000936830469847EB6823B15B6830462946A0
:10F150009847EB68E36404F120000122022100F0EB
:10F1600037FE01F0F3FC06B070BDE26C1049114BA4
:10F170000291059304F1400022B1936801909847F1
:10F18000059B019893B15B6802A99847059BE364CE
:10F1900013B19B6802A8984704F1200000220221C5
:10F1A00000F016FE01F0D2FC06B070BDE364F3E798
:10F1B00025EF01084CA4020838B500F10805044603
:10F1C000102200212846FAF78BFF204640F8045F02
:10F1D00002F064FC206008B1204638BD024801F00E
:10F1E000C9FC204638BD00BF80A40208006802F0B8
:10F1F0007FBC00BF006802F085BC00BF08B50C48AA
:10F2000002F04CFC0B4B02460B481A6002F046FC25
:10F210000A4B02460A481A6002F040FC094B18608B
:10F2200009F052FE0021BDE80840084601F032BE58
:10F2300014AA0208E829002010AA0208700F002072
:10F240000CAA0208680F002003F078BC00B583B058
:10F25000019002F007FB01990246034803B05DF8F4
:10F2600004EB01F087BC00BFD0A9020800F098B9F8
:10F270000B4A0C4B0C4830B41A60C2F1005303F532
:10F280000233B3F5806F1946084D094C28BF4FF47F
:10F2900080615B1A2B6013442360016030BC7047AF
:10F2A000B8320020D8230020740F0020D42300207F
:10F2B000780F002002F08AFCFFF7DAFF03480021F4
:10F2C00002F03AFB02F04EFAFEE7000010020020C6
:10F2D000D0F8D030044A10B50446026013B19B68E0
:10F2E000C4309847204610BD40AA020850B1D2E968
:10F2F000003223B100EB6200D20706D4184712F0A7
:10F30000010F00D1704700EB62000268D358184724
:10F3100010B5044650B1036D13B19B684430984753
:10F32000636A1BB19B6804F118009847204610BD22
:10F3300070B5104C206828B1BDE870404FF0FF3127
:10F34000FFF754BF0C4D4FF0FF31286802F0D0FB9F
:10F3500023684BB1286802F0D5FB20684FF0FF31DD
:10F36000BDE87040FFF742BF261D3046FFF724FF7F
:10F370002660EFE730200020E8290020D0F8D030C8
:10F38000064A10B50446026013B19B68C430984722
:10F39000204601F0AFFD204610BD00BF40AA020884
:10F3A00070B50E4C206818B1BDE87040FFF722BF61
:10F3B0000B4D4FF0FF31286802F09AFB23683BB1F8
:10F3C000286802F09FFB2068BDE87040FFF712BF7D
:10F3D000261D3046FFF7F0FE2660F1E730200020C2
:10F3E000E829002030B503680D4D5B6883B0044602
:10F3F00098472B68A3420CD0D4E93612201D002375
:10F40000019006F037FC0198D4F8E01006F060FC9B
:10F410002C6023689B68204603B0BDE83040184745
:10F420004C200020036870B55B6804460E46154604
:10F430009847074B2046C4E9366500221A60FFF75B
:10F44000D1FF236820469B68BDE87040184700BF85
:10F450004C200020036870B55B6804460D46984751
:10F46000064BC4F8E050204600221A60FFF7BAFFAE
:10F47000236820469B68BDE8704018474C20002058
:10F4800030B5036883B004465B6801919847204615
:10F49000FFF7A8FF0199201D06F046FC23680546EA
:10F4A0009B6820469847284603B030BD2DE9F043BD
:10F4B00006460446254846F8040B87B000250F464B
:10F4C000904630469C2200210393BDF93890FAF70C
:10F4D00007FECDE9045506AB13E9030004F1A402CD
:10F4E00082E80300DFF868E0DFF868C0C4F8ACE049
:10F4F00048F20701C4F8B010C4F8B850C4F8B440DA
:10F50000C4F8BC20C4F8C0C0BFF36F8FBFF34F8FE7
:10F51000DFF844C0039BC4F8D0504FF0080E84F8C5
:10F52000D450C4F8DC504246CDF8009039463046FD
:10F53000C4F8D8E0C4F8E0C006F0F4FA2046FFF7BB
:10F5400051FF204607B0BDE8F08300BF40AA020883
:10F5500001A090E8EDF2010840420F0038B50D4CD3
:10F5600020460025294640F8045B2822FAF7B8FD1A
:10F570002946282204F13000E562FAF7B1FDA565BD
:10F580002046E565044A84F860500449BDE83840E7
:10F5900001F09ABCCC1F00200002002011F30108EA
:10F5A000024B1B6803B11847704700BF5020002072
:10F5B00002F0DCB94369416810B50446194400F013
:10F5C00017F9636A04F118001B68BDE8104018477A
:10F5D00010B5044686B001F0A5FA204600F00EF9F9
:10F5E000636A00220592A3B19B6804F118000190A0
:10F5F0009847059B6BB15B68019802A99847059BEA
:10F60000636213B19B6802A8984701F09FFA06B0A5
:10F6100010BD0023636201F099FA06B010BD00BF6F
:10F6200010B5084B03600446FFF7D2FF636A1BB1B5
:10F630009B6804F118009847204600F0CBF820465C
:10F6400010BD00BF5CAA020810B5094B0360044658
:10F65000FFF7BEFF636A1BB19B6804F1180098476F
:10F66000204600F0B7F8204601F044FC204610BDCB
:10F670005CAA020838B504460D4601F053FA20464C
:10F6800000F0BCF82069656101F0BEFC411920461C
:10F6900000F0AEF8BDE8384001F058BA0346183023
:10F6A0005B6A1B68184700BF10B5084B036004462F
:10F6B000FFF78EFF636A1BB19B6804F1180098473F
:10F6C000204600F087F8204610BD00BF5CAA020863
:10F6D00010B5094B03600446FFF77AFF636A1BB15C
:10F6E0009B6804F118009847204600F073F8204604
:10F6F00001F000FC204610BD5CAA020810B50446CB
:10F7000001F010FA23681BB1BDE8104001F01EBAE9
:10F71000E06801F079FC0123C4E90030BDE8104045
:10F7200001F014BA38B5044601F0FCF925681DB99A
:10F7300001F00CFA284638BDE06801F065FC656808
:10F74000451B01F003FA284638BD00BF30B504461A
:10F7500083B001F0E7F92046A568FFF7E3FF2844EE
:10F76000019001F0F3F9019803B030BD10B50446E3
:10F7700001F0D8F9E06801F047FC0023C4E9010377
:10F78000BDE8104001F0E2B9002310B5C0E9003334
:10F790008360044601F03CFCE0602046FFF7E6FF92
:10F7A000204610BD03689B68184700BF074B10B583
:10F7B00003600023C0E90133C360044601F028FC64
:10F7C0000349206101F09AFB204610BD84AA02087B
:10F7D000A5F7010810B50146044B41F8043B044667
:10F7E000006901F0E7FB204610BD00BF84AA0208B3
:10F7F00003460A46011D006901F0B0BB011D006906
:10F8000001F0D8BB70B54FF0FF33EF2982B0054649
:10F810000C46036016DC2D49204601F033FA2B49D3
:10F820002860204601F04AFA28490646204601F0A1
:10F83000F5F9274AAC801368C6F30436AE6063B1AD
:10F8400002B070BD2349204601F01CFA214928600E
:10F85000204601F033FA0646EBE71F492E681F48A1
:10F8600001241460CA6C42F40052CA64CA6C8360FA
:10F8700002F400520192019AD1F88820C36042F04C
:10F880004052C1F888204FF4802504214FF4805263
:10F890000383C0E9094306600361C46180F8203036
:10F8A000C36280F8303080F838304560416142638F
:10F8B00003F0F4FA30B909487F2102B0BDE8704086
:10F8C00003F01CBF064801F055F9F4E7A8A40208AC
:10F8D000542000202CA502080010024018310020FE
:10F8E00090AA020830B53B4A83680168116087B06E
:10F8F0000546122B6BD8DFE803F02E3134373A3D42
:10F90000404346494C4F5255585B5E610A00324BAA
:10F9100000930624072069467F2204230194029065
:10F9200000242C480594CDE9032303F0EBFB294880
:10F9300003F070FE27480A2103F090FB002840D016
:10F94000AB682046112B04D0C0F3032343EA001018
:10F9500080B207B030BD214B0093DAE7204B009313
:10F96000D7E7204B0093D4E71F4B0093D1E71F4B01
:10F970000093CEE71E4B0093CBE71E4B0093C8E7E6
:10F980001D4B0093C5E71D4B0093C2E71C4B009332
:10F99000BFE71C4B0093BCE71B4B0093B9E71B4B25
:10F9A0000093B6E71A4B0093B3E71A4B0093B0E706
:10F9B000194B0093ADE7194B0093AAE7184B00933E
:10F9C000A7E7044803F09AFBAB6880B2BAE70020CF
:10F9D000BAE700BF18310020000084CB010000808E
:10F9E00002003004040060080800900C1000C010F1
:10F9F0002000F014400020198000501D00018021DB
:10FA00000002B0250004002A0008302E00106032E9
:10FA1000002090360040C03A0080F03E00002143B4
:10FA2000000052C73D4B5A692DE9F0413C4CD507C7
:10FA300023601DD59D683B489F683B4A9E683B49B3
:10FA40003A4005EA0007A84304BF01209860364BFE
:10FA50009A4201EA060159D0344B99424ED0314BBB
:10FA60009F4243D0304B9A4240D0304B99423DD0D8
:10FA70002A4BDA685969900701D089072ED49A6910
:10FA800059695869920701D58F051DD49A6959693A
:10FA90005869550701D5490502D45B69BDE8F08175
:10FAA000020406D5224A234B10681B680721984799
:10FAB00023685B691B04F1D51D4A1E4B10681B6847
:10FAC000BDE8F041022118470604DFD5184A194B5A
:10FAD00010681B68052198472368D7E7144A154B1F
:10FAE00010681B68002198472368C8E7104A114B2B
:10FAF00010681B68012198472368BAE7074B4FF449
:10FB000080309860074B9F42ACD1EFE7034B4FF436
:10FB100080709860054B9942A1D1EFE700640040E6
:10FB20005820002003000004000300080000031018
:10FB3000982000209C200020FFF774BFFFF772BFC1
:10FB4000104B30B49C689A68B2F1006F05D0234620
:10FB5000103030BC43F8201070470B4D4FF08053ED
:10FB6000E21802F17042126843F8042BAB42F7D15D
:10FB70004FF08053034A1030936030BC43F820109C
:10FB8000704700BF00ED00E08C01001000B587B0A9
:10FB9000072813D8DFE800F019283644521212045F
:10FBA0002D4B2E48DA6C42F08002DA64DB6C03F0F5
:10FBB00080030593059B07B05DF804FB284800F01F
:10FBC000D9FF002007B05DF804FB234BDA6C42F04C
:10FBD0000102DA64DB6C03F001030093009B4FF039
:10FBE000904007B05DF804FB1B4B1E48DA6C42F0F6
:10FBF0000202DA64DB6C03F002030193019B07B09D
:10FC00005DF804FB144B1848DA6C42F00402DA6425
:10FC1000DB6C03F004030293029B07B05DF804FB66
:10FC20000D4B1248DA6C42F00802DA64DB6C03F028
:10FC300008030393039B07B05DF804FB064B0C48D5
:10FC4000DA6C42F01002DA64DB6C03F01003049308
:10FC5000049B07B05DF804FB00100240001C004844
:10FC6000A8AA02080004004800080048000C004848
:10FC7000001000484B1C70B5044601821FD0C1F330
:10FC800003100D46FFF782FF00210646284601F0CB
:10FC9000EDF9238A0A4A666103F00F03012105F09A
:10FCA0000F0552F82330A36101FA05F506F1180299
:10FCB00006F11001C4E9011228362560E66070BD26
:10FCC0005CAC0208B0F9100001F07CBA30B44469B1
:10FCD00081B98169226891FAA1F3B3FA83F3032011
:10FCE0005B0000FA03F322EA030391FAA1F1236017
:10FCF00030BC70478369226893FAA3F1B1FA81F1AD
:10FD000093FAA3F30325B3FA83F349005B0005FAE2
:10FD100001F10120984022EA01030343236030BC33
:10FD2000704700BF194B2DE9F0414C2505FB00350C
:10FD3000DFF85C800E462F4600243A68012303FA60
:10FD400004F0104215D06A6BD8F8141003FA02F2CE
:10FD500011420ED0E969C8F81420686848B10969F1
:10FD6000DFF830E011424FF0020109D1DEF8003037
:10FD700098470134A64205F10405DED1BDE8F081C3
:10FD8000DEF8002019469047F3E700BFA0200020CE
:10FD900000040140B422002001210020FFF7C2BF6F
:10FDA00001210846FFF7BEBF01210220FFF7BABFBD
:10FDB00001210320FFF7B6BF01210420FFF7B2BFE6
:10FDC00005210846FFF7AEBF06210846FFF7AABF88
:10FDD000012917D0022914D14AB18389134903F0AC
:10FDE0000F02C868012393400343CB6070478289A8
:10FDF0000E4802F00F01C36801228A4023EA020381
:10FE0000C360704783893AB1084A03F00F039068D2
:10FE10009940014391607047044803F00F038268E2
:10FE2000994022EA01018160704700BF000401404F
:10FE3000B0F90C3003F00C0202F1804202F580327E
:10FE400003F00301F0B496680E4D0F278C0007FAFB
:10FE500004F126EA0106C3F30311A1403143916086
:10FE60002C6809493B40012202FA03F323432B602B
:10FE700090F9003003F01F005B098240F0BC41F8AC
:10FE8000232070470004014000E100E02DE9F04F1D
:10FE90000C46013185B067D09A46374B374D9146B5
:10FEA0001A6E04F00F0842F001021A6608EB4802CD
:10FEB0001B6E05EB820203F00103576803930646AD
:10FEC000039B4FEA480BC4F30310062F4ED8DFE81C
:10FED00007F03F4143454749040029490191FFF795
:10FEE00055FE0BEB0802034605EB82004FF04C0E6B
:10FEF00055F82220DFF8ACC090F90800307007EB0D
:10FF0000C7050EFB07FE07EB450515444FF0010B37
:10FF10000BFA02FB5CF80E2077600CEB8507B481CE
:10FF20000024B460FB61174B0199C7F804A042EAB2
:10FF30000B02C7F834804CF80E20C3F80090FFF78E
:10FF4000FFFD3046FFF774FF204605B0BDE8F08F97
:10FF50000D49C3E70D49C1E70D49BFE70D49BDE7AD
:10FF60000D49BBE70D49B9E72046EEE70C4800F024
:10FF700001FE4FF0FF30E8E700100240F4AA02084B
:10FF8000C9FD0108B422002099FD0108A1FD010866
:10FF9000A9FD0108B1FD0108B9FD0108C1FD010875
:10FFA000CCAA0208A020002030B48389124D134C43
:10FFB0002968012203F00F0302FA03F321EA030385
:10FFC0002B6090F900305909203103F01F0302FA29
:10FFD00003F344F82130BFF34F8FBFF36F8F90F9D5
:10FFE00000305909603103F01F039A40002344F8A0
:10FFF000212030BC836070470004014000E100E034
:020000040802F0
:100000008389144903F00F0303EB430370B544687D
:1000100051F82360FFF7C8FF4C220F4B02FB04F29C
:1000200004EBC40104EB4104012599583444B54064
:10003000A01D21EA050504F10C0103EB800003EB90
:10004000840403EB81019D500023436063604B6097
:1000500070BD00BFF4AA0208A02000202DE9F843DB
:100060003B4B3C4D1A692B60D40702D5DA68D007A8
:1000700065D4374B1C6914F0020403D0DC6814F01B
:10008000020449D11A69510702D5DA6852072CD403
:100090004FF40051304803F0C9FB802105462F483A
:1000A00003F0C4FB284310F0FF0F16D12C4BD3E90B
:1000B000000150EA01030ED06CB1261A4FF0000285
:1000C00062EB01070023274ABB4208BFB24202D2BB
:1000D000254B264A1A60BDE8F883002CFBD0204B44
:1000E0000022C3E90042BDE8F883DFF88C906FF08E
:1000F00004021A61D3F82480D9F80030A8EB030376
:10010000B3F57A7FC4D302F0B5FE2B6808F57A7296
:100110009A63C9F80080BBE715496FF002021A61C3
:10012000144A08685C6A116844EA0044A142A9D8EC
:100130004FF0FF33136000F06FFF2B68A2E70C4A0B
:100140006FF00101196113680133136091E700BF7B
:1001500000040040703200200008004800040048FD
:10016000A004002080841E009401002034CD12AB36
:1001700038270020B0320020B8220020284B30B5AC
:100180009A6D284C42F002029A659A6D83B002F093
:1001900002020192019A9A6B42F002029A639A6BF0
:1001A00022F002029A6305F049FE1F4B1F4A1B68AA
:1001B0001F492160A2FB03239B0C013B4FF6FF72FA
:1001C00000252046C4E903256360A56005F0B6F864
:1001D0002946204605F032F82046042105F02EF885
:1001E0002268144B516A19601B68134903F57A732E
:1001F00093631D20FFF7A4FC104B4FF000521A60D0
:100200002368DA6842F00102DA60DA6842F0040238
:100210002046DA6004F0FAFF284603B030BD00BF84
:1002200000100240703200203002002083DE1B43A9
:1002300000040040B82200205D00020800E100E058
:10024000034B044A1360DA6822F00402DA60704754
:100250000004004070320020034B044A1360DA6847
:1002600042F00402DA60704700040040703200205F
:1002700000B5064B83B0D868019003F03DFC0198AF
:1002800003B05DF804EB03F069BE00BFBC220020A0
:1002900000B5064B83B09868019003F02DFC0198DF
:1002A00003B05DF804EB03F059BE00BFBC22002090
:1002B00000B5064B83B05868019003F01DFC01980F
:1002C00003B05DF804EB03F049BE00BFBC22002080
:1002D00000B5064B83B01868019003F00DFC01983F
:1002E00003B05DF804EB03F039BE00BFBC22002070
:1002F000F8B590F95C5090F95D4006460F462846E7
:10030000FFF71EFC39462046FFF71AFC96F86C30C2
:10031000002B0CBF20211021002D1FDB05F16042B6
:1003200002F56142002CEBB282F800131EDB04F1EF
:10033000604000F56140E2B280F800130F4802F01F
:100340001F0103F01F0301226D09640902FA03F380
:100350008A4040F8253040F82420F8BD084A05F0CE
:100360000F031A44002CEBB21176E0DA044804F0D3
:100370000F021044E2B20176E0E700BF00E100E0C6
:10038000FCEC00E0234B426D1B680168B3FBF2F309
:1003900003EB83039B00416001E0013B02D08A69CB
:1003A0001204FAD41C4B99421AD01C4B994209D121
:1003B0001B4B9A6B42F480029A639A6B22F4800280
:1003C0009A63704703F58063994214D1144B9A6B7A
:1003D00042F400029A639A6B22F400029A63704717
:1003E00003F5DE339A6B42F400129A639A6B22F49F
:1003F00000129A6370470B4B994209D1084BDA6B94
:1004000042F00202DA63DA6B22F00202DA6370472A
:10041000704700BF300200200054004000580040E8
:100420000010024000840040574AF8B5436D16683A
:10043000B6FBF3F3044603EB830340680D469B00D1
:10044000271D01E0013B02D082691204FAD44F4B10
:100450009E4253D04E4B9E4236D04E4B00229D4280
:10046000A2603CD123684C4A93427BD04B4A9342D2
:1004700000F084804A4A93427AD04A4A93426CD030
:10048000454A93422FD0454A934251D002F58062AB
:10049000934240D1444AD2F8883023F4403343F4A5
:1004A0008033C2F888300021384603F0A9FD0023CC
:1004B0000122C4E90423C4E908333846E360A36198
:1004C00003F0DEF96565F8BD384B9D423FD0314BF6
:1004D0009D4239D0364B9D4234D00023A36023681F
:1004E0002D4A9342CFD102F5DE32D2F8883023F480
:1004F000405343F48053C2F88830D4E72B4B9D42DD
:1005000029D0244B9D4224D0294B9D42E5D1294B33
:10051000A3602368B4E7234A9342C4D1224AD2F8A5
:100520009C3023F0030343F00103C2F89C30BAE788
:100530001D4AD2F8883023F4404343F48043C2F884
:100540008830B0E71C4BE3E71C4BA3608AE71C4BE9
:10055000DEE71C4BF9E71C4BDAE74FF4000003F031
:100560007BFDBCE74FF4801003F076FD23687DE748
:100570004FF4800003F070FD23687EE74FF4001015
:1005800003F06AFD236875E73002002000B4C4045C
:10059000006CDC0240420F00005400400058004054
:1005A000005C00400084004000100240801A0600F9
:1005B000A08601006B4EC130553EA02016085000A9
:1005C000210C8010270E81003A14D110F0B50E4690
:1005D000044685B067493046154600F053FB66492E
:1005E0000746284600F04EFBA4F858600146A4F8E0
:1005F0005A50384600F034FB604B2060984222D0BD
:100600005F4B984245D05F4B984268D05E4B984212
:1006100000F08C80636D0BB95C4B63652046FFF77F
:10062000B1FE616DFFF700FF00234FF0007284F808
:100630006D3084F86C3084F86E30226684F8643053
:10064000A36605B0F0BD03F5DE33002284F8502028
:100650009A6D484942F400129A659B6D03F40013A9
:1006600000933046009B00F0D9FA4349284600F039
:10067000D5FA0321304600F0A5FD2846032100F0FD
:10068000A1FD42F21F032068A4F85C303C4B984265
:10069000B9D103F5DC33012284F850209A6D354935
:1006A00042F480029A659B6D03F480030193304607
:1006B000019B00F0B3FA3049284600F0AFFA03215D
:1006C000304600F07FFD2846032100F07BFD42F21A
:1006D00021232068A4F85C302A4B984296D103F578
:1006E000DA33022284F850209A6D224942F4000243
:1006F0009A659B6D03F4000302933046029B00F061
:100700008DFA1D49284600F089FA0321304600F091
:1007100059FD2846032100F055FD44F64813206892
:10072000A4F85C30184B98427FF474AF032703F5AC
:10073000C63384F85070DA6D0E4942F00202DA6571
:10074000DB6D03F0020303933046039B00F066FA6F
:100750000949284600F062FA3946304600F032FD79
:100760003946284600F02EFD45F25343A4F85C308C
:1007700050E700BFE0A502085CA502080054004055
:1007800000580040005C004000840040A08601004A
:10079000012383660020704738B590F86C30054619
:1007A000002B39D1426853685C0507D441F201033C
:1007B00001E0013B02D091698807FAD54FF48043EC
:1007C000536041F2010301E0013B2DD0916989069C
:1007D000FAD52023D361536823F47F7323F00303F6
:1007E0005360136823F001031360146814F00104CC
:1007F000FBD11368296E43F00103B1F1007F136050
:1008000001D1204638BD2846B5F95A20B5F958100F
:10081000FFF7DCFE204638BDB0F95A20B0F9581079
:10082000FFF7D4FE002038BD6FF0010038BD00BFD7
:1008300038B50446051DC260284603F021F894F837
:100840005030032B15D8DFE803F00E1012020A49CE
:100850000A4A204642F82350FFF74AFD2846BDE8E1
:10086000384003F035B90649F2E70649F0E7064992
:10087000EEE70021ECE700BF71020208BC22002075
:10088000D1020208B10202089102020830B5044602
:1008900083B094F86830043853B9B4F95620B4F9E9
:1008A0005410FFF793FE022384F8603003B030BD8C
:1008B000A568B4F95620B4F954100190FFF786FEEC
:1008C000002DF0D00023012184F86810019819460A
:1008D0002A46FFF7ADFF022384F8603003B030BD35
:1008E000012904D011B9012380F86A30704780F8DB
:1008F00069107047002380F869307047002380F842
:100900006A30704703F0E4B870B54FF08073054665
:100910001646043092B203F071F8D0B90E4B6A6DEE
:100920001C6895F86E30B4FBF2F406FB0444C4EB8B
:100930000414640053B1013C01E0013C09D00120E2
:1009400000F070FB95F86E30002BF6D10CB13046FC
:1009500070BD002070BD00BF3002002030B544687B
:1009600090F86C30656883B003BBEB0107D541F2AA
:10097000010301E0013B20D0A2691006FAD581B93C
:1009800045F0807545F48035656041F2010301E072
:10099000013B12D0A2695207FAD5606AC0B203B017
:1009A00030BD25F0807545F4C035EDE701220DF12D
:1009B0000701FFF7A9FF03B030BD4FF0FF3003B0D0
:1009C00030BD00BF70B54FF0807305461646043049
:1009D00092B202F0A9FFD0B90E4B6A6D1C6895F86F
:1009E0006D30B4FBF2F406FB0444C4EB0414640061
:1009F00053B1013C01E0013C09D0012000F012FBA1
:100A000095F86D30002BF6D10CB1304670BD00204A
:100A100070BD00BF3002002030B5436890F86C40D4
:100A20005D6883B00191002C4FD10246806EA0B169
:100A3000C1F309009466C90740EA050256BF22F4D3
:100A4000806242F4105242F4005222F0407242F4AA
:100A5000803201205A6003B030BD5868C20107D50A
:100A600041F2010201E0013A35D099690D06FAD54B
:100A7000019D05F47F42B2F57F4F0CBF20F08070DE
:100A800040F0807040F4803008BF0124586041F28B
:100A9000010201E0013A1ED09969C907FAD5EDB209
:100AA0009D6241F2010201E0013A14D09969C80740
:100AB000FAD53CB141F2010201E0013A0BD099694B
:100AC0004906FAD5012003B030BD012201A9FFF784
:100AD00079FF03B030BD022003B030BD026838B5E5
:100AE000136823F0FE03136090F95950044690F9FF
:100AF000580002F063FE284602F060FE022384F8EC
:100B0000603038BD08B500F00DF8962000F0A8FA66
:100B1000962000F0A5FAF8E7EFF31080C04300F04C
:100B200001007047EFF3108272B6064B196819B9CD
:100B3000054902F001020A701A681A6801321A6047
:100B4000704700BFD02200204C270020074B1A68B6
:100B500052B1EFF310821A68013A1A601B681BB990
:100B6000034B1B7803B962B6704700BFD022002048
:100B70004C2700200FB4012008B500F0A7F900BFF2
:100B800038B50C460546FFF775F8013400D138BD7D
:100B900028460021FFF79AF828460021BDE8384092
:100BA000FFF790B870B50C4616460546FFF762F899
:100BB000013400D170BD28460021FFF787F8314687
:100BC0002846BDE87040FFF77DB800BF70B50D4600
:100BD00016460446FFF74EF8013511D066B9E368B2
:100BE00022681A6020460121FFF770F82046002194
:100BF000BDE87040FFF766B8A36822681A60F1E7A5
:100C000070BD00BF0022FFF7E1BF00BF08B505F0CF
:100C100015F9BDE8084002F01DB900BF431C1BD008
:100C2000B1F9003010B50446581C04D10FE031F979
:100C30000C3F5A1C0BD09C42F9D12046896800F029
:100C400015FA20460021BDE8104000F0BBBABDE80F
:100C500010400248FFF78EBF704700BFB4AB0208D8
:100C6000884203D0421C09D0013100D1704708B539
:100C70000348FFF77FFF4FF0FF3008BD084670477D
:100C8000C8AB0208421C15D008B5B1F900305A1C97
:100C900004D109E031F90C3F5A1C05D09842F9D132
:100CA0004868411C00D008BD0348FFF763FF4FF0C0
:100CB000FF3008BD704700BFDCAB0208421C15D0F6
:100CC00008B5B1F900305A1C04D109E031F90C3FE4
:100CD0005A1C05D09842F9D18868411C00D008BD43
:100CE0000348FFF747FF4FF0FF3008BD704700BFD4
:100CF000FCAB020808B506480221032201F062FF9E
:100D00000348BDE808404FF4165102F02BB800BF6D
:100D100018320020022801DC0020704738B5044654
:100D2000033C07F071FF0E4A52F8243009250021D8
:100D3000056042F824107BB11A6818461369984779
:100D4000041EA8BF002000DB38BD07F05DFF644231
:100D500004604FF0FF3038BD4FF0FF3038BD00BFAA
:100D6000D4220020F8B506460C46154607F04CFF85
:100D70000923022E036010DC154B1B68FBB155B133
:100D80006E1E144F2644013C14F8011F384601F032
:100D9000FFFFB442F8D12846F8BD0F4B033E53F88D
:100DA000260088B103682A46DB6821469847051E5D
:100DB000F1DA07F029FF6B4203602846F8BDFFF720
:100DC00099FF002DDCD1E6E74FF0FF35E3E700BFE8
:100DD0003424002018320020D422002070B50446AC
:100DE0000E46154607F010FF0923022C036009DCAC
:100DF000104B1B68C3B1104801F0B8FF01243070DC
:100E0000204670BD0D4B033C53F8240078B10368B5
:100E10002A469B6831469847041EF1DA07F0F4FE33
:100E200063420360204670BDFFF764FFE3E74FF0C5
:100E3000FF34E5E73424002018320020D4220020BB
:100E400070B504460D46164607F0DEFE0923022C57
:100E500003600BDD084B033C53F8240040B10368EA
:100E600032462946DB69BDE870401847002070BD56
:100E70004FF0FF3070BD00BFD422002008B5012024
:100E800000F024F808B5FFF7C1FEFEF713FA08BD1D
:100E9000704700BF08B5FFF7FBFFBDE80840F6F755
:100EA000B9BE00BF074D08B52B680446986807F027
:100EB00063FF2B68D86807F05FFF04B9FEE7FFF710
:100EC00021FEFBE7340200200120704708B5FFF740
:100ED000E9FF00BF0120704710B5FAF797FF0446FD
:100EE00008B1204610BD0248FFF744FEF9E700BFF5
:100EF00020AC020808B1FAF7AFBF704738B50368F5
:100F000004461B680D46984763681D6038BD00BFE6
:100F1000036870B5DB68054698476B685B6883B10A
:100F20002A681C6853689847201A00286A680DDCF4
:100F3000D2E90010836853600029F0D040688847E8
:100F4000EBE72B68BDE870409B6818472B68526838
:100F50001B691068BDE87040184700BF2DE9F041DB
:100F600007460E4615469846FFF7DCFD7968356062
:100F70004C68C6F80480D4B1002203E0A36822467E
:100F80007BB11C462368EB1A002BF7DAB4604AB930
:100F90003B684E6028461B699847BDE8F041FFF763
:100FA000D5BDB3609660BDE8F041FFF7CFBDB4603A
:100FB000EEE700BF38B505460C46FFF7B3FD6A689B
:100FC0005368A3420AD02BB19A68A24211D01346AB
:100FD000002BF9D1BDE83840FFF7B8BD9B685360DE
:100FE0006BB12A68186813699847BDE83840FFF765
:100FF000ADBDA2689A60BDE83840FFF7A7BD2B6879
:101000009B689847E6E700BF03685B68184700BF26
:101010000048704740AC02080148FFF779BF00BFA5
:1010200040AC020838B5044604F086FFB4F57A7F78
:10103000054605DA04F080FF431BA342FAD338BD0E
:10104000FFF76AFD0028F5D00448E31780FB042071
:10105000C3EBA010FEF7ACFAECE700BFD34D621073
:101060004FF47A7303FB00F0FFF7DCBFF8B500F034
:101070000F02534B0646C0F3031053F822400D46AF
:10108000FEF784FD05F00703826894FAA4F7B7FA27
:1010900087F794FAA4F14FF0030EB1FA81F17F00C3
:1010A0004FF0020C49000EFA07F70CFA01F122EAA0
:1010B00007020A43634582604FD073454BD0A3F1CA
:1010C0000107B7FA87F77F09026894FAA4F6B6FA1F
:1010D00086F694FAA4F14FF0030CB1FA81F1760090
:1010E00049000CFA06F607FA01F122EA0602013B72
:1010F0000A43012B026005D843682A074CBF2343EB
:10110000A3434360C5F30115012D10D0022D0ED06D
:10111000C26894FAA4F3B3FA83F303215B0001FAE3
:1011200003F322EA030394FAA4F4C360F8BDC3688E
:1011300094FAA4F2B2FA82F294FAA4F40321B4FA73
:1011400084F45200640001FA02F2A54023EA02038B
:101150001D43C560F8BD1F46B6E7B6B23607C5F3F6
:10116000032117D5466A220A92FAA2F7B7FA87F73F
:1011700092FAA2F24FF00F0CB2FA82F2BF000CFA10
:1011800007F7920001FA02F226EA07010A434262D7
:101190001F4699E7026A94FAA4F7B7FA87F794FA18
:1011A000A4F64FF00F0CB6FA86F6BF000CFA07F75C
:1011B000B60022EA0702B1400A4302621F4683E7F3
:1011C0005CAC020800F00F02324B70B5C0F30310A4
:1011D00053F822400D46FEF7D9FC066894FAA4F1B4
:1011E000B1FA81F194FAA4F203234900B2FA82F22F
:1011F0008B4052003340D340013B012B31D905F0E5
:10120000FD03012B17D0052D35D0022D33D0C26838
:1012100094FAA4F3B3FA83F303215B0001FA03F316
:1012200022EA030394FAA4F4C36070BD23EA040322
:10123000012D4360E9D1C36894FAA4F2B2FA82F2B4
:1012400094FAA4F4B4FA84F4520003256400012152
:1012500005FA02F201FA04F423EA02032343C3600D
:1012600070BDEB1E022B4368E0D82343032D43607F
:10127000E1D0052DCBD1C36894FAA4F2B2FA82F280
:1012800094FAA4F4B4FA84F4520003256400022111
:10129000DEE700BF5CAC0208B0F904000021FFF7F4
:1012A000E5BE00BF30B507EE101A274B02681A6082
:1012B000B5EEC07AF1EE10FA89B0044626D4F7EE06
:1012C000007AB4EE677AF1EE10FAC8BFB0EE677A32
:1012D000D4ED037A227DA568F8EE677A602067EE88
:1012E000877A511EFCEEE77A019017EE903A0020C3
:1012F0000329B3FBF5F3CDE90500CDE90230C4EDD8
:10130000047A0490079004D909B030BD9FED0F7A9C
:10131000DEE76FF0030505EB82050B482A4601A9BD
:1013200004F07EF858B9637D074829461BB104F0E4
:101330004DF909B030BD03F0B5FF09B030BD044828
:10134000FFF718FCEFE700BFE423002000000000D7
:101350009CAC02082DE9F0412DED028B624CC26875
:101360000368236086B0064600200D460090002AE0
:101370007FD19FED5E8A196A41F21112114205D1A7
:10138000196A40F24442114200F09880584F694671
:1013900001A803F027FB3B6831688B4200F0A18075
:1013A00000230133DBB2984657F833208A42F8D144
:1013B000002900F0928007EBC8073B79002B78D119
:1013C00003F0ECFA049F00900123B360494B002F17
:1013D00063D1A3FB00124FEA400EA3FB0E3E900C1C
:1013E0004FEA9E4E421E691E6260E1600B464FF05E
:1013F00000084FF6FE7CB3F5803F02D2B2F5803F85
:101400001AD3B3685B0000FB03F2B3600FB10EFBAD
:1014100003F2B1FBF3F3634502F1FF324FF0010831
:10142000E9D8B2F5803F4ED2B3F5803F4FF00108C6
:10143000E7D2B2F5803FE4D2B8F1000F01D062608C
:10144000E360002328482361A36003F093FF002892
:101450003FD118EE101AF5603046FFF723FF2268DF
:10146000136843F00103136006B0BDEC028BBDE8C6
:10147000F08107EE902A96ED047AF8EE677AB8EEDE
:10148000477AF7EE006A87EE278AB4EE668AF1EEB5
:1014900010FAC8BFB0EE668A6DE74FEA400EA3FBB4
:1014A0000E2E4FEA9E4EA3FB0030800C0EF1FF3251
:1014B00099E703F085FA059F009085E71A6822F006
:1014C00001021A6062E70C486260E360FFF752FBBA
:1014D000B7E70948FFF74EFBBBE70848FFF74AFBB1
:1014E00069E74FF0000863E7E423002000000000F4
:1014F000CCAC020883DE1B439CAC0208B4AC0208EF
:1015000030B5044687B00D4608463349FFF7BAFBAD
:10151000314920602846FFF7D1FB23682F4AC0F3EA
:1015200004319342C0F34040217560752CD0B3F173
:10153000804F1BD12A4B9A6D42F001029A659B6D38
:1015400003F001030293029B23492846FFF766FB41
:1015500000230122204644F62061C4E90333A5801C
:10156000A26007B0BDE83040FFF7F4BE1D4A9342C9
:1015700015D11B4B9A6D42F002029A659B6D03F0E8
:1015800002030393039BDFE7154B1A6E42F40062DC
:101590001A661B6E03F400630193019BD4E7124AA1
:1015A00093420AD10E4B1A6E42F480321A661B6EB9
:1015B00003F480330493049BC6E70C4A9342C3D1DF
:1015C000074B1A6E42F400321A661B6E03F40033A6
:1015D0000593059BB8E700BF64A60208002C0140F4
:1015E000001002400004004000400140004401405F
:1015F00007EE101AD0ED037AB8EEC77AF8EE677AE4
:10160000C7EE277A17EE901AFFF74CBE70B40F4E54
:10161000336893B1002504E01C68891A1D468CB11B
:1016200023469A688A42F7D981609A680360511A02
:10163000996025B1286070BC70470360816030609C
:1016400070BC704704608160F4E700BF8431002003
:10165000094B1B6810B44FF6FE724FF47A74591E92
:1016600004FB0010B0FBF3F0904228BF104680B29C
:101670005DF8044B704700BF00AA020800B5DFF810
:1016800008C000DF5DF804FB251A020808B5EFF377
:10169000108444B9EFF305842CB908484FF0FF31AA
:1016A0000068FFF7EBFFDFF818C000DF0446FDF726
:1016B000DDFD2046DFF80CC000DFFEE780310020B2
:1016C000651802087D18020838B50D46044600F07A
:1016D000F1FC28B12046294600F0F0FC002038BD7E
:1016E000812038BDB0B50F4C207800AF08B1002084
:1016F000B0BD0D4D2B6893F8241001F001F82B6854
:10170000DA78FF2A03D1DA6A203282F309886A681C
:101710002AB101F0C7F9012323700020B0BDC5E94B
:101720000023F6E789310020CC310020014B1878E6
:10173000704700BF8931002010B5EFF3108454B911
:10174000EFF305843CB9EFF31484E40703D5DFF825
:1017500010C000DF10BD014B187810BD893100208A
:101760002D170208EFF310836BBBEFF3058353BB18
:1017700090B589B000AFFFF7DFFF28B91B4C246894
:1017800014B1646804B1A047EFF3148404F00304B7
:10179000022C22D0032C18D0012C1AD007F12004DF
:1017A00084F30988124C2478E4071AD5022484F3C0
:1017B0001488BFF34F8FBFF36F8FDFF838C000DF9F
:1017C0002437BD4690BD82207047094C2478E40739
:1017D000F3D5FF202437BD4690BD054C2478E4079F
:1017E000EBD4032484F31488E3E700BFBC3100206A
:1017F000E7B30208E516020870B538B306682EB3E1
:10180000B0F904501446EA1C92B2062A1ED80B46C0
:10181000C168C9B90A46043545EA0121304600F0DD
:10182000ADFF98B10C4A0D4B0D491B68013852F8B9
:101830002050EA6A516363B19B6853B1E87821464E
:101840009847E863284670BD0269E4E7002528460A
:1018500070BDEC63284670BD102D0020BC31002007
:101860008D16020808B500F043FF18B1024B01388D
:1018700053F8200008BD00BF102D002038B5A0B1DE
:1018800010F00305044610D1037873B9084B1B68A8
:101890001BB1DB680BB1C06B9847E07800F0CAFF62
:1018A000FF2808BF8125284638BD8025284638BD39
:1018B000BC310020F8B5EFF3108494BBEFF3058C36
:1018C000BCF1000F27D107460E461546EFF31484EE
:1018D000E40702D4144C2478FCB1EFF3108242B92F
:1018E000EFF305822AB9114A4FF0FF311068FFF774
:1018F000C5FE384631462A46DFF834C000DF0446CC
:10190000EFF3108038B9EFF3058020B9074800687D
:10191000DFF820C000DF2046F8BDBDE8F840FFF743
:101920006BBF00242046F8BD8931002080310020A3
:10193000F9170208791A02080022FFF7BBBF00BF9F
:1019400008B548B1421C08D0074A904208D8FFF7B2
:101950007FFE01F0EDF8402008BD4FF6FF70F8E77C
:101960004FF6FE70F5E700BF00093D0010B5EFF33C
:10197000108434B9EFF305841CB9DFF80CC000DF24
:1019800010BD822010BD000041190208830704D158
:1019900030B1D0E904131868704700200146704741
:1019A000014670472DE9F041154E346804B3A36831
:1019B000144F013BA3604FF001082146C3B93B68B7
:1019C0002568356018462BB11B78012B02D1FFF733
:1019D0007BFE10B10420FDF739FC6379012B09D09F
:1019E00084F8048025B1AB682C462146002BE6D054
:1019F000BDE8F081E1682046FFF708FEF2E700BF8E
:101A000084310020EC29002010B540B1046824B1D5
:101A1000237823B9204600F04DFC204610BD002459
:101A2000204610BD70B510F003061AD10446C0B1AF
:101A30000378032B15D10D4641B14B1C17D00D4B2C
:101A4000994211D80846FFF703FE0146204600F0F0
:101A5000B1FC012806D1002D14BFC12681263046D5
:101A600070BD8026304670BD4FF6FE71EEE74FF632
:101A7000FF71EBE700093D0010B510F0030403D13E
:101A800010B10378032B02D08024204610BD00F053
:101A900019FCFF2808BF8124204610BD30B583B053
:101AA000EFF31084E4B9EFF30585B5B9EFF31484CF
:101AB000E4070DD40C4C247854B960B1006850B1DF
:101AC000037853B9019000F0F5FB019803B030BDE5
:101AD000DFF818C000DF03B030BD204603B030BDD2
:101AE000002003B030BD00BF89310020091A020870
:101AF000EFF3108323B9EFF305830BB9FFF7BEBDF6
:101B00008220704710B5EFF3108434B9EFF30584E9
:101B10001CB9DFF80CC000DF10BD822010BD000032
:101B2000791A020810B5044660B1016851B14068E5
:101B300038B1037833B90431890089B200F054FA1E
:101B4000606810BD002010BD10B5174C237882B01E
:101B500053B1164B1B68FF229A70154A00200123CF
:101B60001070237002B010BD00F022FF0F4B2278DE
:101B70001B68FF219970002AEFD111460D48019290
:101B8000FFF7D0FF0C4B019A014619600B48114634
:101B9000FFF732FE0A4B02460A481A60FFF77EFF43
:101BA000094B1860D9E700BF88310020CC310020F4
:101BB0008931002004AA0208EC29002020AA02088A
:101BC000E4290020FCAC02088031002010B5EFF3BE
:101BD000108474B9EFF305845CB9EFF31484E4075F
:101BE00003D5DFF814C000DF10BDBDE81040FFF7DB
:101BF000ABBF822010BD0000491B02082DE9F04157
:101C0000804684B088B30378012B20D10C46B9B349
:101C10004B1C42D0224B994224D80846FFF718FDAE
:101C20000246404602A900F0EBF9012833D000201B
:101C3000024603461020029904460D4616461F46EA
:101C40002046294632463B4604B0BDE8F0810025D7
:101C500080242E462F462046294632463B4604B075
:101C6000BDE8F0814FF6FE72DBE705460646074603
:101C700080242046294632463B4604B0BDE8F08128
:101C80000A4602A900F0BCF90128D0D10020024682
:101C900003462046CFE74024F8E74FF6FF72C0E73F
:101CA00000093D0030B5044685B021B1154612B992
:101CB0000B78012B04D080232046236005B030BD73
:101CC000084602A900F002FA042808BF102201AB5E
:101CD00014BF0195019293E8070084E807002046AD
:101CE00005B030BD38B504461546EFF3108010B985
:101CF000EFF3058028B120462A46FFF7D3FF2046A0
:101D000038BD08461146DFF810C000DFC4E9000105
:101D1000A260204638BD0000FD1B020800B50A4C39
:101D200085B001A821684FF0FF32FFF7DBFF019873
:101D30001028F6D10298DFF814C000DF03460846E9
:101D4000002BEED09847ECE7EC2900208D19020813
:101D500010B50446008B6378628B0143062B218308
:101D600019D0052B00D010BD11EA0203FBD063830C
:101D700021EA02012183204600F0F8F801232046E1
:101D8000628B63700821FCF72DFE21460448BDE8F4
:101D9000104000F007B832EA0103E9D010BD00BFDF
:101DA0008C31002030B4027843688C78013AD5B287
:101DB00023B90EE05A68184662B113469A78A242D7
:101DC000F8D2022D4B60416009D8996030BC886020
:101DD000704703460022022D4A60596003D9002053
:101DE00030BC88607047184630BC8860704700BFC0
:101DF00002784368013A59684160022A07D811B154
:101E0000002288605A6000229A60184670470022BB
:101E10005A601846704700BF034B5A684260002260
:101E200058608260704700BF8C31002070B4174D3D
:101E3000EB6833B3AC8AA142224601D823E02346A3
:101E40009C8A224491420CD9DC68002CF7D1891A73
:101E500089B20022C26070BCD8600361998282821C
:101E60007047DE6894B2C660D860C268036102B190
:101E70001061621A82829A8A141B2144998270BC72
:101E800070472B46E5E71E462B46ECE7A4310020C1
:101E90002DE9F0411B4EF468002C30D0B58A013D8D
:101EA000ADB2B5825DBB184FA368DFF860802146F4
:101EB000384633B162685A6062680AB193606560FF
:101EC000A560FFF76FFFA28AB2826378042B4FF000
:101ED000010104D1D8F80030E08A0344A382E3680A
:101EE0006170F36053B11E61C4E903553AB91C46F1
:101EF0002146A3683846002BDCD1E2E72361BDE828
:101F0000F08100BFA43100208C3100201432002069
:101F100083682BB142685A60426842B1936070474F
:101F2000054B1A465B68984202D0002BF9D17047E6
:101F300043685360704700BF8C31002010B584683F
:101F40000CB90BE0A4682378002BFBD0FFF7E0FF6F
:101F500001462046BDE81040FFF724BF4378012B1F
:101F600000D010BD004CF1E78C31002003699BB11B
:101F7000C268DA6062B1998A10B4848A2144998275
:101F8000002413610023C46003615DF8044B7047B3
:101F90009A82002303617047704700BF70B4114BF1
:101FA000DC78EFF31086EFF3108272B69A789442E1
:101FB00008D9551C1A789D70551CAC4214BFEDB25F
:101FC00000251D7006B962B6DC78944205D903EB92
:101FD000C20370BCC3E90101704770BC0220FDF769
:101FE00035B900BF6029002010390023890801227B
:101FF000C0E90133C181028083708381704700BFD3
:1020000038B5838904467BB915465AB1436843B352
:10201000274B1968FFF7C6FE2846082100F042FB4F
:10202000012038BD012038BD4389C289181D013304
:102030009BB254F8200008609A42638104BF0023D9
:102040006381636813B16378022B14D0EFF31080BF
:10205000EFF3108372B6A389013BA38148B962B63E
:1020600038BD134A126842600121C2E90130417053
:10207000D2E7002038BD2046FFF7BAFE0021054612
:10208000FCF7A6FC2389E289E869191D01339BB29C
:102090009A4244F82100238104BF0023238128466B
:1020A000FFF764FF284600F0D1FA002038BD00BFDA
:1020B000CC310020C2898089101A704708B5FFF71B
:1020C0006DFFBDE8084000F0F5B900BF83890BB98A
:1020D00018467047438910B50433044650F823303E
:1020E0000B604378022B16D0EFF31082EFF31083CE
:1020F00072B6A389013BA38102B962B66389E28902
:1021000001339BB29A42638101D0042010BD0023A9
:102110006381042010BD0021FFF740FF00F0CAF9E1
:10212000E2E700BF436870B504460D463BB1467810
:10213000022E41D0032E1ED0012E34D070BD8289D4
:10214000C3899A4261D20389043344F82310EFF320
:102150001082EFF3108372B683890133838102B951
:1021600062B62389E28901339BB29A422381E5D189
:102170000023238170BD084600F07AF80546002848
:10218000DCD02046FFF734FE29460446FCF720FC4D
:10219000012363702046FFF7E9FE21461D48BDE894
:1021A0007040FFF7FFBDFFF723FE04462A461021CB
:1021B000FCF718FC6670EDE7FFF71AFE00210546F4
:1021C000FCF706FC2389EA69043344F82320EFF383
:1021D0001082EFF3108372B6A3890133A38102B991
:1021E00062B62389E28901339BB29A42238104BFFC
:1021F00000232381012328466B70FFF7B7FE294691
:102200000448BDE87040FFF7CDBDBDE87040032035
:10221000FDF71CB88C310020002A70B41EDB03329D
:1022200022F003030C24B3B11A198A4213D80444D0
:102230000144CD1AE2189542C0E90041836014D3ED
:102240000021625016461A4495421944F9D20020E2
:10225000306070BC7047012070BC704722F00042B3
:10226000D31D23F007031024DDE72646EFE700BF68
:10227000EFF3108372B6026803F001030AB111682C
:10228000016003B962B61046704700BF81420DD3AA
:1022900043688B420AD9EFF3108372B602680A6072
:1022A000016013F0010003D162B67047012070474E
:1022B0000020704700230322C0E9013302704380ED
:1022C000C36070474388002B48D02DE9F041374E5A
:1022D000826831688A4204463DD1013B9BB243800B
:1022E000002B35D10B6A98424CD01A462AB1D068DF
:1022F000A04244D00246002AF9D191F8245043B1BB
:102300005A681AB19278954238BF1546DB68002B9F
:10231000F6D18D7067681FB32046FFF769FD002175
:102320000546FCF755FB2846FFF720FE2A6A204F9A
:1023300031687B68C4E902524FF00108A4F80280BA
:102340002C628A789B789A421FD3284600F07EF947
:102350000020BDE8F081FF20BDE8F081FF2070473C
:10236000134843689B78AB42F2D9FFF71BFD3368F3
:10237000012238465A7000F069F93846ECE7E06807
:10238000D060BAE7C3680B62B7E73846FFF70AFDCB
:1023900029463846FFF706FD3368002083F80180A0
:1023A00085F8018000F052F90020D5E7CC310020FB
:1023B0008C310020438870B50446BBB1154E80684F
:1023C0000D463168884217D075B18B7882789A4271
:1023D0001AD36368A3B12046FFF7E4FC284609211D
:1023E00000F060F9012070BD012070BD094A12683B
:1023F0008260116AC160106201336380002070BD89
:102400006160C1E90134E9E78370FFF797FD316846
:10241000DFE700BFCC310020034A044B1268DA80AA
:1024200000221A60704700BF18AA0208C0310020BD
:1024300008B5104A104B114958681368834209D0F7
:10244000D38809881060013B0B449BB2994293806A
:1024500004D008BD938809889942FAD10023064820
:102460001360FFF7C5FCBDE8084001460248FFF7CE
:1024700099BC00BFC03100208C31002014320020F4
:10248000426882B110B5FFF7B3FC0446FFF76EFD5A
:10249000012161702046FCF79BFA21460448BDE803
:1024A0001040FFF77FBC428801324280704700BF76
:1024B0008C310020054B1B7823B9054B4FF080521F
:1024C0001A607047034B01221A7070474D27002095
:1024D00004ED00E04E27002038B51C4B1C4D186859
:1024E00001234370FFF798FCAA786B78F2B11C4681
:1024F00005EBC4014B681A781846FAB1012A21D0BD
:10250000FFF7BEFFEB780134A34208BF0024EFF3CE
:102510001082EFF3108372B6AB78013BDBB2AB7085
:102520000AB962B6AB78002BE2D1E3B209486B700E
:10253000FFF75EFCBDE8384000F078B80989FFF786
:1025400007FCDFE78968FFF7EDFDDBE7CC31002012
:10255000602900208C3100200A4A0B490B480C4BA3
:1025600010B414680C600B4A002407210460196041
:1025700013685DF8044B43F07F434FF0FF30136066
:10258000704700BF34AA020814E000E018E000E041
:1025900010E000E020ED00E0704700BF08B50B4BF5
:1025A000186801234370FFF737FCFFF741FF084A23
:1025B000136801331360FFF76BFCFFF7F3F905486D
:1025C000FFF716FCBDE8084000F030B8CC31002021
:1025D000143200208C310020064B1B68D3E90B32EB
:1025E0009A4203D81268044B9A4202D00120FCF7A9
:1025F0002DBE7047CC310020A52E5AE210B50848F8
:10260000FFF7F6FB074A084B5060022242701B6836
:102610002BB11B691BB1BDE81040C06B184710BD42
:102620008C310020CC310020BC310020054A064B03
:102630005060022242701B681BB11B690BB1C06B5A
:1026400018477047CC310020BC31002008B370B56A
:10265000114D82780446286883789A4210D9FFF792
:10266000DBFB29680D4B0120022248706C60627010
:102670001B686BB11B695BB1E06BBDE8704018472C
:102680000123637021460648BDE87040FFF78ABB0E
:1026900070BDFFF7B3BF00BFCC310020BC310020BC
:1026A0008C31002000B970474FF6FF73984270B527
:1026B0000C4D0C4603D001462868FFF7B7FB2B688A
:1026C00009485C70FFF794FB084B68600222427077
:1026D0001B682BB11B691BB1BDE87040C06B18476C
:1026E00070BD00BFCC3100208C310020BC310020F7
:1026F000024B186800B1C078704700BFCC31002091
:1027000038B5B8B1194B1B88834227D3184B013811
:1027100053F8204014B3174DA1702B6884F824108F
:102720009C420CD02046FFF709FC6378012B17D0A0
:10273000002038BD0F4D2B68997083F824100E4887
:1027400043689B788B42F3D92968FFF72BFB2B68F2
:1027500001225A70FFF752FF002038BDFF2038BD1C
:102760000548FFF745FBFFF771FFE1E7E4B3020817
:10277000102D0020CC3100208C3100202DE9F84FA5
:1027800011F0FF0F824627488B461446994608BF32
:1027900001F1010BFFF76CFD0746002839D0224BF1
:1027A000046319884FEA1B20B86291B31F4B0124C0
:1027B0001D4602E0A1422CD0344655F8042B661C7D
:1027C00004F1FF38002AF5D15FFA8BFB4FF48071DA
:1027D000C7E90122C7E90322C7E9052287F802B049
:1027E00087F824B0FC70C7F81C90C7F838903A629C
:1027F00087F82520398080B151463846FCF798F893
:102800000A4B384643F82870FFF720FF2046BDE802
:10281000F88F00242046BDE8F88F0548FFF728FD13
:102820003863E9E74C2D0020E4B30208102D0020A6
:10283000502700202DE9F84F574F3C68002852D010
:10284000E37883424FD0554B1B888342C0F0A18070
:10285000DFF858B1461E5BF82690B9F1000F00F082
:1028600098804846FFF754FB4846FFF77FFBD9F8AE
:10287000204004B3DFF830A14FF001086368204620
:10288000002B75D0FFF7B4FA00210546FCF7A0F83D
:102890002846FFF76BFB85F8018029465046FFF775
:1028A00081FAE3682A6AE260A560A4F802802C62DB
:1028B0001C46002CE2D1D9F83010394800244BF8DE
:1028C0002640FFF7E3FC49463648C9F83040FFF799
:1028D000DDFC3548396842688B7892789A4250D846
:1028E0002046BDE8F88F00236370FCF790F8E062A3
:1028F000FFF772FE3B681C6AECB1DFF8AC80012682
:102900006368204663B3FFF773FA00210546FCF7BE
:102910005FF82846FFF72AFB6E7029464046FFF70E
:1029200041FAE3682A6AE260A56066802C621C4670
:10293000002CE5D13B68DA78196B1C4D1848531E02
:10294000002445F82340FFF7A1FC396815480C63C3
:10295000FFF79CFC3C60FFF751FE2046BDE8F88F76
:10296000E2686380C4E902331446002CC8D1E1E771
:10297000E2686380C4E902331446002C7FF47EAF22
:1029800099E701234B70FFF70DFAFFF737FE20465A
:10299000A7E7FF20BDE8F88FCC310020E4B30208A0
:1029A000502700204C2D00208C310020102D0020BD
:1029B0002A4B198870B539B10023294A18460133CA
:1029C0008B4242F8040BFAD1264B27481988274C32
:1029D0004022FFF721FC264A264B12881968264818
:1029E00042F00042FFF718FC244B254A1868118872
:1029F0000822FFF711FC0025224B1F482360C4E981
:102A00000155C4E90355C4E90555A5622562A584AD
:102A1000FFF72EFC1C4920632046FBF789FF1B4B68
:102A20001B481E681B4A1C4B456002216170042133
:102A3000C3E90355C2E90044017019709D821EB1BB
:102A400033690BB1E06B9847144A154B1278DA7072
:102A500000221A80BDE87040FFF7DEBCE4B3020834
:102A6000102D0020E0B302084C2D0020D4310020AE
:102A70001CAA0208FCA90208502700206C0F0020A5
:102A8000E2B30208000100FF49F20108BC31002056
:102A90008C310020CC310020A4310020E6B30208A4
:102AA0006029002008B51E4B1A6842F47F021A60A4
:102AB0001B681B0203F07F43DB43B3FA83F3194A1D
:102AC000194812680168DBB2C3F10803C2F302229D
:102AD000934298BF531C6FF0807202FA03F303F025
:102AE0007F4321F07F4213430360FFF735FD0F4B17
:102AF0000028186012DB00F1604000F56440FF22FE
:102B000002701A6853099B0003F1604303F56143A7
:102B100002F01F02012101FA02F21A6008BD00BF93
:102B200020ED00E00CED00E01CED00E0C8310020DD
:102B30000321FFF7B7BD00BF00F03CB908B5024C58
:102B400023689847FCE700BF2402002042681B4925
:102B500070B50346B0F91A4006689D6801EBC210D3
:102B6000D20101348E50D3E9031245605D69816062
:102B7000196AC2604FF00002A0F85220056181611D
:102B8000A0F85020A0F85A20A0F858200AD0B3F995
:102B9000183001330CBF04230C23436102F07AFF89
:102BA00030B970BD0823436102F074FF0028F8D0EB
:102BB000BDE870400248FDF7DDBF00BF38240020AB
:102BC00000AD0208F0B5044687B008460E465C49E1
:102BD0001546FEF757F85B4907462846FEF752F8B8
:102BE00001463846FEF73CF8574B2060984256D0D5
:102BF000564B98423AD1564B9A6B42F400329A6344
:102C00009A6B22F400329A639A6D42F400329A650C
:102C10009B6D03F400330293029A012363604849D9
:102C20003046FDF7FBFF47492846FDF7F7FF721CCA
:102C300003D001213046FEF7C5FA6B1C03D00121F9
:102C40002846FEF7BFFA00234FF41652C4E90223C8
:102C5000C4E904332362268365832046FFF776FFA9
:102C60003A4B22689A4260D007B0F0BD03F580630A
:102C700098422AD1364B9A6B42F480229A639A6B1F
:102C800022F480229A639A6D42F480229A659B6DA9
:102C900003F4802303930223039A6360BFE703F5E1
:102CA00058431A6C42F480421A641A6C22F480422F
:102CB0001A641A6E42F480421A661B6E03F4804353
:102CC00001930023019A6360A9E7224B984214D133
:102CD0001F4B9A6B42F400229A639A6B22F40022F3
:102CE0009A639A6D42F400229A659B6D03F4002367
:102CF00004930323049A636091E7174B98428ED1A3
:102D0000134BDA6B42F00102DA63DA6B22F0010254
:102D1000DA63DA6D42F00102DA65DB6D03F001037C
:102D20000593059B0523636079E70C4B0C4821460E
:102D30004C2201241C6007B0BDE8F040F5F7ECBF61
:102D400040A90208B0A80208003801400044004031
:102D500000100240004C004000800040342400205D
:102D6000183200208160FFF7F1BE00BF4368074AB8
:102D7000DB01D258D3699B06FCD5C368908C0BB994
:102D8000C0B27047C0F30800704700BF382400206D
:102D90004368074ADB01D258D3691B06FCD5C368D8
:102DA00013B9C9B211857047C1F308011185704785
:102DB0003824002008B5FDF743FA0121002001F076
:102DC00063F9BDE80840FDF747BA00BF08B50C4AF3
:102DD000836E93420CD002F5744293420CD0A2F55C
:102DE0007842934204D00748FDF7C4FE002008BD96
:102DF000BDE8084001F0D2BDBDE8084001F0E0BDEB
:102E0000003C004018AD0208DFF830D0002103E09C
:102E10000B4B5B58435004310A480B4B42189A4203
:102E2000F6D30A4A02E0002342F8043B084B9A42D8
:102E3000F9D302F0D3FFF0F7B7FBFEE700800220E2
:102E400000B5020800020020200400202004002019
:102E5000B832002010B5032000F09CFC0F20FDF7D5
:102E60008DF910B10124204610BD044601F00AF985
:102E7000204610BD034A0449136809680B441360D7
:102E8000704700BF6432002028020020014B186800
:102E9000704700BF64320020704700BF70B582B039
:102EA00000230193002800F0B380856D0446002DB7
:102EB00000F08880226893689D0005D5936823F010
:102EC000204323F03F0393609368D80017D45E4BF0
:102ED00091681B685D489B0921F01041A0FB03032A
:102EE00021F03F019B0941F0805191600193019BCA
:102EF0002BB1019B013B0193019B002BF9D19368FE
:102F0000D90051D4A36D43F01003A365E36D43F0E2
:102F10000103E365936813F0040F4FF00100A36D04
:102F200049D1DB0647D4A36D23F4817343F0020338
:102F3000A3659368DE070AD4454B9B68DD0706D47A
:102F4000444965688B6823F47C132B438B60D4E978
:102F50000215636B2B430B43657E94F8201043EA04
:102F60004533012943EA01434DD0A16A21B1E56A05
:102F700001F4707129430B43D568374929400B434D
:102F8000D3609368590723D593682369012B42D0F6
:102F9000136B23F00F031363A36D23F0030343F0BC
:102FA0000103A36502B070BD936813F0040F4FF0E6
:102FB0000000A36DB5D0A36D012043F01003A365FD
:102FC00002B070BDFFF768FFE56584F8545071E703
:102FD00093681B07D9D494F83030267ED168E56C0D
:102FE0005B0043EA863321F480412B4321F0060144
:102FF0000B43D36094F83830012B14D0136923F0BD
:1030000001031361C1E7616A013943EA4143ACE757
:10301000012002B070BD116BE36921F00F01013B8B
:103020000B431363B8E7D4E90F361169656C21F4DB
:10303000FF6121F0040133430B43A16C2B430B438D
:1030400043F001031361A0E730020020632D3E0529
:10305000000004500003045007C0F0FFF8B54569B4
:10306000082D06460C4604D00368DB68DD073FD414
:103070000425FFF70BFF0746326801E0601C24D1EE
:1030800013682B42FAD0B36D43F40073B365D36871
:1030900013F4406F0FD1737E6BB9136819070AD50B
:1030A000B36D23F48073B365B36DDB0403D4B36DE8
:1030B00043F00103B365082DD06816D010F48040AA
:1030C00006BF0C2313600020F8BDFFF7DFFEC01B16
:1030D000A04201D8002CCFD1B36D002243F00403ED
:1030E00086F85420B3650320F8BD15600020F8BDB4
:1030F000836D43F0200383650120F8BD0368186CDD
:10310000704700BFF0B490F8542082B00346012A03
:103110004FF00000019000F025811C68012083F829
:103120005400A56815F004053FD14A68052A46D920
:1031300002F01F0C1F26920906FA0CF602F00C058D
:10314000F74304F1300208685659C0F384603E40EA
:1031500000FA0CF030435051A268550740F19280BC
:10316000A2680A68A068C00738D51546C94A154242
:1031700032D0C94AC94990688D4200F0E07628D023
:10318000C7498D4200F0F280C6498D4224D110F427
:10319000800021D1C4498C421ED1916821F0E07198
:1031A000314341F48001916003E09A6D42F02002C6
:1031B0009A65002283F8542002B0F0BC7047023AAE
:1031C000032A00F2E981DFE812F0EB00F100F700DA
:1031D000E200010240F106810020EAE7CE68B34830
:1031E000D4F8B050DFF8D0C206F01807F840C2F3A8
:1031F000120725EA0705104028436645C4F8B000C9
:103200001546B3D1002F00F0DD8092FAA2F0B0FA9B
:1032100080F0013000F01F00092800F2178192FAB7
:10322000A2F0B0FA80F092FAA2F5B5FA85F5013570
:103230000130012605F01F05800606FA05F500F0AD
:10324000F840284392FAA2F2B2FA82F2324402F033
:103250001F0202EB420212050243D70D04F11405CE
:1032600007F004078E687859C2F304524FF0070C38
:103270000CFA02FC20EA0C0006FA02F202437A5130
:103280000D6873E7A26812076AD48A680D68B2F104
:10329000004F00F0C880EF0D07F0040704F114069A
:1032A000C5F30455B8594FF0070C0CFA05FCAA40B9
:1032B00020EA0C000243BA51626922F000426261C6
:1032C0000E69E068042E18D004F16007DFF8ECC145
:1032D00057F826200D6802EA0C0CC0F3C1004A69B9
:1032E000400005F0F845824045EA0C052A4342F0CB
:1032F000004247F826200A6834E70A68206E206EEC
:10330000C2F31205C0F38460002D40F0E780C2F3E1
:103310008466B04200F00C81606E656E04F160005E
:10332000C5F3846504F16407B54200F02481856823
:10333000856800F10807C5F38465C2F38466AE4270
:1033400000F00A81C568C5680C30C5F38465C2F316
:103350008466AE427FF406AF026822F0004202604B
:103360000A68FFE6022002B0F0BC704710F08070DF
:103370007FF432AFA1F1F7418C427FF42DAF916819
:1033800021F0E071314341F08071916011E74FF419
:1033900080724A604FF0000C6FF01F070425D0E6E2
:1033A0000C20486084466FF4F837CAE61220486063
:1033B00084466FF4F807C4E61820486084466FF02E
:1033C000F857BEE6920E501C00F01F06092E77D863
:1033D0008006012500F0F840B54006EB4602284380
:1033E000120539E730498C427FF4F6AE9168304CD3
:1033F000304821F0E071314341F4000191602268CE
:103400009209A0FB0212920902EB42029200019281
:10341000019A002A3FF4E0AE019A013A0192019A22
:10342000002AF9D1D8E6E80D04F1140200F00400F6
:10343000C5F304558658072707FA05F526EA05055A
:103440008550626942F00042626139E792FAA2F562
:10345000B5FA85F592FAA2F0B0FA80F001300135A4
:10346000012600F01F00AD0606FA00F005F0F84551
:10347000054392FAA2F0B0FA80F0304400F01F0049
:1034800000EB4000A0F11E02120542F000722A4338
:10349000E3E600BF0000088000030450000052C7AC
:1034A000000084CB0100008000000450FFFF0700F3
:1034B00030020020632D3E0500007F4000F0FF0336
:1034C00006EB460285061E3A012005F0F84500FA93
:1034D00006F61205354342F00072D8E792FAA2F5DB
:1034E000B5FA85F5A84223D0606E656E04F16000E0
:1034F000C5F3846504F1640792FAA2F6B6FA86F67B
:10350000AE4238D08568856800F10807C5F3846548
:1035100092FAA2F6B6FA86F6AE421DD0C568C56824
:103520000C30C5F3846592FAA2F6B6FA86F610E777
:10353000226E204622F0004240F8602F0A68656E35
:10354000656EC2F31206C5F3846504F16407002EAC
:10355000D2D1C2F38466E7E63A6822F000423A60CC
:103560000A68C568C568C2F31206C5F384650C30E5
:10357000002ED8D1EBE63A6822F000423A600A68A1
:1035800085688568C2F31206C5F3846500F10807F3
:10359000002E3FF4D2AEBBE70620486084466FF4AD
:1035A000F867CEE503689A68D20701D50020704716
:1035B0009968164A114270B504461CD19A68144E97
:1035C000324042F001029A60FFF760FC05460CE0D1
:1035D0009A68D10704D49A68324042F001029A6096
:1035E000FFF754FC431B022B05D823681A68D20747
:1035F000EED5002070BDA36D43F01003A365E36D0D
:1036000043F00103E365012070BD00BF3F0000806F
:10361000C0FFFF7F38B503689D6815F0040533D1FE
:1036200090F85430012B04462ED0012380F85430FA
:10363000FFF7B8FF50BBA36D23F4706323F00103C1
:1036400043F48073A365A36DDA0448BFE36D226879
:1036500052BFE06523F00603E3651C2100231160DF
:1036600084F85430D3689B0105D5A36D23F44053EF
:1036700043F48053A365936823F0004323F03F0392
:1036800043F00403936038BD022038BD84F85450E1
:1036900038BD00BF38B503689A68910702D59B68AA
:1036A000002038BD9A68D20726D59A6802F00D022C
:1036B000012A044609D0A36D43F01003A365E36D0E
:1036C00043F00103E365012038BD9A6822F000420F
:1036D00022F03F0242F0020203219A601960FFF7D4
:1036E000D5FB054604E0FFF7D1FB401B0228E2D8DA
:1036F00023689B68DB07F6D4002038BD30B590F80E
:10370000543083B00022012B01923FD0012380F876
:10371000543004460D46FFF7BDFFA36DE0B923F416
:10372000885323F00203226843F00203A3659368E1
:1037300023F0404305F0804523F03F032B4343F043
:10374000004393609368002B0EDBA36D23F003030B
:1037500043F00103A36502E043F01003A3650023D7
:1037600084F8543003B030BD019B01330193019BB9
:10377000B3F5912FE6D3A36D23F0120343F01003AA
:103780000022A36584F854200120EBE7022003B057
:1037900030BD00BF0849CA6810B400024FF6FF04EC
:1037A000224000F4E063134343F0BF6343F400336B
:1037B0005DF8044BCB60704700ED00E0430907491A
:1037C0002033012200F01F0002FA00F041F823002C
:1037D000BFF34F8FBFF36F8F704700BF00E100E072
:1037E00090F82520022A03D00422C26301207047EA
:1037F0000168426C70B50C68066C856B24F00E0491
:103800000C600C6824F001040C6002F01C02012121
:1038100001FA02F20024726080F8251080F824403A
:1038200015B1A847204670BD284670BD03691942EE
:1038300014BF01200020704711F0010307D090F859
:10384000413003F02803282B0CBF4223F2238A07C0
:1038500009D590F8412002F02802282A0CBF43F035
:10386000440343F0F4034A0701680A6848BF43F081
:10387000B80322EA03030B60704700BF704700BF24
:1038800000284FD070B590F84130044603F0FF0295
:10389000002B42D02368E068242284F84120196874
:1038A000626821F0010122F0706219601A619A6861
:1038B000012822F400429A60A2682AD042F404420D
:1038C00002289A6004BF4FF400625A605968A569E3
:1038D000D4E9042641F0007141F4004159603243BB
:1038E000D868E16942EA0522256A20F400402943AC
:1038F000D860DA6019601968002241F001012025C2
:103900001960626484F84150226384F842201046B2
:1039100070BD42F400429A60D8E780F84020FFF77B
:10392000ADFFB7E7012070472DE9F04190F8415015
:1039300005F02805282D3AD104468846002939D0BB
:103940001746002A36D005211E46FFF775FF90F86E
:103950004030012B34D090F8413001222A2B80F8DE
:1039600040202FD023682349292284F84120202297
:1039700084F84220002262645A6822F400425A60AD
:103980006785608DE6629A692085D20348BF082268
:103990004FF00000C4F82480616348BFDA6184F806
:1039A00040001A6842F0FA021A60BDE8F081012076
:1039B000BDE8F0814FF4007363640120BDE8F0813D
:1039C0000220F5E70221FFF737FF03681A681104A8
:1039D000C9D51A68C06B22F400421A600028C2D010
:1039E000054B8363FFF7FCFE0028BBD0E06B836BC5
:1039F0009847B7E7113E0208D93F02082DE9F04188
:103A000090F8415005F02805282D3AD10446884603
:103A1000002939D01746002A36D006211E46FFF766
:103A20000BFF90F84030012B34D090F84130012149
:103A3000292B80F840102FD0236823492A2284F8AC
:103A40004120202284F84220002262645A6822F435
:103A500000425A606785608DE6629A692085D203CC
:103A600058BF08224FF00000C4F82480616358BF9B
:103A7000DA6184F840001A6842F0FC021A60BDE87E
:103A8000F0810120BDE8F0814FF4007363640120F0
:103A9000BDE8F0810220F5E7FFF7CEFE03681A6863
:103AA0005104CAD51A68806B22F480421A6000283B
:103AB000C3D0064B8363FFF793FE0028BCD0A06BF6
:103AC000836B9847B8E700BF113E0208D93F020850
:103AD00090F84130202B01D0022070470268054940
:103AE000282380F841301368416343F0B803136022
:103AF00000207047113E02080268436B916912680A
:103B000003B11847704700BF38B5002580F8425010
:103B100090F84130292B04D090F841302A2B0DD059
:103B200038BD2822212380F8412001210363FFF7BB
:103B300083FE80F84050FCF7DDFE38BD28222223AA
:103B400080F8412002210363FFF776FE80F84050A1
:103B5000FCF7D4FE38BD00BFF8B503689E699A69CA
:103B60009968DF68120C02F0FE04C268022AC6F3EC
:103B700000460DD184EAD11414F00604C1F3090201
:103B800011D1816C01318164816C022917D0F8BD9B
:103B90000421FFF751FE00232246314680F84030D1
:103BA000FCF79EFEF8BD0421FFF746FE002307F058
:103BB000FE02314680F84030FCF792FEF8BD08273F
:103BC00084643146DF6180F84040FCF789FEF8BD2F
:103BD00008B5154BC362202200230363436380F8BA
:103BE000412080F842304B0712D50268436A526A7E
:103BF0001A70436A028D013343624AB1438D013B1F
:103C00009BB24385436C013A43F00403028543644D
:103C10000721FFF711FE026810210023D16180F80F
:103C20004030FCF76FFE08BD0000FFFF70B5344A5E
:103C300090F84130002580F84250C2624585426CC0
:103C4000283B1143022B044641642ED80321FFF781
:103C5000F3FD2C4B4363282280F841200563226842
:103C6000136813F4804312D01368A06B23F48043CD
:103C70001360C8B1244B8363002384F84030FFF7FE
:103C8000AFFD88B1A06BBDE87040836B1847116829
:103C900011F4004117D194F84130602B27D084F8FB
:103CA00040102046FCF7F2FD70BD0721FFF7C4FD70
:103CB00090F84130602B1CBF202380F84130002356
:103CC00003634363CBE71168E06B21F400411160AB
:103CD0000028E9D00C4A826384F84030FFF780FD69
:103CE0000028E1D0E06BBDE87040836B18472023CB
:103CF00084F8401084F841302046FCF7EFFE70BD98
:103D00000000FFFF113E0208D93F0208036820228D
:103D100070B51E68DA610D4607210446FFF78CFD79
:103D200003683948596841F4004159605A680240B3
:103D30005A609A69910744BF00229A629A69D20731
:103D400003D49A6942F001029A61700445D5A26BCE
:103D50001AB11268526892B262856A0709D5626A1E
:103D60005B6A1370636A228D013325F00405636278
:103D700062BB638D9BB21BB1636C43F0040363644D
:103D80000023236384F84230666C63635EBBE36A9E
:103D90001E4DAB420DD194F8413084F84060222B87
:103DA0004FF0200384F8413020462AD0FCF7A2FDD2
:103DB00070BD2046FFF7A8FE2023E56284F840602E
:103DC00084F841302046FCF79DFD70BD638D013BBA
:103DD000013A9BB222856385CBE73104BDD5E26B06
:103DE000002AB6D1B9E7616C2046FFF71FFF94F8AF
:103DF0004130282BDCD129462046BDE87040FFF732
:103E0000E7BEFCF77BFD70BD00E800FE0000FFFF91
:103E1000F8B590F84030C66A012B7DD017460123D3
:103E2000CA0604460D4680F840301AD5FB0618D560
:103E3000438D9BB2002B5CD190F84130282B00F0D1
:103E4000858094F84130292B23684FF01001D96107
:103E500068D0AA0601D5BB0659D4002084F84000DA
:103E6000F8BD680710D42A072ED53B072CD594F847
:103E7000413003F02803282B64D021680820002358
:103E8000C86184F84030E4E77907ECD5638D9BB2D4
:103E90007BB12168636A496A1970638D606A218DFC
:103EA000013B9BB20130013925F004056385606256
:103EB0002185638D9BB2002BCBD116F5803FC8D0F6
:103EC0002046FFF721FEC4E7A807C2D5B907C0D531
:103ED000638D9BB213B3606A236810F8011B99626B
:103EE000638D218D6062013B9BB201396385218521
:103EF000AFE703681021D961436C43F004034364C6
:103F000036F08073A5D1416CFFF790FEA1E72946FA
:103F10002046FFF7FBFEA0E70220F8BD36F08073D5
:103F2000CED096E716F5803F93D099698A0744BFB3
:103F3000002199629969CE07C2D4996941F00101C3
:103F40009961BDE72046FFF707FE82E7B6F1007FE3
:103F50007FF477AFFFF73CFE7BE700BF03689A6909
:103F6000196810B4D4052FD50C061FD5416C41F04B
:103F7000010141644FF480745105DC6129D5416C25
:103F80004FF4806441F0080192054164DC6106D57C
:103F9000426C4FF4007142F002024264D961416CFC
:103FA00011F00B0F0CD15DF8044B70475405F6D49B
:103FB0009405F4D50906EBD4416C11F00B0FF2D047
:103FC0005DF8044BFFF732BE5405F1D50906D6D48F
:103FD000E5E79205DCD4E2E7806A08B5D0E90E1285
:103FE00000238B63936390F84130602B02D0FCF781
:103FF0004DFC08BD202380F84130FCF76FFD08BD63
:1040000090F84120202A21D130B4D4B290F8402039
:10401000012A03461CD01A68242083F84100106846
:1040200020F001001060106820F4805010601068CB
:10403000014311601168002541F00101116083F80E
:10404000414083F84050284630BC704702207047FA
:10405000022030BC704700BF084B09491A6E42F07D
:1040600001021A661B6E82B003F001030193019BEB
:104070004B681843486002B0704700BF0010024010
:1040800000000140704700BF0E4B10B55B690C4645
:1040900060B99A0511D40C4A1369012C23F004036A
:1040A000136108D040BF20BF20BF10BD9B05F2D4D4
:1040B00000F014F8EFE730BF10BD00F017F800284B
:1040C000E9D010BD0070004000ED00E0024B186820
:1040D00000F4C060704700BF00700040024A1368DF
:1040E00043F4804313607047007000401149124B45
:1040F0000A68124822F4804210B40A601C684A69B7
:10410000322303FB04F3A0FB0303900508D59B0CAB
:10411000013300E023B14A69920503F1FF33F9D47A
:10412000044B5DF8044B5B6913F4007F14BF03205C
:1041300000207047007000403002002083DE1B43E7
:1041400030B5204DAB6DDB0083B004461CD5FFF7C6
:10415000BDFFB0F5007F29D0802C13D82FD0A4F15B
:104160007004B4FA84F4640917490B6823F0070358
:1041700023430B60086800F00700001B18BF0120F4
:1041800003B030BD0324EFE7AB6D43F08053AB6564
:10419000AB6D03F080530193019BFFF797FFAB6D6D
:1041A000B0F5007F23F08053AB65D5D1802C04D9C6
:1041B000A02C8CBF02240124D6E70024D4E70224DB
:1041C000D2E700BF0010024000200240284A936856
:1041D000D26813F00C0308D00C2B38D0042B34D049
:1041E000082B244818BF00207047214A116809078E
:1041F00054BFD2F8942012681F4954BFC2F303225F
:10420000C2F3031251F8220003B30C2B2DD1184B2B
:10421000DB6803F00303022B25D0164A032B08BFEB
:104220001046134BD968DA68DB68C3F34163C2F305
:104230000622C1F302110133013100FB02F05B00E1
:10424000B0FBF1F0B0FBF3F070470C48704702F0A0
:104250000302012AC9D0064BDB6803F00303022BDB
:104260004FF00000D9D10548DBE70020704700BFC0
:104270000010024000127A0088AD02080024F40009
:10428000002800F024822DE9F043994A03689568DC
:10429000D6680446D80683B005F00C0506F0030680
:1042A0002ED5002D00F02B810C2D00F02581A36967
:1042B0008F4F002B00F088813B6843F001033B6087
:1042C000FEF7E4FD804606E0FEF7E0FDA0EB080007
:1042D000022800F289813B689B07F5D53B6843F0D3
:1042E00008033B603B68226A23F0F00313433B6002
:1042F0007B68E26923F47F4343EA02237B602368FF
:10430000D90700F1CB80990723D5042D00F04C810B
:104310000C2D00F04681E368754E002B00F0A9815A
:10432000336843F480733360FEF7B0FD074605E061
:10433000FEF7ACFDC01B022800F2568133685B0516
:10434000F6D57368226923F0FE4343EA0263736083
:104350002368190719D56369654E002B00F0488161
:10436000D6F8943043F00103C6F89430FEF78EFD82
:10437000074605E0FEF78AFDC01B022800F23481E3
:10438000D6F894309A07F5D523685E073FD5584B89
:104390009A6DD00000F16B819A6D42F080529A655F
:1043A0009B6D03F080530193019B0126514F3B68A5
:1043B000D90540F1EC81A368012B00F06C81052B3D
:1043C00000F00F824A4FD7F8902022F00102C7F880
:1043D0009020D7F8902022F00402C7F89020002BFC
:1043E00040F06081FEF752FD41F28839804606E0D8
:1043F000FEF74CFDA0EB0800484500F2F580D7F829
:1044000090309807F4D4002E40F078812368990604
:1044100018D5636A364E002B00F05B81D6F89830D1
:1044200043F00103C6F89830FEF730FD074605E07B
:10443000FEF72CFDC01B022800F2D680D6F898307B
:104440009A07F5D5A06A28B30C2D00F0D881022870
:1044500000F05A81264B1A6822F080721A601A689E
:10446000120103D4DA6822F00302DA60204CE36818
:1044700023F0887323F48033E360FEF707FD0546DD
:1044800005E0FEF703FD401B022800F2AD80236823
:104490009B01F6D4002003B0BDE8F083082D76D050
:1044A0000C2D72D06368B3F5803F00F0CB80B3F57C
:1044B000A02F00F089810E4F3A6822F480323A60D2
:1044C0003A6822F480223A60002B40F0C080FEF768
:1044D000DDFC804606E0FEF7D9FCA0EB080064286E
:1044E00000F282803B689803F5D423680BE700BF95
:1044F0000010024000700040012E7FF4D8AEAD4B9A
:104500001B6899073AD4AB4B206A1A68120756BF4A
:10451000D3F894301B681B0903F0F00398427BD951
:10452000FFF70EFE00282CD1A24B1A6842F00802B9
:104530001A601A68216A22F0F0020A431A605A6867
:10454000E16922F47F4242EA01225A60FFF73EFE0F
:10455000984A99499268C2F3031203468A5C9748C5
:104560009749006802F01F02D3400B60FBF706FE7C
:1045700040B92368D9077FF5C6AE8FE7A369002B42
:10458000C1D1012003B0BDE8F083032E8AD1894A4E
:10459000126892037FF5B7AE6268002A7FF4B3AE6B
:1045A000EFE7022E7FF4B7AE824A1268520502D5B9
:1045B000E268002AE5D07F4920694A6822F0FE427D
:1045C00042EA00624A60C4E63B6823F001033B60B4
:1045D000FEF75CFC80463B689807CAD5FEF756FCA0
:1045E000A0EB08000228F6D9032003B0BDE8F08351
:1045F000D6F8943023F00103C6F89430FEF746FC59
:10460000074604E0FEF742FCC01B0228ECD8D6F8AF
:1046100094309B07F6D4B7E6664B1A6842F008025E
:104620001A601A6822F0F00202431A605A68E169BF
:1046300022F47F4242EA01225A60FFF781FD0028FE
:1046400084D09EE75B4A136843F480331360FEF71F
:104650001DFCDFF86081074604E0FEF717FCC01B75
:104660006428C1D8D8F800309B03F6D53DE7002672
:104670009CE6336823F480733360FEF707FC07463B
:1046800004E0FEF703FCC01B0228ADD833685805D0
:10469000F7D423685DE6474AD2F8903043F001032F
:1046A000C2F89030FEF7F2FBDFF80881074641F2CE
:1046B000883904E0FEF7EAFBC01B484594D8D8F8D7
:1046C00090309B07F6D5002E3FF4A0AE16E00120F7
:1046D0007047D6F8983023F00103C6F89830FEF7FB
:1046E000D5FB074605E0FEF7D1FBC01B02283FF6CD
:1046F0007BAFD6F898309B07F5D4A3E62D4A936D8F
:1047000023F08053936581E62A4D2B6823F0807354
:104710002B60FEF7BBFB064605E0FEF7B7FB801BF0
:1047200002283FF661AF2B689801F6D4E968254B63
:10473000E26A676BA66B206B0B401343D4E90F1240
:1047400043EA072343EAC6630138490843EA0013F2
:104750000139520843EA4153013A43EA4263EB60AC
:104760002B68144E43F080732B60EB6843F080732A
:10477000EB60FEF78BFB044605E0FEF787FB001BB2
:1047800002283FF631AF33689901F6D582E63B68DF
:1047900043F480733B60FEF779FB80463B68DA05A3
:1047A0003FF509AEFEF772FBA0EB08000228F5D931
:1047B0001AE700BF0010024070AD02082C02002072
:1047C000300200208C809D0103F18043A3F53C332F
:1047D0001A6842F480221A601A6842F480321A6021
:1047E00035E7214BD3F8902042F00402C3F8902023
:1047F000D3F8902042F00102C3F8902052E701283C
:104800003FF4C0AE184BE26ADB6803F0030191424B
:104810007FF4B7AE216B03F070020139B2EB011FD8
:104820007FF4AFAE616B03F4FE42B2EB012F7FF475
:10483000A8AEA16B03F07842B2EBC16F7FF4A1AEDA
:10484000E26B5208013A03F4C001B1EB425F7FF41E
:1048500098AE226C5208013A03F0C063B3EB426F8A
:1048600014BF012000208DE600100240002800F057
:104870008180454A136803F007038B422DE9F0411C
:104880000D4604460CD2136823F007030B43136054
:10489000136803F007038B4202D00120BDE8F081CA
:1048A0002368DA073FD4990706D53849A0688A6893
:1048B00022F0F00202438A6033490A6802F00702DC
:1048C000AA4209D90A6822F007022A430A600A6844
:1048D00002F00702AA42E0D15A0706D52B49E06848
:1048E0008A6822F4E06202438A601B0707D5274AE0
:1048F0002169936823F4605343EAC1039360FFF78F
:1049000065FC224A224C92682249C2F303120346F4
:10491000A25C214802F01F02D340BDE8F0410068CC
:104920000B60FBF72BBC6268184B032A1B6823D073
:10493000022A1CD02ABB9E07AFD5144EB36823F0C1
:1049400003031343B360FEF7A1FA41F28838074628
:1049500004E0FEF79BFAC01B404510D8B3686268BC
:1049600003F00C03B3EB820FF3D123689BE79F03A3
:10497000E3D492E7012070479B01DED48DE703204A
:104980008CE7580589D5D8E7002002400010024086
:1049900070AD0208300200202C020020054B064AB0
:1049A0009B680649C3F302230868D35C03F01F0326
:1049B000D84070470010024080AD0208300200204D
:1049C000054B064A9B680649C3F3C2230868D35CBB
:1049D00003F01F03D84070470010024080AD02086A
:1049E000300200200E4B0F2202609A6802F0030290
:1049F00042609A6802F0F00282609A6802F4E06213
:104A0000C2609B68DB0810B403F4E063054C0361EB
:104A100023685DF8044B03F007030B60704700BF89
:104A20000010024000200240D0E900315A68B1F580
:104A3000827F22F0E0025A6013D0826AB2F5005FF2
:104A400007D11A6822F400521A601A6842F4005220
:104A50001A600122002380F85D2080F85C3003207A
:104A600070478268B2F5004F02D0B2F5806FE4D192
:104A70001A6822F040021A60DFE700BF2DE9F84310
:104A8000DDF8209080460E4615461F46D8F80030C7
:104A900001E07A1C0AD19C6836EA04020CBF0124AA
:104AA0000024AC42F5D10020BDE8F883FEF7EEF912
:104AB000A0EB0900B842E9D34046BDE8F843FFF750
:104AC000B3BF00BF2DE9F843DDF8209080460D46C6
:104AD00016461F46D8F8002001E07B1C0BD19468D5
:104AE0002C40B44212D0B5F5C06FF6D1002EF4D1EF
:104AF000137B7B1CF3D0FEF7C9F9A0EB0900B84289
:104B0000E8D34046BDE8F843FFF78EBF0020BDE87C
:104B1000F88300BF30B585B00B460092039115466F
:104B20004FF4C05100220446FFF7CCFF039B80B92D
:104B300002460095802120460393FFF79FFF039BC9
:104B4000024630B900954FF4C0612046FFF7BAFF26
:104B500020B1236E43F020032366032005B030BD4F
:104B6000704700BF00286ED0F0B590F85D3083B07C
:104B7000044603F0FF02002B56D02268E7680223A8
:104B800084F85D301368B7F5E06F23F040031360DD
:104B90003AD9B7F5706F58D1216BA06A002948D176
:104BA000022121634FF0000ED4E90465636801958A
:104BB000A5682B43019D33432B43D4E90656334369
:104BC000266A334305F40076334303430229136016
:104BD00003D1136843F400631360636A616B3B4362
:104BE0002D0C05F004050B432B4343EA0E03B0F5EF
:104BF000005F536004BFE36A136100200123206655
:104C000084F85D3003B0F0BD16D0216B0020A062A7
:104C100019B14FF4805EC7E7A16A012308462363F8
:104C200019464FF4805EBFE780F85C20FFF798FFDD
:104C3000A3E74FF0000EB7E7216B0029ECD0A06A84
:104C40004FF4805EB0E701207047206B0023A36221
:104C50000028A5D001469E461846A5E72DE9F04F4D
:104C6000044690F85C0083B001280C9E00F0B780E9
:104C70009B46012384F85C3088469246FEF706F98D
:104C800094F85DC0D4E90071BCF1010FD7F800E0E1
:104C90007A6805465FFA8CF012D0B1F5827F0AD0AF
:104CA000022701220023384684F85D2084F85C3016
:104CB00003B0BDE8F08FA368002BF1D10428EFD139
:104CC000B8F1000F00F09080BAF1000F00F08C8076
:104CD000BBF1000F00F0888094F85D30C4F840A06C
:104CE000042B1CBF052384F85D30A36AA4F844B0EC
:104CF0000020B3F5005F2066C4E91300A4F846B0B5
:104D0000C4F83880A4F83CB0A4F83EB007D13B68A2
:104D100023F400533B603B6843F400533B60E3687B
:104D2000B3F5E06F7B6861D8BBF1010F40F2E8801A
:104D300023F480537B603B68580640F1E88069B9F2
:104D4000E38F9BB2012B40F25381414631F8023B85
:104D5000FB60E38FA163023B9BB2E3870EF0040884
:104D600002F008090127E38F9BB22BB9B4F8463053
:104D70009BB2002B00F0A38022689368990705D5A9
:104D8000E38F9BB213B1002F40F0F980936813F0CA
:104D900001031BD0B4F8461089B2B9B1B4F846107B
:104DA00089B2012940F2DD80206CD16820F8021B15
:104DB000B4F846102064023989B2A4F84610B4F859
:104DC000461089B2012940F2FF801F46FEF75EF8C7
:104DD000401BB042C7D3731CC5D0032761E702272D
:104DE000384603B0BDE8F08F01275AE723F480531B
:104DF0007B603B685B0603D43B6843F040033B6049
:104E0000002979D1414631F8023BFB60E38FA16371
:104E1000013B9BB2E3870EF0040702F008094FF054
:104E20000108E38F9BB223B9B4F846309BB2002B44
:104E300045D0226893689B0707D5E38F9BB223B1C7
:104E4000B8F1000F1DD14FF00008936813F0010373
:104E50000FD0B4F8461089B259B1216CD26821F84C
:104E6000022BB4F846202164013A92B29846A4F885
:104E70004620FEF70BF8401BB042D2D3701CD0D0B6
:104E8000ABE7A16B31F8023BD360E38FA163013B39
:104E90009BB2E387E38F9BB2002BD4D1A36AB3F517
:104EA000005FD0D137B9B9F1000F03D0136843F4D4
:104EB00000731360136843F480531360C3E7A36A5D
:104EC000B3F5005F2FD023689F6817F0100707D055
:104ED000226E4FF6EF7142F00202226601279960BE
:104EE0002A4631462046FFF715FE00283FF4D9AE8A
:104EF000202323660127D4E6BBF1010F8BD181E784
:104F000043F480537B603B6858063FF519AF3B681C
:104F100043F040033B6000293FF412AFBBF1010FA7
:104F20007FF41CAF0CE70122009511463346204662
:104F3000FFF7A4FD002866D1E368B3F5706F23681E
:104F400066D0226B197B022ABED101220095114640
:104F500033462046FFF792FD002854D123681A7B80
:104F6000B2E7216C127B0A70B4F84620216C013A3A
:104F700092B201311F46A4F84620216426E7E38F50
:104F80009BB2012B28D9A16B31F8023BD360E38F90
:104F9000A163023B9BB2E387E78FBFB2D7B9A36A95
:104FA000B3F5005F7FF4F2AEB8F1000F06D1B9F1AE
:104FB000000F03D0136843F400731360136843F4C5
:104FC000805313600027E1E6516841F480511F4689
:104FD0005160FBE60027D9E6A36B1B781373E38FC0
:104FE000A16B2268013B9BB20131E387A163D3E748
:104FF00098F800303B73E38FA16B013B9BB201310A
:10500000E387A163AAE6236E43F002032366E4E686
:10501000DA6859E7036A23F001030362F0B4036A14
:1050200046688269144F8D680C6822F4803223F040
:10503000020322F07302B84243EA050342EA040283
:1050400006D00E4CA04203D004F58064A0420BD1E0
:10505000CC6823F008032343D1E9054526F44076C4
:105060002C4323F004032643496846608261F0BC68
:1050700041630362704700BF002C014000400140C3
:10508000036A23F480730362F0B4026A4668C3695A
:10509000154F8D680C6823F4803322F4007223F0DE
:1050A0007303B84242EA052243EA040313D00F4CCB
:1050B000A04202D00E4CA04206D1D1E9054526F40B
:1050C00040562C4346EA041649684660C361F0BC6A
:1050D000C16302627047CC6822F4006242EA042293
:1050E00022F48062E9E700BF002C0140004001404B
:1050F00000440140036A23F480530362F0B4026A5F
:105100004668C369104F8D680C6823F0807322F4E1
:10511000005223F4E643B84242EA053243EA04234C
:1051200006D00A4CA04203D004F58064A04204D10A
:105130004C6926F4804646EA841649684660C36195
:10514000F0BC016402627047002C01400040014045
:10515000036A23F480330362F0B4026A4668436D45
:10516000104F8D680C6823F4803322F4003223F052
:105170007003B84242EA054243EA040306D00A4CEF
:10518000A04203D004F58064A04204D14C6926F407
:10519000803646EA0426496846604365F0BC81656E
:1051A00002627047002C014000400140036A23F472
:1051B00080130362F0B4026A4668436D104F8D6835
:1051C0000C6823F0807322F4001223F4E043B84209
:1051D00042EA055243EA042306D00A4CA04203D017
:1051E00004F58064A04204D14C6926F4802646EA86
:1051F0008426496846604365F0BCC1650262704719
:10520000002C014000400140704700BF02230268AB
:1052100080F83D309168084B0B40062B06D0B3F563
:10522000803F03D0136843F001031360012380F82B
:105230003D300020704700BF0700010003680122D5
:10524000186A01F01F0102FA01F120EA010010B40E
:1052500018621A6A0F4C1143A342196206D00E4A13
:10526000934203D002F58062934203D15A6C42F418
:1052700000425A649968094A0A40062A06D0B2F5E3
:10528000803F03D01A6842F001021A6000205DF8E6
:10529000044B7047002C0140004001400700010012
:1052A000704700BFFFF7CABF234A0368904270B43B
:1052B00027D0B0F1804F0FD0A2F5943290420BD09E
:1052C00002F59E32904233D002F5806290422FD098
:1052D0004D698C680A680AE04A68CE684D698C6836
:1052E00023F07003134323F440730A68334323F01D
:1052F00080032B4303600123C462826270BC43615C
:1053000070474D68CC684A6923F070032B4323F43F
:105310004073234323F08003134303608B68C3620D
:105320000B6883620B690363012370BC43617047A0
:10533000CC684A69EBE700BF002C0140C0B110B552
:1053400090F83D30044603F0FF0263B1022321468A
:1053500084F83D3051F8040BFFF7A6FF012384F8D1
:105360003D30002010BD80F83C20FFF74DFFEDE7F9
:1053700001207047C0B110B590F83D30044603F0ED
:10538000FF0263B10223214684F83D3051F8040B3B
:10539000FFF78AFF012384F83D30002010BD80F81C
:1053A0003C20FFF77DFFEDE701207047036A23F003
:1053B00010030362F0B4026A46688369154F8D6872
:1053C0000C6823F0807322F0200223F4E643B842F5
:1053D00042EA051243EA042313D00F4CA04202D044
:1053E0000E4CA04206D1D1E9054526F440662C4377
:1053F00046EA8406496846608361F0BC81630262C4
:105400007047CC6822F0800242EA041222F0400287
:10541000E9E700BF002C014000400140004401408A
:1054200038B590F83C30012B00F0AA800D460223DD
:105430000121044680F83C1080F83D30142A1DD824
:10544000DFE802F00B1C1C1C3C1C1C1C551C1C1C0B
:105450006D1C1C1C861C1C1C230000682946FFF7C1
:10546000D9FD23682869996941F008019961996912
:1054700021F0040199619A6902439A610123002095
:1054800084F83D3084F83C0038BD00682946FFF7B9
:105490008DFE23682869596D41F400615965596D85
:1054A00021F4806159655A6D42EA00225A65002054
:1054B000012384F83D3084F83C00E5E70068294684
:1054C000FFF774FF23682869996941F400619961C5
:1054D000996921F4806199619A6942EA00229A618E
:1054E0000020012384F83D3084F83C00CCE70068BC
:1054F0002946FFF7C5FD23682869D96941F00801ED
:10550000D961D96921F00401D961DA690243DA610C
:105510000020012384F83D3084F83C00B4E70068A3
:105520002946FFF7E7FD23682869D96941F400613E
:10553000D961D96921F48061D961DA6942EA00222E
:10554000DA610020012384F83D3084F83C009BE7B9
:1055500000682946FFF7FCFD23682869596D41F072
:1055600008015965596D21F0040159655A6D0243CE
:105570005A650020012384F83D3084F83C0083E71D
:10558000022038BD0368104810B404221C6A01F0E0
:105590001F0102FA01F124EA01041C621A6A114394
:1055A00019625A6C42F400425A649A681040062804
:1055B00006D0B0F5803F03D01A6842F001021A60AD
:1055C00000205DF8044B704707000100FFF7DABFC9
:1055D000704700BFF8B50446B94823682569A2683A
:1055E0006669E1692A431D68324328400A43024341
:1055F0001A605A68E668B348A56922F440523243FB
:1056000083425A6078D09868226AAF4E20F43060A6
:105610002A430243B3429A6010D0AC4A93421DD051
:10562000AB4A934200F0EF80AA4A934200F0B78061
:1056300001230022C4E918221846F8BDA64BD3F86E
:10564000883003F00303013B022B40F2D580B1F513
:10565000004F00F0FF80FFF7B3F9B1E09E4B9F4A87
:10566000D3F8883003F00C03D35CB1F5004F26D09B
:10567000082B15D801A252F823F000BFF3570208F7
:1056800057560208D7570208A1560208BD5702080C
:10569000A1560208A1560208A15602088D57020819
:1056A00001230022A2F110004FF6EF718842BFD80B
:1056B0002168CA600022C4E918221846F8BD082BE8
:1056C00006D8DFE803F0BCC7CA05D5050505B30059
:1056D00001230022A2F110004FF6EF718842A7D8F3
:1056E000206822F00F01C2F342020A43C260002286
:1056F000C4E918221846F8BD9A68774922F4306246
:105700002A439A60D1F8885005F44065B5F5006FDA
:1057100000F089800AD8002D71D0B5F5806F87D14F
:10572000FEF754FD042140B9034682E7B5F5406F0A
:105730007FF47EAF08214FF40040626802EB420321
:1057400083423FF675AFB0EB023F3FF671AF0829D9
:105750003FF66EAF01A353F821F000BF07590208CE
:1057600031560208ED580208315602089D580208C9
:10577000315602083156020831560208775802089D
:10578000302B7FF455AFB1F5004F4FD061684A0818
:1057900002F500420023B2FBF1F292B282E74E4BD7
:1057A000D3F8883003F0C003802B11D038D8EBB188
:1057B000402B7FF43DAFB1F5004F59D0FEF706FD09
:1057C0006268002300EB5200B0FBF2F292B269E78C
:1057D000B1F5004F41D061684A0802F5740202F544
:1057E00010520023B2FBF1F292B25BE7B1F5004F29
:1057F00025D0FFF7D3F8E3E7394AD35C35E7FFF765
:10580000CDF829468FE7344BD3F8883003F03003C6
:10581000202BDDD0B4D8002BE8D0102BCBD007E75D
:10582000C02BB0D004E72F48022186E761684A0800
:1058300002F580320023B2FBF1F292B24AE7FFF7A1
:10584000ADF86268530803EB40000023B0FBF2F2AE
:1058500092B23FE7FFF7B4F8F3E761684A0802F154
:10586000F47202F590420023B2FBF1F292B231E7FA
:10587000FEF7ACFCE5E7500810F500004FF0000122
:105880004941002301F0C0F8A0F54072164B9A423E
:105890003FF6CEAE22680023D060CAE6FEF796FC43
:1058A00062684FF4807356080027E3FB00673046B8
:1058B0003946002301F0A8F8A0F54072E6E700BFE2
:1058C000F369FFEF008000400038014000440040D1
:1058D00000480040004C00400010024038AD020873
:1058E00034AD02080024F400FFFC0F000748530801
:1058F000C0184FF0000141F10001002301F084F8CD
:10590000A0F54072C2E7FFF749F8C9E7000024F4A8
:10591000436ADA0710B406D50168846A4A6822F43B
:10592000003222434A609C0706D50168C46A4A686F
:1059300022F4803222434A60590706D50168046B7D
:105940004A6822F4802222434A601A0706D5016879
:10595000446B4A6822F4004222434A60DC0606D5C2
:105960000168846B8A6822F4805222438A60990617
:1059700006D50168C46B8A6822F4005222438A600B
:105980005A0609D50168046C4A6822F48012224341
:10599000B4F5801F4A600BD01B0606D50268816CE7
:1059A000536823F400230B4353605DF8044B7047A6
:1059B0004A68446C22F4C00222434A60ECE700BF0C
:1059C0002DE9F843089F80460E4615469946D8F8BB
:1059D000002001E07B1C0AD1D46936EA04030CBF25
:1059E00001240024AC42F5D00020BDE8F883FDF787
:1059F0004DFAA0EB0900B84201D8002FE7D1D8F842
:105A000000301A6822F4D0721A609A68202122F0BD
:105A1000010200249A600320C8F8741088F87040CE
:105A2000C8F87810E1E700BF70B50446002682B0E0
:105A3000C667FDF72BFA23681A68120705460AD4D1
:105A40001B685B0716D420230020636784F870006E
:105A5000A36702B070BD6FF07E43009332460346E9
:105A60004FF400112046FFF7ABFF78B923681B689D
:105A70005B07E8D56FF07E4200922B4600224FF480
:105A800080012046FFF79CFF0028DCD0032002B0F5
:105A900070BD00BF70B3436F10B504462BB32268CE
:105AA00024236367136823F0010313602046FFF784
:105AB00091FD012817D0636A8BB923685A6822F4D4
:105AC00090425A609A6822F02A029A601A6842F05C
:105AD000010220461A60BDE81040FFF7A5BF20462E
:105AE000FFF716FFE9E7012010BD80F87030FFF7DF
:105AF0006FFDD4E7012070470268136823F040036C
:105B000010B513600446FFF72DF828B92268136812
:105B100043F04003136010BD0148FBF72BF8F5E795
:105B200048AD02082DE9F04F87B004460E460846FE
:105B30004949BDF9408017461D46FBF7A3F8474980
:105B400081463846FBF79EF84549034628460193AF
:105B5000FBF798F8434982464046FBF793F8019BD0
:105B6000834619464846FBF77BF85946814650461E
:105B7000FBF776F801464846FBF772F83A4BA06609
:105B8000984259D0394B984240D1394B9A6D42F4E2
:105B900080429A659B6D03F480430493049A242306
:105BA00084F864302C493046FBF738F82B493846E6
:105BB000FBF734F82A492846FBF730F8B8F1FF3FE5
:105BC000A4F86C70A4F86E60A4F87050A4F8728009
:105BD0002ED024494046FBF721F8A36E23603820DD
:105BE00000234FF4827507214FF4E062E061204604
:105BF000C4E90433C4E908336560A360A362E162C9
:105C0000E26007B0BDE8F04FFFF776BF03F58063B1
:105C10009842C7D1164B9A6D42F400429A659B6D2B
:105C200003F400430593059B332384F86430B9E7FC
:105C30004FF40073A361D0E703F560431A6E42F49A
:105C400080521A661B6E03F4805303932323039A36
:105C500084F86430A6E700BF90A7020830A70208C6
:105C6000F0A7020850A802080030014000380040A8
:105C70000010024010290CBF4FF470614FF4E06136
:105C8000012AC16018D0022A1DD0CAB10221012206
:105C9000C0E904128269B2F5007F05D0002B14BF61
:105CA00000224FF480228261002B14BF00234FF4A6
:105CB00082734360FFF720BF0021C0E90412E9E7C7
:105CC000C0E90422E6E70021C0E90421E2E700BFC1
:105CD00070B50D460646FDF779F800EBD073B5EBCD
:105CE000630F1CDA5A10002302EBD2740133B5EBB8
:105CF000640FDBB24FEA640208DA072BF4D13823D1
:105D0000F3613046BDE87040FFF7F6BE054A32F851
:105D10001330F3613046BDE87040FFF7EDBE00235D
:105D2000EEE700BF60AD020830B5C36887B0B3F5D9
:105D3000706F4FF0FF3403910CBF02230123002545
:105D4000009405AA03A90595FEF788FF10B90598E8
:105D500007B030BD2046FBE710B5002496B02146C1
:105D600005A84422CDE902440494F4F7B9F90121CD
:105D70006846CDE90014FEF779FD08B116B010BDF4
:105D8000022314224FF48070CDE90F334021059394
:105D9000119315930890072304240DEB0200CDE91D
:105DA000122309911494FEF76BFA03460028E5D1FB
:105DB0002146032268460F24CDE902330493CDE93E
:105DC0000042FEF753FD03460028D7D1102205A854
:105DD0000B930F930592FEF753FACFE738B5144CA7
:105DE000144BD4F88820144942F47002C4F8882077
:105DF0001A68002542F001021A609D601A6822F0BC
:105E0000A85222F410224FF480501A60D8601A6809
:105E10004FF0005022F480221A609D614FF4CA7244
:105E2000A060F2F779FFBDE83840FFF795BF00BFEB
:105E300000ED00E00010024000E00008254B25497D
:105E40001A682548120754BFD3F894301B688A6833
:105E500054BFC3F30323C3F3031302F00C02082A55
:105E600050F823300FD00C2A0FD01C49042A08BF49
:105E70000B46184A1A4892681A49C2F30312825C08
:105E8000D3400B607047184BF3E7C868CA6800F04E
:105E90000301C2F30212022902F1010215D0032903
:105EA00010D1114BB3FBF2F30A4AD168D268C2F3A6
:105EB00041620132C1F30621520003FB01F3B3FB3F
:105EC000F2F3D6E7B3FBF2F3EEE7044BB3FBF2F3E6
:105ED000EAE700BF0010024088AD02080024F40089
:105EE00070AD02083002002000127A0030B4084D74
:105EF000084C094A09490A4B002028602060012407
:105F000010600C60074A1A6030BCFAF737B900BF5E
:105F1000683200206C320020B03200203C27002084
:105F20007032002000040040024B1B6803B1704730
:105F3000FFF7DCBF3C27002038B5114B114A1B6826
:105F400011491160C3B111490F4C0D68626A104BC1
:105F5000104842EA05421A601D680268954207D25D
:105F60000A6801320A600968626A42EA01421A60FC
:105F70001A680260186838BDFFF7B8FFE3E700BF92
:105F80003C27002070320020000400403827002009
:105F9000683200206C32002010B50446FFF7CCFFB9
:105FA000A0420CD2084B09491C601A68084B0B60D0
:105FB00092B25A63DA6842F00202DA6010BDBDE8BC
:105FC0001040FBF729B800BFB0320020703200202B
:105FD00000040040034B044A1360DA6822F0020216
:105FE000DA6070470004004070320020044B054A1C
:105FF00013601A69920744BF6FF002021A6170477A
:10600000000400407032002081F0004102E000BF37
:1060100083F0004330B54FEA41044FEA430594EA68
:10602000050F08BF90EA020F1FBF54EA000C55EAA3
:10603000020C7FEA645C7FEA655C00F0E2804FEA74
:106040005454D4EB5555B8BF6D420CDD2C4480EA56
:10605000020281EA030382EA000083EA010180EA86
:10606000020281EA0303362D88BF30BD11F0004FD4
:106070004FEA01314FF4801C4CEA113102D040420A
:1060800061EB410113F0004F4FEA03334CEA133345
:1060900002D0524263EB430394EA050F00F0A7805D
:1060A000A4F10104D5F1200E0DDB02FA0EFC22FA58
:1060B00005F2801841F1000103FA0EF2801843FA4C
:1060C00005F359410EE0A5F120050EF1200E012A3D
:1060D00003FA0EFC28BF4CF0020C43FA05F3C0187B
:1060E00051EBE37101F0004507D54FF0000EDCF1F4
:1060F000000C7EEB00006EEB0101B1F5801F1BD39D
:10610000B1F5001F0CD349085FEA30004FEA3C0CA0
:1061100004F101044FEA445212F5800F80F09A8096
:10612000BCF1004F08BF5FEA500C50F1000041EB9A
:10613000045141EA050130BD5FEA4C0C404141EB9E
:10614000010111F4801FA4F10104E9D191F0000FC5
:1061500004BF01460020B1FA81F308BF2033A3F148
:106160000B03B3F120020CDA0C3208DD02F1140C3F
:10617000C2F10C0201FA0CF021FA02F10CE002F17A
:106180001402D8BFC2F1200C01FA02F120FA0CFC73
:10619000DCBF41EA0C019040E41AA2BF01EB0451BC
:1061A000294330BD6FEA04041F3C1CDA0C340EDCBA
:1061B00004F11404C4F1200220FA04F001FA02F3FD
:1061C00040EA030021FA04F345EA030130BDC4F1BB
:1061D0000C04C4F1200220FA02F001FA04F340EAB0
:1061E0000300294630BD21FA04F0294630BD94F061
:1061F000000F83F4801306BF81F480110134013D48
:106200004EE77FEA645C18BF7FEA655C29D094EAB8
:10621000050F08BF90EA020F05D054EA000C04BF36
:106220001946104630BD91EA030F1EBF0021002021
:1062300030BD5FEA545C05D14000494128BF41F0C0
:10624000004130BD14F580043CBF01F5801130BD24
:1062500001F0004545F0FE4141F470014FF00000AF
:1062600030BD7FEA645C1ABF194610467FEA655C60
:106270001CBF0B46024650EA013406BF52EA033502
:1062800091EA030F41F4002130BD00BF90F0000FF0
:1062900004BF0021704730B54FF4806404F132042C
:1062A0004FF000054FF0000150E700BF90F0000FE5
:1062B00004BF0021704730B54FF4806404F132040C
:1062C00010F0004548BF40424FF000013EE700BFDC
:1062D00042004FEAE2014FEA31014FEA02701FBF6C
:1062E00012F07F4393F07F4F81F06051704792F03E
:1062F000000F14BF93F07F4F704730B54FF46074B8
:1063000001F0004521F0004120E700BF50EA010202
:1063100008BF704730B54FF000050AE050EA0102AF
:1063200008BF704730B511F0004502D5404261EB1F
:1063300041014FF4806404F132045FEA915C3FF460
:10634000DCAE4FF003025FEADC0C18BF03325FEAF9
:10635000DC0C18BF033202EBDC02C2F1200300FAAE
:1063600003FC20FA02F001FA03FE40EA0E0021FAD3
:1063700002F11444C1E600BF70B54FF0FF0C4CF4BD
:10638000E06C1CEA11541DBF1CEA135594EA0C0F73
:1063900095EA0C0F00F0DEF82C4481EA030621EAAE
:1063A0004C5123EA4C5350EA013518BF52EA0335E9
:1063B00041F4801143F4801338D0A0FB02CE4FF09B
:1063C0000005E1FB02E506F00042E0FB03E54FF0CB
:1063D0000006E1FB03569CF0000F18BF4EF0010EC3
:1063E000A4F1FF04B6F5007F64F5407404D25FEABF
:1063F0004E0E6D4146EB060642EAC62141EA555172
:106400004FEAC52040EA5E504FEACE2EB4F1FD0CB3
:1064100088BFBCF5E06F1ED8BEF1004F08BF5FEA31
:10642000500E50F1000041EB045170BD06F00046E3
:1064300046EA010140EA020081EA0301B4EB5C0490
:10644000C2BFD4EB0C0541EA045170BD41F4801188
:106450004FF0000E013C00F3AB8014F1360FDEBFAD
:10646000002001F0004170BDC4F10004203C35DA89
:106470000C341BDC04F11404C4F1200500FA05F30C
:1064800020FA04F001FA05F240EA020001F00042AD
:1064900021F0004110EBD37021FA04F642EB060123
:1064A0005EEA430E08BF20EAD37070BDC4F10C044D
:1064B000C4F1200500FA04F320FA05F001FA04F211
:1064C00040EA020001F0004110EBD37041F10001FD
:1064D0005EEA430E08BF20EAD37070BDC4F1200508
:1064E00000FA05F24EEA020E20FA04F301FA05F270
:1064F00043EA020321FA04F001F0004121FA04F218
:1065000020EA020000EBD3705EEA430E08BF20EAE7
:10651000D37070BD94F0000F0FD101F00046400021
:1065200041EB010111F4801F08BF013CF7D041EAA3
:10653000060195F0000F18BF704703F000465200A7
:1065400043EB030313F4801F08BF013DF7D043EA78
:106550000603704794EA0C0F0CEA135518BF95EA2E
:106560000C0F0CD050EA410618BF52EA4306D1D1B5
:1065700081EA030101F000414FF0000070BD50EAD4
:10658000410606BF1046194652EA430619D094EA5E
:106590000C0F02D150EA013613D195EA0C0F05D148
:1065A00052EA03361CBF104619460AD181EA03019C
:1065B00001F0004141F0FE4141F470014FF0000054
:1065C00070BD41F0FE4141F4780170BD70B54FF0EF
:1065D000FF0C4CF4E06C1CEA11541DBF1CEA13556F
:1065E00094EA0C0F95EA0C0F00F0A7F8A4EB050451
:1065F00081EA030E52EA03354FEA013100F0888048
:106600004FEA03334FF0805545EA131343EA126310
:106610004FEA022245EA111545EA10654FEA0026C5
:106620000EF000419D4208BF964244F1FD0404F57E
:10663000407402D25B084FEA3202B61A65EB0305DA
:106640005B084FEA32024FF480104FF4002CB6EB97
:10665000020E75EB030E22BFB61A754640EA0C0017
:106660005B084FEA3202B6EB020E75EB030E22BF57
:10667000B61A754640EA5C005B084FEA3202B6EB98
:10668000020E75EB030E22BFB61A754640EA9C0057
:106690005B084FEA3202B6EB020E75EB030E22BF27
:1066A000B61A754640EADC0055EA060E18D04FEAE5
:1066B000051545EA16754FEA06164FEAC30343EA85
:1066C00052734FEAC2025FEA1C1CC0D111F4801F52
:1066D0000BD141EA00014FF000004FF0004CB6E74B
:1066E00011F4801F04BF01430020B4F1FD0C88BFEA
:1066F000BCF5E06F3FF6AFAEB5EB030C04BFB6EBF5
:10670000020C5FEA500C50F1000041EB045170BDE7
:106710000EF0004E4EEA113114EB5C04C2BFD4EB14
:106720000C0541EA045170BD41F480114FF0000E98
:10673000013C90E645EA060E8DE60CEA135594EA14
:106740000C0F08BF95EA0C0F3FF43BAF94EA0C0F17
:106750000AD150EA01347FF434AF95EA0C0F7FF48C
:1067600025AF104619462CE795EA0C0F06D152EAE0
:1067700003353FF4FDAE1046194622E750EA4106C4
:1067800018BF52EA43067FF4C5AE50EA41047FF4D5
:106790000DAF52EA43057FF4EBAE12E74FF0FF3C3A
:1067A00006E000BF4FF0010C02E000BF4FF0010C0B
:1067B0004DF804CD4FEA410C7FEA6C5C4FEA430C84
:1067C00018BF7FEA6C5C1BD001B050EA410C0CBFD3
:1067D00052EA430C91EA030F02BF90EA020F002035
:1067E000704710F1000F91EA030F58BF994208BF9C
:1067F00090422CBFD8176FEAE37040F00100704759
:106800004FEA410C7FEA6C5C02D150EA013C07D1AF
:106810004FEA430C7FEA6C5CD6D152EA033CD3D0FA
:106820005DF8040B704700BF8446104662468C46F4
:106830001946634600E000BF01B5FFF7B7FF002827
:1068400048BF10F1000F01BD4DF808EDFFF7F4FF50
:106850000CBF012000205DF808FB00BF4DF808EDDB
:10686000FFF7EAFF34BF012000205DF808FB00BFFE
:106870004DF808EDFFF7E0FF94BF012000205DF820
:1068800008FB00BF4DF808EDFFF7CEFF94BF0120D5
:1068900000205DF808FB00BF4DF808EDFFF7C4FFCE
:1068A00034BF012000205DF808FB00BF4FEA410C17
:1068B0007FEA6C5C02D150EA013C0AD14FEA430CFA
:1068C0007FEA6C5C02D152EA033C02D14FF0000037
:1068D00070474FF0010070474FEA410212F5001275
:1068E00015D211D56FF47873B3EB625212D94FEA17
:1068F000C12343F0004343EA505311F0004F23FA01
:1069000002F018BF404270474FF00000704750EA55
:10691000013005D111F0004008BF6FF00040704712
:106920004FF00000704700BF4A0011D212F500126C
:1069300011D20DD56FF47873B3EB62520ED44FEAD7
:10694000C12343F0004343EA505323FA02F0704757
:106950004FF00000704750EA013002D14FF0FF3095
:1069600070474FF0000070474FEA4102B2F1E04338
:1069700024BFB3F5001CDCF1FE5C0DD901F0004C26
:106980004FEAC0024CEA5070B2F1004F40EB830076
:1069900008BF20F00100704711F0804F21D113F1A2
:1069A0003872BCBF01F00040704741F480114FEADB
:1069B0005252C2F11802C2F1200C10FA0CF320FA64
:1069C00002F018BF40F001004FEAC1234FEAD32381
:1069D00003FA0CFC40EA0C0023FA02F34FEA4303EB
:1069E000CCE77FEA625307D150EA01331EBF4FF074
:1069F000FE4040F44000704701F0004040F0FE408F
:106A000040F40000704700BF53B94AB9002908BFDD
:106A100000281CBF4FF0FF314FF0FF3000F0DAB913
:106A2000ADF1080C6DE904CE00F066F8DDF804E085
:106A3000DDE9022304B070472DE9F84382EAE274ED
:106A4000A4EBE2741546E20758BFDFF860900646F3
:106A50000F4652BF4FF00008804689466408324610
:106A60003B463046394613D0FFF786FCE30706461F
:106A70000F46F3D54046494632463B46FFF77CFC7D
:106A800064088046894632463B4630463946EBD15B
:106A9000002D07DA42464B4600200449FFF796FDD9
:106AA0008046894640464946BDE8F8830000F03FED
:106AB000D0B500220E4B06460F46FFF75DFCFFF7F0
:106AC00033FF0446FFF7E2FB00220A4BFFF754FCBA
:106AD00002460B4630463946FFF79AFAFFF724FF85
:106AE0002346002242EA000210461946D0BD00BFEC
:106AF0000000F03D0000F0412DE9F0478C460D46C6
:106B00000446089E002B51D18A4217466DD9B2FA2D
:106B100082FEBEF1000F0BD0CEF1200C01FA0EF573
:106B200020FA0CFC02FA0EF74CEA050C00FA0EF4FF
:106B30004FEA174A250CBCFBFAF81FFA87F90AFB43
:106B400018CC45EA0C4508FB09F3AB420AD9ED190C
:106B500008F1FF3280F02381AB4240F22081A8F19E
:106B600002083D44ED1AA4B2B5FBFAF00AFB105539
:106B700044EA054400FB09F9A14509D9E41900F1EB
:106B8000FF3380F00A81A14540F2078102383C447E
:106B9000A4EB090440EA08400021002E61D024FA49
:106BA0000EF4002334607360BDE8F0878B4207D990
:106BB000002E54D0002186E821000846BDE8F08769
:106BC000B3FA83F1002940F08E80AB4202D38242B7
:106BD00000F2FA80841A65EB03050120AC46002E12
:106BE0003FD086E81010BDE8F08712B90127B7FB47
:106BF000F2F7B7FA87FEBEF1000F34D1EB1B3A0C67
:106C00001FFA87FC0121B3FBF2F8250C02FB1833B5
:106C100045EA03450CFB08F3AB4207D9ED1908F12F
:106C2000FF3002D2AB4200F2D1808046ED1AA3B20F
:106C3000B5FBF2F002FB105543EA05440CFB00FCE7
:106C4000A44507D9E41900F1FF3302D2A44500F2AC
:106C5000B8801846A4EB0C0440EA08409DE7314692
:106C60003046BDE8F087CEF1200405FA0EF307FAAE
:106C70000EF720FA04F83A0C25FA04F448EA03085F
:106C8000B4FBF2F14FEA184502FB11441FFA87FCEE
:106C900045EA044501FB0CF3AB4200FA0EF409D9B6
:106CA000ED1901F1FF3080F08A80AB4240F287801D
:106CB00002393D44EB1A1FFA88F5B3FBF2F002FBF0
:106CC000103345EA034500FB0CF3AB4207D9ED193D
:106CD00000F1FF386FD2AB426DD902383D44EB1A58
:106CE00040EA01418FE7C1F1200722FA07F88B4003
:106CF00005FA01F448EA030320FA07FE4FEA134CB1
:106D0000FD404EEA040EB5FBFCF94FEA1E440CFBB5
:106D100019551FFA83F844EA054509FB08F4AC420B
:106D200002FA01F200FA01FA08D9ED1809F1FF3070
:106D300043D2AC4241D9A9F102091D442D1B1FFACF
:106D40008EFEB5FBFCF00CFB10554EEA054400FB33
:106D500008F8A04507D9E41800F1FF3529D2A0456D
:106D600027D902381C4440EA0940A4EB0804A0FBE0
:106D700002894C45C6464D4615D312D056B1BAEBE2
:106D80000E0364EB050404FA07F7CB401F43CC4025
:106D9000376074600021BDE8F0871846F8E6904639
:106DA000E0E6C245EAD2B8EB020E69EB0305013812
:106DB000E4E72846D7E7404691E78146BEE701462B
:106DC00078E702383C4445E7084608E7A8F102089E
:106DD0003D442BE7704700BF30B5214A21F0004306
:106DE000934287B01BDD1F4A934205DD02460B46E6
:106DF000FFF70EF907B030BD02AAEAF701FE00F076
:106E00000303012B1BD0022B0FD013B30124DDE9A8
:106E10000423DDE902010094EBF732FEEAE70022E9
:106E20000023EBF7D9F807B030BDDDE90423DDE935
:106E30000201EBF7D1F801F1004107B030BDDDE907
:106E400004450093DDE9020122462B46EBF718FECC
:106E5000F1E7DDE90423DDE90201EBF7BDF8C9E75D
:106E6000FB21E93FFFFFEF7F21F00041704700BFAA
:106E700030B51F4A21F00043934287B01CDD1D4A04
:106E8000934205DD02460B46FFF7C2F807B030BD5E
:106E900002AAEAF7B5FD00F003000128DDE90423AA
:106EA00019D0022810D0D8B1DDE90201EBF794F82F
:106EB00001F1004107B030BD002300930022002300
:106EC000EBF7DEFD07B030BD0124DDE902010094DF
:106ED000EBF7D6FDECE7DDE90201EBF77DF8D5E74E
:106EE0000124DDE902010094EBF7CAFDCEE700BF03
:106EF000FB21E93FFFFFEF7F30B5144A21F000434B
:106F0000934287B019DD124A934205DD02460B46D3
:106F1000FFF77EF807B030BD02AAEAF771FD440022
:106F200004F00204C4F10104DDE90423DDE90201F7
:106F30000094EBF75DFE07B030BD01230093002203
:106F40000023EBF755FE07B030BD00BFFB21E93F42
:106F5000FFFFEF7F354A21F000439342D0B506464C
:106F60000F460C460DDD002F02460B464FF0000089
:106F70002F4932DBFFF72AFB00222D4BFFF74AF89F
:106F8000D0BD2C4A934207DD29490020002C02DAAB
:106F900001F100431946D0BDB3F1725F24DB264AEC
:106FA00093422ADDFFF760FF02460B46FFF732F8F7
:106FB000ECF70AF800224FF08043FFF72BF8024667
:106FC0000B4600204FF08041FFF700FB02460B46C6
:106FD00000201749FFF71CF8D8E7FFF7F7FA00225F
:106FE000134BFFF715F8D0BD0022114BFFF712F835
:106FF00032463B46FFF7C0F9D0BDFFF735FF002210
:107000004FF04043FFF7B8F9EBF7DEFF00224FF0F7
:107010008043064601F10047FEF7FCFF02460B469F
:1070200030463946FFF7D2FAB0E700BFFFFFEF7FE7
:107030000000F03FFFFF3540FFFFEF3FF8B5C1F321
:107040000A56A6F2FF34132C0D460ADC002C1BDB7B
:10705000114941FA04F4002225EA040310461946B6
:10706000F8BD332C05DDB4F5806F02460B460FD01A
:10707000F8BD4FF0FF31A6F2134621FA06F620EADA
:10708000060210462946F8BD002005F00041F8BD73
:10709000FEF7C0FFF8BD00BFFFFF0F0000B585B0D1
:1070A000234A0190019B23F0004393421DDDB3F17D
:1070B000FF4F08DBDDED017A77EEE77A17EE900AF5
:1070C00005B05DF804FB02A900F04EFE00F00302DB
:1070D000012A1DD0022A12D01AB301220399029864
:1070E00001F0C0FB07EE900AE8E7002100F0D8FFAE
:1070F00007EE900A17EE900A05B05DF804FB0399BD
:10710000029800F0CDFF07EE900AF1EE677AD5E71E
:107110000399029801F0A6FB07EE900AF1EE677A58
:10712000CCE70399029800F0BBFF07EE900AC5E791
:10713000D80F493F00B585B0244A0190019B23F048
:10714000004393421EDDB3F1FF4F08DBDDED017A12
:1071500077EEE77A17EE900A05B05DF804FB02A916
:1071600000F002FE00F00300012820D0022814D015
:1071700020B30399029800F093FF07EE900AF1EE16
:10718000677AE7E70022002101F06CFB07EE900A26
:1071900017EE900A05B05DF804FB012203990298EE
:1071A00001F060FB07EE900AF1EE677AD2E70399EF
:1071B000029800F075FF07EE900ACBE701220399D1
:1071C000029801F04FFB07EE900AC3E7D80F493F42
:1071D0002DE9F043DFF89C808BB004460D46E8F7BC
:1071E0007BFB98F90030013306460F462BD0224630
:1071F0002B4620462946FFF759FB814618BB2046FF
:107200002946FFF731FE0022174BFFF745FBD0B1AF
:10721000164B1748CDF8209001228DE80C00CDE9DF
:107220000445CDE9024501F073FB98F90030022BCB
:10723000CDE906010CD0684601F068FB40B1089B1F
:107240006BB9DDE90667304639460BB0BDE8F0831F
:1072500001F0DAFC21230360089B002BF1D001F040
:10726000D3FC089B0360ECE70000F03FB8AD0208D8
:107270003CAC0208060400202DE9F0438BB0044624
:107280000D46E8F77DFD244B93F90080B8F1FF3FF0
:1072900006460F460ED022462B4620462946FFF7CB
:1072A00005FB814630B900221C4B20462946FFF7DA
:1072B000D5FA20B9304639460BB0BDE8F08300223C
:1072C00000230127164ECDF8209010461946CDE92F
:1072D0000445CDE9024500970196FFF777F9B8F12B
:1072E000020FCDE906010CD0684601F00FFB40B15A
:1072F000089B5BB9DDE90667304639460BB0BDE84F
:10730000F08301F081FC21230360F1E701F07CFCB4
:10731000089B0360EEE700BF060400200000F03F7A
:10732000C0AD02082DE9F043DFF89C808BB0044625
:107330000D46E8F7B5FD98F90030013306460F46D3
:107340002BD022462B4620462946FFF7AFFA81462E
:1073500018BB20462946FFF787FD0022174BFFF791
:107360009BFAD0B1164B1748CDF8209001228DE83A
:107370000C00CDE90445CDE9024501F0C9FA98F9C0
:107380000030022BCDE906010CD0684601F0BEFAB0
:1073900040B1089B6BB9DDE90667304639460BB052
:1073A000BDE8F08301F030FC21230360089B002B33
:1073B000F1D001F029FC089B0360ECE70000F03FEE
:1073C000C8AD02083CAC020806040020E8F790BFF4
:1073D0002DE9F04FDFF8DCA08BB004460D46E9F74D
:1073E00083F89AF90030013306460F4638D022461A
:1073F0002B4620462946FFF759FA834680BB204694
:107400002946FFF731FD0022284B80468946FFF7C9
:1074100039FA28B3254B404649460022FFF73CFA8B
:10742000034610B30023002219460127204ECDF851
:1074300020B01046CDE90445CDE9024500970196FC
:10744000FFF7C4F89AF90030022BCDE9060121D0EC
:10745000684601F05BFAE8B1089B13BBDDE90667FB
:10746000304639460BB0BDE8F08F0227089320461E
:10747000002329460E4E00970022CDE90445CDE9B0
:1074800002450196FFF7A2F89AF90030BB42CDE918
:107490000601DDD101F0B8FB21230360089B002B1E
:1074A000DCD001F0B1FB089B0360D7E70000F03FA0
:1074B000D0AD0208060400202DE9F04F8BB01D4628
:1074C00006460F46144600F06FFA284B93F900A0C9
:1074D000BAF1FF3F804689462CD022462B462046F3
:1074E0002946FFF7E3F928BB32463B46304639468A
:1074F000FFF7DCF98346E8B900220023204629463D
:10750000FFF7A2F9B0B11A4BCDF820B00122CDE9B6
:107510000267CDE904458DE80C00BAF1000F0ED1E9
:10752000CDE90667684601F0F1F998B1089BC3B947
:10753000DDE90689404649460BB0BDE8F08F0022E0
:10754000002310461946FFF741F8BAF1020FCDE9C2
:107550000601E7D101F058FB21230360089B002BB3
:10756000E6D001F051FB089B0360E1E70604002030
:10757000E4AD02082DE9F0438BB004460D46E9F76F
:1075800067FA374B93F90060731C804689460DD02B
:1075900022462B4620462946FFF788F930B90022BB
:1075A000002320462946FFF777F920B14046494697
:1075B0000BB0BDE8F0832B4B0890CDE90245CDE937
:1075C00004450193DEB9284F4FF060462046294616
:1075D00000220023CDE90667FFF736F9002837D0EF
:1075E00002230093684601F091F9C8B1089BE3B902
:1075F000DDE90689404649460BB0BDE8F083DFF877
:1076000070904FF000082046294600220023CDE963
:107610000689FFF719F968B102239E420093E1D170
:1076200001F0F2FA22230360E0E701F0EDFA089B93
:107630000360DDE70123022E00930BD101F0E4FA91
:1076400021230360094801F063F9CDE90601CDE784
:1076500001230093684601F059F90028F2D1EDE7C3
:1076600006040020ECAD0208FFFFEFC73CAC0208A7
:107670000000F0FF2DE9F0438BB004460D46E9F71A
:10768000DBFB384B93F90060731C804689460ED0B3
:1076900022462B4620462946FFF708F9074630B90F
:1076A0000022002320462946FFF7E2F820B9404691
:1076B00049460BB0BDE8F0832B4B0897CDE9024556
:1076C000CDE904450193DEB9284F4FF060462046CE
:1076D000294600220023CDE90667FFF7B5F8002808
:1076E00037D002230093684601F010F9C8B1089B17
:1076F000E3B9DDE90689404649460BB0BDE8F083B1
:10770000DFF870904FF00008204629460022002341
:10771000CDE90689FFF798F868B102239E420093ED
:10772000E1D101F071FA22230360E0E701F06CFA85
:10773000089B0360DDE70123022E00930BD101F0CB
:1077400063FA212303600A4801F0E2F8CDE906015B
:10775000CDE701230093684601F0D8F80028F2D164
:10776000EDE700BF06040020F0AD0208FFFFEFC701
:107770003CAC02080000F0FF2DE9F0432B4E8BB02B
:1077800080468946EAF760FB96F9003001330446EB
:107790000D4603D001F0B4F8074620B12046294633
:1077A0000BB0BDE8F0834046494601F0A9F8002837
:1077B000F4D01F4B96F90040089703228DE80C0087
:1077C000CDE90489CDE902894046494600220023DB
:1077D000A4B9FFF761F84FF0604210B3154BCDE943
:1077E0000623684601F092F888B1089BA3B9DDE949
:1077F0000645204629460BB0BDE8F083FFF74CF85C
:10780000002280B10C4B022CCDE90623E9D101F016
:10781000FBF922230360E8E701F0F6F9089B036017
:10782000E5E7064BDBE7064BEDE700BF060400206B
:10783000FCAD0208FFFFEF470000F07FFFFFEFC73E
:107840000000F0FF2DE9F04F8BB004460D4600F02C
:10785000CFF9294B93F900A0BAF1FF3F06460F4636
:1078600012D022462B4620462946FFF71FF88346B2
:1078700050B94FF000084FF0000920462946424613
:107880004B46FEF7EBFF20B9304639460BB0BDE85A
:10789000F08F1A4BCDF820B00122CDE90445CDE997
:1078A00002458DE80C00BAF1000F17D042464B4656
:1078B00040464946FEF78AFEBAF1020FCDE90601BD
:1078C0000ED101F0A1F921230360089B73B9DDE912
:1078D0000667304639460BB0BDE8F08FCDE9068922
:1078E000684601F013F80028EFD1EAE701F08CF9BF
:1078F000089B0360EBE700BF0604002004AE02080B
:1079000010B52DED028B8AB008EE100A00F076FB60
:10791000234B93F90040631C09D0B4EE488AF1EE82
:1079200010FA04D6B5EEC08AF1EE10FA03D40AB00C
:10793000BDEC028B10BD01231A4A009318EE100A09
:10794000002301920893FEF7C3FC0022CDE9040155
:10795000CDE902010023ACB110461946FEF736FE10
:10796000022CCDE906010FD101F04EF9212303606D
:10797000089B7BB9DDE90601FEF7F6FF0AB0BDEC16
:10798000028B10BDCDE90623684600F0BFFF00283A
:10799000EED1E9E701F038F9089B0360EAE700BFA0
:1079A000060400200CAE02082DE9F84F904623F0A3
:1079B000004A944658EA0A02994604460D4623D0E6
:1079C0001E4683460346834821F0004282421BDC68
:1079D000C8F1000040EA0800DFF810E24AEAD0707F
:1079E000704511D85245474601F0004E18DC28DB9F
:1079F000444526D314D1784B4FEADE7E03EBCE0309
:107A0000D3E90001BDE8F88F42464B46204629469F
:107A1000FEF7B2FC02460B46FEF7D8FDBDE8F88F34
:107A2000B2F5801F11DA002A40F09C80BBF1000FF4
:107A30005C466A480CDD6400002C00F1FF30FADC83
:107A400006E020462946BDE8F88F1015A0F2FF3069
:107A5000BAF5801F0EDABAF1000F40F09780BCF142
:107A6000000F65465D4C09DD6D00002D04F1FF340B
:107A7000FADC03E04FEA2A54A4F2FF34584DA8423E
:107A800056DBC1F3130242F4801255498C425BDB92
:107A9000C6F3130646F48016001B07E051EA0503FF
:107AA00012D0EA0F02EB41026B000138DD1B911B83
:107AB00098B1BB4238BF01F1FF310029EEDAD90F8E
:107AC00001EB42025B00F0E7434B4FEADE7E03EB43
:107AD000CE0EDEE90001BDE8F88FBB420E4638BF8E
:107AE00001F1FF36002EACBFDB1B164656EA03023F
:107AF000EAD03C498E4208DCDA0F02EB46068E42A1
:107B000004F1FF344FEA4303F6DD354A944246DA86
:107B1000121B142A4EDCC2F1200123FA02F006FAED
:107B200001F30343164146EA0E011846BDE8F88FFB
:107B30002D1A1F2D24DCC5F120032BFA03F3AA40D4
:107B40001A430BFA05F3A0E7091B1F2912DCC1F148
:107B500020060AFA01FA2CFA06F646EA0A060CFA98
:107B600001F799E71E48D4026400002C00F1FF30B1
:107B7000FADC6DE71C4E361B0CFA06F600278BE785
:107B8000194A121A0BFA02F200237EE7144C4FEA4C
:107B9000CA256D00002D04F1FF34FADC6EE7A6F56E
:107BA000801646EA0E0E04F2FF324EEA02511846E3
:107BB000BDE8F88F1F2A06DCC2F120018E40D340B9
:107BC00033437646AFE7084B1B1B46FA03F3764672
:107BD000A9E700BFFFFFEF7F08990208EDFBFFFF59
:107BE00002FCFFFFFFFF0F00E2FBFFFF0000F07F42
:107BF0002DE9F0415B4F8F4304460D4600F0918024
:107C000000290B4602466EDD0F157AD0A7F2FF372A
:107C1000C3F31303F80743F480135FD403EBD2716B
:107C200000260B447F105200B64616204FF4001178
:107C30000EEB01049C424FEAD2754FEA420203DC8C
:107C40001B1B04EB010E0E44013805EB43034FEA06
:107C50005101EDD1844620244FF0004109E020D0AD
:107C600003EBD275013C4FEA51012B444FEA42022B
:107C700020D0734501EB0C05F1DD002D05EB010C67
:107C800009DBF0469542A3EB0E0300D9013B521BE2
:107C90000844C646E4E7BCF1000FF2DB0EF1010830
:107CA000F0E79542DCD8002D05EB010C45DB98464A
:107CB0000023ECE7134302D0411C42D001304408BA
:107CC0007310F20703F17F5303F5001348BF44F02C
:107CD000004403EB07512046BDE8F0815B0003EB55
:107CE000D27352009AE7064621F000473E4322D065
:107CF00071BB0F46D30A153F5205002BFAD0DE02A6
:107D000021D4002400E004465B00DD0204F1010000
:107D1000F9D5C0F1200122FA01F10B433F1B82404B
:107D200074E702460B46FEF727FB22462B46FEF77A
:107D300071F9BDE8F081BDE8F081BCF1000FADDA6A
:107D4000B5E70136BCE7002020214FF0FF34E2E721
:107D500002460B46FEF75CF902460B46FEF736FC80
:107D6000BDE8F0810000F07F70B5964A20F0004435
:107D7000944286B06ADD944A944206461CDC002890
:107D8000DFED927A924A24F00F0407EE100A40F3D6
:107D9000E180944277EE677A68D09FED8E7A77EE35
:107DA000C76A012077EEE67AC1ED006A77EEC77AFE
:107DB000C1ED017A06B070BD874A94420D4667DD79
:107DC000B4F1FF4F48DAE215863AA4EBC25307EE4E
:107DD000903ABDEEE77ADFED816AB8EEC77A77EECA
:107DE000C77A8DED037A67EEA67ABDEEE77AB8EE34
:107DF000C77A77EEC77A8DED047A67EEA67AF5EE4C
:107E0000407AF1EE10FACDED057A40F0B680B5EE8D
:107E1000407AF1EE10FA0CBF012302237049019160
:107E20000221009103A8294600F0C4F9002E11DABE
:107E300095ED007AD5ED017AB1EE477AF1EE677AE9
:107E4000404285ED007AC5ED017A03E0002208602A
:107E50004A60002006B070BD07EE900A77EEE77A20
:107E60000020C1ED017AC1ED007AF3E7DFED5D6A34
:107E70009FED5D7A77EEE67A012077EEC76A77EEBE
:107E8000E67AC1ED006A77EEC77AC1ED017AE1E7E3
:107E900000F0CEFD9FED556A9FED4C5A9FED4D7A57
:107EA00007EE900AF6EE006AE7EE866AFDEEE66AF5
:107EB000B8EEE66A16EE900AF1EE465A1F28E5EE95
:107EC000857A26EE077A1DDC494A411E24F0FF031D
:107ED00052F82120934215D077EEC76AC5ED006AAB
:107EE00077EEE67A002E77EEC77AC5ED017AB1DA41
:107EF000F1EE666AF1EE677AC5ED006AC5ED017ACA
:107F00004042A7E777EEC76AE41516EE903AC3F34E
:107F1000C753E31A082BE1DD9FED327ADFED326AB9
:107F2000B0EE675AA5EE875A77EEC57AE5EE877A06
:107F3000D6EE267A75EE676AB0EE677A16EE903A5C
:107F4000C3F3C753E41A192C2CDCC5ED006AF0EE1C
:107F5000457AC5E7944277EE277A10D09FED1D7AD7
:107F600077EE876A4FF0FF3077EEE67AC1ED006A70
:107F700077EE877AC1ED017A6CE703234EE7DFEDF8
:107F8000196A9FED197A77EEA67A4FF0FF3077EEF7
:107F9000876A77EEE67AC1ED006A77EE877AC1EDFF
:107FA000017A57E7DFED136ADFED134AF0EE457A09
:107FB000E5EEA67A35EE677AA5EEA67A96EE247AF5
:107FC0008AE700BFD80F493FE3CB1640800FC93F77
:107FD000D00FC93F43443537800F494300008043E9
:107FE0001CB002080044353708A3852E84F9223FCF
:107FF0009CAF020800A3852E32318D2420F0004270
:10800000B2F1FF4F07EE900A31D292B30028034637
:108010003EDBB2F5000F70B44FEAE0502CD3A0F174
:108020007F02C3F31603D10743F4000348BF5B008C
:10803000002456105B00254619214FF08072A818C5
:10804000984202DC1B1A8518144401394FEA430395
:108050004FEA5202F3D113B1013424F00104641049
:1080600004F17C5404EBC653184670BC7047E7EE2D
:10807000A77A17EE900A704713F4000201D00CE0C3
:108080000A465B001C0202F10101F9D5801AC6E71D
:1080900037EEE77AC7EE077AEBE74FF0FF32F5E706
:1080A00020F00043B3F1485F06EE100A06EE901A86
:1080B0002EDAFDEEC67A17EE903A002B64D026EE4B
:1080C000067ADFED343A9FED344ADFED344A9FED16
:1080D000345ADFED347ADFED345AA7EE234AE7EE67
:1080E000044AA7EE245AE7EE057AE7EE275A65EE32
:1080F000875A66EEC66AB6EE006AE7EE256AF7EEC4
:10810000007AD7EE066A77EEE67A17EE900A7047A5
:1081100026EE067ADFED1F3A9FED1F4ADFED1F4A7C
:108120009FED1F5ADFED1F7ADFED1F5A1F4AA7EEA2
:10813000234A9342E7EE044AA7EE245AE7EE057A73
:10814000E7EE275A65EE875AD3DD194A934216DCCB
:1081500003F17F4307EE903AB7EE005A35EE675AC7
:1081600066EEC66AB6EE006AE7EE256AD7EE067AD4
:1081700077EEE67A75EE677A17EE900A7047B6EEFC
:10818000075AF5EE027AEBE7F7EE007A17EE900A5F
:10819000704700BF4ED747ADF6740F317CF293B4F1
:1081A000010DD037610BB6BAABAA2A3D9999993E19
:1081B0000000483F2DE9F04F2DED048BD9B003F1BD
:1081C000FF390493D31E48BF131DDA4C669D0291FC
:1081D000DB1023EAE373194654F825600693013354
:1081E000A2EBC3030193A1EB090316EB090182463D
:1081F00016D419449FEDD07A679801311CAA002B40
:10820000A4BF50F8234007EE904A03F10103ACBF2E
:10821000F8EEE77AF0EE477A8B42E2EC017AEED1A3
:10822000002EC0F21783049B44AD9C00771C1CAB4E
:1082300005EB870718190AEB0401B9F1000FC0F22A
:108240008582DFEDBD7A53460246F3EC016A32EDDA
:10825000017A8B42E6EE877AF7D1E5EC017ABD42EE
:1082600000F10400E9D106F18043013B9B0008AD19
:108270001A1FAA18B3460396DFEDB18A9FEDAF8AA5
:10828000019E0792544405EB030844AF4FEA8B026A
:1082900058AB1344BBF1000F53ED146A18DD07A966
:1082A00007EB8B0366EEA87AB0EE667AFDEEE77A0E
:1082B00033ED016AF8EEE77ABB42A7EEC87A77EEB3
:1082C000866ABDEEC77A17EE100A41F8040FE9D1AD
:1082D000314616EE900A059200F008FC09EE100AED
:1082E000F4EE007A69EE277A17EE900A00F0A4FB0C
:1082F00007EE100AF2EE007AA7EE679A002E059AB2
:10830000FDEEC99AF0EE497AB8EEE99A37EEC99ACD
:1083100040F3CB800BF1FF3EC6F1080355F82E0069
:1083200040FA03F101FA03F3C01A45F82E0019EEE2
:1083300090EA8E44C6F1070309EE90EA184100283E
:1083400053DD19EE903ABBF1000F03F1010309EE82
:10835000903A40F31A822968002940F07182BBF1FB
:10836000010F40F33182AE4601235EF8041F00295D
:1083700000F0268203F1010EC1F58071F34545F846
:10838000231012DD55F82E100233C1F1FF019B4579
:1083900045F82E1009DD05EB83012A440B68C3F173
:1083A000FF0341F8043B9142F8D1002E0DDD012E70
:1083B0004FF0010140F0EF810BF1FF3255F8223010
:1083C00003F07F0345F82230EFE102280DD1F7EEEC
:1083D000007A37EEC99A31464FF07E5000F086FBA6
:1083E00007EE900A39EE679A0220B5EE409AF1EE58
:1083F00010FA70D1039B0BF1FF3E73450EDC0BF1BD
:108400008042013A05EB8202002152F804394245CC
:1084100041EA0301F9D1002940F09680039B013B1A
:1084200055F82330002B40F0D981079B4FF0010C09
:1084300053F804290CF1010C002AF9D0DC440BF1AB
:10844000010EE6452FDC069A049B0EEB020103EBBE
:108450000B000CEB02031CAA01F1804102EB80002F
:10846000679A013902EB810107EB8E0E02EB830B59
:1084700051F8043F07EE903AF8EEE77AB9F1000FB1
:10848000E0EC017ADFED2C7A09DB53460246F3EC8F
:10849000016A32ED017AA342E6EE877AF7D15945B7
:1084A000EEEC017AE4D1E346F0E605D10BF1FF33BF
:1084B00055F82300001242E7F6EE007AB4EEE79A90
:1084C000F1EE10FA80F24C81B5EE409AF1EE10FA1E
:1084D0004FF000008ED0019C0490614219EE100A0A
:1084E000039E00F003FBDFED156A049A07EE100A05
:1084F000B4EEE67AF1EE10FAC0F28881DFED107A80
:1085000067EE277A2346FDEEE77A0833F8EEE77A3E
:108510000193A7EEE67A0BF10103FDEEE77ABDEEDB
:10852000C77A17EE101A45F82B1017EE901A45F877
:1085300023101EE070B3020800000000000080431A
:108540000000803B0000C93F0246019855F82E10FC
:10855000039E08387346019059B90EF180410139E4
:1085600005EB810151F80449013B0838002CF9D092
:108570000190019904934FF07E50039200F0B6FAF7
:10858000049B039A002B07EE100AC0F24A814FEABF
:10859000830E44A901EB0E070EF1040C5FED186A7F
:1085A00005EB0C01381D71ED017AF8EEE77AA9426E
:1085B00067EE877A27EE267A60ED017AF3D11FED18
:1085C0001F6A0DF586780025002EC0F2DB80A34CD3
:1085D000DFEDA37A3846B0EE467A002103E0A942E7
:1085E00008DCB4EC017AF0EC016A01318E42E7EE6E
:1085F000267AF4DA043F58A901EB8501474541ED9D
:10860000287A05F10105DFD1669903295BD8DFE8F7
:1086100001F08C636302002B40F3008158A9714480
:1086200030A811ED287A0EF10401014431AC7044F8
:1086300050ED017A77EE876A77EEE67A77EE877A01
:10864000B0EE667A61ED017AA14260ED016AEFD188
:10865000012B40F3E38058AB734430A913ED287A23
:108660000EF1040332A88E4419445EED017A77EED0
:10867000876A77EEE67A77EE877AB0EE667A61ED12
:10868000017A88426EED016AEFD130A8DFED747A8D
:10869000034433ED017A994277EE877AF9D1002AC3
:1086A00000F0AC80DDED306A9DED317A029AF1EE9A
:1086B000677AF1EE666AB1EE477AC2ED027AC2EDF0
:1086C000006A82ED017A19EE903A03F0070059B082
:1086D000BDEC048BBDE8F08F0EF1040130A8DFED96
:1086E000607A014431ED017A814277EE877AF9D1DF
:1086F000002A76D0DDED306A0299B1EE677A002B60
:1087000076EEE77A81ED007A09DD31A80121B0EC3F
:10871000017A01318B4277EE877AF8DA0AB1F1EE0D
:10872000677A029BC3ED017ACDE730ABDFED4C7A7F
:108730009C443CED017A634577EE877AF9D10AB122
:10874000F1EE677A029BC3ED007ABCE7DFED447A75
:10875000E5EC017ABD4200F104007FF46EAD82E5E4
:1087600019EE903ABBF1000F03F1010309EE903AC4
:10877000C8BF02203FF7EFADF7EE007A37EEC99A97
:10878000022032E6DFED367A34E7002E1EDD0021CE
:10879000012E3FF411AE022E07D10BF1FF3255F836
:1087A000223003F03F0345F8223002287FF41DAE4B
:1087B000F7EE007A37EEC99A00293FF416AE0AE6C2
:1087C00001339B457FF4D1AD002EE1DC02287FF41C
:1087D0000CAEF7EE007A37EEC99A06E64FF0010CC0
:1087E0002CE69DED307A0299002BC1ED007A77EEF0
:1087F000677A8ADC029BC3ED017A64E70298309ABB
:10880000319BC0ED027A026043605CE7BDEEC77A3F
:108810005B4617EE101A45F82B10AAE6DFED107A2A
:108820003DE7669903293FF64EAF01A050F821F0CD
:108830004F88020849880208498802081D880208F2
:108840004FF0010E002397E5DFED057A50E7DFEDED
:10885000047A74E7049B9C0005E500BF48B3020856
:108860000000000020F00043B3F1485F07EE900ADB
:1088700006EE101A04DABDEEE77A17EE103A23B3CB
:1088800027EEA77A9FED174ADFED174A9FED175A9B
:10889000DFED175ADFED176AE7EE044A27EE874A45
:1088A000A7EE245AE7EE055AE7EE256A82B166EE96
:1088B000C46AF6EE005AE6EE256ADFED0F5A97EE2F
:1088C000266AA4EE256A77EEC67A17EE900A7047FC
:1088D0009FED0A6AA7EE266AE4EE067A17EE900A82
:1088E000704700BFD3C92E2F342FD7B21BEF3836B5
:1088F000010D50B98988083CABAA2A3EABAA2ABE12
:1089000041F0004101F58010C00F70470020704712
:1089100000200149704700BF0000F87FF0B5C1F3A7
:108920000A5EAEF2FF36132E83B002460B460C46AB
:108930004FEAD17507462EDC002E49DB3A4931411A
:1089400003EA010010432BD049080B4053EA020709
:108950000CD04FF48023132E24EA010143FA06F4CD
:1089600044EA01040CBF4FF0004700272F4B03EBF4
:10897000C5052146D5E90045384622462B46FDF778
:1089800049FBCDE9000122462B46DDE90001FDF758
:108990003FFB03B0F0BD332E06DDB6F5806F40D04F
:1089A0001046194603B0F0BDAEF2134E4FF0FF3142
:1089B00021FA0EF10842F3D049080842D6D04FF010
:1089C000804320EA010143FA0EFE4EEA0107CDE79B
:1089D00021F000410143E3D0C3F31301134E0143DF
:1089E000C1F1000C06EBC502D2E900674CEA010CAC
:1089F0004FEA1C3C5C0C64040CF4002343EA0401C1
:108A000032463B46FDF706FBCDE9000132463B46C8
:108A1000DDE90001FDF7FCFA21F0004444EAC571EC
:108A2000C0E7FDF7F7FABDE7FFFF0F00589902080E
:108A300020F00040704700BF10B483B00190019A4D
:108A400022F00041CB0D7F3B162B19DC002B144686
:108A500028DB24481841024215D0DFED237A9DED32
:108A6000017A77EE277AF5EEC07AF1EE10FA28DD7A
:108A7000002A29DB24EA000003B05DF8044B7047AC
:108A8000B1F1FF4F04D2019803B05DF8044B704779
:108A9000DDED017A77EEA77A17EE900A03B05DF864
:108AA000044B7047DFED107A07EE100A77EE277A55
:108AB000F5EEC07AF1EE10FAE5DD002A0ADB0020BF
:108AC000E2E717EE100ADFE74FF4000242FA03F381
:108AD0001C44CFE70029FFEE007A18BF17EE900A7A
:108AE000D2E700BFFFFF7F00CAF2497100B52DED4C
:108AF000028B83B00190019B33F0004223D0B2F18E
:108B0000FF4F15D2B2F5000F26D3D20D0A44FE2A2C
:108B10003CDC002A30DD23F0FF4343EAC25307EE7A
:108B2000903A17EE900A03B0BDEC028B5DF804FB9F
:108B300007EE900A77EEA77A17EE900A03B0BDEC25
:108B4000028B5DF804FBDDED017A17EE900A03B0AD
:108B5000BDEC028B5DF804FB9DED017ADFED1E7A22
:108B60001E4B67EE277A9942CDED017A20DB019BFF
:108B7000C3F3C752193AC9E712F1160F1FDA4CF2C4
:108B80005033994202DC9FED168A01E09FED158A71
:108B9000019918EE100A00F031F807EE900A67EE1E
:108BA000887A17EE900A03B0BDEC028B5DF804FBE7
:108BB000DFED0B7A9DED017A67EE277ABCE719327B
:108BC00023F0FF4343EAC2539FED077A07EE903A42
:108BD00067EE877AB0E700BF0000004CB03CFFFFB3
:108BE0006042A20DCAF249710000003303F0004355
:108BF00021F0004242EA0301704700BF01F000414A
:108C000020F0004008437047014B1868704700BFD0
:108C1000340200208A892DE9F041054610070C46F0
:108C20005AD44B68002B05DC0B6C002B02DC0020B7
:108C3000BDE8F081E66A002EF9D0002312F48052DC
:108C40002F682B6033D0606DA3895A0705D5636800
:108C5000C01A636B0BB1236CC01A00230246E66A8C
:108C6000216A2846B047431CA38906D129681D29DB
:108C70004BD82B4ACA40D60747D500226260D90498
:108C80002269226004D5421C01D12B6803B96065BA
:108C9000616B2F600029CAD004F14403994202D0CD
:108CA0002846F3F727F900206063BDE8F081216AC8
:108CB00001232846B047411CC6D12B68002BC3D0E6
:108CC0001D2B01D0162B01D12F60B0E7A38943F0F3
:108CD0004003A381BDE8F0810F69002FA7D093075F
:108CE0000E6808BF4B690F6018BF0023A6EB07088A
:108CF0008B60B8F1000F9ADD43463A46216AA66AB6
:108D00002846B047002807DCA38943F04003A3812D
:108D10004FF0FF30BDE8F0810744A8EB0008E8E71A
:108D20000100402038B50B6905460C46DBB118B18F
:108D300083690BB900F05CF80C4B9C4209D16C685C
:108D4000B4F90C307BB121462846BDE83840FFF726
:108D500061BF074B9C4201D1AC68F1E7054B9C42D7
:108D600008BFEC68ECE7002038BD00BF9CB30208E8
:108D7000BCB302087CB30208014620B9044B054984
:108D8000186800F0CCB9044B1868FFF7CBBF00BFE0
:108D9000DCB30208258D020834020020014900F0EE
:108DA000BEB900BF258D0208002310B5044603603C
:108DB0004360836081814366C28103614361836153
:108DC000194608225C30F1F78BF9054B6362054BBD
:108DD000A362054BE362054B2462236310BD00BF11
:108DE000D7910208F99102083192020855920208BF
:108DF000836910B5044633BB8364C3640365124BB7
:108E0000124A1B688262984204BF0123836100F00A
:108E10001FF86060204600F01BF8A060204600F0BC
:108E200017F80022E06004216068FFF7BDFF01220F
:108E30000921A068FFF7B8FF02221221E068FFF7BE
:108E4000B3FF0123A36110BDDCB302089D8D0208AE
:108E5000F8B51C4B1E68B369074613B93046FFF7D7
:108E6000C7FF4836B4687368013B03D5336833B134
:108E70003668F7E7B4F90C506DB16834F4E70421B3
:108E8000384600F036F930600028F1D10C233B6001
:108E900004462046F8BD4FF6FF73E3810123A3810A
:108EA00065662560A560656025616561A56108222C
:108EB000294604F15C00F1F713F96563A563A56425
:108EC000E564E6E7DCB3020870B50D4E0D4CA41B5B
:108ED000A4100025A54209D10B4E0C4C00F054FA09
:108EE000A41BA4100025A54205D170BD56F825305D
:108EF00098470135EEE756F8253098470135F2E7F7
:108F000008040020080400200804002018040020A1
:108F1000084B37B51C68084D236A002B08BF2B4649
:108F2000009313460A460146204600F09FF903B01D
:108F300030BD00BF340200209802002038B5074C35
:108F4000054608461146002222601A46F7F70AFF36
:108F5000431C02D1236803B12B6038BDB43200201A
:108F600038B5064C0023054608462360F7F7D2FEC5
:108F7000431C02D1236803B12B6038BDB4320020FA
:108F800038B5074C054608461146002222601A46AD
:108F9000F7F756FF431C02D1236803B12B6038BD9D
:108FA000B432002038B5074C054608461146002269
:108FB00022601A46F7F712FF431C02D1236803B15F
:108FC0002B6038BDB4320020002815D0006041600D
:108FD0008260C360046145618661C7614446046282
:108FE0004C464462544684625C46C46264460463F0
:108FF0006E46466374468463002906D0C46B043C05
:10900000043925680D60B442F9D1946BA646566BBD
:10901000B546002B06D0D46B043C043B1D6825608C
:10902000B442F9D1146BA446D46AA346946AA2460A
:10903000546AA146146AA046D769966955691469AD
:10904000D368516810689268704700604160826020
:10905000C360046145618661C761444604624C4651
:109060004462544684625C46C462644604636E464D
:10907000466374468463C46B043C043925680D6000
:10908000B442F9D1C76986694569046970470060CF
:1090900041608260C360046145618661C761444686
:1090A00004624C464462544684625C46C462644630
:1090B00004636C4644637446846304697047846B3C
:1090C000A646446BA546046BA446C46AA346846ABC
:1090D000A246446AA146046AA046C76986694569F2
:1090E0000469C3688268006841687047FEE7F7F763
:1090F00001BF70B54A1E682555430E4605F174013F
:10910000F2F7F2FE044640B1002180E842000C3044
:10911000A06005F16802F0F7E3FF204670BD2DE97D
:10912000F8438046894600F14804002614B93046C9
:10913000BDE8F883A5686768013F01D52468F5E7B5
:10914000AB89012B07D9B5F90E30013303D029467D
:109150004046C84706436835EEE7D0F8EC00704754
:1091600082B001B901A942B14BB113780B601278FA
:10917000101C18BF012002B070471046FBE76FF0CB
:109180000100F8E710B501390244904201D10020F6
:1091900010BD10F8013B11F8014FA342F5D0181B88
:1091A00010BD884210B501EB020303D8421E99425C
:1091B0000CD110BD9842F9D28118D21AD34200D1F5
:1091C00010BD13F8014D01F8014DF7E711F8014BFF
:1091D00002F8014FEBE710B50C46B1F90E10FFF79E
:1091E000E1FE0028ABBF636DA3891B1823F48053F5
:1091F000ACBF6365A38110BD2DE9F0411F468B898B
:10920000DB0505460C46164605D502230022B1F9BA
:109210000E10FFF7B5FEA389B4F90E1023F48053A6
:10922000A38132463B462846BDE8F041FFF786BEA3
:1092300010B50C46B1F90E10FFF7A2FE431CA3892E
:1092400015BF606523F4805343F48053A38118BF96
:10925000A38110BDB1F90E10FFF782BE034613F8CB
:10926000012B002AFBD1181A013870472DE9F84F5D
:109270008046894692461F468B465D460A9815F8F9
:10928000014BFFF76AFF2044467816F008060BD121
:109290002D2C0BD12C7801260BF1020567B1102F74
:1092A00014D1302C0AD011E0AB46E6E72B2C04BFDA
:1092B0002C780BF10205F1E7302C27D12B7803F045
:1092C000DF03582B4BD16C7810270235002E0CBFD2
:1092D0006FF000414FF000410022B1FBF7FE104655
:1092E00007FB1E1CA4F13003092B11D81C46A74212
:1092F0001DDD531C07D0864516D301D1A44513DBD1
:1093000000FB0740012215F8014BEBE70A27DDE7D8
:10931000A4F14103192B01D8373CE8E7A4F161031C
:10932000192B04D8573CE2E74FF0FF32EBE7531C10
:1093300008D12223C8F800300846BAF1000F07D13F
:10934000BDE8F88F06B14042BAF1000F0CD022B14F
:10935000013DCAF80050BDE8F88F4D46F9E73024CA
:10936000002FB3D10827B1E7BDE8F88F49B1FF2A34
:1093700085BF8A2303600A704FF0FF3098BF012039
:109380007047084670470000F8B500BFF8BC08BC3D
:109390009E467047F8B500BFF8BC08BC9E467047B3
:1093A0000108010842424242010801083ED8E98D05
:1093B000A93601087D370108C1370108E9370108DE
:1093C000F9720108657A0108E1680108D96C0108A1
:1093D000E56C0108FD6C0108AD4E0108F16C010857
:1093E0003D690108B96C0108AD5B0108C54E010873
:1093F0003D52010865510108155101086D530108DE
:10940000E94B0108E54D0108F54D0108094E010839
:10941000254E0108F1560108515601082D5C01083E
:10942000855C0108957C0108997C0108809A0208F6
:10943000509A0208D8990208209A0208B09A0208A5
:109440001C9B02084C9B0208449D0208D968010835
:109450009969010861670108E95E0108B57C0108A6
:10946000AD7C0108B17C0108595A010889580108EE
:10947000F9580108994F0108AD4F0108CD4F010877
:10948000595001086D500108A5500108494A0108CA
:10949000514E0108654E0108694E0108714E0108E0
:1094A0007D4E0108854E0108954E01089D4E01082C
:1094B000A54E01083D5801086D5801088D69010845
:1094C000A96D0108D56D0108456E0108DD5E010832
:1094D000F55E010829660108314801083D48010888
:1094E000954801089D4801089D4D0108A94D0108B6
:1094F00015490108A94A0108954C0108B14A01081B
:10950000114B0108D14B0108E14B01081958010822
:10951000B5530108DD530108055401085D540108E5
:109520008954010841520108395301087152010858
:10953000A1520108C9520108F15201081153010852
:10954000A9590108D1590108F5590108195A01080A
:10955000395A01081D5801082D580108D156010833
:10956000E1560108E9540108314E0108115501087E
:10957000CD550108E1550108F555010809560108C6
:109580001D56010831560108414E0108494E010897
:109590009D7C0108AD4E0108BD4E0108C54E010875
:1095A0002D4F0108314F0108354F0108494F01087F
:1095B0007D4F0108814F0108914F0108B950010802
:1095C000C5500108C95001085D5B0108A15C010894
:1095D000B95C0108DD5C01082D5D01084D5D0108E5
:1095E000FD3701081138010825380108393801080C
:1095F0004D380108613801087538010889380108BB
:10960000956E0108BD6E0108D16E0108E56E010876
:10961000F96E01080D6F0108216F0108356F01080F
:10962000093901080D3901082539010839390108BE
:109630005139010865390108213D01085D3E0108E5
:10964000CD390108D1390108013A01082D3A010844
:10965000AD3A0108B93A0108F93A01086D3B010831
:10966000853B0108AD3B0108B53B0108AD6701082A
:10967000B16701087D3E0108813E01088D3E010869
:10968000913E0108953E01089D3E0108A13E01085A
:10969000A53E0108C53E0108E13E0108093F010859
:1096A0000D3F0108153F0108293F0108353F01081A
:1096B000393F0108496F0108B56F01084970010879
:1096C000A9700108B1700108B9700108C9700108DA
:1096D000D9700108156002085D68020899680208DF
:1096E00011600208CD65020879630208F972010869
:1096F000757601082577010839770108797701081F
:10970000817701088D770108957701089D77010819
:10971000A5770108AD770108CD770108F577010835
:10972000717801088978010891780108A978010801
:10973000697501088175010891750108997501081D
:109740009D750108A1750108ED7501083D760108B8
:1097500081790108AD790108F5790108217A0108BC
:10976000A17A0108957B0108C17B0108E17B010812
:10977000E57B0108E97B0108797C010879E50008AF
:1097800031E60008897C0108E5A10108CDA20108A5
:1097900061800108698001087180010875800108F5
:1097A0008D800108698D010899800108D580010824
:1097B00069840108FD80010865810108F1840108C0
:1097C0009D860108B5860108DD860108499E0108CD
:1097D000E986010851870108999C0108259F010825
:1097E0009D8701088D880108AD9F0108459C0108EF
:1097F000099C0108319C0108A9A00108C58A01083B
:10980000D18B0108B18C0108C98C0108DDA00108C9
:10981000CD9F010809A3010865A30108000000000D
:1098200001000000000000000A000000000000002D
:109830006400000000000000E803000000000000D9
:109840001027000000000000A086010000000000BA
:1098500040420F00000000008096980000000000C9
:1098600000E1F5050000000000CA9A3B000000007E
:1098700000E40B540200000000E8764817000000E6
:109880000010A5D4E800000000A0724E18090000E6
:1098900000407A10F35A00004FBB610567ACDD3F12
:1098A000182D4454FB21E93F9BF681D20B73EF3F07
:1098B000182D4454FB21F93FE2652F227F2B7A3C7F
:1098C000075C143326A6813CBDCBF07A8807703C38
:1098D000075C143326A6913C000000000000E03F26
:1098E000000000000000E0BF0000E0FE422EE63F66
:1098F0000000E0FE422EE6BF763C7935EF39EA3DC6
:10990000763C7935EF39EABD000000000000000028
:10991000000000000000008000000040FB21F93F33
:10992000000000002D44743E000000809846F83C82
:109930000000006051CC783B00000080831BF039B0
:109940000000004020257A38000000802282E336A3
:10995000000000001DF369350000000000003043E6
:1099600000000000000030C3303132333435363768
:109970003839616263646566000000006661696C85
:109980006564207479706520636865636B20666F19
:1099900072202570204025700000000056542025BC
:1099A00070202D206F626A747970652025642063B1
:1099B0006C6173734E6F202564000000756E6861E2
:1099C0006E646C656420657863657074696F6E2C75
:1099D0002076616C75653A000C0003F90000000008
:1099E000010000000000000069410108AD5B0108B2
:1099F000E543010855450108294501081D450108B1
:109A0000114501083D4501086D697373696E672052
:109A100070726F7065727479206F6E20257000000F
:109A20000C0003F90000000001000000000000002D
:109A300069410108AD5B0108D94301085945010896
:109A4000A94201086145010865450108B5420108C0
:109A50000C0003F9000000000100000000000000FD
:109A600069410108AD5B01085D450108114201082B
:109A7000194201081D4201082142010865420108FE
:109A80000C0003F9000000000100000000000000CD
:109A900069410108AD5B010869450108F141010810
:109AA000F94101086D450108FD4101080142010825
:109AB0000C0003F90000000001000000000000009D
:109AC00069410108AD5B0108CD420108BD420108B2
:109AD000D1420108E1420108E5420108E9420108DA
:109AE0005B5265664F626A6563742076743D2570CB
:109AF00020636C3D256420737A3D25645D00000081
:109B00005B2573202570203D2025735D000000003B
:109B10005B4E61746976652025705D00080004F96C
:109B2000000000000300000000000000694101087F
:109B3000AD5B010800000000F542010800000000D4
:109B40000000000000000000000000000C0002F90E
:109B50000000000002000000000000006941010850
:109B6000AD5B010800000000F142010800000000A8
:109B7000000000000000000000000000809A0208C1
:109B80000700626F6F6C65616E000000809A0208CA
:109B90000900756E646566696E6564001C9B020849
:109BA0000000000000000000809A02080000000091
:109BB000809A0208080066756E6374696F6E000013
:109BC000809A02080900756E646566696E656400B6
:109BD000809A02080800496E66696E69747900000F
:109BE000809A020803004E614E000000809A02082D
:109BF00009002D496E66696E69747900809A0208C1
:109C000004006E756C6C0000809A02080400747287
:109C100075650000809A0208050066616C73650036
:109C2000809A020808005B4F626A6563745D0000F9
:109C3000809A02080A005B46756E6374696F6E5DF8
:109C400000000000809A020806006E756D62657261
:109C500000000000809A020806006F626A65637463
:109C600000000000809A02080600737472696E6733
:109C7000000000006763416C6C6F63282564292035
:109C80002825642F256420667265653B20256420A5
:109C90006D617820626C6F636B29202D3E206E65AC
:109CA0007720626C6F636B002D2D4D41524B00008D
:109CB00052503A25702F25640000000052473A2583
:109CC000702F25640000000047432025642F256481
:109CD00020667265653B202564206D6178426C6F5B
:109CE000636B0000474320626C6F636B20256462E6
:109CF00020402025700000005265665265664C6F5A
:109D000063616C20257020763D25700052656643A6
:109D10006F6C6C656374696F6E2025702073697A4F
:109D2000653D2564000000005265665265636F72F0
:109D3000642025702073697A653D256420627974FA
:109D4000657300000C0005F900000000040000002D
:109D500000000000DD680108DD67010835670108C3
:109D60007D67010800000000000000000000000006
:109D70000000000076617269616E74206E6F74205D
:109D8000737570706F727465643A202573000000FB
:109D90005265664D61702025702073697A653D2596
:109DA000640000005365676D656E743A2025702C61
:109DB000206C656E6774683A2025642C2073697A7C
:109DC000653A2025640000002D3E20256400000037
:109DD0004572726F723A202564205B25645D000035
:109DE000526566416374696F6E2025702070633D13
:109DF00025582073697A653D25640000140004F934
:109E0000000000000800000000000000CD6701080D
:109E10000D680108496701088D670108000000000E
:109E2000000000000000000000000000080004F92D
:109E3000000000000700000000000000C9670108E2
:109E4000FD670108416701088967010800000000FB
:109E50000000000000000000000000000C0004F9F9
:109E6000000000000600000000000000BD670108BF
:109E7000C96B01082D67010879670108000000001F
:109E800000000000000000000000000052532564A4
:109E90003A25702F25640000756E6B6E6F776E002B
:109EA0000A444D4553473A0A000000000A0A0000E0
:109EB0001E0000000A0000000E0000000F0000005D
:109EC000080000001D0000001F0000001600000038
:109ED0000D0000002E0000001C0000001200000019
:109EE000730000002F0000001800000011000000A7
:109EF00010000000040000007100000019000000C4
:109F00000700000006000000010000000000000043
:109F10007000000000030C0F30333C3FC0C3CCCFB7
:109F2000F0F3FCFF00112233445566778899AABBF1
:109F3000CCDDEEFF526566496D61676520257020B6
:109F400073697A653D25642078202564000000004F
:109F50000C0004F9000000000500000000000000F3
:109F6000B97C0108BD7C01082567010875670108F7
:109F700000000000000000000000000000000000E1
:109F80000000000000000000DD700108DDA80108ED
:109F9000E1A80108E5A8010835B00108EDA801080D
:109FA00001A90108C5C60108A1CA010800000000F6
:109FB00000000000DD700108DDA8010829AB0108E0
:109FC000E5A8010835B0010881A9010895A9010893
:109FD000E5C0010855C001089DC0010859C001082D
:109FE00031A901081DAB010825C401082A2A2A202D
:109FF000434F44414C2050414E4943203A205B2579
:10A00000645D0000000000000000000011AC0108C9
:10A0100019AC01087DAC010839AC01080000000052
:10A0200000000000A9DB010815DC010875DA010851
:10A030009DDC01088DDA0108C9AC0108FDDA0108D0
:10A040000DDB01081DDB010829DB0108EDDC01083F
:10A05000B1AB010839DB0108B9AB010801DF010828
:10A0600049DB0108C5DF0108C1AB0108C9AB010824
:10A07000D1AB010879DE0108D9AB01081DE0010868
:10A0800015AC010829AC0108C5DE010815DF01087F
:10A0900041DF010865DD0108B5DD010865DE010865
:10A0A0006DDF010841DD0108000000000000000034
:10A0B000DD700108DDA80108E1A80108E5A8010894
:10A0C00035B00108A9AF0108EDAF0108000000009C
:10A0D0000000000035B2010815B201082DB20108D8
:10A0E00005B201080DB2010825B201081DB2010830
:10A0F00030780000444D455347206C696E652074EC
:10A100006F6F206C6F6E67210A0000002500000051
:10A110003F3F3F000D0A000000000000000000006B
:10A12000DD700108DDA80108E1A80108E5A8010823
:10A1300035B00108E5BF0108FDBF0108E1BF010816
:10A140000000000000000000DD700108DDA801082B
:10A15000E1A80108E5A8010835B0010865C00108BB
:10A160007DC00108E5C0010855C001089DC0010877
:10A1700059C001085DC001085DC0010825C401087F
:10A180000000000000000000DD700108DDA80108EB
:10A19000E1A80108E5A8010835B0010800000000A9
:10A1A00000000000C5C601087D0E02080000000086
:10A1B00000000000000000000000000099C7010836
:10A1C00099C701087D0E0208000000000000000091
:10A1D000DD700108DDA80108E1A80108E5A8010873
:10A1E00035B0010871CA010885CA0108C5C6010851
:10A1F000A1CA01080000000000000000DD70010895
:10A2000035CB0108E1A8010819CC010835B00108D7
:10A2100005CB010819CB0108FDCA010871CC010862
:10A22000000000000000000011CD0108E5AF0108AA
:10A2300025B4010821CD0108000000000000000045
:10A2400051D1010819CE010889CD010825CD010899
:10A25000B9D2010825D30108F4FFFFFF0000000078
:10A26000DD700108DDA80108E1A80108E5A80108E2
:10A2700035B001081DD3010839D3010800000000E2
:10A2800000000000DD700108DDA80108E1A8010858
:10A29000E5A8010835B00108A1D30108B5D301082C
:10A2A00041D301080000000000000000ADD9010802
:10A2B000F1D90108FDD90108B9D90108D1D901089E
:10A2C00075E60108E9E7010891E6010815E70108CC
:10A2D000D1E60108B1E6010881D9010809DA0108CF
:10A2E000FCFFFFFF00000000E1EB010891EC01081A
:10A2F000A5D9010835DA010871DB010861DB010825
:10A300006DDB0108000201000000000000000000F9
:10A31000A9DB010815DC010875DA01089DDC0108DC
:10A320008DDA0108A5E00108FDDA01080DDB01085E
:10A330001DDB010829DB0108EDDC0108B1AB0108D8
:10A3400039DB0108B9AB010801DF010849DB01086D
:10A35000C5DF0108C1AB0108C9AB0108D1AB0108D9
:10A3600079DE0108D9AB01081DE0010895DB010881
:10A3700099DB0108C5DE010815DF010841DF01088E
:10A3800065DD0108B5DD010865DE01086DDF010846
:10A3900041DD01080000000000000000A1E201080A
:10A3A00031F30108A1F3010851E20108C1E20108FB
:10A3B00075E2010889E201081CFFFFFF00000000B0
:10A3C00081E2010899E20108B9E20108A5E8010863
:10A3D000FDE801086DE20108E5E201080000000067
:10A3E0000000000031E3010845E30108B5E301087E
:10A3F000A5E30108B1E3010800000000000000002F
:10A4000091710108657401088DE3010899E3010861
:10A41000D9E30108A9E401080000000000000000E1
:10A4200055E601085DE601085DE6010865E60108FC
:10A430006DE6010875E60108E9E7010891E6010803
:10A4400015E70108D1E60108B1E6010821E9010894
:10A4500025E901082DE901080000000000000000C6
:10A46000E1EB010891EC0108A1EB01082DEC0108DA
:10A47000000000000000000045EF010875EF010832
:10A480004572726F7220696E697469616C697A696C
:10A490006E6720746865206D75746578206F626AD8
:10A4A0006563740A00000000000000000000045012
:10A4B0000350000001000000000004500360000091
:10A4C00002000000000004500370000003000000C0
:10A4D000000004500380000004000000000004504D
:10A4E00003900000050000000000045003A00000DD
:10A4F000060000000000045003B000000700000048
:10A500000000045003C000001000000000000450D0
:10A5100003F00000110000000000045003000100DF
:10A52000FFFF0000FFFFFFFF00000000F000000041
:10A530000000045003000100F1000000000004507E
:10A5400003100100F200000000000450032001008D
:10A55000FFFF0000FFFFFFFF0000000007000000FA
:10A56000005C00400A0400000900000000540040A4
:10A570000A04000016000000005400400A04000015
:10A5800016010000008400400A05000018000000C9
:10A59000005400400A0400001A0100000058004066
:10A5A0000A0400001A000000008400400A030000B2
:10A5B0001D000000005800400A04000020000000B8
:10A5C000005C00400A0400002001000000840040FC
:10A5D0000A020000FFFF0000FFFFFFFF0000000075
:10A5E0000A000000005400400A04000014000000AB
:10A5F000005C00400A040000170000000054004006
:10A600000A04000017010000008400400A05000051
:10A6100019000000005400400A0400001B01000063
:10A62000005800400A0400001B00000000840040A5
:10A630000A0300001E000000005800400A04000049
:10A6400021000000005C00400A040000210100001D
:10A65000008400400A020000FFFF0000FFFFFFFF30
:10A660000000000000000000000000401211000087
:10A670000100000000000040122100000200000064
:10A680000000004012310000030000000000004004
:10A6900012410000050000000000004012110000FF
:10A6A0000600000000440140121E000007000000E8
:10A6B000002C01401211020008000000002C014093
:10A6C0001211000009000000002C014012210000BE
:10A6D0000A000000002C0140123100000B000000B5
:10A6E000002C01401241000010000000002C01402D
:10A6F0001221020011000000002C01401231020062
:10A700001800000000440140121E00001A00000062
:10A7100000000040123100001B000000000000405B
:10A7200012410000FFFF0000FFFFFFFF00000000DC
:10A730000600000000300140020500000B00000090
:10A74000003001400205000014000000003001400C
:10A750000205000014010000003C00400206000059
:10A760001E0000000038004002050000220000002A
:10A7700000380040020500002B000000003C0040B3
:10A7800002060000FFFF0000FFFFFFFF00000000C7
:10A790000700000000300140020500000C0000002E
:10A7A00000300140020500001500000000300140AB
:10A7B0000205000015010000003C004002060000F8
:10A7C0001F000000003800400205000023000000C8
:10A7D00000380040020500002C000000003C004052
:10A7E00002060000FFFF0000FFFFFFFF0000000067
:10A7F00001000000003001400205000005000000DB
:10A80000003001400205000013000000003001404C
:10A810000205000013010000003C00400206000099
:10A820001A00000000380040020500001D00000072
:10A8300000380040020500002A000000003C0040F3
:10A8400002060000FFFF0000FFFFFFFF0000000006
:10A850000400000000300140020500000401000077
:10A86000003C0040020600000F00000000300140E4
:10A87000020500000F010000003C0040020600003D
:10A880001000000000300140020500001900000027
:10A8900000380040020500001C00000000380040A5
:10A8A00002050000FFFF0000FFFFFFFF00000000A7
:10A8B00001000000004C00401208000003000000EE
:10A8C0000044004012070000030100000080004027
:10A8D000120800000A0000000038014012070000C2
:10A8E0000F000000004400401203000017000000A9
:10A8F00000380140120700001A00000000800040EC
:10A90000120800001B000000004800401207000071
:10A910002000000000800040120800002B00000012
:10A9200000480040120700002B010000004C0040CE
:10A9300012080000FFFF0000FFFFFFFF0000000003
:10A9400000000000004C004012080000020000005F
:10A950000044004012070000020100000080004097
:10A960001208000009000000003801401207000032
:10A970001600000000380140120700001A00000015
:10A9800000480040120700001B000000008000404B
:10A9900012080000210000000080004012080000A2
:10A9A0002400000000480040120700002A000000B8
:10A9B00000480040120700002A010000004C00403F
:10A9C00012080000FFFF0000FFFFFFFF0000000073
:10A9D000525458206572726F7220636F64653A201A
:10A9E0003078253038582C207461736B2049443AF4
:10A9F000203078253038580A00000000100200008E
:10AA0000E8030000040000007C0F00209C0F0020E1
:10AA1000AC0F0020BC0F0020050001000002000167
:10AA20001D1D0208020000000100000020030000BC
:10AA3000F02900207F380100000000000000000025
:10AA400081F4010831F30108A1F30108D1F20108F2
:10AA50007DF30108000000000000000021F601085D
:10AA600049F60108B5F501080000000000000000EB
:10AA7000A9F60108D1F601089DF6010800000000C2
:10AA80000000000000000000000000007D0E020831
:10AA900043616E6E6F7420696E697469616C697A66
:10AAA00065204144430A000050696E6D6170206565
:10AAB00072726F723A2077726F6E6720706F727465
:10AAC000206E756D6265722E00000000496E74651F
:10AAD0007272757074496E206572726F723A20706E
:10AAE000696E206E6F7420737570706F7274656418
:10AAF0002E0A000000000000000000000600000018
:10AB0000000000000100000007000000000000003D
:10AB10000200000008000000000000000300000028
:10AB20000900000000000000040000000A0000000E
:10AB300000000000050000001700000001000000F8
:10AB400005000000170000000200000005000000E2
:10AB500017000000030000000500000017000000BF
:10AB600004000000050000001700000000000000C5
:10AB700006000000280000000100000006000000A0
:10AB8000280000000200000006000000280000006D
:10AB90000300000006000000280000000400000080
:10ABA000060000002800000005000000060000006C
:10ABB00028000000636F756C64206E6F74207069EC
:10ABC0006E6F75740000000070696E6D6170206DAD
:10ABD00069732D6D617463680000000070696E6DAB
:10ABE0006170206E6F7420666F756E6420666F7280
:10ABF000207065726970686572616C0070696E6D55
:10AC00006170206E6F7420666F756E6420666F725F
:10AC10002066756E6374696F6E0000003A257000DF
:10AC20004F70657261746F72206E6577206F7574F6
:10AC3000206F66206D656D6F72790D0A000000004F
:10AC400048AC0208DC230020295F0208395F0208B3
:10AC5000D55F0208ED5F0208995F0208010000005D
:10AC600002000000040000000800000010000000C6
:10AC700020000000400000008000000000010000F3
:10AC800000020000000400000008000000100000A6
:10AC900000200000004000000080000043616E6E54
:10ACA0006F7420696E697469616C697A65205057A8
:10ACB0004D0A0000556E6B6E6F776E2050574D2019
:10ACC000696E7374616E63650000000000000040EF
:10ACD000000000000004004000000000002C0140C3
:10ACE000010000000040014001000000004401405C
:10ACF00001000000000000000200000024240020E9
:10AD000043616E6E6F7420696E697469616C697AF3
:10AD10006520554152540A00434C4B3A2053504948
:10AD200020696E7374616E6365206E6F7420736545
:10AD3000740000000402080000101010041010102D
:10AD4000021010100800000043616E6E6F742069DD
:10AD50006E697469616C697A65205350490000001E
:10AD60000000080010001800200028003000380003
:10AD700000000000000000000102030406070809AB
:10AD80000000000001020304A0860100400D030042
:10AD9000801A060000350C0040420F0080841E001F
:10ADA00000093D0000127A000024F40000366E0114
:10ADB0000048E801006CDC0261636F730000000072
:10ADC00061636F73680000006173696E00000000CA
:10ADD0006174616E68000000636F736800000000BA
:10ADE00065787000666D6F64000000006C6F67002E
:10ADF0006C6F673130000000706F770073696E68A8
:10AE000000000000737172740000000073717274AE
:10AE100066000000FB21F93FFB2109407CD912406C
:10AE2000FB2119407A6A1F407CD92240BBFD254096
:10AE3000FB2129403A462C407A6A2F405C4731403A
:10AE40007CD932409C6B3440BBFD3540DB8F3740B2
:10AE5000FB2139401BB43A403A463C405AD83D4069
:10AE60007A6A3F404C7E40405C4741406C10424013
:10AE70007CD942408CA243409C6B4440AC3445405A
:10AE8000BBFD4540CBC64640DB8F4740EB584840B2
:10AE9000FB21494083F9A200444E6E00FC291500B5
:10AEA000D1572700DD34F50062DBC0003C999500E6
:10AEB000419043006351FE00BBDEAB00B761C500AB
:10AEC0003A6E2400D24D42004906E00009EA2E0005
:10AED0001C92D100EB1DFE0029B11C00E83EA7002A
:10AEE000F535820044BB2E009CE98400B426700036
:10AEF000417E5F00D6913900538339009CF43900BC
:10AF00008B5F840028F9BD00F81F3B00DEFF97002F
:10AF10000F980500112FEF000A5A8B006D1F6D006E
:10AF2000CF7E360009CB2700464FB7009E663F0014
:10AF30002DEA5F00BA277500E5EBC7003D7BF10005
:10AF4000F739070092528A00FB6BEA001FB15F00DD
:10AF5000085D8D00300356007BFC4600F0AB6B00B3
:10AF600020BCCF0036F49A00E3A91D005E61910079
:10AF7000081BE60085996500A0145F008D406800FD
:10AF800080D8FF0027734D0006063100CA56150011
:10AF9000C9A873007BE260006B8CC000000FC93F42
:10AFA000000F494000CB9640000FC9400053FB40C2
:10AFB00000CB164100ED2F41000F494100316241A5
:10AFC00000537B41003A8A4100CB9641005CA3418B
:10AFD00000EDAF41007EBC41000FC94100A0D5414A
:10AFE0000031E24100C2EE410053FB4100F2034256
:10AFF000003A0A420083104200CB164200141D4260
:10B00000005C234200A5294200ED2F420036364263
:10B01000007E3C4200C74242000F4942A2000000AD
:10B02000F9000000830000006E0000004E000000E8
:10B03000440000001500000029000000FC00000092
:10B040002700000057000000D1000000F5000000BC
:10B0500034000000DD000000C0000000DB00000044
:10B060006200000095000000990000003C00000014
:10B07000430000009000000041000000FE000000BE
:10B080005100000063000000AB000000DE00000083
:10B09000BB000000C500000061000000B700000018
:10B0A000240000006E0000003A0000004200000092
:10B0B0004D000000D2000000E0000000060000008B
:10B0C000490000002E000000EA0000000900000016
:10B0D000D1000000920000001C000000FE000000F3
:10B0E0001D000000EB0000001C000000B10000008B
:10B0F00029000000A70000003E000000E80000005A
:10B100008200000035000000F50000002E00000065
:10B11000BB0000004400000084000000E9000000C3
:10B120009C0000007000000026000000B400000039
:10B130005F0000007E0000004100000039000000B8
:10B1400091000000D60000003900000083000000DC
:10B150005300000039000000F40000009C000000D3
:10B16000840000005F0000008B000000BD000000B4
:10B17000F9000000280000003B0000001F00000054
:10B18000F800000097000000FF000000DE00000053
:10B1900005000000980000000F000000EF00000014
:10B1A0002F000000110000008B0000005A0000007A
:10B1B0000A0000006D0000001F0000006D0000008C
:10B1C000360000007E000000CF00000027000000D5
:10B1D000CB00000009000000B70000004F00000095
:10B1E000460000003F000000660000009E000000D6
:10B1F0005F000000EA0000002D0000007500000064
:10B2000027000000BA000000C7000000EB000000AB
:10B21000E5000000F10000007B0000003D000000A0
:10B220000700000039000000F70000008A0000005D
:10B230005200000092000000EA0000006B000000D5
:10B24000FB0000005F000000B10000001F000000D4
:10B250008D0000005D0000000800000056000000A6
:10B26000030000003000000046000000FC00000069
:10B270007B0000006B000000AB000000F00000004D
:10B28000CF000000BC000000200000009A00000079
:10B29000F4000000360000001D000000A9000000BE
:10B2A000E300000091000000610000005E0000006B
:10B2B000E60000001B000000080000006500000020
:10B2C00099000000850000005F00000014000000ED
:10B2D000A000000068000000400000008D00000099
:10B2E000FF000000D8000000800000004D000000BA
:10B2F000730000002700000031000000060000007D
:10B30000060000001500000056000000CA00000002
:10B3100073000000A8000000C900000060000000E9
:10B32000E20000007B000000C00000008C00000074
:10B330006B00000002000000030000000400000099
:10B34000060000000000C93F0000F0390000DA37B5
:10B350000000A2330000842E0000502B0000C22702
:10B360000000D0220000C41F0000C61B00004417CC
:10B3700004000000070000000900000000000000B9
:10B3800000000000000000000000000000000000BD
:10B3900000000000000000000000000000000000AD
:10B3A000000000000000000000000000000000009D
:10B3B000000000000000000000000000000000008D
:10B3C000000000000000000000000000000000007D
:10B3D0000000000000000000000000003802002013
:10B3E000CC0300000F0010014300504F5349580098
:10B3F0002E0000202020202020202020282828285F
:10B400002820202020202020202020202020202034
:10B410002020208810101010101010101010101084
:10B420001010100404040404040404040410101094
:10B430001010101041414141414101010101010140
:10B4400001010101010101010101010101011010CE
:10B450001010101042424242424202020202020214
:10B4600002020202020202020202020202021010A0
:10B47000101020000000000000000000000000008C
:10B4800000000000000000000000000000000000BC
:10B4900000000000000000000000000000000000AC
:10B4A000000000000000000000000000000000009C
:10B4B000000000000000000000000000000000008C
:10B4C000000000000000000000000000000000007C
:10B4D000000000000000000000000000000000006C
:10B4E000000000000000000000000000000000005C
:08B4F000000000000000000054
:08B4F800B080FE7F010000009E
:10B5000000000000A10D0C007F000000B8320020F8
:10B51000FDF1010800000000010000000010000023
:10B52000CC0F0020392B02080100000010000000A1
:10B5300000093D0038020020000000009CB3020812
:10B54000BCB302087CB30208000000000000000049
:10B5500000000000000000000000000000000000EB
:10B5600000000000000000000000000000000000DB
:10B5700000000000000000000000000000000000CB
:10B5800000000000000000000000000000000000BB
:10B590000000000000000000430000000000000068
:10B5A000000000000000000000000000000000009B
:10B5B0000000000000000000430000000000000048
:10B5C000000000000000000000000000000000007B
:10B5D0000000000000000000430000000000000028
:10B5E000000000000000000000000000000000005B
:10B5F0000000000000000000430000000000000008
:10B60000000000000000000000000000000000003A
:10B6100000000000000000004300000000000000E7
:10B62000000000000000000000000000000000001A
:10B6300000000000000000004300000000000000C7
:10B6400000000000000000000000000000000000FA
:10B6500000000000000000004300000000000000A7
:10B6600000000000000000000000000000000000DA
:10B6700000000000000000006D93020861910208C4
:10B6800000000000F2B30208F0B30208F1B30208B0
:10B69000F1B30208F1B30208F1B30208F1B30208F2
:10B6A000F1B30208F1B30208F1B30208F1B30208E2
:10B6B000FFFFFFFFFFFFFFFFFFFFFFFFFFFF000098
:10B6C0000100415343494900000000000000000010
:10B6D000000000000000000000000000000000006A
:10B6E00000004153434949000000000000000000F1
:10B6F000000000000000000000000000000000004A
:10B700000000000000040100613501089167010894
:10B71000A97401085DF501083D350108000000002D
:0400000508022E09B6
:00000001FF
