:020000040800F2
:10E0000000800220A5360208699802086998020873
:10E0100069980208699802086998020800000000DF
:10E0200000000000000000000000000001F30108F3
:10E030006998020800000000A7F3010807F401082E
:10E0400069980208699802086998020869980208A4
:10E050006998020869980208699802086998020894
:10E060006998020869980208699802086998020884
:10E070006998020869980208699802086998020874
:10E08000699802086998020869980208D50302088D
:10E09000C102020869980208D903020869980208B7
:10E0A0006998020869980208699802086998020844
:10E0B000699802086998020800000000699802083F
:10E0C0006998020869980208699802086998020824
:10E0D0006998020869980208699802086998020814
:10E0E000699802086998020800000000000000001A
:10E0F0000000000000000000000000000000000020
:10E1000000000000699802080000000069980208F9
:10E1100069980208000000006998020800000000E9
:10E1200069980208699802086998020869980208C3
:10E1300069980208699802086998020800000000BE
:10E1400069980208699802086998020869980208A3
:10E150006998020869980208699802086998020893
:10E16000699802086998020869980208000000008E
:10E170000000000069980208000000000000000094
:10E180006998020869980208699802086998020863
:10E1900069980208000000002DE9F04F85B0039156
:10E1A0000778A7F10903042B044607F07F0200F16A
:10E1B0000100F5D9202AF3D02B2F04BF677804463D
:10E1C0002D2F75D09FED427B8DED007B4FF0000829
:10E1D0004FF000099FB34FF0000C25464FF0000AA6
:10E1E000DFF8FCB0644619E018F018FD8046894657
:10E1F000304618F0A9FC42464B4618F059FB5246EF
:10E20000804689465B46DDE900013CB318F030FEEC
:10E21000CDE90001A44615F8017F7FB1A7F13006D2
:10E22000092E52465B4640464946DDD9CCB92E2FD1
:10E2300017D115F8017F0124002FEFD12C4642465B
:10E240004B46DDE9000118F0E9FC80468946039B56
:10E25000404649461C6005B0BDE8F08F4FF0010C08
:10E26000D9E72C46BCF1000F29D042464B46DDE9E8
:10E27000000118F0D3FC07F0DF07452F80468946E0
:10E28000E5D10399681C0A221BF000FA14490246E2
:10E29000002019F023F802460B464046494618F084
:10E2A000BDFC804689464046494605B0BDE8F08F32
:10E2B0009FED097B67788DED007B013486E7DFF801
:10E2C00024904FF000084046494605B0BDE8F08F65
:10E2D000000000000000F03F000000000000F0BF60
:10E2E000000024400000F87F2DE9F0470023144689
:10E2F00000228046894618F003FF28B109F1004347
:10E3000099462D23237001340022002340464946BC
:10E3100018F0ECFE28B13022002322706370BDE8B3
:10E32000F0874046494619F0D9FD18F027FF73A33E
:10E33000D3E9002307464946404618F0E1FE00288D
:10E340004ED170A3D3E900234046494618F0F6FEAB
:10E35000002845D10E2F07F1010540F3B980A7F140
:10E360000E0632460020624918F0B8FF02460B46FE
:10E370004046494618F07CFD00225E4B18F098FAA2
:10E3800018F0E8FF002DA7F10F0E4FF0010C4DDD46
:10E39000594FDFF87881012245F6F3294FF02E0A14
:10E3A000494508BF40454FF030030AD3B0EB0800A1
:10E3B00061EB0901494508BF404503F10103F5D26E
:10E3C000DBB2237050EA010304F101084AD19542FF
:10E3D00052DD0132102A4FD0444677E90289DFE747
:10E3E000002F33DB3A460020414918F077FF024600
:10E3F0000B464046494618F03BFD3BA3D3E90023BA
:10E4000080468946012500264046494618F006FC0C
:10E410000022384B18F04CFA18F09CFF002DBC4637
:10E420004FF0FF3E37464FF00006B1DC2346302266
:10E430004FF02E0803F8022B84F80180FC4345D0EE
:10E440001C4403F8012BA342FBD1A1E77A42002030
:10E45000274918F043FF02460B464046494618F04C
:10E46000DDFBCAE7954202F1010204BF84F801A076
:10E4700004F10208102AAFD16EB14246302102F8F1
:10E48000011BC2F1010373444344002BF7DC2EEA65
:10E49000EE7301339844BCF1010F12D0BCF1000FB0
:10E4A0004FF0650388F80030C5BF2B2388F8013092
:10E4B00008F1010108F102016046BDE8F0470DF0E6
:10E4C0008FB9002388F80030BDE8F0871C465FE76D
:10E4D000C7F10E020020064918F000FF3E46024632
:10E4E0000B46012790E700BF0000901EC4BCD64237
:10E4F000000024400000E03F28A002088DEDB5A0F8
:10E50000F7C6B03E50EFE2D6E41A4B4400407A1012
:10E5100070B54FF0FF3006F0BFF804466FF07F4053
:10E5200006F0BAF80646204618F0FEFA00220C4B18
:10E5300018F074FB044630460D4618F0F5FA06A3B1
:10E54000D3E9002318F094FC02460B4620462946E6
:10E5500018F0AEF970BD00BF0000E0DFFFFF6F43B1
:10E560000000F03D00000000294B70B50646186819
:10E570000D4609F041FA00283DDB08F0CFFF002EE0
:10E58000044639DD234B186818F0DEFA1EA3D3E9E0
:10E59000002318F043FB0022002318F089F918F03B
:10E5A000EDFD236820EAE071B1F5806FA8BF4FF45C
:10E5B0008061DB682046984723681749D3F880308C
:10E5C00091FBF6F120469847002D14DDA5F11406C5
:10E5D000012EB8BF012630460DF0D6FE2368204636
:10E5E000DB6800219847A81B0128B8BF0120BDE8BF
:10E5F00070400DF0C9BE70BD03680021DB68BDE846
:10E6000070401847AFF30080101010101010104029
:10E61000E40500200802002040420F000000000036
:10E6200038B5154B1B68002B04460CBF182005207D
:10E6300008F074FF0546204618F086FA0CA3D3E9CB
:10E64000002318F0EBFA0022002318F031F918F03B
:10E6500095FD2B6820EAE071B1F5007FDB68A8BF6B
:10E660004FF4007128469847044B1C6038BD00BF2A
:10E670001010101010100040E405002008020020C7
:10E6800030B52D4B8DB01A680092009A120205D455
:10E69000009A42F400020092009A1A60274A284B1E
:10E6A000126801921B6802930EF034FC18F04CFAC9
:10E6B000CDE90401019B9BB20193029B9BB20293A3
:10E6C000DDE904011AA3D3E9002318F0A7FA1D4BD2
:10E6D0000022CDE90401CDE906230298019BC01A6E
:10E6E00018F022FACDE90801DDE90445019818F097
:10E6F0001BFA02460B462046294618F0D7F8CDE90A
:10E700000A01DDE90601DDE90823DDE90A4518F023
:10E71000AFFB22462B4618F081FA00220A4B18F074
:10E72000C7F818F053FD039003980DB030BD00BF3B
:10E730009A9999999999F13F08030450A875FF1F78
:10E74000CA75FF1F0000544000003E40000000005A
:10E750002DE9F04F2DED028B044683B0C06818F010
:10E76000F3F980462069894618F0EEF9824660691F
:10E770008B4618F0E9F9024601F1004306460F46C0
:10E780004046494619F05EFA18F040FDE062054641
:10E7900019F010F90190284619F0C0F8019B0546C0
:10E7A000184618F0E3F942464B4618F037FA80460F
:10E7B0002846894618F0DAF932463B4618F02EFA18
:10E7C00002460B464046494618F070F802460B4692
:10E7D0005046594619F036FA18F018FD002208EE96
:10E7E000100A00233046394618F0A8FC28B3B5EECD
:10E7F000C08AF1EE10FA1CDD11A7D7E9006718EE08
:10E80000100A18F0B3F902460B463046394618F0A4
:10E810004DF832463B4618F04BF818F0F7FCA06272
:10E82000E38843F00203E38003B0BDEC028BBDE854
:10E83000F08F05A7D7E90067E1E784ED0A8AEFE7E3
:10E84000EA2E4454FB21F93FEA2E4454FB21F9BF40
:10E8500008B50EF095FADFED0C7A07EE100A67EEB8
:10E86000277A17EE900A18F081F905A3D3E900235F
:10E8700018F0FEFA18F082FC08BD00BFAFF300806C
:10E88000EA2E4454FB2119400000B443000000006C
:10E8900008B50EF089FADFED0C7A07EE100A67EE84
:10E8A000277A17EE900A18F061F905A3D3E900233F
:10E8B00018F0DEFA18F062FC08BD00BFAFF300806C
:10E8C000EA2E4454FB2119400000B443000000002C
:10E8D000494A21F0004393422DE9704304460D4616
:10E8E00049DC464A93420E460EDC3FA3D3E900239F
:10E8F00017F0DEFF0022424B18F020FC00284AD01F
:10E9000020462946BDE870833E4A934239DCB3F184
:10E91000804F40DD18F0F0FE2246804689462B46A7
:10E920002046294618F07AF90022354B17F0C0FF2F
:10E9300019F07EFD42464B4617F0BAFF02460B46E1
:10E9400000202F4918F094FA424604460D464B46E3
:10E950004046494617F0ACFF02460B462046294682
:10E9600017F0A6FF02F040F8002E08DC01F100438A
:10E970001946BDE8708302460B4617F099FFBDE8C3
:10E98000708318F0B9FE02F02FF819A3D3E9002321
:10E9900017F08EFFE8E722462B462046294618F05E
:10E9A0003DF9804689462046294618F0A5FE0022FA
:10E9B00004460D46124B4046494617F079FF19F0C0
:10E9C00037FD00220E4B17F073FF02460B46404600
:10E9D000494618F04DFA22462B4617F069FF00F021
:10E9E000A7FAC1E7AFF300809C7500883CE4377E4E
:10E9F000EF39FAFE422EE63FFFFFEF7FFFFF2F3E8B
:10EA00000000F03F0000B0412DE9F84FBE4B21F06F
:10EA100000469E4204460D468A460EDDBB4B9E4292
:10EA200000F3B18000F0AC80BAF1000F40F3EA804F
:10EA300099A1D1E90001BDE8F88FB54B9E4200F3E2
:10EA4000BA80A3F1DE739E4240F3A5804FF0FF3BF6
:10EA500022462B462046294618F0E0F802460B468F
:10EA60008046894618F0DAF88DA3D3E900230646DC
:10EA70000F4618F0D3F88CA3D3E9002317F018FF42
:10EA800032463B4618F0CAF889A3D3E9002317F0B1
:10EA90000FFF32463B4618F0C1F887A3D3E90023A5
:10EAA00017F006FF32463B4618F0B8F884A3D3E9C6
:10EAB000002317F0FDFE32463B4618F0AFF882A364
:10EAC000D3E9002317F0F4FE42464B4618F0A6F8AF
:10EAD0007FA3D3E90023804689463046394618F0A3
:10EAE0009DF87DA3D3E9002317F0E0FE32463B46B4
:10EAF00018F094F87AA3D3E9002317F0D7FE324632
:10EB00003B4618F08BF878A3D3E9002317F0CEFE2C
:10EB100032463B4618F082F875A3D3E9002317F07C
:10EB2000C5FE32463B4618F079F802460B46404691
:10EB3000494617F0BDFE22462B4618F06FF8BBF190
:10EB4000FF3F02460B4661D0724B734E4FEACB0B30
:10EB50005B44D3E9002317F0A9FE22462B4617F0A9
:10EB6000A5FEB34402460B46DBE9000117F09EFE0A
:10EB7000BAF1000F0DDA01F100431946BDE8F88F34
:10EB800000283FF451AF22462B462046294617F075
:10EB90008FFEBDE8F88F58A3D3E9002317F088FE55
:10EBA00000225E4B18F0CAFA00283FF44FAF20460F
:10EBB0002946BDE8F88F18F09FFD594B9E42044648
:10EBC0000D4629DCA3F550239E424EDC02460B463F
:10EBD00017F06EFE0022514B17F068FE0022064629
:10EBE0000F464FF080432046294617F061FE02464B
:10EBF0000B463046394618F03BF94FF0000B0446FF
:10EC00000D4625E73EA1D1E90001C2E7204629468D
:10EC100017F04CFEBDE8F88F424B9E421ADC0022F2
:10EC2000414B17F043FE002206460F463E4B20465E
:10EC3000294617F0F3FF0022384B17F039FE024641
:10EC40000B463046394618F013F94FF0020B0446D4
:10EC50000D46FDE602460B460020344918F008F93F
:10EC60004FF0030B04460D46F2E600222B4B17F043
:10EC70001DFE002206460F46284B2046294617F067
:10EC800017FE02460B463046394618F0F1F84FF0B1
:10EC9000010B04460D46DBE6182D4454FB21F93FD9
:10ECA00011DA22E33AAD903FEB0D76244B7BA93F7E
:10ECB000513DD0A0660DB13F6E204CC5CD45B73F4C
:10ECC000FF8300922449C23F0D5555555555D53FF8
:10ECD0002F6C6A2C44B4A2BF9AFDDE522DDEAD3FEC
:10ECE0006D9A74AFF2B0B33F711623FEC671BC3F8C
:10ECF000C4EB98999999C93F9C7500883CE4377E8C
:10ED0000182D4454FB21F9BFFFFF0F440000F07F92
:10ED1000FFFFDB3F50A0020830A002080000F03FD8
:10ED2000FFFFF23FFF7F03400000F83F0000F0BF0D
:10ED30002DE9F041C1F30A57A7F2FF35132D024622
:10ED40000B460C468846064620DC002D4ADB364F33
:10ED50002F4101EA070C5CEA000C1CD030A3D3E978
:10ED6000002317F0A5FD0022002318F0E7F948B1B1
:10ED7000002C04DD4FF4801343FA05F5A84428EA7B
:10ED80000704002621463046BDE8F081332D06DD1C
:10ED9000B5F5806F38D010461946BDE8F081A7F26E
:10EDA00013474FF0FF3C2CFA07F70742F3D01CA3A0
:10EDB000D3E9002317F07CFD0022002318F0BEF9F0
:10EDC0000028DFD0002C09DD142D22D00123C5F14D
:10EDD000340503FA05F5AE1928BF984426EA07065C
:10EDE0004446CFE70EA3D3E9002317F061FD0022CC
:10EDF000002318F0A3F90028C4D0002C0CDB264314
:10EE000005D00026094CBDE717F052FDC5E7344692
:10EE1000B8E704F10108E1E700264FF00044B1E74C
:10EE20009C7500883CE4377EFFFF0F000000F03F38
:10EE30002DE9F041C1F30A57A7F2FF35132D024621
:10EE40000B460C46884606461DDC002D3CDB364F43
:10EE50002F4101EA070C5CEA000C19D030A3D3E97A
:10EE6000002317F025FD0022002318F067F9C8B32E
:10EE7000002C04DA4FF4801343FA05F5A84428EA7D
:10EE8000070400262EE0332D06DDB5F5806F2DD06A
:10EE900010461946BDE8F081A7F213474FF0FF3C3A
:10EEA0002CFA07F70742F3D01DA3D3E9002317F08C
:10EEB000FFFC0022002318F041F998B1002C21DB5F
:10EEC00026EA070644460DE015A3D3E9002317F010
:10EED000EFFC0022002318F031F918B1002C08DBF8
:10EEE0000026344621463046BDE8F08117F0E0FCAC
:10EEF000D0E724F000430D4A1E43002E18BF1446ED
:10EF00000026EFE7142D08D00123C5F1340503FADC
:10EF100005F5AE1928BF9844D2E704F10108CFE700
:10EF20009C7500883CE4377EFFFF0F000000F0BFB7
:10EF30002DE9F04FD84B994287B08046894643DD92
:10EF4000D64B99420E4600F3F480D54B994240F3DC
:10EF50002D819FEDBB7B8DED047B4FEA215A04464A
:10EF6000AAF2FF3ACF4BC6F313069E4246F07F55F6
:10EF700000F3128145F44015204629460022CA4B71
:10EF800017F094FC002204460D46C84B17F046FECD
:10EF900022462B4617F042FEA046CDE90201A946C3
:10EFA000CDE90001002E3AD1002200232046294657
:10EFB00018F09CF8002800F01B81BAF1000F40F017
:10EFC000858100200021B8E0B94B21F000449C422B
:10EFD0000A460FDD0022B74B18F088F8002800F031
:10EFE000AF80002200230020B34917F041FF07B093
:10EFF000BDE8F08FB14B9C4240F3AF80B04B1A4458
:10F000009A4240F2D3800022A84B17F007FE4246F6
:10F010004B4617F003FECDE900014FF0000A002235
:10F020004FF080434046494617F042FC02460B46EB
:10F030004046494617F01CFF02460B4606460F465F
:10F0400017F0ECFD80A3D3E9002304460D4617F02A
:10F05000E5FD7FA3D3E9002317F02AFC22462B46C7
:10F0600017F0DCFD7CA3D3E9002317F021FC224636
:10F070002B4617F0D3FD7AA3D3E9002317F018FC31
:10F0800022462B4617F0CAFD77A3D3E9002317F0D9
:10F090000FFC22462B4617F0C1FD75A3D3E90023D0
:10F0A00017F006FC22462B4617F0B8FD72A3D3E9F1
:10F0B000002317F0FDFB22462B4617F0AFFDDDE9DC
:10F0C000002317F0F5FB32463B4617F0A7FD044638
:10F0D0000D46BAF1000F00F0A880504617F034FD3D
:10F0E00067A3D3E9002382468B4617F097FD66A3FA
:10F0F000D3E9002306460F465046594617F08EFDC9
:10F10000DDE9042317F0D4FB22462B4617F0D0FB91
:10F1100002460B46DDE9000117F0C8FB42464B46AC
:10F1200017F0C4FB02460B463046394617F0BEFBCB
:10F1300003E002460B4617F0BBFB07B0BDE8F08FBB
:10F1400042464B464046494617F0B0FB02460B4646
:10F1500017F08EFE07B0BDE8F08F0022594B17F074
:10F16000A7FB0022002317F0E9FF10B1564B9C4289
:10F1700062DD42464B464046494617F04FFD0022AD
:10F180004A4B17F04BFD02460B464046494617F0E6
:10F190008DFB07B0BDE8F08F45F40015C6F580166D
:10F1A00020462946B6100AF1010AE7E600223E4B46
:10F1B0004046494617F07CFB4FEA215AAAF2FF3A33
:10F1C000BAF1000F04460D460E4640F3BD8042469C
:10F1D0004B4617F06BFB02460B460020324917F0F6
:10F1E00065FB22462B4617F043FECDE90401B9E644
:10F1F00027A3D3E900232046294617F00FFD024636
:10F200000B460020284917F051FBDDE9022317F0D7
:10F2100005FD06460F46BAF1000F75D102460B46B2
:10F220002046294617F042FB87E702460B46DDE9F8
:10F23000000117F03BFBA6E7404649467DE700BFCB
:10F24000000000000000000044523EDF12F1C23F07
:10F250009FC678D0099AC33FDE03CB966446C73F6A
:10F26000AF788E1DC571CC3F599322942449D23F6B
:10F2700004FA97999999D93F935555555555E53FB6
:10F280000000E0FE422EE63F763C7935EF39EA3D5C
:10F29000555555555555E53F7982DA3FFFFFEF7FCC
:10F2A000FFFF3F439DA006000000F03F0000E03F4D
:10F2B000FFFFEF3F0000F0BF000050C3FFFF1F3E05
:10F2C0003C412D4000005043FFFF8F3C504617F05B
:10F2D0003BFC24A3D3E9002306460F4617F09EFC0F
:10F2E000DDE9042317F0E4FA20A3D3E90023044660
:10F2F0000D463046394617F091FC02460B46204633
:10F30000294617F0D5FA18E7504617F01DFC17A349
:10F31000D3E9002382468B4617F080FC11A3D3E982
:10F320000023804689465046594617F077FCDDE9B0
:10F33000042317F0BDFA02460B463046394617F053
:10F34000B5FA22462B4674E70022054B17F0AEFAB9
:10F3500002460B464046494617F0A8FA41E700BF6F
:10F360000000F03F763C7935EF39EA3D0000E0FEE1
:10F37000422EE63F0000000008B518F031FD04A35E
:10F38000D3E9002317F074FD08BD00BFAFF3008080
:10F39000EF39FAFE422EE63F2DE9F043DFF8B48064
:10F3A0008BB004460D4601F0F7F898F900300133B0
:10F3B00006460F462CD022462B462046294617F0FB
:10F3C000C7FE814620BB2046294618F095F91FA3A9
:10F3D000D3E9002317F0B2FED0B1194A98F90030F2
:10F3E000CDF820900321CDE90445CDE90245CDE9D2
:10F3F000001293B113490020022BCDE9060111D16F
:10F4000019F0C2FF22230360089B9BB9DDE9066760
:10F41000304639460BB0BDE8F0830B4B4FF06042ED
:10F42000CDE90623684619F039FE0028E8D0089B8C
:10F43000002BEBD019F0A8FF089B0360E6E700BFA4
:10F4400028B602080000F07FFFFFEF477DF8B98F74
:10F45000CE338640060400202DE9F043DFF8E48037
:10F460008BB004460D4601F047F998F9003001339E
:10F4700006460F4633D02046294619F009FE70B3E0
:10F480002CA3D3E900232046294617F057FE8146D6
:10F4900050BB2AA3D3E900232046294617F030FEAB
:10F4A000E8B198F90030204ACDF8209000200021E2
:10F4B0000426022BCDE90445CDE902450096CDE9AD
:10F4C0000601019229D0684619F0E8FD28B3089B8F
:10F4D0001BB119F059FF089B0360DDE90667304650
:10F4E00039460BB0BDE8F0830F4A98F9003001921D
:10F4F00003210022CDE90445CDE90245009108929F
:10F500002BB90A4B4FF06042CDE90623DBE70849EF
:10F510000020022BCDE90601D5D119F035FF2223B9
:10F520000360D4E7AFF3008030B60208FFFFEF4777
:10F530000000F07FEF39FAFE422E864051302DD583
:10F54000104987C0060400202DE9F04FDFF82C9306
:10F550008DB006460F4614461D4601F09DFC99F9F4
:10F560000080B8F1FF3FCDE9000136D022462B469E
:10F570002046294617F0ECFD834670BB32463B46D9
:10F580003046394617F0E4FD8246002840F0A2805C
:10F59000304639460022002317F0A8FD10B30022A0
:10F5A00000232046294617F0A1FD8346002867D096
:10F5B0009FEDA77B0122AC4BCDF828A00292CDE9AC
:10F5C0000467CDE906458DED087B0393B8F1000F84
:10F5D00041D09FEDA17B8DED007BDDE900010DB0F9
:10F5E000BDE8F08FDDE9000119F052FD80460028EA
:10F5F00000F08D804FF0000A4FF0000BDDE90001B4
:10F6000052465B4617F072FD0028E6D03046394678
:10F6100019F03EFD0028E0D02046294619F038FDBB
:10F620000028DAD099F900308F4A03920421002291
:10F63000022BCDE90467CDE90645CDE908AB02917F
:10F640000A9203D002A819F029FD50B919F09CFEC6
:10F650002223036005E002A819F020FD002800F035
:10F660009B800A9B1BB119F08FFE0A9B03609DEDE6
:10F67000087B8DED007BDDE900010DB0BDE8F08F6A
:10F680002046294619F004FD0028A6D000220023B8
:10F690002046294617F034FD00289ED0724A99F979
:10F6A0000030CDF828B00121CDE90467CDE9064549
:10F6B000CDE90212002B74D06C490020022BCDE959
:10F6C000080172D119F060FE212303600A9B002B10
:10F6D000CDD0C8E7002200232046294617F006FDBA
:10F6E00000283FF47AAF624B5F49CDF828B0002282
:10F6F0000120B8F1020FCDE904670290CDE906457B
:10F70000CDE908230391A6D1CDE9002365E7304672
:10F71000394619F0BDFC00283FF46CAF204629465D
:10F7200019F0B6FC00283FF465AFDDE90023104670
:10F73000194617F00DFD99F900A000286BD103239D
:10F74000DFF824C10A902946204602930022494B43
:10F75000CDF80CC0CDE90645CDE9046717F05EFA97
:10F7600004460D46BAF1000F25D1DFF814B14FF071
:10F77000604A0022002330463946CDE908AB17F035
:10F78000BFFC38BB02A819F089FC00289ED119F0F3
:10F79000FBFD2223036099E719F0F6FD21230360A6
:10F7A0005FE79FED2B7B8DED087B02A819F076FCBF
:10F7B00000288BD186E79FED2A7B0022002330466C
:10F7C00039468DED087B17F09BFCA0B9BAF1020F0A
:10F7D000DDD0D7E72046294619F068FC22462B46A3
:10F7E00017F084FCA0B9244B99F900A04FF06042B7
:10F7F000CDE90823EAE72046294619F057FC2246BE
:10F800002B4617F073FC18B9184B0022CDE90823DA
:10F8100099F900A0DAE70122134BCDF82880029273
:10F82000CDE90467CDE906450393BAF1000FB8D0DE
:10F83000002200231046194617F01AFBBAF1020FF6
:10F84000CDE908013FF43EAFAFE700BFAFF3008062
:10F850000000000000000000000000000000F03F79
:10F86000000000000000F07F48B602080000F0FF32
:10F870000000F03F0000E03FFFFFEFC7060400205C
:10F88000FFFFEF47000000002DE9F84FC44E21F0C4
:10F890000043B34204460D460DDD03F1404303F53A
:10F8A0008013034340F0B980002940F340810020D9
:10F8B0000021BDE8F88FBB4EB34208DCBA4A934240
:10F8C00000F3B5809CA1D1E90001BDE8F88F0029C3
:10F8D000C0F2708102460B460020B44916F0E6FFE4
:10F8E0000022B34B17F09AF904460D4618F0A0FD1C
:10F8F00093A3D3E90023894680462946204617F082
:10F900008DF991A3D3E9002316F0D2FF22462B46AE
:10F9100017F084F98EA3D3E9002316F0C7FF22461F
:10F920002B4617F07BF98CA3D3E9002316F0C0FF18
:10F9300022462B4617F072F989A3D3E9002316F06B
:10F94000B5FF22462B4617F069F987A3D3E90023B8
:10F9500016F0AEFF22462B4617F060F984A3D3E9D8
:10F96000002382468B462046294617F057F982A38A
:10F97000D3E9002316F09AFF22462B4617F04EF9E2
:10F980007FA3D3E9002316F093FF22462B4617F0FE
:10F9900045F97DA3D3E9002316F088FF22462B46C4
:10F9A00017F03CF90022814B16F082FF02460B460D
:10F9B0005046594617F05CFA42464B4617F02EF96E
:10F9C000002682468B4632464B463046494617F063
:10F9D00025F902460B462046294616F067FF3246B7
:10F9E00004460D464B464046494616F061FF024626
:10F9F0000B462046294617F03BFA02460B46504676
:10FA0000594616F055FF32464B4616F051FF024656
:10FA10000B4616F04DFFBDE8F88F02460B4616F078
:10FA200045FF02460B4617F023FABDE8F88F024661
:10FA30000B4617F0F3F842A3D3E9002306460F461E
:10FA400017F0ECF840A3D3E9002316F031FF32465B
:10FA50003B4617F0E3F83EA3D3E9002316F026FF58
:10FA600032463B4617F0DAF83BA3D3E9002316F001
:10FA70001FFF32463B4617F0D1F839A3D3E90023E4
:10FA800016F014FF32463B4617F0C8F836A3D3E908
:10FA9000002316F00DFF32463B4617F0BFF834A3A3
:10FAA000D3E90023804689463046394617F0B6F838
:10FAB00031A3D3E9002316F0F9FE32463B4617F096
:10FAC000ADF82FA3D3E9002316F0F2FE32463B46F1
:10FAD00017F0A4F82CA3D3E9002316F0E7FE324672
:10FAE0003B4617F09BF80022304B16F0E1FE024631
:10FAF0000B464046494617F0BBF922462B4617F005
:10FB00008DF802460B4622A1D1E9000116F0CEFE87
:10FB100002460B462046294616F0C8FE02460B4612
:10FB200005A1D1E9000116F0C1FEBDE8F88F1AA1C8
:10FB3000D1E9000179E700BF182D4454FB21F93FBA
:10FB400009F7FD0DE13D023F88B20175E0EF493F45
:10FB50003B8F68B52882A43F5544880E55C1C93FE4
:10FB60007D6FEB0312D6D43F555555555555C53FBE
:10FB700082922EB1C5B8B33F59018D1B6C06E63F8A
:10FB8000C88A599CE52A00404B2D8A1C273A03401D
:10FB9000075C143326A6913C182D4454FB210940E0
:10FBA000FFFFEF3FFFFFDF3F0000603C0000F03F42
:10FBB0000000E03F00225C4B16F07AFE00225B4B17
:10FBC00017F02CF840A3D3E9002304460D4617F0A4
:10FBD00025F83FA3D3E9002316F06AFE22462B4600
:10FBE00017F01CF83CA3D3E9002316F05FFE224671
:10FBF0002B4617F013F83AA3D3E9002316F058FE6A
:10FC000022462B4617F00AF837A3D3E9002316F053
:10FC10004DFE22462B4617F001F835A3D3E9002309
:10FC200016F046FE22462B4616F0F8FF804689461F
:10FC30002046294618F0FCFB2FA3D3E900230646F3
:10FC40000F462046294616F0E9FF2DA3D3E90023ED
:10FC500016F02CFE22462B4616F0E0FF2AA3D3E92D
:10FC6000002316F025FE22462B4616F0D7FF28A3C8
:10FC7000D3E9002316F01AFE22462B4616F0CEFFDB
:10FC80000022294B16F014FE02460B464046494618
:10FC900017F0EEF832463B4616F0C0FF1EA3D3E93C
:10FCA000002316F003FE32463B4616F001FE0246E4
:10FCB0000B4616F0FDFD02460B4619A1D1E90001E5
:10FCC00016F0F4FDB1E600BF09F7FD0DE13D023F7E
:10FCD00088B20175E0EF493F3B8F68B52882A43FA9
:10FCE0005544880E55C1C93F7D6FEB0312D6D43FF2
:10FCF000555555555555C53F82922EB1C5B8B33FA0
:10FD000059018D1B6C06E63FC88A599CE52A0040C4
:10FD10004B2D8A1C273A0340075C143326A6913CDE
:10FD2000182D4454FB2109400000F03F0000E03F43
:10FD3000414A91422DE9F84304460D4637DD3F4ADA
:10FD400091420B4608DD02F1795291423DDD0246B7
:10FD500016F0AEFDBDE8F88301F1404202F58012D5
:10FD600002432ED0B1F1804F37DC0022344B16F025
:10FD70009DFD02460B4604460D4616F099FD2246AF
:10FD800006460F462B462046294616F047FF0246F8
:10FD90000B463046394616F08BFD18F049FB2246DB
:10FDA0002B4616F085FDBDE8F843FFF7C1B80246C3
:10FDB0000B4616F07BFD02460B4617F059F8BDE8DE
:10FDC000F88300200021BDE8F88300F00DFE18A3A1
:10FDD000D3E9002316F06CFDF1E7024616F01EFF92
:10FDE0000022174B16F062FD18F022FB22468046D7
:10FDF00089462B462046294616F05AFD22460646DD
:10FE00000F462B464046494616F052FD02460B4629
:10FE100000200B4917F02CF80B46024639463046B5
:10FE200016F044FDBDE8F84300F0DEBDAFF30080FE
:10FE3000EF39FAFE422EE63FFFFFEF3FFFFFAF41F3
:10FE40000000F03F000000002DE9F04FAE4B21F024
:10FE500000479F4287B004460D4611DD07F1404739
:10FE600007F5801703463B4321D002460B4616F0A8
:10FE70001DFD02460B4616F0FBFF07B0BDE8F08FF4
:10FE8000A24B9F420E4629DCB7F1795F80F2468192
:10FE900081A3D3E9002316F00BFD00229C4B17F041
:10FEA0004DF9D8B12046294607B0BDE8F08F7CA3B4
:10FEB000D3E9002316F0B2FE7BA3D3E90023064664
:10FEC0000F462046294616F0A9FE02460B4630464C
:10FED000394616F0EDFC07B0BDE8F08F2046294604
:10FEE00017F00AFC02460B460020894916F0DEFC9A
:10FEF0000022884B16F092FE6DA3D3E9002304463E
:10FF00000D4616F08BFE6CA3D3E9002316F0D0FC4F
:10FF100022462B4616F082FE69A3D3E9002316F091
:10FF2000C5FC22462B4616F079FE67A3D3E90023D1
:10FF300016F0BEFC22462B4616F070FE64A3D3E9F1
:10FF4000002316F0B3FC22462B4616F067FE62A390
:10FF5000D3E9002316F0ACFC22462B4616F05EFED9
:10FF60005FA3D3E90023CDE900012046294616F01E
:10FF700055FE5DA3D3E9002316F098FC22462B46DC
:10FF800016F04CFE5AA3D3E9002316F091FC22464A
:10FF90002B4616F043FE58A3D3E9002316F086FC47
:10FFA00022462B4616F03AFE594B002216F080FCF2
:10FFB00082468B4620462946CDE902AB18F038FA36
:10FFC000554B9F428046894600F3198102460B46F5
:10FFD00016F06EFCDDE90223CDE90401DDE9000144
:10FFE00016F046FF02460B46DDE9040116F016FE48
:10FFF0004FF0000ACDE9000152464B4650464946B3
:020000040801F1
:1000000016F00CFE02460B462046294616F04EFC22
:10001000524604460D464B464046494616F048FCBB
:1000200002460B462046294616F022FF02460B46A2
:1000300016F03EFC02460B461BA1D1E9000116F06A
:1000400035FC02460B46DDE9000116F02FFC524656
:1000500004460D464B465046494616F029FC0246DA
:100060000B4627A1D1E9000116F020FC02460B4601
:100070002046294616F01AFC02460B4620A1D1E97B
:10008000000116F013FC002E3FF7F7AE01F100431C
:100090001946F2E6AFF300809C7500883CE4377E99
:1000A000182D4454FB21F93F075C143326A6913CDC
:1000B00009F7FD0DE13D023F88B20175E0EF493FD0
:1000C0003B8F68B52882A43F5544880E55C1C93F6F
:1000D0007D6FEB0312D6D43F555555555555C53F49
:1000E00082922EB1C5B8B33F59018D1B6C06E63F15
:1000F000C88A599CE52A00404B2D8A1C273A0340A8
:10010000182D4454FB21E93FFFFFEF3FFFFFDF3F86
:100110000000F03F0000E03F3233EF3F02460B4665
:1001200016F07CFD4BA3D3E9002306460F4616F0DC
:1001300075FD4AA3D3E9002316F0BAFB32463B46CD
:1001400016F06CFD47A3D3E9002316F0AFFB32464F
:100150003B4616F063FD45A3D3E9002316F0A8FB48
:1001600032463B4616F05AFD42A3D3E9002316F06F
:100170009DFB32463B4616F051FD40A3D3E90023D8
:1001800016F096FB32463B4616F048FD3DA3D3E9F8
:100190000023804689463046394616F03FFD3BA392
:1001A000D3E9002316F082FB32463B4616F036FDBB
:1001B00038A3D3E9002316F07BFB32463B4616F00A
:1001C0002DFD36A3D3E9002316F070FB32463B46E3
:1001D00016F024FD00221E4B16F06AFB02460B4669
:1001E0004046494616F044FE22462B4616F016FDC0
:1001F00022462B4616F05CFB07B0BDE8F08F524656
:100200005B46DDE9000116F033FE42464B4616F030
:1002100005FD42464B4616F04BFB02460B4616F0D8
:1002200047FB07A3D3E9002316F040FB02460B4629
:1002300005A1D1E9000116F039FB24E7AFF30080F6
:10024000075C143326A6913C182D4454FB21F93F3A
:100250000000F03F09F7FD0DE13D023F88B2017556
:10026000E0EF493F3B8F68B52882A43F5544880E94
:1002700055C1C93F7D6FEB0312D6D43F5555555537
:100280005555C53F82922EB1C5B8B33F59018D1B5C
:100290006C06E63FC88A599CE52A00404B2D8A1C13
:1002A000273A0340000000002DE9F84F1D46534255
:1002B000134325F00049DFF8C8C149EAD373634509
:1002C000144606460F4626D8C0F1000848EA000842
:1002D00021F0004A4AEAD878E04503468B461AD80E
:1002E00005F1404808F5801858EA0208AE4643D0A8
:1002F0004FEAA57808F002085AEA030348EAD178E1
:1003000011D1B8F1020F55D0B8F1030F09D14AA1AC
:10031000D1E9000105E032463B462046294616F069
:10032000C7FABDE8F88F59EA020329D0E1452ED07B
:10033000E24525D0AAEB09094FEA2959B9F13C0F4A
:100340003CDC002D3EDA19F13C0F3BDA00200021A5
:10035000B8F1010F4ED0B8F1020F3ED0B8F1000F46
:10036000DFD037A3D3E9002316F0A0FA36A3D3E9F0
:10037000002316F09BFAD4E7BDE8F84FFEF744BB24
:10038000BBF1000F12DB32A1D1E90001C9E7CA4578
:1003900034D0B8F1020F0DD0B8F1030FB7D0B8F1D7
:1003A000010F4FF0000036D00021BAE72AA1D1E9B1
:1003B0000001B6E724A1D1E90001B2E724A1D1E907
:1003C0000001C5E722462B463046394616F050FD5F
:1003D00017F092F9FEF718FBBAE719A3D3E9002347
:1003E00016F064FA02460B4617A1D1E9000116F097
:1003F0005DFA96E701F10043194692E7B8F1020F62
:1004000014D0B8F1030F0DD0B8F1010F06D014A12C
:10041000D1E9000185E74FF0004182E712A1D1E95F
:1004200000017EE712A1D1E900017AE712A1D1E92A
:10043000000176E7AFF30080182D4454FB2109C07A
:10044000075C143326A6A13C182D4454FB21094017
:10045000182D4454FB21F93F182D4454FB21F9BFBA
:10046000182D4454FB21E93F182D4454FB21E9BFCA
:10047000D221337F7CD902C0D221337F7CD9024084
:100480000000F07F0000000043422DE9F0470343E5
:1004900021F000463C4A46EAD373934204460D4697
:1004A0002AD8964240D0394B9E428A462EDD384BA0
:1004B0009E4235463FDD33460246314616F0F8F996
:1004C000224606460F462B4600202F4916F0EEF92D
:1004D00002460B463046394616F0CAFCFEF728FDA8
:1004E00000222C4B16F09AFBBAF1000F0CDA01F146
:1004F00000431946BDE8F08702460B4616F0D6F9D0
:1005000002460B4616F0B4FCBDE8F0871CA3D3E905
:10051000002316F0CDF90022002316F00FFE48B19B
:1005200020462946BDE8F0870022002316F0A0FCF3
:10053000BDE8F087354622462B462046294616F070
:10054000B7F922462B4606460F4616F067FB2246B1
:10055000804689462B4600200B4916F0A7F9024633
:100560000B464046494616F083FC32463B4616F0A1
:100570009FF9FEF7DDFC0022064B16F04FFBB3E7B8
:100580009C7500883CE4377E0000F03FFFFF2F3E63
:10059000FFFFDF3F0000E03F2DE9F8434E4B21F025
:1005A00000449C4206460F461BDC4C4B9C4222DD1D
:1005B0004B4B9C4254DD4B4B9C4246DD4A4B9C428C
:1005C0006FDD01339C4269D041A3D3E9002310467B
:1005D000194616F023FB06460F4630463946BDE85D
:1005E000F88302460B4616F019FB06460F463046C6
:1005F0003946BDE8F88317F07FF802F04DFC002281
:100600003A4B8046894616F053F9B4F1725F0646BC
:100610000F46ECDB42464B464046494616F0FEFA92
:1006200032463B4604460D463046394616F040F900
:1006300002460B462046294616F01AFC00222B4B98
:1006400016F036F906460F46D1E717F055F800F0D8
:1006500053F80022264B16F0E1FA06460F46C6E78D
:1006600017F04AF800F048F80022214B06460F46E2
:1006700016F0D4FA324604460D463B4600201C498B
:1006800016F0F6FB02460B462046294616F010F9F6
:1006900006460F4630463946BDE8F883154B98426A
:1006A00092D83046394617F027F80022104B16F042
:1006B000B5FA00F021F8002204460D460C4B16F066
:1006C000ADFA22462B4616F0A9FA06460F468EE7EB
:1006D0009C7500883CE4377EFFFFEF7F422ED63FBB
:1006E000FFFF3540412E8640CD3386400000F03F6D
:1006F0000000E03F7DF8B98F2DE9F047B04F21F0C1
:100700000042BA4284B004460D464FEAD17610D971
:10071000AC4FBA4240F28A80C1F31303034302464E
:1007200040F0F180002E7ED00020002104B0BDE812
:10073000F087A54B9A4200F2B680A44B9A4240F251
:10074000D1804FF0000A22462B462046294616F05B
:1007500065FA85A3D3E9002306460F4616F05EFA34
:1007600083A3D3E9002316F0A1F832463B4616F0E6
:1007700055FA81A3D3E9002316F09AF832463B4696
:1007800016F04CFA7EA3D3E9002316F08FF8324618
:100790003B4616F043FA7CA3D3E9002316F088F811
:1007A00032463B4616F03AFA02460B4620462946A8
:1007B00016F07CF802460B4606460F4620462946B0
:1007C00016F02CFA80468946BAF1000F00F0AB8093
:1007D00032463B4600204FF0804116F067F8024653
:1007E0000B464046494616F043FB02460B46DDE900
:1007F000020116F05BF8DDE9002316F057F80B460E
:1008000002467349002016F051F86FF47F739A4541
:1008100080F2A3800AF57A7A01EB0A5100224FF0A8
:10082000B87316F0FBF904B0BDE8F08758A3D3E91C
:10083000002316F083FC00286BD157A3D3E90023D3
:100840002046294616F05CFC00287FF46DAF614914
:1008500053A3D3E9002301EBC6062046294616F030
:10086000DDF9D6E9002316F023F816F087FC82465E
:1008700016F06AF94CA3D3E9002306460F4616F09A
:10088000CDF902460B462046294616F00FF848A33C
:10089000D3E90023CDE900013046394616F0BEF910
:1008A000CDE9020115E04C4B9A42D0D84B4BF400F5
:1008B0002344D3E9002315F0F9FF494B234493ED7A
:1008C000007BCDE900018DED027BC6F1010AAAEBA8
:1008D000060ADDE90223DDE9000115F0E7FF044621
:1008E0000D4630E734A3D3E9002315F0E1FF0022E1
:1008F000374B16F023FCA8B3204629460022344B80
:1009000015F0D6FF8FE70B4615F0D2FF04B0BDE817
:10091000F08729A3D3E900231046194616F07EF983
:1009200004B0BDE8F0873046394600224FF08043DE
:1009300015F0BCFF02460B464046494616F098FAB1
:1009400022462B4615F0B2FF02460B4600202049F6
:1009500015F0ACFF04B0BDE8F08701EB0A5104B01C
:10096000BDE8F0878246EEE6D0A4BE726937663EE7
:10097000F16BD2C541BDBB3E2CDE25AF6A56113F9F
:1009800093BDBE166CC1663F3E5555555555C53F86
:10099000EF39FAFE422E864051302DD5104987C0DE
:1009A000FE822B654715F73F0000E0FE422EE63F32
:1009B000763C7935EF39EA3D9C7500883CE4377E1A
:1009C000412E8640FFFFEF7F422ED63FFFFF2F3E96
:1009D0000000F03F70A00208B1A2F03F80A0020822
:1009E00090A00208000000002DE9F04FB1F5801F33
:1009F00085B006460F460B4680F2D08021F00042BB
:100A0000024300F0DA800029C0F2E9800022D64BD0
:100A100016F004F9D54A0B46934206460F466FF08E
:100A2000350E00F3C180C3F3130505F5152C0CF644
:100A3000647C0CF4801C8CF07F5282F440121C15F4
:100A400042EA0507A4F2FF3474440022C84B304642
:100A5000394604EB1C5415F029FFAB1CC3F31303F8
:100A6000022B82468B464FF0000240F3AF804FF0DE
:100A7000804315F01DFF02460B465046594616F0BE
:100A8000F7F9064620460F4616F05EF83246CDE9E5
:100A900002013B4630463946CDE9006716F0BEF804
:100AA00002460B468046894616F0B8F89AA3D3E969
:100AB000002306460F4616F0B1F899A3D3E90023A8
:100AC00015F0F6FE32463B4616F0A8F896A3D3E999
:100AD000002315F0EDFE32463B4616F09FF894A336
:100AE000D3E9002315F0E4FE42464B4616F096F893
:100AF00091A3D3E90023804689463046394616F053
:100B00008DF88FA3D3E9002315F0D2FE32463B4681
:100B100016F084F88CA3D3E9002315F0C9FE324601
:100B20003B4616F07BF80B4602464946404615F018
:100B3000BFFEA5F5C223C5F5D725A3F27A435135EB
:100B40001D43002D06460F4640F387800022894B47
:100B50005046594616F062F852465B4616F05EF86B
:100B600002460B46804689463046394615F0A0FEBF
:100B7000DDE9002316F052F806460F46002C40F03F
:100B8000818002460B464046494615F08FFE0246DC
:100B90000B465046594615F089FE0BE0734A9342C6
:100BA0004FF0000E7FF73FAF32463B4630463946A6
:100BB00015F07EFE05B0BDE8F08F00220023002076
:100BC0006D4916F055F905B0BDE8F08F002316F019
:100BD0008DFA60B1002C7CD100200021EAE70246AA
:100BE00015F064FE0022002316F042F9E2E758A354
:100BF000D3E900235046594616F010F802460B463A
:100C000000205C4915F052FE524606460F465B46F0
:100C10005046594616F002F802460B463046394611
:100C200015F0FCFF06460F462CB3204615F08CFF4E
:100C300049A3D3E900238046894615F0EFFF48A376
:100C4000D3E9002304460D464046494615F0E6FF29
:100C500002460B46304639462CE002460B465046CB
:100C6000594615F023FEDDE9002315F0D7FF0646AF
:100C70000F46002C47D132463B465046594615F0A8
:100C800015FE97E734A3D3E90023DDE9020115F04F
:100C9000C5FF33A3D3E9002304460D46DDE9020175
:100CA00015F0BCFF32463B4615F002FE02460B46ED
:100CB0004046494615F0FAFD52465B4615F0F6FDF2
:100CC00002460B462046294615F0F0FD05B0BDE86A
:100CD000F08F204615F038FF1FA3D3E90023064606
:100CE0000F4615F09BFF1EA3D3E9002304460D46D3
:100CF0003046394615F092FF02460B4620462946FB
:100D000015F0D6FD56E7DDE9028913A3D3E90023E8
:100D10004046494691E700BF44523EDF12F1C23FD0
:100D2000DE03CB966446C73F599322942449D23FB1
:100D3000935555555555E53F9FC678D0099AC33F01
:100D4000AF788E1DC571CC3F04FA97999999D93F18
:100D5000555555555555D53F0000E0FE422EE63F0E
:100D6000763C7935EF39EA3D00005043FFFFEF7FD5
:100D70000000F03F0000E03F000050C30000000012
:100D8000B1F5801F2DE9F84304460D460B4619DAEC
:100D900021F00042024359D000295FDB00223A4B88
:100DA00015F03CFF394A0D462B46934204466FF03E
:100DB00035010CDD22462B462046294615F078FDEC
:100DC000BDE8F883314A93424FF00001F2DC181578
:100DD000A0F2FF3008444FEAD0794844C3F3130827
:100DE00015F0B2FEC9F57F73033348EA0355064692
:100DF0000F4620462946FFF7F7FD1DA3D3E9002340
:100E0000804689463046394615F008FF1AA3D3E9D3
:100E1000002304460D464046494615F0FFFE0246B3
:100E20000B462046294615F043FD15A3D3E90023C0
:100E300004460D463046394615F0F0FE02460B4694
:100E40002046294615F034FDBDE8F8830022002332
:100E500000200F4916F00CF8BDE8F883024615F0A3
:100E600025FD0022002316F003F8A9E7AFF3008068
:100E7000362BF111F3FE593D0EE526157BCBDB3FFA
:100E800000609F501344D33F00005043FFFFEF7FAB
:100E9000000050C3000000002DE9F04F23F0004592
:100EA00055EA020493B00DD06B4E21F00044B442D9
:100EB0000F4682460BDD04F1404404F5801454EAE9
:100EC0000A0350D16549002013B0BDE8F08F9B465E
:100ED000944647D0B542EEDC5F4EB5425DD0002F60
:100EE00080468946CDE900235BDB0026BCF1000F7C
:100EF0000ED1594B9D423FD0584B9D4200F0888007
:100F0000BBF1804F00F09C80554B9B4500F0B883AF
:100F10004046494616F0F0FBBAF1000F06D1002C0E
:100F200059D04E4B27F040429A4254D0FF0F013F18
:100F300056EA070373D04B4B9D4240F39B8003F16D
:100F400004739D4240F33E84474B9C4272DDBBF1EB
:100F5000000F72DD3EA3D3E900231046194615F0B9
:100F60005DFEB1E728B1414813B0BDE8F04F18F07D
:100F700097B8A542F7DCAFE704F1404303F58013CF
:100F800053EA0A039ED0384B9C4240F38383BBF163
:100F9000000F52DBDDE9000196E7BCF1000F9ED0A7
:100FA00089E7334B9D4231DCA3F154739D429CDDB4
:100FB0002B15A3F2FF33142B40F3A583C3F13403A5
:100FC0002CFA03F202FA03F363458ED102F0010218
:100FD000C2F102068AE7BBF1000F05DA02460B46B2
:100FE00000201E4915F044FF002FBFF66DAF04F13D
:100FF000404404F5801454EA060300F03F84012EB7
:101000007FF462AF01F1004319465DE702266DE708
:10101000BBF1000FC0F248834046494654E74246C0
:101020004B461046194615F041FC02460B4615F09A
:101030001FFF49E7BBF1000F8CDB0020002143E7D5
:1010400042464B464046494615F0E8FD3CE700BFA6
:101050009C7500883CE4377E0000F07F0000F03F84
:101060000000E03F0000E041FFFFEF3F8CB40208CA
:10107000FFFF3F43B4F5801F80F261830022D24B13
:1010800015F0CCFD6FF0340C0C462315CF4DC4F396
:101090001302A3F2FF3342F07F546344AA420B933E
:1010A00044F4401440F33F83C94B9A4240F3048414
:1010B0009FEDAF7B8DED087B8DED107B9FEDAE7BC3
:1010C0000B9B8DED067B01330B93A4F5801400255B
:1010D000DDE906232146824615F0E8FBA346DDE95B
:1010E00006238046894650462146CDE90CAB15F0D3
:1010F000DFFB02460B460020B64915F0B9FE0A4652
:101100000146CDE90E12134649460246404615F007
:1011100085FD631043F0005382468B4603F50023A0
:101120008C46CDE904AB5919D3460023CDE902BC66
:101130000293DDE902AB002004460D4602460B4651
:101140005046594615F06AFD02460B464046494650
:1011500015F0ACFBDDE9062380468946204629468A
:1011600015F0A4FB02460B46DDE90C0115F09EFBD1
:1011700052465B4615F052FD02460B464046494634
:1011800015F094FBDDE90E2315F048FDDDE904457B
:10119000CDE9060122462B462046294615F03EFDA4
:1011A00077A3D3E9002304460D4615F037FD76A357
:1011B000D3E9002315F07CFB22462B4615F02EFDCB
:1011C00073A3D3E9002315F073FB22462B4615F0D9
:1011D00025FD71A3D3E9002315F06AFB22462B46B7
:1011E00015F01CFD6EA3D3E9002315F061FB224628
:1011F0002B4615F013FD6CA3D3E9002315F058FB23
:101200002246804689462B462046294615F006FD93
:1012100002460B464046494615F000FD524604463C
:101220000D465B46DDE9040115F042FBDDE90623CE
:1012300015F0F4FC22462B4615F03AFB5246804648
:1012400089465B465046594615F0E8FC0022624B41
:10125000CDE90C0115F02CFB42464B4615F028FB5E
:1012600002980D46044622462B465046594615F034
:10127000D5FC002282468B46574B2046294615F066
:1012800015FBDDE90C2315F011FB02460B46404629
:10129000494615F00BFBDDE9042315F0BFFC22469F
:1012A000804689462B46DDE9060115F0B7FC02466B
:1012B0000B464046494615F0FBFA804689460246F1
:1012C0000B465046594615F0F3FA029838A3D3E975
:1012D000002304460D4615F0A1FC5246CDE9040159
:1012E0005B462046294615F0E1FA02460B46404689
:1012F000494615F0DBFA30A3D3E9002315F08EFC44
:101300002FA3D3E90023804689462046294615F0BD
:1013100085FC02460B464046494615F0C9FADDE910
:10132000102315F0C5FA80460B98894615F00CFC81
:10133000424682468B464B46DDE9040115F0B8FA79
:10134000DDE9082315F0B4FA52465B4615F0B0FA11
:10135000029852465B4604460D4615F0A7FADDE9B1
:10136000082315F0A3FADDE9042337E0AFF300808A
:101370000000000000000000000000000000F03F3E
:10138000EF4E454A287ECA3F65DBC9934A86CD3F6A
:1013900001411DA96074D13F4D268F515555D53F50
:1013A000FFAB6FDBB66DDB3F033333333333E33FE8
:1013B000000000E009C7EE3FFD033ADC09C7EE3F3D
:1013C000F5015B14E02F3EBE000040438E98030001
:1013D00079B60B000000F03F0000084015F066FAF7
:1013E0000B4602464946404615F060FA013E56EA71
:1013F000070382468B4600F05E819FEDD37B8DED27
:10140000047BDDE9001200230E461746CDE9026792
:101410000293DDE9026708463B461146324615F065
:1014200045FA22462B4615F0F9FBDDE900238046FC
:1014300089465046594615F0F1FB02460B46404698
:10144000494615F035FA3246804689463B462046E5
:101450002946CDE9008915F0E1FB0B460246064618
:101460000F464046494615F023FAD14B99420446AF
:101470000D468A4640F3248101F13F4303F5E00322
:10148000034340F0FF81B2A3D3E90023DDE900016B
:1014900015F00EFA3246804689463B4620462946DC
:1014A00015F004FA02460B464046494615F046FE42
:1014B000002840F0E781A8464FEA2853A3F2FE3205
:1014C0004FF4801313415344C3F30A52B94DA2F2AF
:1014D000FF321541C3F3130423EA05010020C2F1D2
:1014E000140B44F48014BAF1000F02460B4644FA80
:1014F0000BFB30463946B8BFCBF1000B15F0D6F9DF
:1015000006460F463246DDE900013B4615F0D0F9AC
:101510004FEA0B5A0D4600248FA3D3E9002320463F
:10152000294615F07BFB3246804689463B462046DD
:10153000294615F0BBF902460B46DDE9000115F01E
:10154000B5F987A3D3E9002315F068FB86A3D3E997
:10155000002306460F462046294615F05FFB02464B
:101560000B463046394615F0A3F906460F460246AB
:101570000B464046494615F09BF942464B46044609
:101580000D4615F093F902460B463046394615F0E4
:101590008DF92246804689462B462046294615F07D
:1015A0003DFB73A3D3E9002306460F4615F036FB37
:1015B00071A3D3E9002315F079F932463B4615F0C3
:1015C0002DFB6FA3D3E9002315F072F932463B4699
:1015D00015F024FB6CA3D3E9002315F067F932461C
:1015E0003B4615F01BFB6AA3D3E9002315F060F915
:1015F00032463B4615F012FB02460B462046294672
:1016000015F054F906460F4602460B462046294679
:1016100015F004FB0022CDE900014FF08043304675
:10162000394615F043F902460B46DDE9000115F095
:101630001FFC424606460F464B462046294615F0FB
:10164000EDFA42464B4615F033F902460B4630465A
:10165000394615F02BF922462B4615F027F902469C
:101660000B460020544915F021F98A44BAF5801F31
:10167000C0F232815146DDE9042315F0CFFA23E4AC
:10168000002FFFF645AC4046494613B0BDE8F04F89
:1016900016F0CEBEBBF1000FBFF6CFACDDE90034D3
:1016A000184604F100410FE442464B4600204249EF
:1016B00015F0DEFB08E49FED387B8DED047BA0E6A2
:1016C0003E4B21F00048984540F3EA803C4B0B44E8
:1016D00003430AD132463B4615F0E8F8DDE9002322
:1016E00015F022FD00283FF4E7AEDDE904012CA34C
:1016F000D3E9002315F092FA29A3D3E9002315F0CA
:101700008DFAFFF7E1BBBCF1000F40F0D280C3F1CE
:10171000140345FA03F202FA03F3AB4200F0E0804F
:101720006646FFF7E9BB9FED207B8DED087B8DEDD5
:10173000107B9FED057B00258DED067BC8E44FF007
:10174000000CA2E4AFF30080000000000000F03FB6
:10175000FE822B654715973C00000000432EE63FB4
:10176000EF39FAFE422EE63F396CA80C615C20BED0
:10177000D0A4BE726937663EF16BD2C541BDBB3E97
:101780002CDE25AF6A56113F93BDBE166CC1663F75
:101790003E5555555555C53F000000000000F0BFAF
:1017A00059F3F8C21F6EA501000000000000000000
:1017B000FFFF8F40FFFF0F000000F03FFFCB904086
:1017C00000346F3F5A4B9C427FF734AC594B9C42DC
:1017D0003FF7BDAB0022574B15F068F844A3D3E99F
:1017E000002304460D4615F019FA43A3D3E900235C
:1017F00082468B462046294615F010FA0022CDE994
:1018000002014D4B2046294615F008FA02460B46C8
:101810003BA1D1E9000115F049F822462B4615F00D
:10182000FDF902460B460020444915F03FF82246D8
:10183000804689462B462046294615F0EFF9024698
:101840000B464046494615F0E9F92FA3D3E900239A
:1018500015F0E4F902460B46DDE9020115F026F821
:1018600002460B46804689465046594615F020F8F8
:10187000002004460D4652465B46AFE502460B4645
:10188000FFF7CFBBDDE9040121A3D3E9002315F065
:10189000C5F91FA3D3E9002315F0C0F9FFF714BB66
:1018A000264B98453FF708AEDDE902239246934662
:1018B00031E60026FFF72CBB9FED177B8DED087BF3
:1018C0009FED177B8DED107B9FED177B4FF48025EF
:1018D0008DED067BFFF7FCBB5A4601F029FDCAE6F9
:1018E00002F00102C2F10206FFF706BBAFF300806F
:1018F000000000604715F73F44DF5DF80BAE543E33
:10190000555555555555D53FFE822B654715F73F23
:101910009C7500883CE4377E0000004003B8E23F3D
:1019200006D0CF43EBFD4C3E000000000000F83F26
:10193000FEFFEF3F0000F03F0000D03F0000E03F1F
:101940002DE9F047CA4B21F000479F4290B08046F6
:10195000894640F38F80C74B9F420C46924626DC57
:101960000029B9A3D3E9002340F38F8014F09EFF30
:10197000C14B9F4204460D4600F04781B4A3D3E912
:10198000002314F093FF02460B46CAE900232046C9
:10199000294614F08BFFAEA3D3E9002314F086FF91
:1019A0000125CAE90201284610B0BDE8F087B34B13
:1019B0009F4240F38980B24B9F4200F31C813D154A
:1019C000A5F21645A7EB055319461F46064615F026
:1019D000D5FB15F0B9F88046894642464B4630465D
:1019E0003946CDE90A8914F061FF0022A54B15F0B4
:1019F00015F98946804615F0C1FB15F0A5F8064695
:101A00000F4632463B4640464946CDE90C6714F046
:101A10004DFF00229B4B15F001F900220023CDE978
:101A20000E0115F063FB002800F0608100233046B2
:101A30003946002215F05AFB002814BF0123022367
:101A4000914A019202212A4600910AA8514600F0CB
:101A500087FB002C054614DADAF80420DAF80C309B
:101A600002F1004203F100434542CAF80420CAF8DB
:101A70000C3006E000200021C2E90089C2E9020121
:101A80000025284610B0BDE8F08714F011FF7A4B0E
:101A90009F4204460D4600F00B816DA3D3E900235D
:101AA00014F006FF02460B46CAE9002329462046E9
:101AB00014F0FCFE66A3D3E9002314F0F9FE4FF006
:101AC000FF35CAE90201DCE715F016FE62A3D3E98F
:101AD00000238046894615F0A1F800226B4B14F0D4
:101AE000E7FE15F04BFB054615F02EF856A3D3E99B
:101AF0000023CDE9060115F091F802460B46404659
:101B0000494614F0D3FE52A3D3E900238046894608
:101B1000DDE90601CDE9028915F080F81F2D0246A6
:101B20000B46CDE9042340F3B380DDE90423DDE96E
:101B3000020114F0BBFE804689463F15C9F30A53E3
:101B4000FB1A102B40F3B18045A3D3E90023DDE954
:101B5000060115F063F88046894602460B46DDE92A
:101B6000020114F0A3FE02460B46DDE90201CDE9B5
:101B7000082314F09BFE42464B4614F097FE3AA30E
:101B8000D3E9002380468946DDE9060115F046F8D1
:101B900042464B4614F08AFE0B46CDE9040102464C
:101BA000DDE9080114F082FEC1F30A53FF1A312F58
:101BB0008046894600F39C809DED087BCAE9008938
:101BC0008DED027B42464B46DDE9020114F06EFECC
:101BD000DDE9042314F06AFE002CCAE90201BFF615
:101BE00050AF09F1004401F100436D42CAE900849D
:101BF000CAE9020345E702460B4614F057FE0025EA
:101C0000CAE90201CAE900013BE715A3D3E90023B1
:101C100014F04CFE14A3D3E900230D46044614F03F
:101C200045FE02460B46CAE900232946204614F029
:101C30003DFE0DA3D3E9002314F038FE0125CAE9C7
:101C400002011EE7AFF3008000004054FB21F93F82
:101C50003163621A61B4D03D83C8C96D305FE43F1F
:101C60000000601A61B4D03D7370032E8A19A33B43
:101C7000FB21E93F7BD90240FB21F93FFB213941A0
:101C8000FFFFEF7F00007041E4B602080000E03F74
:101C90004046494614F00AFE394B6A1E804653F806
:101CA0002230BB4289463FF448AFCAE9008989E740
:101CB0002BA3D3E9002314F0FBFD2BA3D3E90023CE
:101CC0000D46044614F0F4FD02460B46CAE9002313
:101CD0002946204614F0EAFD23A3D3E9002314F09B
:101CE000E7FD4FF0FF35CAE90201CAE60323A7E684
:101CF0001FA3D3E90023DDE9060114F08FFF064698
:101D00000F4602460B46DDE9080114F0CFFD804680
:101D1000894602460B46DDE90801CDE9028914F047
:101D2000C5FD32463B4614F0C1FD13A3D3E90023A1
:101D300006460F46DDE9060114F070FF32463B46C9
:101D400014F0B4FD02460B4640464946CDE9042353
:101D500014F0ACFD80468946A7E700BFAFF30080D2
:101D60000000601A61B4D03D7370032E8A19A33B42
:101D70000000002E8A19A33BC14920259A837B3994
:101D800064B6020800000000574A2DE9F84F21F020
:101D90000048904506460F462CDC544B0029B4BF42
:101DA000534D544D98454FF0000411DC524B98456B
:101DB00026DC4BA3D3E9002314F07AFD00224F4B1D
:101DC00015F0BCF9002840D030463946BDE8F88F00
:101DD0004B4B984530DD4B4B984568DD01339845BA
:101DE00062D0304639463EA3D3E9002314F016FFF3
:101DF000BDE8F88F02460B4614F05AFDBDE8F88F97
:101E000015F07AFC01F048F83F4B984506460F461E
:101E100023DD0022394B14F04BFD02460B463046C1
:101E2000394615F025F832463B4614F041FD22466E
:101E30002B4614F0F3FEE1E715F05EFCFEF75CFCC8
:101E400022462B4614F0EAFED8E73046394615F014
:101E500053FC01F021F806460F4632463B46304619
:101E6000394614F025FD324682468B463B463046C5
:101E7000394614F0D3FE0022804689461F4B304677
:101E8000394614F015FD02460B464046494614F00B
:101E9000EFFF02460B465046594614F007FD224616
:101EA0002B4614F0BBFEA9E7184B984299D8304650
:101EB000394615F021FC00220E4B14F0AFFEFEF760
:101EC0001BFC06460F4602460B462046294614F0E8
:101ED000A5FE32463B4614F0A1FE8FE7AFF300802B
:101EE0003374AC3C1F7BAC7FFFFFEF7FFFFF3540BF
:101EF0000000E0BF0000E03FFFFF2F3E0000F03F8A
:101F0000412E8640CD338640FFFFEF3F7DF8B98FED
:101F10002DE9F04F21F00048B8F1795F85B0064611
:101F20000F4692469B466BDA15F028F9002800F020
:101F3000E18032463B463046394614F06FFE74A3CA
:101F4000D3E9002304460D4614F068FE72A3D3E9DA
:101F5000002314F0ADFC22462B4614F05FFE70A364
:101F6000D3E9002314F0A2FC22462B4614F056FEBF
:101F70006DA3D3E9002314F09BFC22462B4614F0FA
:101F80004DFE6BA3D3E9002314F090FC22462B46B0
:101F900014F044FE68A3D3E9002314F089FC224620
:101FA0002B4614F03BFECDE900010022664B204693
:101FB000294614F033FEDDE9002380468946204699
:101FC000294614F02BFE524604460D465B46304629
:101FD000394614F023FE02460B462046294614F0EB
:101FE00065FC02460B464046494614F05FFC02463B
:101FF0000B460020554914F059FC05B0BDE8F08FA0
:1020000002460B4614F00AFE41A3D3E9002304461E
:102010000D4614F003FE40A3D3E9002314F048FC5E
:1020200022462B4614F0FAFD3DA3D3E9002314F019
:102030003DFC22462B4614F0F1FD3BA3D3E90023DF
:1020400014F036FC22462B4614F0E8FD38A3D3E901
:10205000002314F02BFC22462B4614F0DFFD36A3A0
:10206000D3E9002314F024FC2B46224614F0D6FDBD
:10207000374B9845CDE9000197DD364B98453EDC5E
:10208000A8F500130022002030499046994614F02C
:102090000DFCCDE9020100222B4B2046294614F00D
:1020A000BDFD42464B4614F001FCDDE900238046AD
:1020B00089462046294614F0B1FD524604460D4695
:1020C0005B463046394614F0A9FD02460B462046D1
:1020D000294614F0EBFB02460B464046494614F0F5
:1020E000E5FB02460B46DDE9020114F0DFFB05B01B
:1020F000BDE8F08F1549002005B0BDE8F08F9FEDD9
:10210000107B4FF000088DED027BDFF84C90C2E7AA
:10211000D43888BEE9FAA8BDC4B1B4BD9EEE213E54
:10212000AD529C804F7E923E9015CB19A001FA3E95
:102130007751C1166CC1563F4C5555555555A53F65
:10214000000000000000E73F0000E03F0000F03F1B
:102150003233D33F0000E93F0000D23F00000000CF
:102160002DE9F04FADF5197DBE4CA29EBE4D54F841
:1021700026600793D41E85FB0475E417C4EBA50401
:1021800024EAE4741D46631CA3EB8303013D02EBC8
:10219000C3030593731904960994019503900B9159
:1021A000A4EB05071AD43B44002400255E1C0DF166
:1021B0008008DDF88C9208E059F8270014F0C4FC80
:1021C0000137B742E8E8020108D0002FF4DA0137FE
:1021D00020462946B742E8E80201F6D1049B002BCD
:1021E000079B4FEAC30302932ADB039A20A902EB61
:1021F000030801EB0309049B72AA02EBC30B0DF564
:10220000E07A019B002B4FF000064FF0000711DB36
:10221000039C4D4675E90223F4E8020114F0FEFC2C
:1022200002460B463046394614F042FB444506460A
:102230000F46EFD1EAE80267DA4509F10809E0D173
:10224000DDE90204049920448B0082460BA8A3F127
:102250000802C31808930CAB13440A938B4698AB3F
:1022600003EBCB03BBF1000F53E9284529DD70AB2D
:1022700003EBCB080DF1300900227C4B20462946A8
:1022800014F0CCFC14F07AFF14F05EFC0022784BC2
:1022900006460F4614F0C2FC02460B46204629466D
:1022A00014F004FB14F06AFF78E9022349F8040BE8
:1022B0003946304614F0FCFA70AB984504460D469A
:1022C000DAD1DDF81490204629464A4601F030F86C
:1022D00000224FF07F5304460D4614F09FFCFCF79C
:1022E000A7FD0022634B14F099FC02460B462046E2
:1022F000294614F0DBFA0D46044614F03FFF8046F1
:1023000014F022FC0B4602462946204614F0CEFA71
:102310004B46002B06460F4640F3E1800BF1FF329F
:102320000CA9C9F1180351F8225045FA03F101FA3A
:1023300003F30CA8EB1A40F82230C9F117058844C2
:1023400043FA05F5002D2CDDBBF1000F08F1010863
:1023500040F381820C9C002C40F0A780BBF1010F60
:102360000AD00CA9012251F8044F531C002C40F054
:102370009E809B451A46F6D1059B002B0EDD012B56
:1023800000F0D980022B09D10BF1FF320CAB0CA964
:1023900053F82230C3F3150341F82230022D00F028
:1023A000AF80002200233046394614F09FFE0028FB
:1023B00000F05382049B0BF1FF394B4510DC0BF10D
:1023C00080430CAA013B089802EB8303002253F8D8
:1023D0000419834242EA0102F9D1002A40F0B68092
:1023E000049B0CAA013B52F82330002B40F0A18043
:1023F0000A9A012352F8041901330029FAD05B44E8
:102400000BF10109994506934CDC099A079909EBF0
:10241000020801EB0B0508F1804802EB030BA39BBC
:1024200008F1FF3803EB880870AB03EBC909A39BE5
:1024300020A903EB8B0301EBC505029358F8040FA9
:1024400014F082FB0B4601990246002905F1080BA6
:10245000C5E900234FF000064FF000071CDB039C8A
:102460000CE000BF84BB0208ABAAAA2A0000703EA1
:10247000000070410000204075E90223F4E80201E9
:1024800014F0CCFB02460B463046394614F010FAE5
:10249000544506460F46EFD1029B9845E9E802678E
:1024A0005D46CBD1DDF818B0D9E6012300220CA996
:1024B000C4F180749B4541F822400EDD51F8232081
:1024C00001EB8B0001EB83036FF07F4100E01A68A2
:1024D0008A1A43F8042B8342F9D101244CE706D130
:1024E0000BF1FF330CAA52F82350ED152AE7002216
:1024F0007B4B14F019FE002840F0A381054650E7FD
:1025000032463B460020774914F0D0F906460F4684
:10251000002C3FF446AF059A7249002000F008FFF6
:1025200002460B463046394614F0C0F906460F46BF
:1025300037E7012363E70BF1FF320CAB0CA953F82B
:102540002230C3F3160341F8223027E70CAB059A7B
:1025500053F82930183ACDE9068505926BB909F18F
:102560008043013B0CA901EB830353F8041909F1E3
:10257000FF39183A0029F8D00592059A59490020E8
:1025800000F0D6FEB9F1000F04460D46C0F2C0813E
:102590004FEAC90370AA02EB030808930CAB03EBE4
:1025A0008906DFF844B14FF0000A08F10807043645
:1025B00056F8040D14F0C8FA22462B4614F02EFBF0
:1025C0005B4667E9020152462046294614F026FB85
:1025D0000CAB9E4204460D46EAD148AB03930193EF
:1025E000CDF8149009F10103DDF810900293C34671
:1025F0004FF0000AB9F1000FC0F22A81DFF8EC8039
:102600005D4635A3D3E9002300260027002403E01C
:10261000544510DCF8E80223F5E8020114F0FEFA54
:1026200002460B463046394614F042F90134A145C2
:1026300006460F46ECDA019BE3E802670193029B32
:102640000AF1010A9A45ABF1080BD3D1A29BDDF840
:102650001490032B39D8DFE813F0D90006000600E8
:102660004D0048AB0393B9F1000F4FF000004FF05D
:10267000000109DB039D05EBC904083474E902235A
:1026800014F016F9A542F9D1079B002B40F01E81EA
:102690000B9BC3E900010B4603990246D1E90001F7
:1026A00014F004F9B9F1000F0CDD4AAD0124013436
:1026B000F5E8022314F0FCF8A145F8DA079B002B9B
:1026C00040F014810B9BC3E90201069B03F0070055
:1026D0000DF5197DBDE8F08F00000040FB21F93FAA
:1026E0000000E03F0000F03F0000703EB8A002088C
:1026F00048AB0393B9F1000F40F32781039ACDF85B
:1027000010904FEAC9030193D318D3E900AB09F144
:102710000053013B02EBC9080293914678E9026736
:1027200052465B463046394614F0C2F804460D4620
:1027300002460B463046394614F0B8F852465B461E
:1027400014F0B6F8C145A246AB46C8E90201C8E993
:102750000045E3D1DDF81090B9F1010F40F3F580A9
:10276000019B039A02991344C900D3E9006701F160
:10277000080A019192440DF5947B7AE90289324668
:102780003B464046494614F093F804460D4602463F
:102790000B464046494614F089F832463B4614F051
:1027A00087F8D34526462F46CAE90201CAE9004503
:1027B000E3D1019C039B1034002000211C4403F151
:1027C000100574E9022314F073F8A542F9D1039CB3
:1027D000079ED4E90023D4E90245002E00F08A8048
:1027E00003F1004701F100430B99C1E90403069B83
:1027F0002646944605F1004403F00700C1E900C7EE
:10280000C1E902640DF5197DBDE8F08F089C039DB8
:102810000834002000212C4474E9022314F048F805
:10282000A542F9D1079B13B101F1004319460B9B57
:10283000C3E90001069B03F007000DF5197DBDE813
:10284000F08FBBF1000F08F1010874DD022581E56E
:1028500000260027EFE600248EE5CDE90685059DDC
:10286000304639466A4200F063FD0022384B064686
:102870000F4614F059FC00B30022364B304639465F
:1028800014F0CCF914F07AFC044614F05DF900223F
:102890002F4B14F0C3F90B4602463946304614F06C
:1028A00005F814F06BFC0BF101090CAB183543F87B
:1028B0002B00059543F829405FE63046394614F071
:1028C0005DFC0CABD94643F82B0056E60B9C01F19E
:1028D0000043C4E900030B4603990246D1E9000115
:1028E00013F0E4FFB9F1000F3FF7DFAE01F1004351
:1028F0001946E7E60B9EC6E90023069BC6E90401DC
:1029000003F00700C6E902450DF5197DBDE8F08F1B
:10291000A29B032B3FF6D9AE01A252F823F000BFD1
:10292000312901086326010863260108F126010800
:102930000020002176E732463B460020064913F08E
:10294000B5FF022506460F462BE5002000213EE795
:10295000000070410000703E0000F03F00000000E9
:102960002DE9F04F21F00046B6F1795F85B00446BD
:102970000D469046994604DA14F000FC002800F059
:10298000858022462B462046294614F047F9064604
:102990000F4602460B462046294614F03FF941A354
:1029A000D3E9002382468B463046394614F036F987
:1029B0003EA3D3E9002313F079FF32463B4614F0DF
:1029C0002DF93CA3D3E9002313F072FF32463B46B6
:1029D00014F024F939A3D3E9002313F067FF32463A
:1029E0003B4614F01BF937A3D3E9002313F060FF33
:1029F0000E9BCDE900019BB30022294B404649467E
:102A000014F00CF9DDE90023CDE9020150465946E6
:102A100014F004F902460B46DDE9020113F046FF0B
:102A200032463B4614F0FAF842464B4613F03EFF5E
:102A300019A3D3E9002306460F465046594614F021
:102A4000EDF802460B463046394613F031FF024698
:102A50000B462046294613F029FF05B0BDE8F08F4C
:102A600002460B463046394614F0D8F80AA3D3E99B
:102A7000002313F01BFF52465B4614F0CFF82246AA
:102A80002B4613F015FF05B0BDE8F08F2046294610
:102A900005B0BDE8F08F00BF495555555555C53FA8
:102AA0000000E03F7CD5CF5A3AD9E53DEB9C2B8A1C
:102AB000E6E55A3E7DFEB157E31DC73ED561C1191B
:102AC000A0012A3FA6F810111111813F000000005B
:102AD0002DE9F04FC04C21F0004687B0A642824657
:102AE0008B460F46CDE900231ADC14F047FB002883
:102AF0003FD1109B524601331343334300F0B7815B
:102B0000109B012B00F0C0815B460020B34914F0FC
:102B1000AFF904460D462046294607B0BDE8F08FC0
:102B2000AF4B9E4225DD002909DADDE9004522464A
:102B300005F10043CDE900230BF100418B465246DD
:102B40005B4685A1D1E9000113F0B0FEDDE9002369
:102B500004460D4682A1D1E9000113F0A7FE9FEDC6
:102B6000827B22462B468DED007B13F0A1FE824630
:102B70008B4652465B465046594614F04FF8024683
:102B80000B468046894614F049F8424604460D46F5
:102B90004B465046594614F041F875A3D3E900233B
:102BA000CDE902012046294614F038F872A3D3E992
:102BB000002313F07DFE22462B4614F02FF870A35D
:102BC000D3E9002313F074FE22462B4614F026F8B6
:102BD0006DA3D3E9002313F06BFE22462B4614F0BD
:102BE0001DF86BA3D3E9002313F062FE22462B46A7
:102BF00014F014F868A3D3E9002313F059FE4246F9
:102C00004B4614F00BF866A3D3E90023CDE9040189
:102C10002046294614F002F863A3D3E9002313F0F9
:102C200047FE22462B4613F0F9FF61A3D3E90023A8
:102C300013F03EFE22462B4613F0F0FF5EA3D3E9CD
:102C4000002313F035FE22462B4613F0E7FF5CA36A
:102C5000D3E9002313F02CFE22462B4613F0DEFFAF
:102C600059A3D3E9002313F023FE02460B46DDE906
:102C7000040113F01DFEDDE9022313F0CFFFDDE9AF
:102C8000004522462B4613F013FE42464B4613F0F6
:102C9000C5FF22462B4613F00BFE4DA3D3E90023BC
:102CA00004460D46DDE9020113F0B8FF22462B462B
:102CB00013F0FEFD0B4602468046894650465946B3
:102CC00013F0F6FD464B9E4204460D4600F38C8001
:102CD000109B012B3BD002460B4600203F4914F0CD
:102CE000C7F8002406460F462046294652465B4652
:102CF000CDE90067CDE90201009413F0D7FDDDE9CD
:102D000000AB02460B464046494613F0CFFD524603
:102D10005B4613F083FF524604460D465B46DDE9F1
:102D2000020113F07BFF00222E4B13F0C1FD02467F
:102D30000B462046294613F0BBFD32463B4613F0B6
:102D40006DFF52465B4613F0B3FD04460D46204628
:102D5000294607B0BDE8F08F182D4454FB21E93F08
:102D6000075C143326A6813C000000000000000030
:102D7000D47ABF74702AFB3EE9A7F0320FB8123F35
:102D800068108D1AF726303F1583E0FEC8DB573FE9
:102D900093846EE9E326823FFE41B31BBAA1AB3FA9
:102DA000735360DBCB75F3BEA69237A0887E143FC9
:102DB0000165F2F2D844433F280356C9226D6D3FA6
:102DC00037D60684F464963F7AFE10111111C13F84
:102DD000635555555555D53FFFFF2F3E0000F0BFB9
:102DE0002794E53F0000F03F109813F0ADFE224617
:102DF000CDE900012B462046294613F00FFFDDE9FF
:102E00000023CDE902012046294613F051FD024678
:102E10000B46DDE9020114F02BF842464B4613F055
:102E200045FD02460B465046594613F03FFD02460B
:102E30000B4613F03DFD02460B46DDE9000113F0A1
:102E400035FD0446B81700F00200C0F101000D4640
:102E500013F07AFE02460B462046294613F0DEFEAA
:102E600004460D462046294607B0BDE8F08F50467F
:102E7000594614F041FC02460B460020044913F069
:102E8000F7FF04460D4662E754465D465FE700BF24
:102E90000000F03F000000002DE9F04FCC4A21F087
:102EA0000043934285B082468B460C4620D9C94ADE
:102EB000934200F2D780002C80F2A481ACA3D3E926
:102EC00000235046594613F0F3FC0022002314F06F
:102ED00017F9002840F0D180A7A3D3E9002350467A
:102EE000594613F09BFE02460B460020BA4994E176
:102EF000BA4A934200F2E580B94A934240F22E81E9
:102F0000002301930022B74B5046594613F086FE2A
:102F100006460F4602460B465046594613F07EFEC3
:102F200097A3D3E9002304460D4613F077FE96A33A
:102F3000D3E9002313F0BCFC22462B4613F06EFEAF
:102F400093A3D3E9002313F0B1FC22462B4613F0E0
:102F500065FE91A3D3E9002313F0AAFC22462B4679
:102F600013F05CFE8EA3D3E9002313F09FFC2246EE
:102F70002B4613F053FE00229B4B13F099FC804626
:102F8000894602460B463046394613F047FE024654
:102F90000B460020954913F089FC064602460B4675
:102FA0000F464046494613F081FC3246804689462A
:102FB0003B465046594613F031FE02460B46002070
:102FC0008B4913F073FC02460B464046494613F00A
:102FD0004FFF22462B4613F021FE019E02460B4670
:102FE000002E4DD0DDE9026732463B4613F05EFC11
:102FF00052465B4613F012FE32463B4613F056FC37
:103000002B46224613F052FC019B013306460F4625
:1030100000F02381019B012B7BD0019A531C392B9B
:103020004FEA025500F22881019A132A40F3558194
:10303000019BC3F57F7403340022230513F038FC91
:1030400002460B465046594613F030FC0022664BB0
:1030500013F02EFC824605EB010B5046594605B095
:10306000BDE8F08F634A93421BD9C1F313030343B6
:10307000024640F012810029EFDA00205E490DE09F
:103080005046594613F0CAFD22462B4613F00EFC5B
:1030900002460B465046594613F008FC05B0BDE801
:1030A000F08F41A3D3E9002314F048F800283FF43F
:1030B00002AF3FA3D3E900231046194613F0AEFD3B
:1030C000ECE74E4A934200F2EC8000293AA3D3E9A0
:1030D000002339DA13F0ECFB39A7D7E900674FF08A
:1030E000FF3380468946019332463B464046494677
:1030F00013F0DCFB02460B4682468B4640464946AF
:1031000013F0D4FB32463B4613F0D0FBCDE902016D
:10311000F8E600223A4B5046594613F0F1FF0028DA
:1031200000F0CC805046594600222E4B13F0C0FBD5
:1031300002460B463046394613F0B8FB00224FF0EA
:10314000404313F06BFDA9E713F0B0FB0123804669
:10315000894601931CA7D7E90067C5E714A3D3E903
:10316000002313F0A5FB02460B468FE7AFF3008068
:1031700059F3F8C21F6EA501FE822B654715F73F74
:103180002DC3096EB7FD8ABE3952E686CACFD03E3E
:10319000B7DBAA9E19CE143F8555FE19A0015A3FF0
:1031A000F41011111111A13FEF39FAFE422E8640A1
:1031B0009C7500883CE4377E0000E0FE422EE63F2E
:1031C000763C7935EF39EABD763C7935EF39EA3D21
:1031D00079684340412E86400000E0BF422ED63F32
:1031E000FFFF8F3C0000E03F0000F03F0000084080
:1031F00000001840FFFFEF7F0000F0BFB1A2F03FDA
:103200000000D0BF44A3D3E900235046594613F031
:1032100005FD02460B460020414913F049FB13F01F
:10322000ADFF019013F090FC37A3D3E900230646CD
:103230000F4613F0F3FC02460B465046594613F076
:1032400035FB33A3D3E9002380468946304639460F
:1032500013F0E4FC06460F4646E702460B4650468E
:10326000594613F023FB00222D4B13F0D7FC00220C
:103270002B4B13F01BFB11E752465B4613F016FB7A
:1032800002460B460020274913F010FB6B18194625
:103290000022244B13F00AFB00E70B4613F008FB57
:1032A000FCE61DA3D3E9002313F0B8FC002C024672
:1032B0000B464FF00000AFDA1B49AEE732463B4603
:1032C0005046594613F0F2FA02460B4613F0F0FA54
:1032D0000022144B13F0ECFAE0E64FF4001343FA2B
:1032E00002F452465B4613F0E1FAC4F17F57002620
:1032F00007F5401702460B463046394613F0D6FA1A
:10330000A8E600BFAFF300800000E0FE422EE63FDB
:10331000763C7935EF39EA3DFE822B654715F73F5C
:103320000000E03F0000F03F0000E0BF00000000B0
:10333000F8B5C1F30A5304460D460E4617460BBBBB
:1033400021F00046034633431BD0354B002213F0D7
:1033500065FC344B9F4204460D4635DBC1F30A53EE
:103360000E46363B3B4440F2FE72934232DC002B69
:1033700011DD26F0FF4626F4E00646EA0355204616
:103380002946F8BD40F2FF729342EBD102460B464C
:1033900013F08EFAF8BD13F1350F28DA4CF25033E2
:1033A0009F4222462B460ADD19A1D1E9000115F002
:1033B000DDFF17A3D3E9002313F030FCF8BD16A1FD
:1033C000D1E9000115F0D2FF13A3D3E9002313F0D4
:1033D00025FCF8BD22462B460DA1D1E9000115F0D0
:1033E000C5FF0BA3D3E9002313F018FCF8BD26F0AA
:1033F000FF4626F4E006363346EA035520462946C2
:103400000022094B13F00AFCF8BD00BFAFF30080A7
:103410009C7500883CE4377E59F3F8C21F6EA50105
:1034200000005043B03CFFFF0000903C10B5054C3D
:10343000237833B9044B13B10448AFF30080012360
:10344000237010BDA80400200000000044BD020845
:1034500008B5034B1BB103490348AFF3008008BD17
:1034600000000000AC04002044BD0208154B002BF6
:1034700008BF134B9D46A3F5803A00218B460F46AB
:103480001348144A121A06F08FFC0F4B002B00D081
:1034900098470E4B002B00D09847002000210400D5
:1034A0000D000D48002802D00C480EF061F916F00E
:1034B000C9F8200029000EF03BF90EF055F900BFC5
:1034C0000000080000800220000000002117020810
:1034D00020040020C0320020711702080000000004
:1034E000F0B5214D2C6883B014B1204603B0F0BD77
:1034F0004FF49C700EF03EF94FF0FF31044603206C
:1035000001F010FC00B204F009F84FF0FF3106465C
:10351000022001F007FC00B204F000F83146024638
:1035200020460AF0D7FE04F1DC0600231A46304696
:1035300001210AF047FD4FF0FF31012001F0F2FBBD
:1035400000B203F0EBFF98274FF0050C024633461C
:10355000214604F1E400CDE9007C07F07DFE204621
:103560002C6003B0F0BD00BFC40400202DE9F04181
:1035700004460F46FFF7B4FF00F1E405064628466F
:1035800007F088FE082C19D0A4F10903012B07D9F4
:103590003A46214610230D20BDE8F04103F0AABEB3
:1035A000D6F8E43028469B6A98470528F0DCD6F820
:1035B000E43028465B6A08219847E9E7D6F8E4300A
:1035C00028469B6A98470228E2DCD6F8E430284671
:1035D0005B6A04219847DBE710B52DED028BFFF7FE
:1035E0007FFF00F1E404204609F0A0FB07EE900AFB
:1035F0002046F8EEE78A09F0A7FB07EE900A20467E
:10360000B8EEE78A09F0AEFB68EE087A07EE100A1A
:10361000E8EEA87AB8EEC77AE7EE077AF5EE407AD8
:10362000F1EE10FAB1EEE78A06D4FDEEC87ABDECF1
:10363000028B17EE900A10BD17EE900A14F092FD5F
:10364000F3E700BF08B503281CD8DFE800F0140D2D
:103650000602BDE80840FFF7BFBFFFF741FFBDE826
:103660000840E43009F07EBBFFF73AFFBDE80840B0
:10367000E43009F069BBFFF733FFBDE80840E430F0
:1036800009F054BB002008BD08B550B1012806D18F
:10369000FFF726FFBDE80840E430FBF7F9B800204B
:1036A00008BDFFF71DFFBDE80840E430FBF7D0B8C8
:1036B00010B50446FFF714FF2146E430BDE8104082
:1036C00009F04CB908B501F055FCFBF755FEBDE813
:1036D000084001F0B5B900BF08B501F04BFCFBF79D
:1036E000BBFEBDE8084001F0ABB900BF08B501F072
:1036F00041FC14F077F8BDE8084001F0A1B900BF23
:1037000008B501F037FC14F069FCBDE8084001F091
:1037100097B900BF08B501F02DFCFBF73DFEBDE8F1
:10372000084001F08DB900BF08B501F023FC14F08A
:103730008BFABDE8084001F083B900BF08B501F07D
:1037400019FCFBF7C5F8BDE8084001F079B900BFE6
:1037500008B501F00FFC14F0CDF9BDE8084001F008
:103760006FB900BF70B5049E96420C4624DB154627
:103770006BB9042A19D0022A02D110F0010310D02B
:1037800001462A46204605F087F9002070BD104406
:103790000D4410F8013D01F8013B8D42F9D10020A4
:1037A00070BD02880A80184670BD10F00303E7D18F
:1037B00002680A60184670BD0846002106F0F4FA57
:1037C0004FF0FF3070BD00BF0830704740B1002996
:1037D00005DB43688B4202DD0844007A7047002015
:1037E000704700BF30B1002904DB43688B42C4BF7F
:1037F00040180272704700BF40B1002905DB4368E2
:10380000994202DA0844007A70470020704700BFEE
:10381000830704D1030F0CBF012000207047012053
:10382000704700BF30B1002904DB43689942BCBF38
:1038300040180272704700BFF8B5002B20DB00294A
:103840001EDB46688E421BDB5468761AE51AB542C9
:10385000A8BF3546002D13DB824202F108070C4653
:1038600000F108062A4605D0F918301905F014F9B8
:103870000020F8BDF118381916F051F80020F8BDF5
:103880004FF0FF30F8BD00BF4068704710B4141E01
:1038900010DB4268A2420DDB33EA230328BF134644
:1038A000121B08309A422044A8BF1A465DF8044B08
:1038B00006F07ABA5DF8044B704700BF10B4436855
:1038C0008B4200F108041846A8BF084632EA2201DC
:1038D00028BF19461B1A99422044A8BF19465DF813
:1038E000044B00F0A5BE00BF70B5002BBCBF436801
:1038F0009B1A002A0E4620DB44689918A1421CDC62
:1039000091421ADBCBB136F0004116D05942B14298
:1039100014DAB34212DD0830002E00EB020515DB8D
:103920009C1B2246A919284615F0F9FF3246281992
:103930000021BDE8704006F037BA70BD0022114684
:103940004FF0FF33BDE87040FFF7A0BF74429A19F3
:103950002946281915F0E3FF224628460021BDE834
:10396000704006F021BA00BF03460830596800F0E5
:10397000DBBD00BF70B5054600206968490000F056
:1039800059FD6B68002B14DD0A4EEB1D02465C7876
:103990002411991F345D94715C7804F00F04491B65
:1039A000345DD4716C688C4202F1020203F10103B0
:1039B000EDDC70BD00A10208002BBCBF43689B1A60
:1039C000002A30DB70B445689C18AC4229DC944274
:1039D00027DB33B331F0004423D00029B8BF01EB1B
:1039E000032191FBF3F403FB1411002900F10800FB
:1039F000B8BFC918024411448A42134411D00C467E
:103A000004E08A4204460FD094420AD0204615783A
:103A100010F8016B02F8016B83422570F1D10C465E
:103A2000F2E770BC704770470146EDE700B583B020
:103A30004FF0FF3300930023FFF7FEFE03B05DF865
:103A400004FB00BF10B50C1E0EDD4168083002F00B
:103A5000B9F81F2C07DC0123A34020FA04F4013B32
:103A6000444004EA030010BD002010BD01460020C0
:103A700000F0DEBD38B50021054600F083FD0146AB
:103A8000002000F0D5FD044600F10801284600F0B2
:103A900079FD204638BD00BF30B5013A83B00446F9
:103AA0000D460F2A13D8DFE802F014140808611439
:103AB000141B1B734A2554675A38184601F0ECFA58
:103AC000012D04DD80B2E20754BF2080208003B0C6
:103AD00030BD184601F0E0FA002DF8DD2070F6E761
:103AE000184601F0D9FA012DF1DDC0F3072360700B
:103AF0002370ECE7184601F065FA032D0090E6DD2F
:103B00009DF800009DF801109DF802209DF80330FB
:103B10002370E070A1706270D9E7184601F02AFAAC
:103B2000072DCDE90001D2DD0DF1FF3204F10803CC
:103B300012F8011F03F8011D9C42F9D1C7E718468E
:103B400001F040FA032DC2DDA3070CBF2060206006
:103B5000BDE7184601F038FB032DF5DCB7E7184642
:103B600001F032FB032D0090CADCB0E7184601F0EB
:103B700093FA032DE8DCAAE7184601F0FBF9072DBC
:103B8000CDE90001A3DD6B4603CB206061609EE7B9
:103B9000184601F081FA032D0090B1DC97E700BFD1
:103BA00030B4141E07DB456808300A462044291B40
:103BB00030BCFFF771BF30BC704700BF00B5013AA1
:103BC00085B00F2A00F28880DFE802F01623303D2E
:103BD0004A56595C5F6265717480830800910123C5
:103BE00008220DEB0201FFF7BDFDDDE9020100F047
:103BF00027FF05B05DF804FB00910023012202A914
:103C0000FFF7B0FD9DF9080001F024F805B05DF85C
:103C100004FB00910023012202A9FFF7A3FD9DF8F8
:103C2000080001F017F805B05DF804FB00910023CF
:103C3000022202A9FFF796FDBDF9080001F00AF87B
:103C400005B05DF804FB00910023022202A9FFF7F2
:103C500089FDBDF8080000F0FDFF05B05DF804FB2C
:103C600000910023042202A9FFF77CFD029800F0D6
:103C7000F1FF05B05DF804FB01230091BEE70123CD
:103C80000091C8E700910123D2E700910123DCE70E
:103C900000910123E6E700910023042202A9FFF727
:103CA00061FD029800F0E0FF05B05DF804FB0091B3
:103CB0000123F2E700910023042202A9FFF752FD3D
:103CC000029800F0BFFF05B05DF804FB00910023EF
:103CD00086E700910123EFE700208AE7131E09DB46
:103CE00010B4446808300A461844E11A5DF8044BE1
:103CF000FFF764BF002000F0ADBF00BF03F004BABF
:103D000008B503F005FA20F0404008BD03F0F2BA10
:103D100007F068BBC11703F063B900BF03F06EB9C9
:103D200003F07EB900B583B003F0EAF902AB63E9B2
:103D300002010821184601F045FF20F0404003B081
:103D40005DF804FB00B583B003F0DAF902AB63E978
:103D500002010821184600F06BFC03B05DF804FB7B
:103D600081B138B50B680C4608461B6A9847236832
:103D700005465B6A2046984701462846BDE838401C
:103D800003F058BD704700BF01F03CBE012002F0B7
:103D900029B900BF08B5022002F024F940F293309F
:103DA000BDE8084007F030BB014B1860704700BF0A
:103DB000C8040020704700BF00207047002A2DE98A
:103DC000F04340F3B38000252E464FF0ED0CDFF8B2
:103DD000BCE11CE003F0E004C02C2AD003F0F004A6
:103DE000E02C3FD003F0F804F02C5AD00135023615
:103DF00058B19F09044667F03F0704F8027B03F0BF
:103E00003F0363F07F034370204695420EDA4B5D1B
:103E10001C06DFD47F2B05F10105E8D80136002808
:103E2000F3D09542037000F10100F0DB3046BDE8AD
:103E3000F0836C1C9442D1DA4F197F7807F0C008E8
:103E4000B8F1800FCAD14FEA831807F03F0708F492
:103E5000F86848EA07077F2F6CDC02362546002801
:103E6000C7D1D4E7AC1C9442BCDA4C19677807F090
:103E7000C008B8F1800FB5D194F8028008F0C004F2
:103E8000802CAFD11C0308F03F08BF01A4B207F497
:103E90007C6744EA08043C43B4F5006FA6DB0335B5
:103EA0002DE0EC1C9442A1DA4C19677807F0C008A9
:103EB000B8F1800F9AD194F8028008F0C009B9F1E6
:103EC000800F93D194F8039009F0C004802C8DD119
:103ED0009C0409F03F093F0304F4E01407F47C3725
:103EE0004FEA881844EA09043C4308F47C6844EA31
:103EF0000804A4F5803777453FF678AF0435B4F56C
:103F0000803F1AD2033600283FF47FAF270BC4F35B
:103F1000851304F03F0467F01F0763F07F0364F02C
:103F20007F0407704370847003306EE700263046CC
:103F3000BDE8F0833B46023559E7063600283FF4DA
:103F400064AFA4F58034A70AC4F3090407F5584701
:103F500004F55C43C7F38518C3F3851407F03F07E6
:103F600003F03F0368F07F0867F07F0764F07F0489
:103F700063F07F0380F800C080F803C080F8018000
:103F800087700471437106303FE700BFFFFF0F00E9
:103F900003781A0601D41846704703F0E002C02ADD
:103FA00010D003F0F002E02AF5D1427881781803AE
:103FB000930103F47C6380B2184301F03F03034391
:103FC0001846704740789B0100F03F0003F4F86307
:103FD00003431846704700BFC3888B423AD370B47E
:103FE0001B095B000C0986884ABB8568EA184CB13E
:103FF00004F10040013835F81030F61AB6B21A4410
:1040000001F00F010024234602E001339E4213DB3E
:104010000134A14202EB0300D55C0EDB2806F4D587
:1040200005F0E000C02805F0F00511D0E02D08BF34
:10403000023301339E42EBDA002070BC704700F17E
:1040400008021A44002CDDD000EB4400C388D4E7FA
:104050000133DAE70020704780880A308008704713
:10406000063070478088704783888B4226BF0630B1
:1040700040180020704700BF80880A3080087047D1
:1040800006307047808870478188E1B130B4841D64
:104090000020034602E00133994210DDE25C150680
:1040A00000F10100F7D502F0E005C02D02F0F002AA
:1040B00007D0E02A08BF023301339942EEDC30BC5E
:1040C00070470133E7E70846704700BF70B400222D
:1040D0008688851D134602E001339E4213DB0132C0
:1040E000914205EB0300EC5C0EDB2006F4D504F0F6
:1040F000E000C02804F0F00408D0E02C08BF023330
:1041000001339E42EBDA002070BC70470133E3E7D5
:1041100003207047C38880681B0900EB4300704789
:1041200080887047C08870470022FFF755BF00BFE6
:10413000C38880881B0900EB43000C30800870475F
:10414000C38800F108021B0902EB4300704700BF5F
:104150000122FFF741BF00BF40680B308008704765
:104160002DE9F041C4888588240907460B46640080
:10417000002A44D000F10808444421B12A462046D0
:1041800004F08AFC00236355FE88360986B3A8F143
:10419000020808EB460625442746281B1DD4227832
:1041A0001021002307E00133984204EB030C14DBD9
:1041B0000139E25C20D012F0800FF4D002F0E00C64
:1041C000BCF1C00F02F0F00214D0E02A08BF0233A5
:1041D0000133984204EB030CEADA4FF45C7007F009
:1041E00013F900231C46DB1B28F8023F4645D4D1B7
:1041F000BDE8F0810133D6E764466346F3E716462F
:104200008268144429B96155C6883609D7F80880F0
:10421000BCE72A46204604F03FFC6655FE88360976
:10422000F4E700BF806808B101F0C2BD704700BF6D
:1042300010B50446406801F0E7FDA068BDE81040F5
:1042400001F0E2BD2DE9F04F404DA98883B08246D0
:10425000002957D13D48DFF8F8905246002706461E
:10426000B84602F0A3FA0DE002F0B8FA03684B4535
:1042700004465FD09B6A9847236880445B6A204667
:1042800098470744AB883046002BEDD14FEA18140D
:104290006400781C204402F0AFF8A988019004441F
:1042A000002935D129485246814602F07FFA14E0B0
:1042B00002F094FA264B02689A4283462ED0526A44
:1042C0009047DBF800200646136A58469847324666
:1042D0000146204604F0E0FB3444AA884846002A00
:1042E000E6D101991B4BCAF8081050461146AAF8AE
:1042F0000470AAF80680CAF8003003B0BDE8F04F99
:10430000FFF72EBF40F2713007F07EF8A988A1E7D1
:1043100040F2713007F078F8A988C3E78268A9886D
:10432000484602F043FADBF80420A988484602F028
:104330003DFAD2E78268A988304602F037FA62680F
:10434000A988304602F032FA9CE700BFD004002072
:1043500070A10208B8A1020810B50446FFF772FF69
:10436000E08810BD10B50446FFF76CFFA08810BDB3
:1043700010B50446FFF766FFE388A0681B0900EB51
:10438000430010BD38B50D460446FFF75BFF2946D4
:1043900020460022BDE83840FFF71EBE704700BF30
:1043A0000320704703207047C0887047704700BFE4
:1043B00080887047704700BF80887047704700BF93
:1043C000084B1B685BB15A68904201D0002AF8D1B3
:1043D0004A1C04D09A68914201D0002AF1D11846B3
:1043E000704700BFCC0400202DE9F041104F3B681E
:1043F00013B90AE01B6843B15C688442FAD19C6837
:104400008C42F7D1DA60BDE8F08104461020904676
:104410000D4602F003F83B68446006468560036081
:10442000012140F80C8F02F051F83E60BDE8F081A8
:10443000CC0400202DE9F0410C1E07461FDB1CB305
:10444000A6B22FB37B1E191913F9012F002A27DBFF
:104450009942F9D1DFF8C880E01D01F021FF05463F
:1044600008B1C0F80080AE8039462246A81D04F08D
:1044700013FB2C440023A3712846BDE8F08115F0FE
:10448000AAFA0446002CDBD1234D2846BDE8F08172
:10449000E01D01F005FF0546002839D1BE80E8E7A0
:1044A000132C02DCDFF87C80D6E70020034602E014
:1044B00001339C4210DDFA5C110600F10100F7D5D2
:1044C00002F0E001C02902F0F0021FD0E02A08BF8C
:1044D000023301339C42EEDC1FFA80F80028B8BF9B
:1044E0000F300011093404EB400001F0D9FE0546FD
:1044F00008B10A4B03602846AE80A5F8068039460D
:104500000122FFF72DFE2846BDE8F0810133CFE7F9
:10451000034B86800360ACE740A3020848A2020870
:1045200018A20208E8A10208F8B50C1E054603DB34
:104530003CB9134C2046F8BD15F04DFA0446002C4A
:10454000F7D0224629460020FFF738FC8442064671
:1045500010D001F063FF224607462946FFF72EFCE4
:1045600031463846FFF766FF0446384601F084FEC0
:104570002046F8BD21462846BDE8F840FFF75ABF5F
:1045800040A302082DE9F047036804461B6A8846E9
:104590009847236806465B6A20469847074680B1DD
:1045A00000242546335DED2B06EB04000BD0B8F15B
:1045B000000F01D008F8053001350134BC42F1D3B9
:1045C0002846BDE8F08704F10509B945EFD2FFF7A9
:1045D000DFFC8246E01C3044FFF7DAFCAAF55843C2
:1045E000B3F5806FE9D2A0F55C42B2F5806FE4D2FA
:1045F000B8F1000F19D000F5105000EB8323991487
:1046000061F00F0108F8051008EB0502C3F305304F
:10461000C3F3851103F03F0360F07F0061F07F0179
:1046200063F07F0350709170D37004354C46C4E73B
:1046300070B50D1E12DD064605F1080001F030FED2
:10464000044608B1094B0360656004F108002A467E
:10465000314636B104F020FA204670BD044C2046A5
:1046600070BD05F0A1FB204670BD00BFB4A20208DA
:1046700034A30208014B1860704700BF04020020F9
:10468000034A044B116803FB00F048401060704778
:1046900004020020CB5725CA30B40E4D2A680446C8
:1046A00021460020930983EAD273534083EA121310
:1046B00083EA92035208534042EAC37202F00103B4
:1046C000490843EA4000EDD18442E9D32A6030BC76
:1046D000704700BF040200200048704740A3020852
:1046E00000B583B27F2B83B029DD00F03F00B3F526
:1046F000006F40F0800043F3871213DB1B1302F0BE
:104700003F0263F01F0362F07F028DF80600032171
:1047100001A88DF804308DF80520FFF78BFE03B05B
:104720005DF804FB62F03F028DF80500022101A84C
:104730008DF80420FFF77EFE03B05DF804FB012135
:1047400001A88DF80430FFF775FE03B05DF804FB97
:104750002DE9F0470E4600286FD004464A4B002949
:1047600042D0984279D09E426CD02368474DAB42EC
:1047700077D05B6A20469847336880465B6A30464C
:10478000984700EB0805322D81466DD823682046F6
:104790001B6A9847336882461B6A30469847294609
:1047A00006460020FFF746FE03681B6A0746984747
:1047B00042460446514604F06FF94A46314604EB3E
:1047C000080004F069F965B194F90030002B3DDB75
:1047D0002919601C03E010F9013B002B36DB8842ED
:1047E000F9D13846BDE8F087984234D00368274DA8
:1047F000274EAB42BDD1A0680368AB4234D05B6AA0
:104800009847336807465B6A3046984738443228F1
:104810002AD80C2001F044FD074600B10560384657
:1048200001F06EFE63687B603146A068FFF790FF81
:10483000B860384601F072FED3E7154C01B3124B55
:104840009E4292D127463846BDE8F087114B3B6027
:104850003846BDE8F0870E4FC3E70F463846BDE83F
:10486000F0873368AB42C6D10C2001F019FD074632
:1048700008B1064B0360C7E901463846BDE8F0873A
:10488000054B264675E700BF40A3020870A1020849
:1048900094A30208E8A1020818A20208884228D0BE
:1048A000F8B503680C465B6A0546984723680746D7
:1048B0005B6A204698472B6806461B6A284698473D
:1048C000236805461B6A20469847BE4228BF3E46DD
:1048D000401B2B461978C25C914204D02CBF0120AA
:1048E0004FF0FF30F8BD01335A1BB242F2D900201D
:1048F000F8BD0020704700BF03689B6A184700BFDF
:10490000F8B5161E2DDD03689B6A0C4605469847D0
:10491000002CBCBF241824EAE474001BB04212DD52
:104920002B682146DB6A284698472B68A119074661
:10493000DB6A28469847044648B1E11B3846BDE883
:10494000F840FFF777BD00280BDD0646E8E740F2A8
:10495000723006F059FDE11B3846BDE8F840FFF71C
:1049600069BD0148F8BD00BF40A30208002858D027
:10497000002956D02DE9F047036805461B6A144606
:104980000E4698472B6824EAE4718046DB6A284685
:1049900098472B6804465B6A284698473368A4EB1F
:1049A0000805451B5B6A3046984707469CB385421D
:1049B00031D3336830461B6A9847814690F800A08F
:1049C00002E0BD42344626D32378534505F1FF3536
:1049D00004F10106F5D13A464946204614F090FF0D
:1049E0000028EED1A4EB0804002C16DD034602E0FB
:1049F00001339C4211DD18F80320110600F101007B
:104A0000F6D502F0E001C02902F0F00207D0E02A5A
:104A100008BF0233ECE74FF0FF30BDE8F087013309
:104A2000E6E74FF0FF30704708B5FFF79FFF013012
:104A300018BF012008BD00BF80F00100704700BF13
:104A40000A1E38B511D138B302460B4604460D464E
:104A500012F07EFB002841D10C2001F021FC08B1AE
:104A60001F4B0360C0E9014538BDC2F30A54A4F2EC
:104A7000FF331D2B12D8142B054618DC0028E3D178
:104A8000A4F2F33412FA04F4DED1D002C3F11F030E
:104A900040F00040D8401AE0012038BD1E2BD3D191
:104AA0000028D1D10F4B9A42CED10F4838BDA4F285
:104AB000134410FA04F4C7D1D002C3F11F0140F02F
:104AC0000040C3F13403C84025FA03F31843002A19
:104AD000B8BF4042400040F0010038BD0E2038BD54
:104AE000E4A202080000D0C1010000802DE9F041DD
:104AF000036882B01B6A984701A9F9F74DFB0022B1
:104B0000002306460F4612F0F1FA60BB27F000457D
:104B1000304629464FF0FF321F4B34464FF0010814
:104B200012F016FB38B94FF0FF321B4B30462946C6
:104B300012F004FBF0B118F0FF0F1FD100224FF468
:104B40008013204629464FF0010812F001FB38B9C6
:104B50002046294600224FF4801312F0D1FAB0B15A
:104B600018F0FF0F0AD130463946FFF769FF02B04F
:104B7000BDE8F081804618F0FF0FDFD0074F002618
:104B800030463946FFF75CFF02B0BDE8F081804651
:104B900018F0FF0FE7D0F1E7FFFFEF7F0000F87F8D
:104BA00008B511F0D1FFBDE80840FFF749BF00BFCD
:104BB000F8B50368DB6A04469847A0B10646FFF7DC
:104BC000E7F9074688B9236820461B6A9847236897
:104BD00005465B6A204698472844864203D03B46F8
:104BE00043F00100F8BD0E20F8BD4300B0EB630FA9
:104BF000F6D0BDE8F840FFF7D3BF00BF08B1FFF71C
:104C0000D7BF0E20704700BF70B110B5FFF7D0FFBF
:104C10000E28044606D0C30708D56010BDE8104032
:104C2000FFF75EBD064810BD0548704740F2713081
:104C300006F0EAFB6010BDE81040FFF751BD00BF71
:104C400040A3020808B511F091FFBDE80840FFF746
:104C5000F7BE00BF4300B0EB630F01D0FFF7A0BF6A
:104C600043F00100704700BFB0F1804F08B503D298
:104C7000400040F0010008BD11F056FFBDE80840BB
:104C8000FFF7DEBE002814BF42200A20704700BF95
:104C900008B5F9F73DFCBDE80840FFF7D1BE00BFFD
:104CA00001FB00F0704700BF90FBF1F0704700BFC0
:104CB00010B50C2001F0F4FA044608B101F092FEA0
:104CC000204610BD00897047043001F0FDBD00BFD3
:104CD00003460A460430198901F0D6BD043001F0BC
:104CE00003BE00BF03894268994234BF52F82100D5
:104CF00000207047043001F0C7BD00BF043001F050
:104D000001BE00BF043001F021BE00BF024B1B6892
:104D1000588CC000704700BF10050020704700BFCE
:104D20000020704738B5184B1B688BB15C6A7CB1AA
:104D30002368984225D05BB1002300E042B10233E2
:104D400054F823208242F9D101339B00E05838BD4A
:104D50000D460446FFF7E4FF78B103689C420ED08D
:104D60005BB1002300E042B1023350F82320A2429D
:104D7000F9D101339B00C05838BD284638BD042303
:104D8000F9E70423E2E700BF100500204068704700
:104D90004160704710B5082001F082FA044608B15E
:104DA00001F028FE204610BD70B50C1E05461646C3
:104DB0000EDB83889C420BDA05EB8404E36823B1A5
:104DC0000B2140F2863001F071FEE660284670BD8E
:104DD0000A2140F2863001F069FEEDE706F014BBCF
:104DE00018B1024B984208BF0020704740A3020848
:104DF000003018BF0120704710B5142001F050FAA0
:104E0000044608B101F0FEFD204610BD10B5044671
:104E100001F002FE002806DB238AE268984202D2F3
:104E200052F8200010BD002010BD00BF224B1B68AF
:104E30002DE9F041DE6AB3683468834204F1FF353E
:104E400006F104061ED856F8253083421AD3002DE9
:104E500014DD641056F82430984210D0012203E08B
:104E600056F8243083420AD098428CBF621C04F169
:104E7000FF355419AA424FEA6404F1DD00242046AC
:104E8000BDE8F081002DF9DD07464FF0010806E08E
:104E9000B4BF04F1010804F1FF354545EEDB08EB32
:104EA00005046410394656F82400FFF7F7FC002883
:104EB000EED12046BDE8F08110050020034B1B68B1
:104EC0000131DB6A53F82110FFF7A0BF1005002065
:104ED000F8B504460F46164601F09EFD011E04F18A
:104EE0000C0505DB32462846BDE8F84001F0CCBC95
:104EF0003A462189201D01F0C7FC3246218A284606
:104F0000BDE8F84001F0C0BC034B1B680131DB6A0F
:104F100053F82110FFF7DCBF10050020014B186883
:104F2000704700BF0C050020704700BF820708B51E
:104F300008D130B1036823F00103DA78F92A13D1DC
:104F4000987808BD0028FCD0C3070FD40E280DD0D8
:104F500042280DD00A280BD0062805D040F2213077
:104F600006F052FA042008BD042008BD022008BD46
:104F7000012008BD0E281FD010B5044670B915E0F9
:104F8000FFF7D4FF0346022B204612D0032B0DD18E
:104F9000FFF7ACFD0E28044608D03CB1A30720461D
:104FA000EED000F00FF811F0CFFD10BD0020044945
:104FB00010BDD4E9010110BD00200149704700BFB8
:104FC0000000F87FC107034651D4820704D59B092E
:104FD00014BF01200020704700284AD02DE9F0417D
:104FE000FFF7C8FF21F000450F464FF0FF3229467A
:104FF000274B064604464FF0010812F0A9F840B9C5
:105000004FF0FF32224B3046294612F097F800B994
:10501000804618F0FF0F2ED100224FF48013204657
:1050200029464FF0010812F093F840B9204629466E
:1050300000224FF4801312F063F800B9804618F094
:10504000FF0F18D13046394612F03CFC0022114BBC
:1050500012F066FE0022002304460D4612F050F8BE
:1050600060B92046294612F0B1F8BDE8F081401041
:105070007047002070470020BDE8F0812046294697
:105080000022044B11F014FC04460D46E9E700BF72
:10509000FFFFEF7F0000F041FFF794BF38B50D46EA
:1050A000FFF790FF04462846FFF78CFF00F01F0033
:1050B00004FA00F04300B0EB630F03D0BDE83840C2
:1050C000FFF76EBD43F0010038BD00BF38B50D4697
:1050D000FFF778FF04462846FFF774FF00F01F0033
:1050E00044FA00F04300B0EB630F03D0BDE8384052
:1050F000FFF756BD43F0010038BD00BF38B50D467F
:10510000FFF760FF04462846FFF75CFF604043005E
:10511000B0EB630F03D0BDE83840FFF741BD43F06B
:10512000010038BD38B50D46FFF74CFF0446284650
:10513000FFF748FF20434300B0EB630F03D0BDE807
:105140003840FFF72DBD43F0010038BD08B5FFF72B
:1051500039FFC0434300B0EB630F03D0BDE8084004
:10516000FFF71EBD43F0010008BD00BF38B50D4676
:10517000FFF728FF04462846FFF724FF204043009E
:10518000B0EB630F03D0BDE83840FFF709BD43F033
:10519000010038BD38B50D46FFF714FF0446284618
:1051A000FFF710FF00F01F0024FA00F0B0F1804F6D
:1051B00003D2400040F0010038BD11F0B5FCBDE85D
:1051C0003840FFF73DBC00BF0E2816D008B5034697
:1051D000C0B19B0708D0FFF7F5FE07EE900AF8EE86
:1051E000E77A17EE900A08BDFFF7C4FE12F00EF83A
:1051F00007EE900A17EE900A08BDDFED057A17EE6C
:10520000900A7047DFED027A17EE900A08BD00BFE2
:105210000000C07F70B50E46FFF7ACFE0446304676
:105220000D46FFF7A7FE02460B462046294611F021
:105230003FFBBDE87040FFF703BC00BF70B50E46F2
:10524000FFF798FE044630460D46FFF793FE0246F0
:105250000B462046294611F029FBBDE87040FFF7B8
:10526000EFBB00BF01F00103184203D0C3130133A9
:10527000012B12D9D0B50C46FFF77CFE064620461E
:105280000F46FFF777FE02460B463046394611F0CF
:10529000C5FCBDE8D040FFF7D3BBCB130133012BD6
:1052A000E8D84310481000FB03F04300B0EB630F55
:1052B00002D143F001007047FFF772BC032912D0FE
:1052C000D0B50C46FFF756FE064620460F46FFF7C0
:1052D00051FE02460B463046394611F0C9FDBDE885
:1052E000D040FFF7ADBB7047F8B50C46C107034689
:1052F00003D5E20701D5620811D11846FFF73AFE3F
:10530000064620460F46FFF735FE0B460246394655
:10531000304612F005FDBDE8F840FFF791BBFFF7FE
:1053200051FE05462046FFF74DFE95FBF0F303FBCB
:1053300010504300B0EB630F03D0BDE8F840FFF717
:105340002FBC43F00100F8BD70B50E46FFF712FE0A
:10535000044630460D46FFF70DFE02460B4620463A
:105360002946FAF7F1F8BDE87040FFF769BB00BFC6
:10537000C2072DE9F8430C460BD5CB0709D54010E1
:105380004C10844241DB3DD1640044F00100BDE893
:10539000F883FFF7EFFD064620460F46FFF7EAFDCC
:1053A00004460D4602460B463046394611F0C6FE0D
:1053B00090B922462B463046394611F097FE28B167
:1053C00030463946BDE8F843FFF73ABB22462B4644
:1053D00034463D4616461F46F9F79AF8224680465F
:1053E00089462B463046394611F060FA42464B4614
:1053F00011F014FC22462B4611F05AFABDE8F8438E
:10540000FFF71EBB234604461846001BFFF744F96E
:1054100020444400B0EB640F02D144F00100B6E731
:10542000BDE8F843FFF7BCBB08B5FFF7A3FD12F0DA
:10543000D7FCBDE80840FFF703BB00BF08B5FFF786
:1054400099FD12F04BFDBDE80840FFF7F9BA00BF27
:1054500008B5FFF78FFDF9F7EBFCBDE80840FFF753
:10546000EFBA00BF08B5FFF785FDF9F761FCBDE8AD
:105470000840FFF7E5BA00BF08B5FFF77BFD12F063
:1054800021FABDE80840FFF7DBBA00BF08B5FFF717
:1054900071FD054B002211F00BFAF9F7C9FCBDE8CC
:1054A0000840FFF7CDBA00BF0000E03F0E280BD048
:1054B0000E2909D08842F8B5044607D001F0010250
:1054C000104205D00020F8BD002070470120F8BD33
:1054D0000D46FFF72BFD06462846FFF727FD8642BF
:1054E000F0D144EA05039B07ECD1032E15D0022E20
:1054F000E8D12046FFF73EFD064628460F46FFF757
:1055000039FD0B4602463946304611F0EFFD4FF0AB
:10551000010300B90346D8B2F8BD29462046FFF77B
:10552000BDF9B0FA80F04009F8BD00BF08B5FFF73B
:10553000BDFF002814BF42200A2008BD08B5FFF7B0
:10554000B5FF00280CBF42200A2008BD0E281AD043
:105550000E29F8B50C4614D00628054615D0422869
:105560003FD00A281CD00629034600F08380422C35
:1055700011D00A2C37D09C4210D004F001031D42F8
:1055800011D00020F8BD00207047062906D0422C1B
:105590004FF00003EDD10322934204D10120F8BD66
:1055A0000123062CE3D12846FFF7C0FC064620461F
:1055B000FFF7BCFC032E22D003282FD0012E14D0DD
:1055C000012821D08642DCD145EA04039B07D8D1CB
:1055D000032847D0022828D0601BB0FA80F0400989
:1055E000F8BD0323DDE70122D6E7062D33D0422D97
:1055F0004FF0020634D00A2DE2D10125E0E702285F
:1056000013D00328DCD1DFE7062C4FF0020020D0B6
:10561000422C23D00A2CD5D10124D3E7022E04D06A
:10562000012EAED1062DE2D1ABE72846FFF7A2FC52
:10563000064620460F46FFF79DFC02460B463046C5
:10564000394611F053FD4FF0010400B90446E0B2B1
:10565000F8BD0024B6E702260025B1E70324B1E730
:105660000325ADE721462846FFF718F9B0FA80F088
:105670004009F8BD00228FE7FFF768BF08B5FFF7C4
:1056800065FF002814BF42200A2008BD08B5FFF7B7
:105690005DFF00280CBF42200A2008BDF8B507892D
:1056A00045687FB10E46043D002402E00134A74264
:1056B00008D0314655F8040FFFF748FF0028F5D011
:1056C0002046F8BD4FF0FF30F8BD00BF10B50022F6
:1056D0000446FFF7E3FF011E04DB201D01F012F971
:1056E000012010BD002010BD38B58307044608D145
:1056F00048B1FFF71BFC032812D0022815D0012067
:1057000038BD0A2801D1002038BD0028FBD00E2862
:10571000F9D00628F7D010F1FF3018BF012038BDAE
:105720000C48201A18BF012038BD2046FFF722FC84
:1057300002460B4604460D4611F00AFD0028E2D150
:10574000204629460022002311F0D0FCB0FA80F058
:10575000400938BD40A30208422805D00A2801D0DC
:10576000FFF7C2BF00207047012070470E2847D0C6
:105770000E2945D0F8B50C460546FFF7D7FB06467F
:105780002046FFF7D3FB032E2CD0A54228D0284675
:10579000FFF7F0FB064620460F46FFF7EBFB3246CD
:1057A00004460D463B463046394611F0D1FC08BB55
:1057B00022462B462046294611F0CAFCD0B9224683
:1057C0002B463046394611F09BFCB0B922462B4699
:1057D0003046394611F0B2FC003018BF0120F8BD48
:1057E0000020F8BD0328D0D121462846BDE8F84066
:1057F000FFF754B86FF00100F8BD4FF0FF30F8BD6F
:105800006FF00100704700BF38B501F0010313EAE3
:10581000000404D08842ACBF0020012038BDFFF74F
:10582000A5FF831C14BFC00F204638BD10B501F082
:105830000104204203D0884207DC422010BDFFF75C
:1058400095FF831C01D00028F7DD0A2010BD00BFA2
:1058500010B501F00104204203D0884207DA42204B
:1058600010BDFFF783FF831C01D00028F7DB0A205F
:1058700010BD00BF10B501F00104204203D08842E2
:1058800005DB422010BDFFF771FF0028F9DA0A207E
:1058900010BD00BF10B501F00104204203D08842C2
:1058A00005DD422010BDFFF761FF0028F9DC0A206A
:1058B00010BD00BFF0B591B00446FFF737FB0328D9
:1058C0003DD002280FD0052848D0002C4CD00A2CFF
:1058D00042D00E2C45D0422C55D02C4B2C48062CB7
:1058E00008BF18462CE0E3072CD40E2C39D02046F4
:1058F000FFF740FB21F000450F464FF0FF322946ED
:10590000244B064611F024FC38B9304629464FF0A6
:10591000FF32204B11F0FEFB40B332463B4630468F
:10592000394611F015FCE0B9304639466A46F8F7B9
:10593000DBFC68464FF0FF31FEF77CFD00E02046BF
:1059400011B0F0BD6946601005F04AFF68464FF09F
:10595000FF31FEF76FFDF3E70F48F1E70F4811B095
:10596000F0BD0F4811B0F0BD0E48E9E70023304606
:105970003946002211F0C4FB0B4C0C4B002814BF1D
:1059800020461846DCE70A48DAE700BF94A302087D
:10599000B8A30208FFFFEF7FACA30208C8A3020868
:1059A00078A3020824A3020884A3020868A30208BB
:1059B000A0A3020808B5FFF7B9FA052810D8DFE858
:1059C00000F0030507090B0D084808BD084808BD8D
:1059D000084808BD084808BD084808BD084808BD73
:1059E00040F2223005F010FD002008BD58A3020847
:1059F00014A30208DCA30208FCA30208ECA302081B
:105A000048A3020870B50446FFF790FA042813D1A2
:105A100064B1A3070AD12168164821F00102536935
:105A2000834220D02046BDE87040184721461248E6
:105A3000BDE8704006F02AB92046FFF73BFF054657
:105A40002046FFF7B7FF03681B6A98472B68064696
:105A50001B6A284698472246034631460748BDE858
:105A6000704006F013B9138805481289BDE87040EC
:105A700006F00CB9055A010878A20208A4A202088F
:105A800084A2020810B504460A461248214606F0D0
:105A9000FDF87CB1A30705D1216821F00101CB7885
:105AA000F92B10D0062C05D140F2DD30BDE81040B6
:105AB00005F0AABC2046FFF739FABDE8104000F512
:105AC000757005F0A1BC0B898A78034806F0DEF8F2
:105AD000E8E700BF14A1020834A1020808B5014696
:105AE000044806F0D3F84FF46470BDE8084005F0B0
:105AF0008BBC00BFA0A1020810B501F00BFB04464F
:105B0000102000F08BFC22690260206110BD00BFF4
:105B100038B501F0FFFA0469054634B123682B61FA
:105B20002046BDE8384000F0A7BB40F2533005F0F6
:105B30006BFCF3E7F0B585B0074601F0EBFA0469BA
:105B400006468CB194E80F006D46306185E80F0081
:105B5000204600F091FB0A4B77611B6828463146CE
:105B60009B6B984705B0F0BD064806F08FF83846A5
:105B7000FFF748FF40F2E73005F046FCE2E700BFE0
:105B80001005002054A1020810B501F0C3FA4469C1
:105B900012239C42436101D0204610BD40F2533095
:105BA00005F032FC204610BD08B501F0B3FA436998
:105BB000122B05D0FFF7E8FFBDE80840FFF7BABF9A
:105BC00008BD00BF79B110B4084B094C014410F86E
:105BD000012B04FB03F3884283EA0203F7D1184642
:105BE0005DF8044B7047014B18467047C59D1C81FA
:105BF0009301000138B5046834F00304054611D060
:105C0000A30F14D12846E3699847054625B1B5F599
:105C1000004F05D9002C03DB40F2493005F0F4FBBE
:105C2000284638BD40F2513005F0EEFBEAE7C4F3F8
:105C30009905EBE738B5144B9A881B6892B1551E4D
:105C400053F8251088421AD0023A03EB82032A4601
:105C500002E0216881420BD0013A511C1C46A3F19D
:105C60000403F6D14FF45270BDE8384005F0CCBBC8
:105C7000954204D0044800F0B1FD206038BD0248D0
:105C8000BDE8384000F0AABDE4040020F8B54FF4A8
:105C9000804006F017FD43F6F873044602461946A5
:105CA000002520486360A56105F0F0FF6268930756
:105CB0002ED11D491D4F4D6888681D4ED31C23F001
:105CC0000043104423F00303013543F00043C1E9CE
:105CD00001503968A360E16004F108031548316898
:105CE0003B6003EB9203036079B18C420DD30A68E9
:105CF000A2B1944203D211E09C4203D31A46136826
:105D0000002BF9D123601460F8BD21603460F8BD28
:105D10004FF4527005F078FB6268CAE713460A46F2
:105D2000F0E700BF7CA40208EC0400200805002076
:105D3000D8040020E004002018210148FEF778BCB8
:105D4000EC040020036823F00103188880087047E2
:105D500030B338B5C5680446A5B155E90132686865
:105D6000A96862605A0F032AC4E9020105D040F213
:105D7000493005F049FB55F8043C43F0004345F831
:105D8000043C38BD50F8043C5A0F032A09D143F0B3
:105D9000004344F8043C0020BDE8384001F0C2B99B
:105DA000704740F2493005F02FFB54F8043CEEE711
:105DB00038B550F8043CDB070546A0F104041CD4B8
:105DC000104B1B6873B103F108029442F9D3596870
:105DD0000A449442F5D255F8043C43F0010345F8D7
:105DE000043C38BD40F24A3005F00EFB55F8043C47
:105DF00043F0010345F8043C38BD40F24F3005F054
:105E000003FBDDE7D8040020830709D140B1030F6D
:105E100006D00168114B194202D1CB78F92B00D082
:105E200070470F4B10B504461B688BB103F1080295
:105E30009442F9D3586802449442F5D2094841F09B
:105E40000101216022468188BDE8104000F0AEBC0F
:105E500040F24A3005F0D8FA2168EFE7030000402D
:105E6000D8040020D004002000294DD02DE9F84F9F
:105E70000F468046DFF89CB0DFF89CA0DFF88C90DE
:105E8000061F002502E00135AF423BD056F8044F13
:105E9000A307F8D1002CF6D0230FF4D0206810EA25
:105EA0000B0FF0D1C378F92BEDD1DAF8003053B1F4
:105EB00003F108018C4203D35A680A44944207D381
:105EC0001B68002BF4D140F24A3005F09DFA20689F
:105ED000B9F8041040F00100206022460B4800F0A1
:105EE00065FCB9F80430642BCDD90C2006F0EAFB30
:105EF0000135074A08EB85037D1BC0E901351168B0
:105F000001601060BDE8F88F704700BFD00400202A
:105F1000DC04002003000040D804002038B50568E8
:105F20004DB104462846FFF743FFA1882846BDE847
:105F30003840FFF799BF38BD830709D140B1030F3F
:105F400006D00168234B194202D1CB78F92B00D03F
:105F50007047214B2DE9F04104461B68002B33D0DC
:105F600003F108029442F8D3586802449442F4D2F0
:105F700021F0030341F001019B6921600BB1204630
:105F80009847164D164C2F46AB8883B923681846A0
:105F9000C3B1D3E90026D3F80880226006F0B8FB2D
:105FA00041463046FFF760FFAB88002BEED0384605
:105FB00000F014FC036823F003039B69002BE3D07B
:105FC0009847E1E7BDE8F08140F24A3005F01CFA5D
:105FD0002168CDE703000040D8040020D004002051
:105FE000DC0400202DE9F04F954B1B7885B09C0711
:105FF000039005D54FF4527005F006FA904B1B78CC
:106000008F49904A43F002030B70039B14689588F4
:1060100013F0020640F0F7806DB104EB850554F8EB
:10602000040B20F0010310F0010F18BF1868FFF7F0
:1060300083FFA542F3D1844C039801F079F82368DB
:10604000B3B1824B1B68B3F82A8000F049FD256884
:10605000A0EB080705EB8805002E40F0E4803FB177
:106060000024013455F8040BFFF766FFA742F8D16E
:10607000774A784B16781D683EB10024013455F8F4
:10608000040BFFF759FFA642F8D17349734A0B6816
:10609000176801330B60724B00221A60002F00F06A
:1060A000CB80CDE90122904691467B68029A07F1A8
:1060B00008059B0805EB83061A44B54202924AD2B2
:1060C0002B6813F0010140F086801A0F062A00F0B9
:1060D0008280AE4240F28F80AA4601E0DAF80030BA
:1060E000002B4FEA13720FDBD80714D4062A12D004
:1060F000590009D4DB78F92B40F2493001D005F082
:1061000083F9504600F03CFB5046FFF773FD0AEB65
:10611000800A5645E2D8AAEB05044FEAA40CE045F4
:106120004FEA8C024FF0FF01284642F0004BB8BF07
:10613000E046E14403F038FE042CC5F800B053DD1E
:1061400000236B60019B002B50D0019B01955D608B
:106150005546AE42B4D83F68002FA6D1414D029BB0
:106160002A684FEA890101EB09179C007F004FEA7A
:1061700088039AB13A4A12684FEA590972B1106815
:10618000C0F39906B14506D246E01068C0F3990005
:106190000644B14541D35268002AF6D12E484269DF
:1061A000C0E90313A2B18A4212D8039AD20703D5D9
:1061B00022462D4805F06AFDBC4201D3FFF766FD7B
:1061C0001F4A137823F00203137005B0BDE8F08F67
:1061D000214A5161E9E723F001032B602846FFF7CC
:1061E00009FD05EB8005B4E75546B2E71C4B019568
:1061F0001D605546ADE74FF00043B8F1000F2B602E
:10620000A7DA8846A5E7194805F040FD2A46214649
:10621000174805F03BFDFFE630464844801B02EB83
:1062200080022A60BAE73A462946124805F02EFD58
:10623000002F7FF415AF1BE73B463C463946ADE7E0
:1062400048270020E40400200C0500201005002051
:106250004927002004050020EC040020D804002079
:1062600008050020E004002060A4020840A4020801
:1062700048A4020854A4020850F8043C5A0F032A08
:1062800010B5044605D040F2493005F0BDF854F889
:10629000043C43F0004344F8043C204610BD00BFDA
:1062A0002DE9F04F85B0C51CB0F5003F03904FEAD3
:1062B000950500F389804A4BDFF834815B68C3F3AE
:1062C0000803002B61D198F800301A075DD143F024
:1062D000010388F8003000F01DFF10B14368002B67
:1062E00079D0DFF810913F4F0024D9F800B0BBF10E
:1062F000000F51D0002603E05E468B4600294BD0AC
:1063000040F2513014B93A685A454DD31BF0030F8F
:1063100002D15FEA1B7301D105F076F8DBF800A02B
:10632000BAF1000F40F24B3001DB05F06DF8CAF313
:106330009902521B002ADBF80410DDDB0AD0900022
:1063400040F000404BF825000BEB8505012A1CBFEF
:1063500069602946002E3BD071600022CBF80020F6
:1063600049B14A683AB1930701D1130F03D14FF4F1
:10637000547005F049F898F80020584622F00102C0
:1063800088F8002005B0BDE8F08F40F2923005F0AB
:106390003BF898F800309AE734B1012C08D015206A
:1063A00005F032F80134A0E70020FFF71BFEF9E703
:1063B0000D490E48D1E9023209690091039905F0AF
:1063C00065FCFFF763FCEDE7162005F01DF872E7AA
:1063D000C9F80010C1E740F24E3005F015F880E72B
:1063E00000ED00E0E0040020EC0400200CA4020812
:1063F0004827002008050020033010B520F00304D2
:10640000201DFFF74DFFE31D23F0804323F003031E
:1064100043F0804340F8043B10BD00BF08B538B1DD
:10642000FFF7EAFF50F8043C43F0005340F8043C07
:1064300008BD00BFF8B5214B5B68C3F308030646EF
:106440000F46002B34D100F065FE1D4D1D4AF31B95
:106450009B102B7004461760A8B10C20FFF7CCFFEF
:1064600050F8043C6268026043F00053A26840F8B0
:10647000043CE368C0E90123E0600023A6602B70C0
:1064800063602046F8BD1820FFF7B6FF0E4A50F8AB
:10649000043C1268026043F00053122240F8043CAE
:1064A00000234261C0E90333044600F03BFEE4E709
:1064B00040F2923004F0A8FFC5E700BF00ED00E015
:1064C00049270020040500200C05002061B10129A6
:1064D00038B50ADD4C1E013C0121051DFFF7F6FF12
:1064E000631C2846F7D138BD7047044B40F00102C9
:1064F00099881846BDE8384000F058B9E4040020F7
:10650000830702D108B1030F00D17047024B024646
:106510009988184600F04AB9E4040020820703462F
:1065200002D108B11B0F00D17047FFF783BB00BF3A
:106530004068FFF769BC00BF0430FFF7EFBC00BF45
:1065400003460C309988FFF78FBC00BF4068FFF707
:106550005BBC00BF10B504460430FFF7DFFC04F15C
:106560000C00BDE81040FFF7D9BC00BF50F8043B59
:1065700023F00103198804398908FFF775BC00BFAF
:106580000320704703207047808880000F30800808
:10659000704700BF02207047052070470349044A36
:1065A0000023C1E90033C2E900337047E40400204E
:1065B000D004002000F016BD002801DB00F00EBD65
:1065C000704700BF704700BF0023C0E90133704728
:1065D0000023C0E90133C0E903337047054B10B411
:1065E0001A68846883880146A21A03485DF8044B40
:1065F00005F04CBB1005002078A502080146426852
:10660000014805F043BB00BF90A40208014602897F
:10661000014805F03BBB00BF28A502082DE9F04763
:10662000C4888C4205460E462FD24FEA8408D0F823
:106630000090002C39D03F2C35DDB4F5007F3DDBD8
:1066400004F580774FF6FE724FF6FF73974288BFCE
:106650001F46B742B8BF3746B80006F033F8824647
:106660001CB14246494602F017FA3A1B920000213B
:106670000AEB080003F098FB484606F049F8C5F815
:1066800000A0EF80AE80BDE8F08782889142F9D209
:106690000068521A00EB81009200002103F084FB95
:1066A000AE80BDE8F0876700D3E704290F46B8BF86
:1066B0000427B80006F006F88246D6E7034B08EB3D
:1066C0000407A3FB07377F08C3E700BFABAAAAAA4A
:1066D000704700BF704700BF0B6823F0010370B51F
:1066E0001B89042B0C46054602D16DB9204670BDAE
:1066F0001048012240F2853105F0C8FA40F2853099
:1067000004F082FE002DF1D0E81C8000FFF7C8FDE8
:10671000064608B1084B0360A368B360AAB2B5800F
:106720009200002106F10C00344603F03DFB2046A8
:1067300070BD00BF68A50208DCA4020838B5026974
:106740000D4B9A42054609D00C4803224FF4627162
:1067500005F09CFA4FF4627004F056FE2888FFF7AB
:106760009FFD044600B105602A880021043A201DDF
:1067700003F01AFB204638BDC565010868A502086C
:10678000036823F001031B69184700BF036823F067
:1067900001031B69184700BF036823F0010301468A
:1067A0001A88014805F072BAC0A402084FF6FE73B9
:1067B00099420AD883888B4270B5054616460C4626
:1067C00004D92B6843F8246070BD70470131FFF78E
:1067D00025FF2B6843F8246070BD00BF83884BB150
:1067E000013B9BB202688380002152F8230042F8EB
:1067F0002310704718467047C38870B54BB33F2BC2
:106800000FDDB3F5007F2CDB03F580744FF6FE72CD
:10681000944223D8A4B28C4238BF0C46A34207D37B
:1068200070BD5C00A4B28C4238BF0C46A342F7D2C4
:106830000546A000FFF7E0FDEB880646E3B9E21A43
:10684000920006EB8300002103F0AEFA2E60EC808C
:1068500070BD042938BF04210C46E7E74FF6FF74EA
:10686000E4E7084A03EB8304A2FB0424C4F34F04C7
:106870008C4238BF0C46D9E79A00296802F00CF91F
:10688000EB88DCE7ABAAAAAA30B5C3888B4283B0F9
:1068900005460C4609D9036843F82120AB889C4281
:1068A00024BF0134AC8003B030BD4FF6FE73994273
:1068B000F9D8013189B20192FFF79EFF2B68019A46
:1068C00043F82420EAE700BF38B5C3888B4204466A
:1068D0008DB201D2AB4201D9A58038BD2946FFF760
:1068E0008BFFA58038BD00BF83884BB1013B9BB2B5
:1068F00002688380002152F8230042F82310704779
:1069000018467047F8B583888B421DD905684A1C24
:106910008F009342044655F8216005EB070007D825
:10692000013B9BB20022A38045F823203046F8BDEE
:106930005A1A02F18042013A391D2944920012F09C
:10694000EEFFA3882568EBE70026EFE783888B42FC
:106950001CD970B50E461546591CC28889B28A42A8
:1069600004460FD9701C216880009B1B061F9A00EB
:106970000844314412F0D3FFA388226801339551B3
:10698000A38070BDFFF738FFA388EBE7FFF77CBF5C
:1069900070B505460A48EB88AA88296805F076F99B
:1069A000EB885BB1074E00242B68304653F8241067
:1069B00005F06CF9EB880134A342F5D870BD00BF37
:1069C0003CA5020860A5020810B5014604460289EC
:1069D000034805F05BF9201DBDE81040FFF7D8BF64
:1069E000A4A40208024A02600022C0E90122704702
:1069F000F4A50208024A026000224260704700BF0C
:106A0000C4A50208034A02600022C0E90122C0E9CD
:106A10000322704794A502082DE9F84306894768C8
:106A20000C46002E34D03B6899423AD03B460020B9
:106A300003E053F8042FA24225D00130B042F8D130
:106A4000236820465B6A9847236880461B6A204675
:106A50009847043F8146002457F8045F2B68284676
:106A60005B6A98478045284608D12B681B6A98477F
:106A700042460146484612F043FF30B10134B44269
:106A8000EAD14FF0FF30BDE8F8832046BDE8F88337
:106A90000B6808465B6A9847236820461B6A98473C
:106AA000EFE70020EFE700BF704700BF10B50446D6
:106AB0000A460448214605F0E9F82046BDE81040A2
:106AC00004F0A2BC68A50208014B1B681869704756
:106AD00010050020014B1B689869704710050020C5
:106AE000014B1B68188C704710050020014B1B6878
:106AF000D86B7047100500200268F8B544F21023E7
:106B00009A4200D0FEE741681B4B0A681B4F9A422D
:106B10000446396013D0088C194E8000FFF77EFCC4
:106B20003B6830601A8C0021920003F03DF93D680B
:106B3000144B2A6831689A420E600AD0FEE7124868
:106B4000103105F0A3F840F29F30BDE8F84004F0A2
:106B50005BBCA3682A699A42F0D100F065FA3A68F2
:106B60000023146B05F140001A461946A047BDE802
:106B7000F84000F031BA00BF718E3B921005002042
:106B80000C050020708E3B920CA502080148FFF70F
:106B9000B3BF00BF209B020848B110F0030207D129
:106BA000036823F00103D978F92903D01046704710
:106BB000002070471889A0F10600B0FA80F0400963
:106BC000704700BF70B505460C20FFF769FB04460F
:106BD00020B1154B03600023C0E901333DB1AB0781
:106BE00005D12B6823F00103DA78F92A01D0204679
:106BF00070BD0E4A9342FAD12E89002EF7D020465E
:106C0000FFF77EFC63899E4203D93146201DFFF7C2
:106C1000F3FDB20069682681606801F03DFF2046FF
:106C2000FFF77CFC204670BDF4A5020894A502087D
:106C300038B50D46044608B1830714D040F29B30A6
:106C400004F0E2FB29462046FFF7E6FE051E08DBBE
:106C50002946201DFFF756FE294604F10C00FFF7D8
:106C600051FE422038BD036823F00103DA78F92A87
:106C7000E4D1024A9342E5D0E0E700BF94A50208C0
:106C800070B50E46FEF776F9044630460D46FEF71F
:106C900071F902460B462046294610F0D3FFBDE8A5
:106CA0007040FDF7CDBE00BF08B5FEF763F910F0E8
:106CB0006BFDBDE80840FDF7C3BE00BF08B5FEF799
:106CC00059F910F01DFDBDE80840FDF7B9BE00BF41
:106CD00008B5FEF74FF910F0C7FCBDE80840FDF716
:106CE000AFBE00BF08B5FEF745F9F7F78DFEBDE86A
:106CF0000840FDF7A5BE00BF08B5FEF73BF910F050
:106D00004FFFBDE80840FDF79BBE00BF08B5FEF78A
:106D100031F910F09DFEBDE80840FDF791BE00BFBF
:106D200008B5FEF727F911F0BFF9BDE80840FDF7F7
:106D300087BE00BF2DE9F04100F57A6682B00746B4
:106D400030460D4600F0F0FB044618B1204602B074
:106D5000BDE8F08105F0F003102B1DD0202B16D1DB
:106D60004FF00208384600F0D9FB074618200AF019
:106D700001FD05F00F053946CDE90058B2B20123F7
:106D8000044606F0EBFB204602B0BDE8F0812A2065
:106D9000A04604F039FBE5E74FF00108E2E700BF49
:106DA00038B50D464FF0FF31FDF7BCFF044601300A
:106DB00005D029462046BDE83840FFF7BBBF2A2052
:106DC00004F022FB29462046BDE83840FFF7B2BF59
:106DD0002DE9F041884617461D46064600F0A4FB03
:106DE00018B104462046BDE8F08129464046FFF729
:106DF000A1FF294680463846FFF79CFF0546102034
:106E00000AF0B8FCB3B2AA88B8F80410044607F038
:106E100097F84046002106F0D5FB2846002106F0F1
:106E2000D1FB2046012107F02DF82046BDE8F08176
:106E300070B54FF0FF3104460420FDF773FF4FF0AB
:106E4000FF3105460520FDF76DFF20210646CA20CB
:106E5000FDF768FF5CB1012C14D0022C0DD1034664
:106E6000324629460320BDE87040FFF7B1BF014616
:106E70002846BDE87040FFF75DBF2A2004F0C4FA41
:106E8000002070BD01463046BDE87040FFF752BF9C
:106E9000007C2021FFF74EBF8088102300F02ABA23
:106EA00008B50368DB699847003018BF012008BDAA
:106EB00008B505F029FD003018BF012008BD00BF4E
:106EC000808870470048704716FCFFFF054B1A6822
:106ED00010B4146B0023A4461A4619465DF8044BFF
:106EE000604700BF1005002070B584B06C4684E890
:106EF0000F0094E80F00BDF80260154CBDF800507B
:106F000084E80F0031462846FDF75AFA0446304619
:106F1000FDF7A0FE06463CB10E4BE0681A68002360
:106F2000146B31461A46A04728460021FDF748FA5F
:106F300058B1084BC0681A68146B002331461A46D2
:106F4000A44604B0BDE87040604704B070BD00BF07
:106F5000900400201005002005F0ACBA08B5064EDC
:106F6000054632680023146B19461A462846A04786
:106F7000142005F009FAF4E71005002038B505469D
:106F80000B4B45F8443B04460A4B4364284608F043
:106F90006DFFA36E1BB104F15C009B689847284607
:106FA00009F066F8204606F051F9204638BD00BFCA
:106FB00050AC0208ACB2020810B5044604F052FF0F
:106FC000034638B100200CB144F820301B6A013070
:106FD000002BF8D110BD00BF05F06CBA05F0D4B994
:106FE0000AF06EBC20B10146024A034805F0BEB863
:106FF000704700BFE9C401085D6F010850B108B5D2
:107000000146054A054805F0B1F80120BDE80840F1
:1070100005F0BAB9704700BF596F0108CD6E01087D
:1070200089B280B205F0D6B9F0B583B000F06CFB40
:10703000284B1B681F8D5FB3274E002404E0B54228
:1070400012D041D82C602C46042005F03BFB019067
:10705000019B5B070546F2D505F05AFB082005F0B9
:1070600031FB0546B542ECD1284605F051FB3846C8
:1070700005F028FB854203D040F2E73004F0C4F964
:1070800034B1256820462C4605F042FB002CF8D18F
:10709000124C1348134E04F039FF04F5807501E0DB
:1070A000AC420AD054F8040F0028F9D003681B68DA
:1070B000B342F5D09847AC42F4D100F0B9FB03B02D
:1070C000BDE8F04000F016BB40F2E73004F09CF958
:1070D000B8E700BF1005002000100020F4090020D0
:1070E00014050020C56E0108044B10B51C68FDF79F
:1070F0000DFEFF34204420F0FF0010BD10050020DD
:1071000000200021704700BF08B506F0A1F808BDB7
:1071100006F0AEB8024B186800B1406A704700BF75
:10712000FC0E0020014B1B6858627047FC0E0020CB
:107130002DE9F04FDFF81C91D9F8003087B0002B13
:1071400070D0824604F08EFE0346002874D00024DE
:107150001B6A0134002BFBD1A500284605F0B2FACA
:107160000390FFF729FFA04257D1002C41DD039B7C
:10717000A3F1040B0AF0020302930BEB0503009347
:107180004FF000085BF8047F7E6A7EB37069FEF7FB
:10719000D3FEDDF808A0CDF804B00436D9F80030ED
:1071A00034689F422BD03868BD6804F049F9D9F89B
:1071B0000030281A9F420444756807D03868D7F811
:1071C00008B004F03DF9ABEB00000544BAF1000F44
:1071D00019D1A54205D954F8040BFEF7ADFEAC4217
:1071E000F9D3B668002ED9D1DDF804B0009B5B4519
:1071F000C8D1039807B0BDE8F04F05F089BA7568AB
:10720000BAF1000FE5D02B1B41469B1022461048D7
:1072100004F03CFD08F10108DBE74FF44B7004F08B
:10722000F3F8A2E7012005F04DFA0590059807B0A4
:10723000BDE8F04F05F06CBA05F044FA0390FFF793
:10724000BBFE0028D5D04FF44B7004F0DDF8D0E73A
:1072500024A60208FC0E002038B505460D4B45F863
:10726000443B04460C4B4364284608F0FFFDA36EE4
:107270001BB104F15C009B689847284608F0F8FEB3
:10728000204605F0E3FF2046702112F0EEFA20467A
:1072900038BD00BF50AC0208ACB2020870B50D4E4C
:1072A0000D4D0E4C304607F095FD2A460C493046F0
:1072B0000AF058FA0B4806F029FF204606F02AFB90
:1072C0002A46204608490AF04DFA084B084A1A6037
:1072D00070BD00BF20040020000200201405002023
:1072E0007D6F0108900400206DD801083C05002046
:1072F00024A902082DE9F04182B016461F46044633
:107300000D46FDF75DF838B132462946204602B0F9
:10731000BDE8F041FDF768B80F2CBFB201D1C02F16
:10732000F2D128200AF026FAA1B280460097094B34
:10733000AAB205F041FA4146074806F0CBF9002809
:10734000E2D0404605F050FA4046282112F08DFA6E
:10735000DAE700BFE96E01081405002000B585B02A
:107360008AB2012381B2684606F0B0FE05B05DF82E
:1073700004FB00BF4FF0FF310148FDF7D5B800BF57
:1073800030A6020808B506F017FC08BD704700BF1C
:10739000704700BF014820F0604070470080022025
:1073A00070B54FF0FF311920FDF7BCFC00B200F0C2
:1073B000B5F84FF0FF3105461820FDF7B3FC00B2D9
:1073C00000F0ACF80646DC200AF0D4F93246294633
:1073D000044606F07FFF014B1C6070BD4005002095
:1073E0002DE9F041114F3B6882B004460E469046AD
:1073F0009BB1304600F0B2F8054638686100046879
:10740000CDF8008089B23346246A05F10802A0470E
:1074100030B9284602B0BDE8F081FFF7C1FFE8E7C8
:10742000284605F075F90025F3E700BF4005002068
:1074300070B50C4E346884B00D465CB126686B683C
:107440000092400081B2B669204605F10802B047BB
:1074500004B070BDCDE90202FFF7A2FF3468DDE998
:107460000202EBE7400500202F282DE9F0470446F3
:107470003DD8214E214D335D28688BBB204F397894
:107480000131890005F074F928601C200AF072F9B6
:10749000DFF870C040F2DF312CFA04F9C4F1200C9F
:1074A00001FA0CFC49EA0C09A4F1200C21FA0CFCAD
:1074B00049EA0C09002309F0010213430CBF012320
:1074C0000323E2B204F16401804604F065F93978DF
:1074D00028684A1CD2B240F82180325513463A70CF
:1074E00003F18043013B50F82300BDE8F0872A20D8
:1074F00003F08AFFBDE700BF4405002074050020AB
:107500004A270020FF9F03F408B54FF0FF31FDF735
:1075100009FCBDE80840FFF7A7BF00BF002801DB5A
:10752000FFF7A2BF002070470B4B10B403F5807427
:1075300001E0A3420AD053F8042B002AF9D0918825
:107540008142F6D110465DF8044B70470022104688
:107550005DF8044B704700BFF80900200146002089
:10756000FDF766B8014B9868704700BF9004002093
:1075700003685B69184700BF0368DB68184700BFF2
:1075800003685B68184700BF03681B68184700BFA3
:1075900070B5036804460D4616461B6D03219847D7
:1075A0003246294620891023BDE87040FFF7A2BE6D
:1075B00070B58C1E012C00D970BD036805461646B7
:1075C0000C461B6D0221984732462146288910231C
:1075D000BDE87040FFF78EBE2DE9F047A1F1040A27
:1075E00004461646D71705F043FEBAFA8AFA4FEA60
:1075F0005A1A8046894609E005F03AFEB0EB0802C7
:1076000061EB09039F4208BF964220D323682046BE
:107610005B68984750450546EED105F029FE824645
:1076200009E005F025FEB0EB080261EB09039F427B
:1076300008BF96420BD3236820465B689847854273
:10764000EFD005F015FEA0EB0A00BDE8F0870020A2
:10765000BDE8F08731B1036801290CBF0221002188
:107660001B6C1847036801211B6C18470368D3F88B
:1076700080301847026810B4146940F2DC53A44605
:107680004FF4FA625DF8044B604700BF0368DB6F9C
:10769000184700BF70B5154C257882B01DB1144B4A
:1076A000187802B070BD1F20FFF738FF0368064648
:1076B0005B689847336830461B6C012198470195F9
:1076C000019B632B05DC019B01330193019B632B21
:1076D000F9DD336830465B689847054A003018BFCB
:1076E000012001231070237002B070BD4B270020D1
:1076F0004C27002008B50348FCF7BCFFBDE8084054
:10770000FFF7C8BFA10D0C00704700BFF8B54FF0E0
:10771000FF311320FDF706FB00B2FFF7FFFE4FF02D
:10772000FF3105461220FDF7FDFA00B2FFF7F6FE25
:107730004FF0FF3106461720FDF7F4FA00B2FFF7CD
:10774000EDFE0746E8200AF015F83B46324629468A
:10775000044607F02FFA024BE4341C60F8BD00BF6A
:107760007805002010B5094C236882B0014633B17A
:107770001A689268184602B0BDE8104010470190A0
:10778000FFF7C4FF23680199F2E700BF78050020E6
:1077900070B50F4E356884B00C469DB178B1426823
:1077A00000F108014CB104F10803646828680094F2
:1077B000C4682846A04704B070BD2346F6E70246D9
:1077C0000146EFE70390FFF7A1FF35680398E5E76F
:1077D0007805002010B5094C236882B0014633B10A
:1077E0001A681268184602B0BDE8104010470190B0
:1077F000FFF78CFF23680199F2E700BF78050020AE
:1078000010B50A4C236882B0014643B11A68546827
:1078100018460822234602B0BDE8104018470190E0
:10782000FFF774FF23680199F0E700BF7805002097
:10783000704700BF024B1B6803B11847704700BF79
:107840007C05002010B50A4C23687BB1082109484B
:10785000984709482368016843B104309847236872
:1078600023B102210548BDE81040184710BD00BFF4
:107870007C05002038A60208F80A002044A6020869
:107880002DE9F043354B1A789BB00446894692B3F4
:10789000FFF700FF20B9422C56D91BB0BDE8F0839A
:1078A000B9F1000FF9D02E4AE31782FB0412C3EBA3
:1078B000620303EB830203EB43039F00A41A7D1CC6
:1078C00004EB44040C37A600BD4206F1230806F180
:1078D0002E06E2DAB04508DA44460122204629465F
:1078E000144402F0C1FAB442F7D10135BD42F1D1DE
:1078F0001BB0BDE8F08301251D70FFF7CBFE00280B
:10790000C6D13220FFF76AFB0920FFF707FE0368A4
:10791000144E1B68294698476422134901A801F0B8
:10792000BBF86D460DF16408182009F023FF55F8E7
:10793000042F0123D2B20021074607F0C1F84545C4
:1079400046F8047FF0D1A3E7084B53F824000368FE
:107950001B6849461BB0BDE8F04318474D2700207F
:10796000676666667C05002048A602088005002040
:1079700038B5054602F06CFA0024631901219B79A1
:10798000204603B919460134FFF77AFF192CF4D1C8
:10799000BDE8384002F07EBA10B502F059FA002472
:1079A000204600210134FFF76BFF192CF8D1BDE808
:1079B000104002F06FBA00BF704700BF704700BFB1
:1079C00010B5044682B00820FFF7A8FD00230193FC
:1079D0000CB1022301930199036800291B68D4BFED
:1079E0000021012102B0BDE81040184708B5FFF79B
:1079F000CDF8002008BD00BF08B5072824D8DFE86F
:107A000000F01E09070B0D121704FFF743FED8B94B
:107A1000032008BD052008BD022008BDFFF73AFE7F
:107A200090B1012008BDFFF735FE68B1092008BDFF
:107A3000FFF730FE002814BF0A20052008BDFFF71D
:107A400029FE08B1182008BD4FF0FF3008BD00BF67
:107A5000024B1A68824218BF18607047E405002084
:107A6000014B1868704700BF08020020704700BF34
:107A7000704700BF024B1B6803EB4000704700BF1C
:107A800010050020704700BF704700BF704700BF5F
:107A9000704700BF4268014693890248528904F04A
:107AA000F5B800BFCCA6020843685889884207DDB4
:107AB000002A05DB98898242ACBF00200120704774
:107AC0000020704770B506464068457A012D82B0A7
:107AD00000F110040ED0042D27D183899B001F33A1
:107AE0005B119B0001FB0344C2B9207800F00F003A
:107AF00002B070BD83890733DB1001FB03440AB178
:107B000004EBE2040123217802F0070203FA02F2F7
:107B10000A4214BF1846002002B070BD5310E05C4A
:107B2000D307E3D5001102B070BD40F23530CDE986
:107B3000001203F069FC00997368019A5B7A641A79
:107B400032B1012BDCD0042BE8D0002002B070BD94
:107B5000042BCAD0012BF8D1D4E700BF70B506467C
:107B60004068447A012C84B000F1100513D0042C35
:107B700029D1808980001F304011800001FB005115
:107B80009ABB91F9000020F00F0003F00F030343AC
:107B90000B7004B070BD80890730C01001FB00512C
:107BA0000AB101EBE201012002F0070200FA02F241
:107BB000087823B920EA0200087004B070BD1043B1
:107BC000087004B070BD40F23530CDE90223019158
:107BD00003F01AFCDDE9022301997068691A407A02
:107BE00082B10128DDD00428D3D101EB6201D20794
:107BF00091F90000C7D500F00F0040EA03130B70A5
:107C000004B070BD0428BCD00128CCD004B070BD35
:107C10002DE9F84F0A9FBF1A48BF7F42A3EB010925
:107C20004CBF4FF0FF3B4FF0010B7F008B42A7EBA7
:107C300009050C469846164682464FEA49090EDB6E
:107C4000324621460B9B50460134FFF787FF002D3B
:107C5000C4BFA5EB09055E44A0453D44F0DABDE88C
:107C6000F88F00BF2DE9F84FDDF828805B1A48BF78
:107C70005B42A8EB02094CBF4FF0FF3B4FF0010BFA
:107C80005F009045A7EB090514460E4682464FEA71
:107C900049090EDB224631460B9B50460134FFF763
:107CA0005DFF002DC4BFA5EB09055E44A0453D4422
:107CB000F0DABDE8F88F00BFD0E90132013282600E
:107CC0009A0701D11A0F08D110B50446596803F17B
:107CD0000800FCF7ADFC606010BD704730B445682B
:107CE0000B68688923EAE374431EA342A8BF2346B6
:107CF0000B60AB891168013B21EAE1718B42A8BF9F
:107D00000B46136030BC704738B5FCF791FC054654
:107D1000FEF7F6FB0C20FEF7C3FA044628B10A4A28
:107D2000456000230260836025B12846FEF7F6FB1C
:107D3000204638BD40F2353003F066FB2846FEF79A
:107D4000EDFB204638BD00BFE8A60208B0F5FA6F8B
:107D500024D8B1F5FA6F21D8012A70B518D0042AB9
:107D60001ED18B001F335C11830003FB04F3083327
:107D70000D460446194600201646FFF7C5FF436826
:107D8000872100225E725C819D811972DA8170BD4B
:107D9000CB1DDB1000FB03F30833E9E7002070473D
:107DA000002070BD38B14368082B02DD027A872AB3
:107DB00002D0002070477047427A012A0FD0042A6F
:107DC000F7D18289408992001F325211800000FB56
:107DD00002F00830181AB0FA80F040097047828922
:107DE00040890732D21000FB02F00830F2E700BFF2
:107DF00048B14268042A04DD037AE12B14D0E42B55
:107E000002D0002070477047817A437A1F2000EB30
:107E100081009B00401103FB00F30833181F801AF8
:107E2000B0FA80F040097047817A437AC81DC010CB
:107E300003FB00F30833F1E743685889704700BF3C
:107E400043689889704700BF0120704743689A07CC
:107E500004D11B0F0CBF0120002070470120704788
:107E60008068003018BF0120704700BF2DE9F04145
:107E70000D1E04DB04461F46FFF716FE08B9BDE8D9
:107E8000F08116462046FFF717FF3B46324629464B
:107E90002046BDE8F041FFF761BE00BF70B50C1E83
:107EA00004DB25460446FFF7FFFD08B9002070BD3E
:107EB00029462046BDE87040FFF704BE4068437A7B
:107EC000042B00D0704743898B42FBD970B484895E
:107ED00055685E1AA30004FB06F4AC4203F11F03CD
:107EE0004FEA6313A8BF2C469B001030641001FBBF
:107EF000030112D0013C08190A32013911F8013F7F
:107F000003F00F0302F8023C0B7881424FEA23137F
:107F100002F8013C02F10202F0D170BC704700BFD0
:107F20002DE9F04143685D7A042D01D0BDE8F08170
:107F3000B3F80A808845F9D9044617469D890E464C
:107F4000FFF7BAFE63685A7A012A03F1100424D0BD
:107F5000042A26D1998989001F31491189007B683B
:107F6000A8EB060805FB08F09842A8BF1846401089
:107F700001FB0641DAD007F10A02084412F8023C7C
:107F800012F8014C03F00F0343EA041301F8013B1C
:107F9000814202F10202F1D1C8E799890731C91083
:107FA000DDE740F2353003F02FFA4FF0FF31D6E72E
:107FB0002DE9F04786B0CDE902210BB10E9D15B930
:107FC00006B0BDE8F08745686E89B1420446F7DA2D
:107FD000AD89AA42F4DA01390B440E99013A0A44F8
:107FE000002BCDE90432EBDB002AE9DB05AA04A96A
:107FF000FFF774FE02AA03A92046FFF76FFE61682F
:10800000DDE90475DDE9022388890137013546077A
:10801000A7EB0307A5EB020505D123B91AB94B89D4
:108020009F4200F0CA802046FFF746FE61684B7A07
:10803000012B00F09380042B40F0C780B1F80CE0D6
:108040000F984FEA8E0E0EF11F0E00F00F06DDE9BD
:1080500002324FEA6E1E06EB06164FEA8E0E5FFAEC
:1080600086FA01F11008B1F80CC04FEA8C0C0CF143
:108070001F0C4FEA6C1C4FEA8C0C02FB0C8C002B83
:1080800040F09880002F07F1FF3106DC98E7042BC1
:108090002FD001394B1CF44492D063685B7A012BDA
:1080A000F5D1029A002D02F0070203FA02F3F0DD87
:1080B000E046002205E0384388F80000013295428E
:1080C000E7DDB3F5807F0BD0DFB25B000F9E98F841
:1080D0000000002EEFD120EA070088F80000EDE74D
:1080E00008F10100AB1A072B80462FDC0223012781
:1080F000ECE7029B13F0010F14BFF0270F27002DB0
:10810000C7DDE04600200DE0FAB23F0198F80030EC
:1081100083EA0A0902EA090201305340854288F8DD
:108120000030B6DDB7F5706FEED108F101022B1A01
:10813000012B9046A3F1020302DCF0270F22E5E7B2
:108140000230854202F801ABF2DCA2E70832954228
:1081500000F801ABA3F10803C5DC9AE7B1F80CE025
:108160000EF1070E4FEAEE0EF446DDE9023201F1A0
:1081700010080CFB028C0F9A42F300065FFA86FA95
:10818000002B3FF47FAF0CEBE30C7BE740F2353084
:10819000CDE9003203F038F9019A009BA8EB020CFC
:1081A000A3B36268527A012A4FF0FF3EEBD0042A53
:1081B0007FF468AF0CEB630C64E785427FF433AF68
:1081C00020460F9900F026F8FAE640F2353003F029
:1081D0001BF96168487A012808D1B1F80CC00CF18C
:1081E000070C4FEAEC0C4FF0FF3EBEE70F9B03F08D
:1081F0000F0606EB061604285FFA86FADDE902325E
:1082000001F11008C2D14FF0FF3E2CE74FF0FF3EC6
:1082100038E700BF30B5054683B00C4619B1436856
:1082200099894A072DD12846FFF746FD69684A7AA1
:1082300001F110034968012AE4B218BF04F00F04E9
:10824000A1F108010CBF44F3000404EB041403295A
:10825000E2B20ED998070DD102EB022021F00304FF
:1082600000EB00401C4443F8040BA342FBD101F097
:10827000030121B119441A7001339942FBD103B0B3
:1082800030BD00225B89009101941146FFF790FEFA
:1082900003B030BD10B5141482B0CDE9004313B261
:1082A0000A1409B2FFF784FE02B010BD2DE9F047B1
:1082B00084B0CDE900210BB10C9C14B904B0BDE829
:1082C000F08745686E89B1428246F7DAAE89B242DC
:1082D000F4DA6D7A042DF1D10D9C65680F2DEDDD7A
:1082E00001390B440C99013A0A44002BCDE90232C2
:1082F000E4DB002AE2DB03AA02A9FFF7EFFC6A46EF
:1083000001A95046FFF7EAFCDDE90223DDE900613F
:10831000013201335046A2EB01089E1BFFF7CCFC53
:10832000DAF804700D9A7B7A012B02F1080544D02B
:10833000042B53D1B7F80CC04FEA8C0C0CF11F0C76
:108340004FEA6C1CDDE900494FEA8C0C103763469C
:1083500003FB0977002C61D1B8F1000F08F1FF345D
:10836000ACDD009B002E03F001021FDD3B78384698
:108370000AB301220EE043780132084603F00F01F0
:1083800003F0F003695C01F00F010B4396420370A8
:108390000CDD0132191103F00F0315F801E001465D
:1083A00043EA0E13964201F8013BE4DC013C631CF6
:1083B0006744D6D182E70122E0E7B7F80CC0DDE9D7
:1083C00000490CF1070C4FEAEC0C1037634603FB35
:1083D0000977002CC0D007EBE407BDE740F2353049
:1083E00003F012F8DAF80430DDF804905A7A009CB1
:1083F000012A03F1100714D0042A1BD040F23530B3
:1084000003F002F8A7EB09078CB1DAF804305B7AC5
:10841000012B4FF0FF3CDED0042B9DD107EB64070E
:108420009AE79B890733DB104FF0FF3CCFE74FF013
:10843000FF3C91E79B899B001F335B119B004FF032
:10844000FF3C85E710B5141482B0CDE9004313B2A8
:108450000A1409B2FFF72AFF02B010BD81B108B5B6
:108460004068496842684B689A4201D0002008BDC4
:108470000831083011F044FAB0FA80F0400908BD24
:1084800008467047406841680830FFF73DBC00BFB0
:108490002DE9F0410746FFF70FFC7B685A892AB3A4
:1084A00000269C89013C002C1CDD00252A46314613
:1084B0003846FFF707FB2246804631463846FFF72D
:1084C00001FB2A46034631463846FFF747FB013594
:1084D0002246434631463846013CFFF73FFBA54262
:1084E000E4DB7B685A8901369642DADBBDE8F0812D
:1084F00070B5436805465A7A59899889FFF726FC72
:108500006B685A890646B2B100249A897AB121462D
:1085100000222846FFF7D6FA2246034600213046BD
:10852000FFF71CFB6B689A890134002AEFD15A8946
:1085300001349442E9DB304670BD00BF2DE9F043C1
:10854000436899897E2983B05ADC81465A7A5889D2
:108550004900FFF7FBFBD9F804304268597A5F897C
:108560000129804602F110043FD0042957D19E8989
:10857000B6001F367611B600517A01293CD0042985
:1085800044D19589AD001F356D11AD00D9F8042097
:108590002848517A284A012908BF10460FB303F131
:1085A0000F0E4FF0000905F1FF3C002D14DD714660
:1085B000002311F8012F02F00F026345825C227044
:1085C00008BF013405D00A7812110234825C04F825
:1085D000012C0233AB42ECDB09F10109B945B64489
:1085E000E3D1404603B0BDE8F0839E89517A073657
:1085F00001294FEAE606C2D195890735ED10C5E796
:108600004FF00008404603B0BDE8F08340F235303B
:1086100001934FF0FF3502F0F7FE019BB6E740F201
:10862000353001934FF0FF3602F0EEFED8F804200B
:10863000019BA1E7BCA60208ACA60208F8B54368F6
:108640005B7A042B00D0F8BD02F00F068E42FAD000
:1086500005460F46FFF730FB6B6817B99A8952073A
:1086600021D15A68082A03F11001ECD011443401D9
:1086700009390F3364B213F8010F00F00F02BA4248
:1086800004BF20F00F003043B7EB101F03D100F000
:108690000F002043C0B299421870ECD1F8BD9A89FE
:1086A00001379742CFDA5A89002AF8D0002404E033
:1086B0006B685A8901349442F1DA3A4621462846D9
:1086C000FFF700FA0028F3D133463A462146284600
:1086D000FFF744FAECE700BF2DE9F0411C4684B0F7
:1086E0008C420746DDE90A5306DB8BE02E46204626
:1086F00015460C4632460146A142F7DBB2EB0508AF
:10870000A1EB040610D1002E6CD04FF0010C0B939E
:108710002A4606EB0C0321463846CDF828C004B0A3
:10872000BDE8F041FFF744BC7EB9B8F1000F64DD4D
:1087300008F10102CDE90A232A46214638460123E1
:1087400004B0BDE8F041FFF733BC002952DBD7F895
:1087500004C0BCF80A00A0424CDD002C05DA04FB82
:1087600008F494FBF6F42D1B0024884207DC013842
:10877000411A08FB01FE01469EFBF6F002449542B9
:10878000BCF80C0045DB824234DA002D32DB002AD3
:1087900005DA06FB02F292FBF8F2891A0022854202
:1087A00007DB0138451B06FB05FC05469CFBF8F082
:1087B00004443846CDE902230191FFF77DFAB8F170
:1087C000000FDDE90112039B3ADB4645CDE90A23A0
:1087D00038460B462A4621463CDC04B0BDE8F04151
:1087E000FFF740BA2A462146384604B0BDE8F041BA
:1087F000FFF73CBB04B0BDE8F081C8F10101CDE951
:108800000A139AE7164608462A4621463546044684
:1088100074E78542EEDA002AECDB002D05DA06FB70
:1088200005F595FBF8F5641B00258242C1DB013894
:10883000821A06FB02FC02469CFBF8F00144B8E7F2
:10884000C8F1000846450B9309DD0A920B462A46FB
:108850002146384604B0BDE8F041FFF7D9B90A9582
:1088600023463846B9E700BF10B5141482B0CDE9ED
:10887000004313B20A1409B2FFF72EFF02B010BD75
:10888000F8B50F1E16DB144600221E460546FFF7FC
:108890000BF978B1069B002B0CDB00221946284609
:1088A000FFF702F930B1079B002B03DD6B685A7AA2
:1088B000042A00D0F8BD7268517A0429FAD1988947
:1088C000558981001F3149111033890007FB013799
:1088D000079B1E198642A8BF0646002C4FEA054595
:1088E00095FBF3F52FDB01D007EB6407002193899B
:1088F00006989B001F335B119B00A64200FB03F30D
:1089000002F11002D6DD02EB030C4B14CA031CF873
:1089100003304CBF1A1103F00F0297F9003014F026
:10892000010F03F00F0004BF23F00F03134340EACD
:10893000021004F1010414BF07F8010B3B70B442AC
:108940002944E2D1F8BD05FB04F149420024CEE7F9
:1089500030B51D1483B01CB2CDE9004513460A148E
:1089600009B2FFF78DFF03B030BD00BF2DE9F04F16
:1089700089B05C000594C4F1010403945C1E53D4D7
:10898000012306928B46824607930493002507E055
:10899000049A013C02321344A5420492039343DC3F
:1089A000069E129B4FEA4509A6EB050809F101094D
:1089B000CDE90093424601230BEB04015046FFF73B
:1089C000F7FA6700129B0137361BCDE90073324678
:1089D00001230BEB05015046FFF7EAFA129B0193C6
:1089E00042460123ABEB04015046CDF80090FFF75F
:1089F000DFFA129B0193324601230097ABEB05018E
:108A00005046FFF7D5FA039B059A002BA3EB020310
:108A1000BEDC039A079B114601351944A54203F1B8
:108A2000020303910793BBDD09B0BDE8F08F00BFDF
:108A300010B582B00C46009309B213462214FFF71A
:108A400095FF02B010BD00BF10B50422FFF77EF9FC
:108A50000446D8B143685A68083A032A03F1100360
:108A60000BD913F0030009D122F00301194443F894
:108A7000040B8B42FBD102F003022AB11A440021FD
:108A8000197001339342FBD1204610BD40F2913062
:108A900002F0BAFC204610BD032A70B40FD940EA98
:108AA00001039B0710D003461A440C78E4B21C70F3
:108AB0000133934201F10101F7D170BC70470346C5
:108AC000002AF1D170BC704722F00303CE18041FB6
:108AD00051F8045B44F8045FB142F9D102F003029B
:108AE0000344002AE0D1EDE770B54A684368558930
:108AF0005E89AE4200D070BD96899D89AE42FAD1A2
:108B0000527A5B7A9A42F6D10D460446FFF7D4F8C2
:108B1000696860684A681030083A1031BDE87040F2
:108B2000FFF7BABF2DE9F04FD1F804C0BCF80A50E6
:108B300005EB0209B9F1000F8BB058DD4468B4F8B9
:108B40000AB05A45074652DABCF80C001E18002E2F
:108B500003964CDDB4F80C80434548DA002BC0F294
:108B6000C880A8EB030E86457646A8BF0646069643
:108B7000667A0296149E9CF809A016F1020F02D1A3
:108B8000002A00F09980BAF1010F00F03281BAF1A9
:108B9000040F40F01C8680001F30401180000490BC
:108BA0000298012800F01981042840F02186B4F8C9
:108BB0000CC048684FEA8C0C0CF11F0C4FEA6C1C7F
:108BC0004FEA8C06103001961034059043B1786856
:108BD000407A012800F08A80042801D104EB630464
:108BE0000298042800F08A800299012903D000200D
:108BF0000BB0BDE8F08FBAF1010FF8D17968487A6F
:108C0000B1F80CA001F11008A8EB040101280AF149
:108C1000FF3A069100F0CC85042840F01786BAF19F
:108C2000000F40F0268606990791002DDFD00399AA
:108C30000198059ECDF8089003F0070A5144089169
:108C400000FB0244A1F10808059307E0049B1E44C1
:108C5000019B1C44029B01329A42C8D05A45F5D26E
:108C6000069B059F03EB040E079B4745B44625462C
:108C700003EB040980F2A7850021039207E001437A
:108C80002970474505F10105194680F2C0801CF89E
:108C9000013BAE4507F1080703FA0AF3F1D843EAAE
:108CA0002121A945C9B2ECD3149A28780132E6D122
:108CB0000142E6D001209BE7002B7FF464AF029EC7
:108CC000B2457FF460AF5D457FF45DAF40457FF412
:108CD0005AAF38460193FFF707FF019B184687E715
:108CE000002B00F0EC854FF0FF30019004EBE30423
:108CF00076E74645A8BF4646069639E7BAF1040F1F
:108D000000F0A880BAF1010F7FF471AF002B51DBA6
:108D1000002D3FF46CAF059D594203F00100002B7C
:108D200001F007014FF0010305F1010A019D03FA6B
:108D300001F3149905FB0244069DB4BF00200123F2
:108D40000901054406934BB20390AE46029307E037
:108D5000049B01329A44019B4A451C443FF447AFAF
:108D60005A45F5D2039B1AF801CC73452546D046E7
:108D7000EEDA0699059210E095F90000029A00F0EB
:108D80000F071743149A20F00F001043002E3CD019
:108D90002F700135013373455AD0B1F5807F2DD046
:108DA000084649001CEA000F03F00106E4D1002E3A
:108DB000F0D0EEE74868467A1030012E0590C3F1F6
:108DC000000400F05D85042E40F06085059901EBFC
:108DD000640105917C6810349AE7B4F80CC04868C7
:108DE0000CF1070C4FEAEC06103001961034059098
:108DF000ECE60730C01004900298D2E698F800C064
:108E0000022108F101080120CCE72870C2E7039A8B
:108E10000899CF1B002F7FF719AFAE453FF616AF6D
:108E2000A945FFF413AF9CF80010287801FA0AF165
:108E300041EA2323C7F10807FF2141FA07F71499F4
:108E40003B400131DBB200F0FC8403432B70FDE6B4
:108E5000059A7DE704998910002D3FF4C8AE039868
:108E6000DDF814A0CDF80C904045A8BF404606465A
:108E70000198059300FB0244A6F1080006908800C3
:108E8000029003F00100A8F1080704908C465A45AF
:108E900080F0EA801498002851462346C0F2FB80F7
:108EA000DDE90430251DE646002B40F0AE819046FA
:108EB00067E0B84203F00F0200F3E0803AB115F822
:108EC000049C29F00F0949EA020205F8042C13F06A
:108ED000F00F09D015F8049C23F00F0209F00F09D8
:108EE00049EA020205F8042CC3F30329B9F1000F83
:108EF00007D015F8032C22F00F0242EA090205F808
:108F0000032C4FEA133919F00F0F07D015F8032C73
:108F100002F00F0242EA091205F8032CC3F30349D9
:108F2000B9F1000F07D015F8022C22F00F0242EA27
:108F3000090205F8022C4FEA135919F00F0F07D058
:108F400015F8022C02F00F0242EA091205F8022C71
:108F5000C3F30369B9F1000F07D015F8012C22F013
:108F60000F0242EA090205F8012C1B0F07D015F881
:108F7000012C02F00F0242EA031305F8013C08300D
:108F800004351EF1FF3EC0F02682002851F8043B54
:108F90008FDA13F0F00F0DD0421C0BD4964209DD8E
:108FA00015F8049C23F00F0209F00F0949EA0202A8
:108FB00005F8042CC3F3032262B110F1020909D4AD
:108FC0004E4507DD15F8039C29F00F0949EA020216
:108FD00005F8032C1A0B12F00F0F0CD010F1030937
:108FE00009D44E4507DD15F8039C09F00F0949EA3D
:108FF000021205F8032CC3F3034262B110F1040915
:1090000009D44E4507DD15F8029C29F00F0949EAFD
:10901000020205F8022C1A0D12F00F0F0CD010F1FD
:10902000050909D44E4507DD15F8029C09F00F0922
:1090300049EA021205F8022CC3F3036262B110F18F
:10904000060909D44E4507DD15F8019C29F00F09E2
:1090500049EA020205F8012C1B0F90D0C21D8ED4E4
:1090600096428CDD83E74A46029B9A44019B1C444E
:10907000039B01329A427FF40AAFB8E5002A88D0F8
:10908000B04286DA15F8049C29F00F0949EA020279
:1090900005F8042C7DE714980230049800F09D81B7
:1090A000059B251D002840F031828646914649E007
:1090B0009F4200F00F02C0F29E8022B115F8042CEE
:1090C00012077FF4F7AD10F0F00F05D015F8042C5F
:1090D00012F0F00F7FF4EEAD10F4706F04D015F8BD
:1090E000032C12077FF4E6AD10F4704F05D015F88D
:1090F000032C12F0F00F7FF4DDAD10F4702F04D0CC
:1091000015F8022C12077FF4D5AD10F4700F05D0BE
:1091100015F8022C12F0F00F7FF4CCAD10F0706F48
:1091200004D015F8012C12077FF4C4AD020F05D04E
:1091300015F8012C12F0F00F7FF4BCAD0EF1010E0A
:1091400008330435E6458ED0002B51F8040BAFDA16
:1091500010F0F00F09D05A1C07D4964205DD15F81F
:10916000042C12F0F00F7FF4A5AD10F4706F08D04E
:109170009A1C06D4964204DD15F8032C12077FF4DE
:1091800099AD10F4704F09D0DA1C07D4964205DD72
:1091900015F8032C12F0F00F7FF48CAD10F4702F43
:1091A00009D013F1040806D4464504DD15F8022C55
:1091B00012077FF47FAD10F4700F09D05A1D07D449
:1091C000964205DD15F8022C12F0F00F7FF472AD17
:1091D00010F0706F08D09A1D06D4964204DD15F881
:1091E000012C12077FF466AD020FA7D0DA1DA5D4BB
:1091F0009642A3DD9CE7002AAAD09E42A8DD15F87E
:10920000042C12077FF456ADA2E7914664E0874232
:1092100003F00F02C0F2D2803AB115F8042C02F02C
:109220000F0242EA031205F8042CC3F30318B8F145
:10923000000F07D015F8032C22F00F0242EA0802B3
:1092400005F8032C4FEA132818F00F0F07D015F874
:10925000032C02F00F0242EA081205F8032CC3F3B4
:109260000338B8F1000F07D015F8022C22F00F02D6
:1092700042EA080205F8022C4FEA134818F00F0FD3
:1092800007D015F8022C02F00F0242EA081205F886
:10929000022CC3F30358B8F1000F07D015F8012CC6
:1092A00022F00F0242EA080205F8012C4FEA136887
:1092B00018F00F0F07D015F8012C02F00F0242EA48
:1092C000081205F8012C1B0F04D02A7822F00F0297
:1092D00013432B70083004351EF1FF3EFFF4C3AE7C
:1092E000002851F8043B92DAC3F3031262B110F183
:1092F000010809D4464507DD15F8038C28F00F084E
:1093000048EA020205F8032C1A0A12F00F0F0CD0DB
:1093100010F1020809D4B04507DA15F8038C08F0FB
:109320000F0848EA021205F8032CC3F3033262B1B6
:1093300010F1030809D4B04507DA15F8028C28F0BB
:109340000F0848EA020205F8022C1A0C12F00F0F5F
:109350000CD010F1040809D4B04507DA15F8028CD6
:1093600008F00F0848EA021205F8022CC3F3035272
:1093700062B110F1050809D4464507DD15F8018CE6
:1093800028F00F0848EA020205F8012C4FEA13689A
:1093900018F00F0F0BD0821D09D4964207DD15F887
:1093A000012C02F00F0242EA081805F8018C1B0F8D
:1093B00090D0C21D8ED496428CDD86E7002A93D0D1
:1093C000864291DD15F8042C02F00F0242EA0312E6
:1093D00005F8042C88E7424646E6002840F048811C
:1093E00005980792E64610E0069A82427FDB4FEA34
:1093F00015294FEA154803F8045C2D0E03F8039C69
:1094000003F8028C03F8015C08301EF1FF3E7BD3A9
:10941000002803F1040351F8045BE5DA10F10108B8
:109420000BD4464509DD13F8048C25F00F0908F02C
:109430000F0848EA090803F8048C10F102080BD45D
:10944000464509DD13F8038CC5F3032928F00F08FE
:1094500048EA090803F8038C10F103080BD44645C9
:1094600009DD13F8038C4FEA153908F00F0848EAB4
:10947000091803F8038C10F104080BD4464509DDE4
:1094800013F8028CC5F3034928F00F0848EA0908CD
:1094900003F8028C10F105080BD4464509DD13F8DA
:1094A000028C4FEA155908F00F0848EA091803F82A
:1094B000028C10F106080BD4464509DD13F8018C27
:1094C000C5F3036928F00F0848EA090803F8018C7E
:1094D00010F1070898D4464596DD13F8018C2D0F3E
:1094E00008F00F0848EA051503F8015C8CE786428E
:1094F00094DD13F8048C05F00F0928F00F0848EAF2
:10950000090803F8048C89E7079AADE54FF0000ECF
:10951000914648E09F4200F00F02C0F29E802AB1BF
:1095200015F8042C12F0F00F7FF4C4AB10F0F00F1C
:1095300004D015F8032C12077FF4BCAB10F4706F45
:1095400005D015F8032C12F0F00F7FF4B3AB10F434
:10955000704F04D015F8022C12077FF4ABAB10F457
:10956000702F05D015F8022C12F0F00F7FF4A2AB8B
:1095700010F4700F04D015F8012C12077FF49AAB89
:1095800010F0706F05D015F8012C12F0F00F7FF479
:1095900091AB020F03D02A7810077FF48BAB0EF14A
:1095A000010E08330435E6453FF45DAD002B51F85C
:1095B000040BAFDA10F0F00F08D05A1C06D4964214
:1095C00004DD15F8032C12077FF474AB10F4706FF0
:1095D00009D09A1C07D4964205DD15F8032C12F029
:1095E000F00F7FF467AB10F4704F08D0DA1C06D48C
:1095F000964204DD15F8022C12077FF45BAB10F4E1
:10960000702F0AD013F1040807D4464505DD15F87C
:10961000022C12F0F00F7FF44DAB10F4700F08D055
:109620005A1D06D4964204DD15F8012C12077FF46A
:1096300041AB10F0706F09D09A1D07D4964205DD3A
:1096400015F8012C12F0F00F7FF434AB020FA6D006
:10965000DA1DA4D49642A2DD9DE7002AAAD09E423C
:10966000A8DD15F8042C12F0F00FA3D0FFF722BBF1
:1096700005980792E6461FE0069A8242C0F28D8066
:1096800013F8049C93F8008009F00F0928F00F08E4
:1096900049EA051948EA157803F8049C83F8008024
:1096A0004FEA15194FEA15382D0D03F8039C03F8FE
:1096B000028C03F8015C08301EF1FF3EFFF424AF7A
:1096C000002803F1040351F8045BD5DA10F1010816
:1096D0000BD4464509DD13F8038CC5F3031928F0B4
:1096E0000F0848EA090803F8038C10F102080BD4AC
:1096F000464509DD13F8038C4FEA152908F00F08D9
:1097000048EA091803F8038C10F103080BD4464506
:1097100009DD13F8028CC5F3033928F00F0848EA75
:10972000090803F8028C10F104080BD4464509DD42
:1097300013F8028C4FEA154908F00F0848EA091897
:1097400003F8028C10F105080BD4464509DD13F827
:10975000018CC5F3035928F00F0848EA090803F8FB
:10976000018C10F106080BD4464509DD13F8018C75
:109770004FEA156908F00F0848EA091803F8018C48
:1097800010F1070897D4464595DD93F8008028F03E
:109790000F0848EA15751D708DE7864296DD13F8AF
:1097A000048C08F00F0848EA051803F8048C8DE7CC
:1097B000BAF1000F3FF437AA08EBEA08A8EB04015E
:1097C0000791FFF732BA059F0023FFF721BB40F254
:1097D000353007930592019101F016FE7C68059AD9
:1097E000607A01994FF0FF330493079BFFF7D9B9D3
:1097F00040F23530CDE90723019101F005FE7C6888
:10980000019994F809C04868BCF1010F00F11003F8
:10981000059304F11004DDE907233FF461AABCF1CC
:10982000040F46D040F23530CDE90823079101F00E
:10983000EBFD4FF0FF3301930799DDE90823FFF7B4
:10984000C5B903423FF402AAFFF734BA40F23530FB
:109850000793029201F0D8FD029A079BBAF1000F1C
:109860003FF4E1A97968497A0129A5D004297FF458
:10987000DAA908EB6A08A8EB04010791FFF7D5B94C
:10988000059901EBE4010591FFF7A4BA40F23530E8
:10989000CDE90212079301F0B7FD0299039A4968D6
:1098A000079B497A0129EBD004297FF493AAFFF79B
:1098B0008DBA23B14FF0FF300190FFF78FB94FF011
:1098C000FF300190FFF78CB92DE9F04182B00E46D0
:1098D0001746984605460124FEF7EEF943463A46F8
:1098E000314628460094FFF71DF902B0BDE8F0812B
:1098F00010B582B04FF0FF340094FFF713F902B0B7
:1099000010BD00BFF0B5044683B00D4616461F4695
:10991000FEF7D2F963686A685B7A042B02D1537A46
:10992000042B15D000215389019192890092314670
:109930003A462046FEF73CFB4FF0010C3B463246D0
:1099400029462046CDF800C0FFF7ECF803B0F0BD83
:109950006FF0010CF2E700BF2DE9F0478146884621
:109960001546FEF7A9F9D9F80400437A012B58D01F
:10997000042B40F0AD808489A4001F346411A4003E
:10998000002D53D1B8F1000F47891DDB1AD0B8451F
:1099900000F1100579DB04FB07F4032C0BD915F05B
:1099A000030209D124F003032B4445F8042B9D4204
:1099B000FBD104F003042CB12C4400232B7001359F
:1099C000A542FBD1BDE8F087C8F1000ABA4500F115
:1099D0001006437A3BDB012B53D0042B40F08180EF
:1099E000828992001F325211920004FB07F4032C6B
:1099F00005FB02630BD913F003010AD124F0030223
:109A00001A4443F8041B9342FBD104F00304002CD6
:109A1000D8D01C4400221A700133A342FBD1BDE808
:109A2000F08784890734E410002DABD041680830FA
:109A3000FEF76AF9002104464846FEF7EBFB2B4689
:109A4000424621464846BDE8F047FFF75BBF012B81
:109A500038D0042B56D1818989001F3149118900E2
:109A60000AFB01F108EB07053144304604FB05F21F
:109A70000FF055FFD9F804005746437A00F110065D
:109A8000A9E782890732D210AFE7437A012B14D0BD
:109A9000042B2DD1808980001F3040118000294681
:109AA000A7EB080200FB085004FB02F20FF037FF9F
:109AB000D9F80450474610356DE780890730C0104B
:109AC0002946EDE781890731C9100AFB01F1C9E791
:109AD00040F2353001F098FC4FF0FF34D9F8040023
:109AE0004EE740F2353001F08FFC4FF0FF327CE75B
:109AF00040F2353001F088FCD9F804104FF0FF3007
:109B00001031CDE740F2353001F07EFC4146A9E747
:109B10002DE9F843054600AFFEF7CEF86C68637A8E
:109B2000012B2FD0042B37D1A589B4F80A80AD00C2
:109B30001F356D11AD002E4608F1FF3810342B464D
:109B4000073308FB064623F00703ADEB030DA642DF
:109B5000E84614D9C5F1000921462A464046FEF7D9
:109B60009BFF31462A462046FEF796FF2C4430469E
:109B70002A4641464E44FEF78FFFB442ECD3BD4621
:109B8000BDE8F883A589B4F80A800735ED102E46A4
:109B900008F1FF381034D2E740F2353001F034FCE0
:109BA0006B685A7A5E89012A06F1FF3803F11004C6
:109BB0000AD0042A0ED040F2353001F025FC4FF0D7
:109BC000FF331D461E46BBE79B890733DE104FF06F
:109BD000FF35B4E79B899B001F335B119E004FF05C
:109BE000FF35ACE72DE9F04743685A897E2A33DC1C
:109BF0000446998950005A7AFEF7A8F863684568C8
:109C00005A7A5E89012A074605F1100503F110080A
:109C10001ED0042A24D19C89A4001F346411A400FE
:109C20009EB14FEA440A4FF00009414622462846B9
:109C3000FEF732FF09F10109414628192246FEF7D5
:109C40002BFF4E45A0445544EFD13846BDE8F08780
:109C50009C890734E410E3E700273846BDE8F08725
:109C600040F2353001F0D0FB4FF0FF34D8E700BFB1
:109C700038B5FFF7B7FF0446FCF742FC2046FEF775
:109C80005DFC05462046FCF749FC284638BD00BF70
:109C900038B50546FEF786F8A8B10C20FCF700FBA6
:109CA000044628B10B4A45600023026083605DB121
:109CB0002046FCF725FC2046FFF7DAFF0546204644
:109CC000FCF72CFC686838BD40F2353001F09CFB95
:109CD000EEE700BFE8A60208F8B50446FEF762F812
:109CE00070BB07462046FEF783F8002839D061682C
:109CF00038460431FAF79CFC87230372237A03F079
:109D00000F034372637A4381A37A8381C7816268B8
:109D100004F10C01043A05461030FEF7BDFE28465A
:109D2000FCF7EEFB0C20FCF7BBFA064618B1C0E9C5
:109D300001570D4B03602846FCF7F0FB3046F8BD99
:109D40000C20FCF7ADFA064658B1074A44600023E0
:109D500002608360002CF1D140F2353001F054FBF9
:109D6000ECE700263046F8BDE8A60208F0B50C4640
:109D700083B0064615461F46FDF79EFF2046FFF7B7
:109D8000ABFF18B143685B7A012B01D003B0F0BD83
:109D90000146009730462B142AB2FEF7C3FE03B0EB
:109DA000F0BD00BFFFF798BF032A19D9830721D15F
:109DB00030B422F0030301EB012505EB0545034414
:109DC000044644F8045B9C42FBD102F003022AB132
:109DD000C9B21A44197001339A42FBD130BC7047A2
:109DE000034632B1C9B21A44197001339A42FBD109
:109DF000704770470346F5E770B5144D2C680CB1F9
:109E0000204670BD4FF49D6007F0B4FC4FF0FF3169
:109E100004460320FAF786FF00B2FDF77FFB4FF000
:109E2000FF3106460220FAF77DFF00B2FDF776FB10
:109E300031460246204604F04DFA214604F1DC008A
:109E4000782200F0FDFE2C60204670BDE805002061
:109E5000044B002103F5806203F8011F9342FBD1FC
:109E6000704700BFEB050020094B03EBC00009B1B0
:109E700000EBE100012301F0070103FA01F103788F
:109E800012B10B430370704723EA0103037070475C
:109E9000EC05002008B5FFF7AFFF0349DC30BDE853
:109EA000084001F03FB900BFEC050020002868D051
:109EB000F8B5476807F1100207F5805710371146CB
:109EC0004FF6FF7341F2210411F8016B082583EA74
:109ED00006231E044CBF84EA43035B00013D9BB292
:109EE000F7D1B942F0D127490C889C4248D0264E80
:109EF0000B8006F5806C0127002307E00A4301333D
:109F00008EF80020402B426819D010325119EBB165
:109F10005A108C5CDA071ED5241106EBE30E03F011
:109F2000070207FA02F19EF80020002CE6D122EA8F
:109F3000010201338EF80020402B4268E5D108363B
:109F4000B44505F1200509D01032D5E7545DB64679
:109F500004F00F04E3E704F00F04DEE75389802BDD
:109F600002D19389402B03D040F28A3001F04CFAA1
:109F7000FFF742FF0449DC30BDE8F84001F0D2B8F9
:109F8000F8BD704744270020EC050020704700BF53
:109F9000F8B504461D4601601C4BE3610020B5F591
:109FA000003F0F461646C4E91E2584F87400606021
:109FB000C4E90200C4E90400A061E0622067A4F8DB
:109FC00076001DD83B6838461B6831469847431ECB
:109FD000334204D1B5FBF0F300FB135058B140F20B
:109FE0009A3001F011FA0A4D2B8813B903F0E4FD01
:109FF00028802046F8BD012BF1D9DB07F3D5EEE729
:10A0000040F29A3001F000FADCE700BF806967FF98
:10A01000462700202DE9F0410746006803681B68C9
:10A020000C4601EB02089847431E2342064625D101
:10A03000444521D23868036821461B689847B042DE
:10A0400003D040F29A3001F0DFF938680368214606
:10A050005B689847002E04EB06050ADD2378FF2B8A
:10A0600004F1010440F29A3001D001F0CDF9AC4284
:10A07000F4D1A8452C46DDD8BDE8F08140F29A30F5
:10A0800001F0C2F9D4E700BF08B5D0E91E12FFF70E
:10A09000C1FF40F29A30BDE8084001F0B5B900BFF9
:10A0A000F8B5D0E91E122C4C0E685308A642CF58C2
:10A0B00001EB03053AD0A74201D00020F8BD696842
:10A0C0008A42FAD129461D444160C56055F8082CE2
:10A0D0000132A5F1080303D053F8082D0132FBD15A
:10A0E00003F1080202615C68013403F1040303D147
:10A0F00053F8044D0134FBD00B3323F00703836086
:10A1000004461868013002D15868013006D0204654
:10A11000FFF7BAFFE56861682269A3680F485B1A18
:10A12000521A691A01F0B2FD0120F8BDB7424C681D
:10A1300002D0A242C8D0C0E76E68B242F9D1A242B2
:10A14000C0D18C68AA68661C9642BBD0561CB4422B
:10A15000BAD09442B8D8B5E7DAE076777CA702089F
:10A16000C16A01B97047F8B50246054652F8300B8E
:10A1700003689C684023A047B8B96FF02E06761B91
:10A1800005F12F0405F16F07321914F8013FFF2B79
:10A1900006D0E96A8A5C9A42284601D0FFF774FF2C
:10A1A000A742F1D10023EB62F8BD2846FFF76CFF10
:10A1B000E3E700BF4BB32DE9F04781460E469046DA
:10A1C0001D4600F1300A06F03F07D9F82C30F41B89
:10A1D000A34209D04846FFF7C3FF4022FF21504663
:10A1E000FFF7E2FDC9F82C40C7F14004AC4228BF9C
:10A1F0002C4641460AEB07002246FEF74DFC2D1B7C
:10A200002644A044DFD1BDE8F0877047F0B504468E
:10A21000006F002385B0C4E9053338B103682367B4
:10A2200044210FF022FB206F0028F7D1154801F0E0
:10A230002DFDD4E91E135A0813488D584FF0FF36F0
:10A24000039685424FF0010601EB0207029611D0FA
:10A250002046FFF7DFFED4E91E150B4B00936A463C
:10A26000102320460195FFF7A5FF2046FFF778FF52
:10A2700005B0F0BD78688342EAD1BB6833440293ED
:10A28000E6E700BF6CA70208DAE07677F8B5056F5D
:10A290004C88B1F9047045B32E46B21C002302E08D
:10A2A0000133202B0BD032F8021FA142F8D1002F2E
:10A2B00019DB06EB430300229A800120F8BD3668C3
:10A2C000002EEAD1002F26DAAA1C002302E0013377
:10A2D000202B0ED032F8021F0029F8D105EB4303E2
:10A2E00008469C80F8BD0120F8BD002F04DB00204B
:10A2F000F8BD2D68002DE7D10546442007F03AFA55
:10A300003E22064600210630FFF74EFD2B6FB4803B
:10A3100033602E67EBE73046F8BD00BF43680BB1F2
:10A3200001207047FFF7BCBE426802B1704710B50C
:10A330000446FFF7B5FE00B110BD2046FFF766FFEB
:10A340006368002BF8D12046FFF7AAFE0028F3D15E
:10A350002046BDE81040FFF797BE00BF38B590F823
:10A36000743004464BB1094D298840F2FF3002F0A9
:10A3700031F894F87430002BF6D1012384F874304E
:10A380002046BDE83840FFF7CFBF00BF462700207A
:10A3900010B590F8743084B004461BB940F29A307E
:10A3A00001F032F82046FFF7DBFE064A002384F86E
:10A3B00074301288012340F2FF31684603F086FEB4
:10A3C00004B010BD462700202DE9F8438146084619
:10A3D0000F460FF000FB01463846FBF7F3FB80EA1F
:10A3E000104538460FF0F7FAD9E90364B44217D2A2
:10A3F0000130ADB21FFA80F802E00834B4420FD247
:10A400002388AB42F9D16388D9F804004246184446
:10A4100039460FF075FA0028EFD12046BDE8F883E1
:10A4200000242046BDE8F883F8B50C4616461F46C2
:10A430000546FFF793FFCCB121462846FFF7C4FF3E
:10A44000A861A8B1C3889BB18488C4F30E0446B147
:10A450006968A7423A46304628BF22461944FEF7AB
:10A460001BFB2846FFF794FF2046F8BDA869E8E7E4
:10A470004FF0FF34F5E700BF10B5044682B0FFF798
:10A480006DFF6369002B39D0E2689A4212D903F15B
:10A4900008026261186859686B4603C36946204622
:10A4A000FFF7F4FE10B9BDF80630ABB96369E26896
:10A4B0009342ECD3206F0023636138B103682367B4
:10A4C00044210FF0D2F9206F0028F7D12046FFF782
:10A4D0005FFF002002B010BDBDF80420BDF80210DF
:10A4E0006368A084C2F30E020B4420462262A3627A
:10A4F000FFF74EFF04F1200002B010BD206F23696A
:10A5000063610028C0D00368236744210FF0ADF9D0
:10A51000206F0028F7D16369B6E700BFF0B5816806
:10A52000CB1D23F0070383B0002600275D1A0446E5
:10A53000CDE9006708D153F8043C013310D0204620
:10A54000FFF70EFE03B0F0BD2B466A46FFF732FE62
:10A55000A3681D44A5602046FFF702FE03B0F0BDCE
:10A560006A460823FFF726FEA3680833A360204647
:10A57000FFF7F6FD03B0F0BD2DE9F04F83680569E4
:10A58000ED1A01F12003AB428BB003DA01200BB0CE
:10A59000BDE8F08F04461746039102F059FEB4F867
:10A5A0007630002B40F0BC802A4603997A4801F0AF
:10A5B0006DFBA26F616800239142C4E905330ABFB5
:10A5C000E36F049201EB5303204608BF0493FFF7A7
:10A5D000C7FD049DE26F294652082046FFF71AFD89
:10A5E0002B461033E26FA360002305EB520B01935F
:10A5F00004E00368236744210FF037F9206F002837
:10A60000F7D1D4E903369E4240D208364FF0100A03
:10A61000324606AB52F8080D6568516803C3BDF8B1
:10A620001A30B0461D4417B12846B84748B306A9AA
:10A630002046FFF72BFE20BBBDF81E300BB328468B
:10A640000FF0C9F9BDF81C2000F10109C2F30E0298
:10A6500002EB09030293019B002B74D01FFA8AF5C9
:10A66000ABF1080BA944ADF81C205946082306AAF3
:10A670002046ADF81E90ADF81A50FFF79BFD029BE7
:10A680009A44E368434506F10806C1D8019B0133AB
:10A69000012B01937CD0019B022B05D0AEE7036810
:10A6A000236744210FF0E1F8206F0028F7D12046FE
:10A6B000FFF756FDA1683948ABEB010101F0E6FA5E
:10A6C0006268049E9168E06F354B0693013106AADB
:10A6D000102308910790314620464FF0FF35099529
:10A6E000FFF768FD2046FFF73BFDA2680398E36F84
:10A6F0006660ABEB02010246403206EB5303914227
:10A70000C4E9033B3FF742AF37B1264B98420146BD
:10A7100002D0254801F0BAFA00200BB0BDE8F08F56
:10A72000E169C3EBC37200EB42020B449342B6BF34
:10A730001346E361E2619842BFF636AF40F29930CA
:10A7400000F062FE30E7A36805932A4619462046CA
:10A750004B46FFF72FFDA168BDF81C50BDF81E0049
:10A7600062684944C5F30E052B460244A1602046A9
:10A77000FFF720FDA368029A1D44059BA560EB1A14
:10A7800093423FF47CAF40F29A3000F03DFE76E712
:10A790002046FFF7C3FE31E718A7020840A70208CA
:10A7A000DAE076770000FF7F54A7020838B50D463F
:10A7B0000446FFF7D3FD2A4620460449FFF7DCFE96
:10A7C0002046BDE83840FFF7E3BD00BF0000FF7F33
:10A7D0002DE9F04F0F4683B01E4604469046002AEE
:10A7E00065D02046FFF7BAFD39462046FFF7ECFD5D
:10A7F00000230546A361D4F80490002843D13846CD
:10A800000FF0E9F806F10801014421F007010831D1
:10A81000AA4600222046FFF7AFFE002800F08680FF
:10A8200063684B4504D039462046FFF7CDFD054609
:10A830001FFA86F9002D53D02A886B88ADF80020C6
:10A84000ADF80230BAF1000F23D00023ADF8063086
:10A850006FEA49436FEA5343ADF804302046FFF7EF
:10A860005DFE21690839216108236A462046FFF709
:10A87000A1FC2046FFF774FC2046FFF789FD00206D
:10A8800003B0BDE8F08FF11D21F007019A460831B1
:10A89000BFE733464246A1682046FFF78BFCD4E968
:10A8A00001231E449B1AA660ADF80630D0E70133A1
:10A8B00006D0002E95D040F29A3000F0A5FD90E72A
:10A8C000FFF74CFD39462046FFF77EFDC4F818809F
:10A8D0000546D4F8049048B308214FF0010A98E7E0
:10A8E00038460FF078F801463846FBF76BF980EAF6
:10A8F00010433846ADF800300FF06DF800F1010B51
:10A900003A465B46A1682046FFF754FCD4E9012390
:10A9100003EB0B019B1AA160ADF80230BAF1000FF6
:10A920000AD0ADF80650ADF8049097E72046FFF73F
:10A930002FFD4FF0FF30A3E7334642462046FFF796
:10A9400039FCD4E901231E449B1AADF80490A6609B
:10A95000ADF8063082E700BF4FF0FF330022FFF76B
:10A9600037BF00BF002070470020704700207047AD
:10A970000078A0F12300B0FA80F04009704700BFD2
:10A9800038B50E4D2C680CB1204638BD882006F035
:10A99000F1FE0B4B0B4A0446214640F8043B4FF4B2
:10A9A0000043FFF7F5FA002242F2107384F8842086
:10A9B000A4F87A302C60204638BD00BFEC09002096
:10A9C000A4A702080080070838B5FFF7D9FF051DC6
:10A9D00004462846FFF7A2FC28B903461A46284633
:10A9E0000249FFF721FD204638BD00BFC8A7020875
:10A9F00070B505460C46FFF7E7FF2B6806461B6A55
:10AA0000284698476368014604F10802301DBDE8F6
:10AA10007040FFF7DDBE00BF38B50446FFF7D4FF36
:10AA2000236805461B6A204698470146281DBDE855
:10AA30003840FFF791BF00BF38B50446FFF7C4FFA9
:10AA4000236805461B6A20469847002301461A469C
:10AA5000281DFFF7E9FCC043C00F38BD38B50446D8
:10AA6000FFF7B2FF2368051D1B6A204698470023A5
:10AA700001461A462846FFF7D7FC011E11DB0020CD
:10AA8000F9F7D6FD0446FBF73BFD636804F10802C5
:10AA900000212846FFF7C8FC2046FBF73FFD204673
:10AAA00038BD0024204638BD38B5FFF78DFF044679
:10AAB000051D0C4801F0EAF80B492846FFF776FE21
:10AAC000D4F88030D4E903125B0803EB4303521A35
:10AAD000B2EB930F00D338BD2846BDE83840FFF7EE
:10AAE00095BB00BFB4A7020871A901082DE9F04782
:10AAF0000446FFF769FF002383610546FAF7D8F89B
:10AB00008146FBF7FDFC236820461B6A98472368B3
:10AB100006465B6A2046984796F80080074604354B
:10AB200009F1040A2846FFF7A7FC3A46314618B354
:10AB30008468B8F1230F204602D02378232BF1D06C
:10AB40000EF0DEFE4FF0FF310028EBD12046F9F782
:10AB5000EBFC0446FBF7D4FC2246B9F8081050463B
:10AB6000FBF792FE2046FBF7D9FC2846FFF784FC52
:10AB70003A4631460028DBD14846FBF7CFFC484631
:10AB8000BDE8F08738B50C4D2C680CB1204638BDB7
:10AB9000182006F0EFFD4FF0FF3104461B20FAF7B6
:10ABA000C1F800B2FCF7BAFC08220146204600F0CA
:10ABB0000DFB2C60204638BDF00900202DE9F04146
:10ABC00090461E4605460C46FFF7DCFF0368DB692E
:10ABD00007469847B8F1000F0AD004EB84046300DD
:10ABE0000C49A3F5A07381FB0321DC17C4EBA1047E
:10ABF000012DA1B2384609D002F0EAF932462946C1
:10AC0000B8881023BDE8F041FCF774BB02F0FAF9F4
:10AC1000F4E700BF398EE33810B50446FFF7B2FF02
:10AC2000F3F72EFD4CB100EBC000044B400083FB5A
:10AC30000023C017C0EBA300203010BD6766666616
:10AC40002DE9F043016093B000210C460546012335
:10AC5000A0F8082412220CA803F032FF0B940B99E1
:10AC60000CA803F0E9FB322006F048FE01230B9309
:10AC70000B990CA803F0E0FB322006F03FFEAE2358
:10AC80008DF827309DF8273028688DF828408DF8FA
:10AC900029300368B5F8081400949E690AAA0223B3
:10ACA000B0478DF826409DF8263028688DF828405A
:10ACB0008DF829300368B5F8081400949E690AAA33
:10ACC0000223B04710238DF825309DF825302868E1
:10ACD0008DF828408DF829300368B5F808140094E1
:10ACE00040269F690AAA0223B8478DF824609DF880
:10ACF000243028688DF828408DF829300368B5F88D
:10AD0000081400949F690AAA0223B84781238DF88A
:10AD100023309DF8233028688DF828408DF829309D
:10AD20000368B5F8081400949F690AAA0223B8477B
:10AD3000CF238DF822309DF8223028688DF82840E6
:10AD40008DF829300368B5F8081400949F690AAAA1
:10AD50000223B847A1238DF821309DF821302868BF
:10AD60008DF828408DF829300368B5F80814009450
:10AD70009F690AAA0223B847A6238DF820309DF8C0
:10AD8000203028688DF828408DF829300368B5F800
:10AD9000081400949F690AAA0223B847A8238DF8D3
:10ADA0001F309DF81F3028688DF828408DF8293015
:10ADB0000368B5F8081400949F690AAA0223B847EB
:10ADC0003F238DF81E309DF81E3028688DF82840EE
:10ADD0008DF829300368B5F8081400949F690AAA11
:10ADE0000223B847D3238DF81D309DF81D30286805
:10ADF0008DF828408DF829300368B5F808140094C0
:10AE00009F690AAA0223B8478DF81C409DF81C30A0
:10AE100028688DF828408DF829300368B5F80814A3
:10AE200000949F690AAA0223B847D5238DF81B30E6
:10AE30009DF81B3028688DF828408DF8293003686C
:10AE4000B5F8081400949F690AAA0223B847802322
:10AE50008DF81A309DF81A3028688DF828408DF842
:10AE600029300368B5F8081400949F690AAA0223E0
:10AE7000B847D9238DF819309DF8193028688DF816
:10AE800028408DF829300368B5F8081400949F69AC
:10AE90000AAA0223B847F1238DF818309DF818301C
:10AEA00028688DF828408DF829300368B5F8081413
:10AEB00000949F690AAA0223B847DA238DF8173055
:10AEC0009DF8173028688DF828408DF829300368E0
:10AED000B5F8081400949F690AAA0223B847122300
:10AEE0008DF816309DF8163028688DF828408DF8BA
:10AEF00029300368B5F8081400949F690AAA022350
:10AF0000B847DB238DF815309DF8153028688DF88B
:10AF100028408DF829300368B5F8081400949F691B
:10AF20000AAA0223B8478DF814609DF814302868E7
:10AF30008DF828408DF829300368B5F8081400947E
:10AF40009F690AAA0223B8478D238DF813309DF814
:10AF5000133028688DF828408DF829300368B5F83B
:10AF6000081400949F690AAA0223B84714238DF895
:10AF700012309DF8123028688DF828408DF829305D
:10AF80000368B5F8081400949F690AAA0223B84719
:10AF9000AF238DF811309DF8113028688DF82840C6
:10AFA0008DF829300368B5F8081400949F690AAA3F
:10AFB0000223B847C8238DF810309DF81030286858
:10AFC0008DF828408DF829300368B5F808140094EE
:10AFD0009F690AAA0223B84720238DF80F309DF8F5
:10AFE0000F3028688DF828408DF829300368B5F8AF
:10AFF000081400949F690AAA0223B8478DF80E40EE
:10B000009DF80E3028688DF828408DF829300368A7
:10B01000B5F8081400949F690AAA0223B8472123AF
:10B020008DF80D309DF80D3028688DF828408DF88A
:10B0300029300368B5F8081400949F690AAA02230E
:10B04000B8478DF80C409DF80C3028688DF82840E2
:10B050008DF829300368B5F8081400949F690AAA8E
:10B060000223B8477F238DF80B309DF80B302868FA
:10B070008DF828408DF829300368B5F8081400943D
:10B080009F690AAA0223B84722238DF80A309DF847
:10B090000A3028688DF828408DF829300368B5F803
:10B0A000081400949F690AAA0223B8478DF8094042
:10B0B0009DF8093028688DF828408DF829300368FC
:10B0C000B5F8081400949F690AAA0223B847072319
:10B0D0008DF808309DF8083028688DF828408DF8E4
:10B0E00029300368B5F8081400940AAAD3F8189018
:10B0F00005F10608022340F20147C84721463A46B7
:10B100004046FEF751FE2868AE710668B5F808148F
:10B11000009442463B46B469A047284613B0BDE8B8
:10B12000F08300BF2DE9F041002782B04FF0010EFF
:10B130004FEAC70C00240137E310CA1807EBC3130A
:10B14000034412F80C809D7904F007020EFA02F213
:10B1500018EA020FD6B246EA050204F101040ABF5A
:10B16000B5439A719D71402CE6D1802FE0D1024603
:10B17000B0F8081452F8060B0024036800949C6988
:10B1800040F20143A04702B0BDE8F081704700BF24
:10B19000704700BF0048704716FCFFFF10B5034B17
:10B1A0000360044602F0C2F8204610BDD8A702088A
:10B1B00010B5054B0360044602F0B8F8204618218C
:10B1C0000EF053FB204610BDD8A7020810B5044668
:10B1D00002F0D0F8014B2360204610BDD8A702082A
:10B1E00070B5436C84B04FF40872ADF80C20C3B155
:10B1F0001A68B0F84C100025044600951846966968
:10B20000022303AAB047606C40F20713ADF80C307C
:10B2100038B10368B4F84C1000959C6903AA022366
:10B22000A047002004B070BD10B5034B0360044676
:10B2300001F078FB204610BD04A8020810B5054BAC
:10B240000360044601F06EFB204654210EF00DFB16
:10B25000204610BD04A80208F8B504460F4616465D
:10B260001946BDF81C20BDF8185001F0BFFB084A74
:10B270002260002384F84E306764A664A4F84C5022
:10B2800001F0E6FF20652046FFF7AAFF2046F8BD43
:10B2900004A80208F0B5474A474B12689A4285B0A5
:10B2A000044613D094F84E306BB9636C5BB101F077
:10B2B000CFFFB0F16405226D41F1FF360023B342A8
:10B2C00008BFAA4208D3002005B0F0BD00F084F802
:10B2D0003A4B1B689847E5E7606CB4F84C1003687C
:10B2E0000126CDE900660D225D6A03ABA847606CBC
:10B2F000B4F84C1003689DF80C50CDE900660F229D
:10B300005F6A03ABB847606CB4F84C100268CDE9D3
:10B31000006603AB9DF80C60576A1122B8479DF890
:10B320000C30274A21687F2DC8BFA5F580757F2E78
:10B33000C8BFA6F580767F2BC8BFA3F58073AD028A
:10B3400048BF3F35B6024FEAA51548BF3F369B02BE
:10B350004FEAA61648BF3F33B5F5806F4FEAA310FA
:10B36000A8BF4FF48065B6F5806FA8BF4FF4806624
:10B37000B0F5806FA8BF4FF480609642B8BF164604
:10B380009542B8BF15469042B8BF10466B42764210
:10B3900001252062C4E9066320464B6B84F84E50B9
:10B3A000984701F055FF00232065002084F84E30B7
:10B3B00005B0F0BD9401002034CD12AB0464000848
:10B3C00000FCFFFF08B5FFF765FF002008BD00BFC8
:10B3D000FFF760BF62B6704772B6704720BF704714
:10B3E00006F08CBABFF34F8F0549064BCA6802F4CA
:10B3F000E0621343CB60BFF34F8F00BFFDE700BF98
:10B4000000ED00E00400FA0508B5014672B60248F6
:10B4100000F03CFCFEE700BF3CA80208024BD3E969
:10B4200003301844704700BF10020020402001F094
:10B4300049B900BF8163704741637047C16370477A
:10B44000C06B7047EFF30980704700BF406B7047D7
:10B45000C0E90012836070476FF47D70704700BFD1
:10B460006FF47D70704700BF6FF47D70704700BF50
:10B47000C1600020704700BF6FF47D70704700BF4F
:10B4800038B503689B6904460D46984778B1236830
:10B4900020465B689847B5FA85F35B09984206D168
:10B4A000236829461B6820469847002038BD01487C
:10B4B00038BD00BF12FCFFFF704700BF704700BFE0
:10B4C00010B5102104460EF0D0F9204610BD00BF83
:10B4D00010B51C2104460EF0C8F9204610BD00BF6F
:10B4E00070B50E4C206818B1BDE8704004F0D0BAB9
:10B4F0000B4D4FF0FF31286806F048FF23683BB141
:10B50000286806F04DFF2068BDE8704004F0C0BA1E
:10B51000261D304604F09EFA2660F1E7300F002029
:10B52000F029002070B5104C206828B14FF0FF3191
:10B53000BDE8704004F0A8BA0C4D4FF0FF31286808
:10B5400006F024FF23684BB1286806F029FF206825
:10B550004FF0FF31BDE8704004F096BA261D30462A
:10B5600004F078FA2660EFE7300F0020F029002081
:10B570002DE9F84303799A0740F1E480C3885B071B
:10B58000044624D58669371D227C3368F12A9B68DE
:10B590007A4A3FD0934259D1794D2B68002B6CD019
:10B5A00028684FF0FF3104F06FFA384604F0E8FDE8
:10B5B0003368744ADB68934204464AD1704D286868
:10B5C000002849D004F064FAA011BDE8F8830368AC
:10B5D0006B4D9B6D9847102006F0CCF80646286806
:10B5E000694B336094F81090002867D04FF0FF311A
:10B5F000371D04F049FA3846494604F051FD2868E1
:10B6000000284AD004F044FAE388A66143F004031A
:10B61000E380B9E7934266D1594D2868002865D088
:10B620004FF0FF3104F030FA384604F0A9FD3368DA
:10B63000544ADB689342044651D1514D2868002892
:10B6400064D004F025FA2046BDE8F88330469847D8
:10B65000ABE730469847B7E7DFF834814FF0FF316A
:10B66000D8F8000006F092FE2B68002B6CD0D8F8BA
:10B67000000006F095FE2868A4E7DFF814814FF07B
:10B68000FF31D8F8000006F081FE2B68002B61D056
:10B69000D8F8000006F084FE82E7DFF8F4804FF06F
:10B6A000FF31D8F8000006F071FE2B68002B5DD04A
:10B6B000D8F8000006F074FE2868A3E7DFF8D08011
:10B6C0004FF0FF31D8F8000006F060FE2B68002B29
:10B6D00046D0D8F8000006F063FE286886E73046BA
:10B6E00098472046B0E7304698479DE7DFF8A080AE
:10B6F0004FF0FF31D8F8000006F048FE2B68DBB1B0
:10B70000D8F8000006F04CFE286889E7DFF8808052
:10B710004FF0FF31D8F8000006F038FE2B682BB14F
:10B72000D8F8000006F03CFE28688AE72E1D304657
:10B7300004F090F92E60F3E72C1D204604F08AF9FE
:10B740002C60DDE7114840E72E1D304604F082F9F9
:10B750002E608CE72C1D204604F07CF92C6097E7C6
:10B760002F1D384604F076F92F60B2E7DFF82490F9
:10B77000484604F06FF9C5F8009099E725B501082F
:10B78000300F0020E1B401085CA8020816FCFFFF9E
:10B79000F0290020340F002010B5044603F090F982
:10B7A000034B236000236371E380A361204610BD37
:10B7B00074A8020888B110B504460EF00CF90138DF
:10B7C0002044844207D22378027804F8012B00F841
:10B7D00001398442F7D3002010BD6FF47A707047AE
:10B7E000F8B549B380EAE074C4EBE0744F1E00255D
:10B7F000DFF84CC000E01D468CFB0423E217C2EBCF
:10B80000A30202EB8203C4EB43033033564207F832
:10B81000013F14466B1C002EEDD1002801EB030202
:10B8200003DA2D220235CA544A1900230846137040
:10B83000FFF7C0FF3046F8BD6FF47A76FAE700BF35
:10B8400067666666014B186000207047F4090020A7
:10B850000A4B036010B40A4C0023C380224602E066
:10B860000133402B06D052F8041B8842F8D1002245
:10B8700044F823205DF8044B704700BF00A902087C
:10B88000F80900200048704716FCFFFF10B5044679
:10B890000B4B0C4823600023E380024602E0013397
:10B8A000402B06D052F8041B8C42F8D1002240F8FD
:10B8B0002320204608210DF0D8FF204610BD00BFF0
:10B8C00000A90208F8090020013908B503290AD89F
:10B8D000DFE801F00B0B02020368084ADB689342C1
:10B8E00001D000219847002008BD0368034ADB68A7
:10B8F0009342F8D001219847F5E700BF95B10108C0
:10B9000070B584B004AC04E90F00BDF80230012B1F
:10B9100018D0022B14D1154C154E04F5807501E09A
:10B92000AC420DD054F8040F0028F9D0C3885B0452
:10B93000F6D503689B68B342F2D09847AC42F1D188
:10B9400004B070BD094C0B4E04F5807501E0A542B2
:10B95000F6D054F8040F0028F9D0C3889A04F6D51D
:10B9600003685B68B342F2D09847F0E7F40900201F
:10B9700091B101088DB101082DE9F041324C82B03E
:10B980002246002302E00133402B05D052F8041B6D
:10B990000029F8D144F823002C4C237813F001033C
:10B9A0000BD12B4D2A6842B10093102201234FF492
:10B9B0007A60002101F06CFC10B102B0BDE8F081AA
:10B9C0002820D5F80080234E05F0D4FEC023009334
:10B9D0000122214B1021074600F0EEFED8F800307E
:10B9E0005B68B34224D1384600F0FEFE3846282179
:10B9F0000DF03BFF28202F6805F0BCFEC02300930C
:10BA00000222154B0F21054600F0D6FE3B685B680D
:10BA1000B34213D1284600F0E7FE284628210DF056
:10BA200024FF237843F00103237002B0BDE8F081C6
:10BA30004046394698470028DCD0D4E738462946A6
:10BA400098470028EDD0E5E7F80900204E270020B0
:10BA50002C0F002085B8010801B9010810B4084C6A
:10BA60000023224602E00133402B06D052F8041B8B
:10BA70008142F8D1002244F823205DF8044B70473E
:10BA8000F80900200048704730A602080020002175
:10BA9000704700BF084600F077BC00BF084600F0C2
:10BAA000FBBE00BF0846FFF7AFBC00BF0846FFF76C
:10BAB00097BC00BFFFF796BCF8B51B4D0E46044679
:10BAC000FFF78AFC28688319B3F5806F374616D2D2
:10BAD00004302844731E2EB35E1CA119431E14F8B3
:10BAE000012B03F8012FA142F9D130440023037048
:10BAF0002B683B442B60BDE8F840FFF76BBC0B4B59
:10BB00006B6040F2FA3304229E422A6005DD084C45
:10BB10001527142305F10800DEE708202844731ECA
:10BB2000002ED9D13746E1E7F80A00202E2E2E0A42
:10BB300044A9020830B587B062B901AC2146FFF7CD
:10BB40004FFE20460DF047FF01462046FFF7B4FFA9
:10BB500007B030BD054600241C220CE08BB902B3AF
:10BB600034B10846303006AB2344013403F8140CDA
:10BB7000043A131D0AD025FA02F303F00F0300293B
:10BB8000ECD0092B58B2EDDD3730ECE706AB1C44A6
:10BB9000002304F8143C0221034801ACFFF78CFF9A
:10BBA000CFE71046DEE700BF40A902082DE9F047C5
:10BBB000DFF8D480324F82B081460E46151F4946C9
:10BBC00002E0252A194612D00B460C4613F8012B29
:10BBD000002AF6D1A1EB09014846FFF76DFF1EB11F
:10BBE00002212848FFF768FF02B0BDE8F0876FEA3E
:10BBF000090319444846FFF75FFF637855F804AF1F
:10BC0000CDF804A0642B04F102091DD00CD9732BCC
:10BC100028D01FD9752B17D0782B0BD15046012275
:10BC20000021FFF787FFCAE7582B15D0632B06D0FA
:10BC3000252B1FD003214046FFF73EFFBFE7012120
:10BC400001A8FFF739FFBAE7002250461146FFF777
:10BC500071FFB4E7702BEDD1012250461146FFF77A
:10BC600069FFACE750460DF0B6FE01465046FFF7BF
:10BC700023FFA4E701213846FFF71EFF9FE700BF1F
:10BC80005CA9020864A9020860A902080FB400B503
:10BC900083B004AA012152F8040B0192FFF786FF3A
:10BCA00003B05DF804EB04B0704700BF0048704774
:10BCB00016FCFFFF10B50446FFF78EFBE3696BB17E
:10BCC000A2699A61A3690BB1E269DA610023C4E950
:10BCD00006336361BDE81040FFF77CBBD4E9053251
:10BCE0001A60EFE738B50D460446FFF775FB2A6882
:10BCF00065610AB90AE01A469369002BFBD1946189
:10BD0000C4E90632BDE83840FFF764BBC4E9062247
:10BD10002C60BDE83840FFF75DBB00BF2DE9F04166
:10BD200084B004AC04E90F00114B1C68DDE902018A
:10BD30004FF47A7200230BF0B9FAB4B1DFF8348013
:10BD400006460F46E268A56900239F4208BF964257
:10BD500008D3636920460BB1FFF7ACFF204641468C
:10BD6000FFF7C0FF2C46002DECD104B0BDE8F081F8
:10BD7000040F00200C0F00202DE9F04FDFF8E080C9
:10BD800093B0D8F8005004AC84E80F00002D32D0F6
:10BD90002F4BBDF810401A68BDF81260AAB12D4FA4
:10BDA0004FF0000A40F2FE3540F2FF39D368D2F876
:10BDB00018B0190CAC429BB288B21FD0002B33D004
:10BDC0009C4231D05A46002AF0D1A4F2FE33012B16
:10BDD00011D9D8F80050204B10273246214608A828
:10BDE000009700F0E9FC2B681C4A9B6893422AD11B
:10BDF00008A800F0F9FC13B0BDE8F08F4B45DDD189
:10BE000009B1B042DED1BAF1000FDBD1536923B1E1
:10BE100010460392FFF74EFF039A10463946FFF78C
:10BE200061FF4FF0010ACDE709B1B042CAD15369B1
:10BE300023B110460392FFF73DFF039A104639469F
:10BE4000FFF750FFBEE7284608A99847D0E700BF94
:10BE50001C0F00200C0F002079BD0108ADBC0108AB
:10BE6000000F0020014B1868704700BF100F002022
:10BE700038B5FFF7B1FA164B1C68D4B1636913B13A
:10BE80002046FFF717FFFFF7A5FA0023236163623F
:10BE90002568FFF7C3FA01462846FFF7CFFAFFF7F8
:10BEA0009BFA0C4B1A6822621C60FFF793FA20463B
:10BEB00038BD282005F05EFC282200210446FDF74D
:10BEC00073FFFFF7B3FA0023C4E90003A360DAE7C6
:10BED000140F0020100F002038B50A4B1C6823698E
:10BEE000DB0707D5084D286830B1636A4362002339
:10BEF00063620446204638BDFFF7BAFF2860002879
:10BF0000F8D0F2E7FC0E0020080F00202DE9F041E8
:10BF1000484D2A7812F0010482B002D002B0BDE888
:10BF2000F081454E454F3060FFF7A2FF444B454935
:10BF30001860FFF7D7FEFFF79BFF3860D0F800804E
:10BF4000FFF76CFA011F4046FFF776FA3B683E495F
:10BF50001868FFF76FFA3768002F51D0282005F0D6
:10BF600009FCC0232246009340F2FF31374B384C86
:10BF7000804600F021FC3B685B68A34247D1404605
:10BF800000F032FC404628210DF06FFC2820D6F846
:10BF9000008005F0EFFBC023009300222B4B40F202
:10BFA000FE31074600F008FCD8F800305B68A34279
:10BFB00039D1384600F018FC384628210DF055FCE0
:10BFC00000230F22002100934FF47A60012301F037
:10BFD0005FF92820376805F0CDFBC02300930122CC
:10BFE0001C4B0F21064600F0E7FB3B685B68A34251
:10BFF00013D1304600F0F8FB304628210DF035FC17
:10C000002B7843F001032B7002B0BDE8F081384675
:10C01000414698470028B9D0B1E73846314698479D
:10C020000028EDD0E5E74046394698470028C7D0BC
:10C03000BFE700BF4F270020000F0020180F00208F
:10C04000FC0E00200C0F0020C5C5010879BD0108B9
:10C0500085B801081DBD0108024B187800F00100E9
:10C06000704700BF4F270020F0B5204F3B6883B0DA
:10C07000002B38D01E4B1B78DB0734D50E46044608
:10C08000FFF72AFF436944EA06420546C2600BB146
:10C09000FFF710FE28461749FFF724FEA4F2FE33EF
:10C0A000012B17D928203F6805F064FBC0233246D6
:10C0B00000932146104B054600F07EFB3B680F4A7B
:10C0C0005B68934209D1284600F08EFB2846282160
:10C0D0000DF0CBFB002003B0F0BD38462946984751
:10C0E0000028F7D0EFE70648F5E700BF000F002073
:10C0F0004F2700201C0F002079BD010885B80108DA
:10C1000016FCFFFF2DE9F04128B321B30546984600
:10C1100017460E46FFF7ACFE0446E0B132463B46FA
:10C1200029460068FFF794F92568FFF777F9011FA2
:10C130002846FFF781F90A4B0A492068B8F1000F39
:10C1400018BF1946FFF776F920460749FFF7CAFDE1
:10C150002046BDE8F08100242046BDE8F08100BF04
:10C160009DC50108C9C401080C0F0020074B1B78AE
:10C1700013F0010308D010B4144601230A462146E7
:10C180005DF8044BFFF7BEBF184670474F270020ED
:10C19000024B1868B0FA80F0400970470C0F00207D
:10C1A00030B50F4D2B789A0785B004D50D4B1B6821
:10C1B00073B105B030BD43F00204022201230F2108
:10C1C00068462C7001F082FF064B1B68002BF0D1F3
:10C1D0002B7823F002032B7000F060FB05B030BD1C
:10C1E0004F2700200C0F00202DE9F0415B4D2C68FB
:10C1F0002369D90747D45A4E5A4F32683968002A02
:10C2000031D06069B04200F09A802A608A422BD017
:10C21000944271D08C4271D0534B62699A426DD076
:10C220002068FFF70DF90646FFF70CF9D4E9013154
:10C23000301ACA1A90426AD900F120012F682C6086
:10C2400021F01F06002B40F08480304600F03AFABF
:10C250003118C4E901012F602068BB683A68BDE865
:10C26000F0410DF06FBA29601B0757D52C60FFF71E
:10C2700097FF3368002BFAD09C422B603CD0396882
:10C280008B42C7D14DE0394E2068326843F002033B
:10C2900023611369146843F004031361FFF7D6F8B0
:10C2A00001462046FFF7CAF837683868FFF7C8F834
:10C2B0000446FFF7C7F8D7E90123201A9B1A9842D2
:10C2C0000FD92030D5F800802F6020F01F04002AFD
:10C2D0003BD1204600F0F6F90444C7E90104C5F853
:10C2E00000803368996818680DF06DFA2B681A6938
:10C2F0000021920731600CD4BDE8F0812A6800214A
:10C30000936812680846BDE8F0410DF01BBA2F682B
:10C31000A2E71868BDE8F0410DF08FBA2B689C4287
:10C32000EAD01E68FFF77AF8011F3046FFF784F85D
:10C330003B680F491868FFF77DF839686AE7A0691C
:10C34000002818BF02462A6060E7104600F0E0F9B6
:10C35000BFE7184600F0DCF977E700BFFC0E0020CD
:10C360000C0F0020180F0020140F0020080F0020D1
:10C37000C5C50108034B1B78DB0701D5FFF734BFA8
:10C38000704700BF4F27002070B5104D2A78D207A4
:10C3900014D50446FFF7A0FD064600F059FF736967
:10C3A0002044F06013B13046FFF784FC3046084962
:10C3B000FFF798FC2B78DB0704D470BDBDE8704014
:10C3C000FFF70EB8BDE87040FFF70EBF4F27002003
:10C3D000040F002000B583B0FFF746FE18B9074BE5
:10C3E0001B78DB0702D403B05DF804FB0190FFF774
:10C3F000FBFE019803B05DF804FB00BF4F2700204F
:10C4000038B5284D2868436913B1FFF753FC2868F5
:10C41000254C2146FFF766FC24684CB1A369002235
:10C4200023B11C460132A369002BFAD1032A22DC76
:10C430002B6800221A611C68FEF7F0FF01462046B7
:10C44000FEF7FCFFFEF7C8FF184B29681A688A42FE
:10C4500025D04AB1136A99421DD02BB11A6A914274
:10C460001AD01346002BF9D1FEF7B4FF104B1B78FE
:10C47000DB070CD438BDE2692068936100F048F90D
:10C48000606800F045F9204600F042F9D0E7BDE8C9
:10C490003840FFF7A9BE13460A6A1A62E4E7126A37
:10C4A0001A60E1E7FC0E0020140F0020100F00209E
:10C4B0004F270020034B1B78DB0701D5FFF7A0BFF8
:10C4C000704700BF4F27002010B50C468047A0479B
:10C4D000044B1B78DB0700D410BDBDE81040FFF70C
:10C4E0008FBF00BF4F270020034B1B78DB0700D412
:10C4F0007047FFF785BF00BF4F270020002842D0BC
:10C500002DE9F041DFF8908098F80030DC0782B028
:10C5100032D51E4F3B680A4619694907054601D1C5
:10C520005C6A44B1284601231949FFF7EBFD00205E
:10C5300002B0BDE8F081186801920DF066F9396823
:10C54000019A0B6913F0020618D143F0010310465B
:10C550000B61A8473B6818695E6220F0010210F089
:10C5600004001A61E4D098F8000010F00100DFD058
:10C57000FFF746FF3046DBE70648D9E723F0030321
:10C580000B612046D4E76FF47A707047FC0E0020F0
:10C59000E9C4010816FCFFFF4F27002038B5034609
:10C5A000144610460D4698472046A847044B1B7872
:10C5B000DB0700D438BDBDE83840FFF721BF00BF1E
:10C5C0004F27002008B5044CFFF7EAFD2378DB076E
:10C5D000FAD5FFF709FEF7E74F270020024B18783E
:10C5E000C0F38000704700BF4F270020F8B50C4C07
:10C5F00005460E462778FEF7EFFE0A4A731B02EB4C
:10C60000C7019B0843F0004342F837504E602B604F
:10C61000237801332370FEF7DDFE0020F8BD00BF54
:10C6200051270020200F0020F8B583074FEA90061D
:10C630003BD188B10D46FEF7CFFED5E90045771C0A
:10C64000A54206D92368002B07DB04EB8304A5422F
:10C65000F8D8FEF7BFFE0020F8BD23F00043990094
:10C6600054F82320002A04EB01000DDB0EE022F039
:10C670000042134443F00042226054F82320990002
:10C68000002A04EB010001DA8542F0D89F4201D96B
:10C690000C44D5E702369E4209D3236823F00043B9
:10C6A0002360FEF797FE201DF8BD0136C2E704EBBC
:10C6B0008606B542F1D9DB1B43F0004346F8043C43
:10C6C0002760EEE738B5044640B10C4D2B783BB1FE
:10C6D00020460B49FFF7A8FF044658B1204638BD55
:10C6E0000849094A086809491370FFF77FFF0123C9
:10C6F0002B70EDE71420FEF787FEEFE750270020B0
:10C70000200F00200C020020512700200070022082
:10C71000A0B10E4B1A6882420DD25B6883420AD9DF
:10C7200050F8043C002B10B5044608DD43F00043EC
:10C7300044F8043C10BD1E20FEF766BE70471E2064
:10C74000FEF762FE54F8043CF0E700BF200F002023
:10C7500038B501FB00F52846FFF7B4FF044628B1C1
:10C7600001232A4603600021FDF71EFB204638BD49
:10C7700070B5044608460E46FFF7A4FF054664B1AF
:10C7800058B154F8042C9200B242A8BF3246214658
:10C79000FCF782F92046FFF7BBFF284670BD00BFBB
:10C7A00008B50846FFF78EFF08BD00BF08B508466C
:10C7B000FFF7AEFF08BD00BF2DE9F0410446103081
:10C7C000884617461E46BDF8185001F09FFC002011
:10C7D000E060C4E90800A4F800806780A660A58036
:10C7E0002046BDE8F08100BF83889B0710B5044652
:10C7F00003D5182180680DF038F8204610BD00BF21
:10C8000082B070B586B00AA981E80C00036A4BB308
:10C810001C696CB1012200E01C4623690132002B27
:10C82000FAD1092A05DD06B0BDE8704002B07047B4
:10C830001C460AAB0FCB02AD85E80F00182004F0B0
:10C8400099FF06AB064613E9030095E80C008DE856
:10C850000300304601F080FC266106B0BDE8704060
:10C8600002B0704704460FC902AD85E80F001820DA
:10C8700004F080FF06AB064613E9030095E80C00C0
:10C880008DE80300304601F067FC266206B0BDE883
:10C89000704002B0704700BFFEF7D4BFFEF79EBDE8
:10C8A0000020704710B5044B036000230446C3808A
:10C8B000FFF7D4F8204610BD00A9020810B5064BBA
:10C8C000036000230446C380FFF7C8F820460C210C
:10C8D0000CF0CBFF204610BD00A9020838B5044675
:10C8E000074B036000254560FFF746F8E388054ADB
:10C8F000258143F480532260E380204638BD00BF89
:10C9000000A9020870A902080346002200891A81C2
:10C91000704700BF00897047807A704700487047B1
:10C9200016FCFFFF10B5044B036000230446C380D0
:10C93000FFF794F8204610BD00A9020810B5064B79
:10C94000036000230446C380FFF788F82046442193
:10C950000CF08BFF204610BD00A9020838B5036813
:10C9600081720D4DDA6AAA42044608D19B6A0B4ACD
:10C970000B4D93420AD1A07AA072284638BD904749
:10C980002368064A9B6A93420546F4D0204698479E
:10C99000A072284638BD00BF1DC9010819C9010889
:10C9A00016FCFFFF38B503680D4DDA6A0181AA4213
:10C9B000044608D11B6A0B4A0B4D93420AD12089C9
:10C9C0002081284638BD90472368064A1B6A934257
:10C9D0000546F4D0204698472081284638BD00BF40
:10C9E0001DC9010815C9010816FCFFFFF8B504466A
:10C9F0000025154B036045600E461746FEF7BCFF49
:10CA000094F8363066624FF00112C4E90E2202211A
:10CA100003F0F90365F3C3030C4E2563142084F877
:10CA20004050A1722081E560C4E90455C4E906556F
:10CA30002562A780E580A586A4F8425084F83630A8
:10CA400026602046F8BD00BF00A9020898A9020888
:10CA5000C16811F5C87FF0B480F2848090F8363058
:10CA600013F0020340F08680046914F5C87F66DA8B
:10CA700090F8362012F0040269D1456915F5C87F97
:10CA800031DA90F8362012F0080234D0B2FA82F38C
:10CA900090F8366090F840205B0963F3C30680F895
:10CAA0003660032A08D80132D2B2012A80F8402029
:10CAB00000F08B80042A77D0B0F8423090F83660CE
:10CAC00001339BB216F00107A0F8423062D01D2B53
:10CAD00017D900236FF3000680F83660A0F84230C3
:10CAE00080F840300DE0B5F5C87F04DD90F83620C1
:10CAF00012F00802CAD090F84020002BD1D1002AB1
:10CB0000DAD104FB04F301FB0133334A05FB05339F
:10CB100093423CD911F5487F51DBB1F5487F51DC98
:10CB200014F5487F54DBB4F5487F3BDC15F5487FAE
:10CB300050DBB5F5487FD4BF0020062028E0B4F5CF
:10CB4000C87F9ADD90F8362012F0040295D1B2FA2F
:10CB500082F390F836205B0963F3820280F8362076
:10CB600001238AE7B1F5C87F0FDD90F8363013F066
:10CB700002030AD190F83620B3FA83F35B0963F31A
:10CB8000410280F8362001236EE700236CE707207E
:10CB9000F0BC7047092BB4D9013A80F84020A0F8C6
:10CBA0004270AEE70120F3E790F83630002243F000
:10CBB000010380F83630A0F842200B20E8E703207C
:10CBC000F0BC70470420F0BC7047A0F8422098E702
:10CBD0000220DDE70520DBE7FF700200D0E9033229
:10CBE00030B502FB02F2456903FB032305FB053563
:10CBF000B5F5800F85B0044616D9038F002B4DD0B4
:10CC0000B5F5100F25D8012384F831302046FFF701
:10CC10001FFF0B2814D0A38E834231D00023A0869F
:10CC200084F8303005B030BD90F83130042B56D93F
:10CC30000023C0E90E332046FFF70AFF0B28EAD194
:10CC40006086024601230D21684601F03FFA05B0D7
:10CC500030BD638F002B39D0B5F1107FD3D9A38FAE
:10CC60005BB3B5F1806FCED9E38F002BCBD101231D
:10CC70000A220D21684601F029FA0123E387C2E761
:10CC800094F83030628E042B14D80133DBB290421A
:10CC900084F83030C6D0052BD2D0C3E701230C2254
:10CCA0000D21684601F012FA0123B5F5100F238714
:10CCB000A9D9CEE79042C3D1B4E7012309220D21BF
:10CCC000684601F003FA0123A387CAE7012308227B
:10CCD0000D21684601F0FAF901236387BCE70133AF
:10CCE000DBB291E730B5D0E908218BB002AD0092FC
:10CCF00000F1180304460CCB284601F0B5F995E87D
:10CD00000700E38804F10C0523F0020385E807001F
:10CD1000E3802046FFF762FF0123A1881A4606A898
:10CD200001F0D4F900200BB030BD00BF0368054A04
:10CD30001B6B934210B5044601D1E06810BD9847C3
:10CD4000E06810BD1DC901080368054A1B6B9342CA
:10CD500010B5044601D1206910BD9847206910BD67
:10CD60001DC901080368054A1B6B934210B50446B0
:10CD700001D1606910BD9847606910BD1DC90108E7
:10CD80000368084A1B6B934210B5044607D1E38839
:10CD90009B0702D42046F1F7DBFCA06A10BD984740
:10CDA000F5E700BF1DC901080368084A1B6B9342E1
:10CDB00010B5044607D1E3889B0702D42046F1F75B
:10CDC000C7FCE06A10BD9847F5E700BF1DC9010820
:10CDD000016882B08DE80C00CB6902B0184700BF33
:10CDE00082B070B50C4684B005464968206802AC34
:10CDF00003C4039908AC481084E80C00CB0745BF76
:10CE00002A58029B029CD4580AAB2E1893E80300C0
:10CE10008DE8030008AB0CCB3046A04704B0BDE85A
:10CE2000704002B0704700BF2DE9F043334D0560FC
:10CE3000002685B04660154604460F469846FEF724
:10CE40009BFD2F4BA78040F2FF32D3F800902D4B73
:10CE500023609542A8BF15466581B9F1000F2FD018
:10CE6000282004F087FC0546103001F04FF9032319
:10CE70002F806B80182004F07DFC234ACDE9022628
:10CE8000074602AA034603CA47F80C4BDE607E60E1
:10CE900058609960D9F80020EE6052681B49AB6079
:10CEA000C220A8808A421A485861C5E908661FD185
:10CEB0002846FFF799FC284628210CF0D6FCA788C5
:10CEC000B8F1000F0ED01FFA88F000210023A4F85B
:10CED00008803A460093032300F0F4F9204605B099
:10CEE000BDE8F0834FF4FA7000214FF4FA78EDE7D3
:10CEF0004846294690470028E1D0D9E700A9020812
:10CF00002C0F0020D8A90208D1CD010885B801084E
:10CF1000E1CD0108008A704710B5C38803F0120202
:10CF2000102A84B0044617D003F00C03082B01D05C
:10CF300004B010BD228AE3899A42F9D801231A4627
:10CF4000A188684601F0C2F8E38823F0020343F0A9
:10CF50000403E38004B010BD018A82899142E3D3C7
:10CF6000012381880222684601F0B0F8E38823F0AB
:10CF7000040343F00203E380D6E700BF036810B563
:10CF800004461B6A9847E388DA0718D5A388082B5C
:10CF90000FD06189238AC1F57F7200FB01F0033253
:10CFA00002FB0300800A20822046BDE81040FFF704
:10CFB000B3BF20822046BDE81040FFF7ADBF43F06D
:10CFC00001032082E3802046BDE81040FFF7A4BFA4
:10CFD00008B5C388DA0602D582898A420FD023F0C9
:10CFE000020242F010021B078181C28007D5C3896B
:10CFF00001399942A8BF194689B200F003F8002010
:10D0000008BD00BF08B5C3881A0702D5C2898A4285
:10D010000FD023F0040242F00802DB06C181C28077
:10D0200007D5838901319942B8BF194689B2FFF704
:10D03000CFFF002008BD00BF10B5044B03600023E4
:10D040000446C380FEF70AFD204610BD00A9020871
:10D05000002070470B4A0C4B10B502600A220446B0
:10D06000C2620121F0201C60FFF772FB0022002346
:10D070000021C4E90901C4E90423C4E906232046C8
:10D0800010BD00BF04AA0208280F00202DE9F047B8
:10D090001646C26ABDF82080BDF824909DF828A0ED
:10D0A000002A11DD446A1F46238A054683B104F134
:10D0B0001803002102E033F8080C48B10131914215
:10D0C0001C4603F11803F6D16FF47B70BDE8F087BE
:10D0D0002B6828461B699847D5E90623901943EB2E
:10D0E0000701BAF1000F1BD00B9BA4F81080C4E914
:10D0F0000201C4E90067A4F812906361FEF76CF9BD
:10D10000A96A39B1D4E90223D1E902018B4208BFEF
:10D11000824200D2AC62FEF75DF90020BDE8F087E4
:10D1200000260027E0E700BF2DE97003C66A436AC6
:10D1300000229642826211DD198A013251B1816A60
:10D1400039B1D3E90245D1E902894D4508BF4445CB
:10D1500000D28362B24203F11803EDD1BDE870033F
:10D16000704700BF2DE9F04F036883468BB01B6901
:10D170009847DBF82C20DBF82440002A49DD002505
:10D18000AA461CE0D4E9006756EA0701628A46D144
:10D19000DBF828000021A042218247D00121029122
:10D1A000CDE90089194606A800F0A0FFDBF82C2085
:10D1B0000AF1010A0135AA4204F1180426DD238A86
:10D1C000002BF7D0D4E90201DBE90689894508BFC5
:10D1D0008045CDE90401D5D26369DB07EAD5FFF7C5
:10D1E000FDF960B1DBE90601174ED4E902233618D8
:10D1F0004FF000074F41BB4208BFB24219D3DBF8E2
:10D200002C200135AA4204F11804D8DCBAF1000F31
:10D21000B1D15846FFF788FF0BB0BDE8F08FDDE9CC
:10D22000040180197941C4E90201B7E7CBF828105D
:10D23000B4E70123CDE900010293052240F2FF315A
:10D2400006A800F053FFDAE7A0860100704700BF90
:10D25000064B10B51C6834B1236820461B699847FB
:10D26000D4E9040110BD0020002110BD280F0020CA
:10D27000064B10B51C6834B1236820461B699847DB
:10D28000D4E9060110BD0020002110BD280F0020A8
:10D2900070B50A4C266884B076B11D4614460B461C
:10D2A0000246012108980390CDE9004530460291DD
:10D2B000FFF7ECFE04B070BD0148FBE7280F00202B
:10D2C00016FCFFFF2DE9F04F144C266885B016B30D
:10D2D0009C4644014B01241A43EAD06565EB0105E5
:10D2E0008946A300A900174641EA94711A1841EB38
:10D2F0000903D90041EA5271D00002460B460E984C
:10D3000003900121CDE9007C30460291FFF7BEFE7B
:10D3100005B0BDE8F08F0248FAE700BF280F0020F3
:10D3200016FCFFFF6FF47D70704700BF10B5034B14
:10D3300003600446FFF780FE204610BD20AA0208C5
:10D3400010B5054B03600446FFF776FE2046182112
:10D350000CF08BFA204610BD20AA02084069044A4E
:10D3600003685B69934202D16FF47D707047184780
:10D3700025D3010838B504460D464FF4FA7311461B
:10D380004FF45972FFF750FDA388064A6561082BD8
:10D3900008BFF1232260204608BF2B74FFF7EEFD83
:10D3A000204638BD20AA02086FF47D70704700BF88
:10D3B0006FF47D70704700BFC08800F001007047B7
:10D3C00010B5034B03600446FFF76CFA204610BD0E
:10D3D0004CAA020810B5054B03600446FFF762FA39
:10D3E000204618210CF041FA204610BD4CAA020834
:10D3F000C388DB0400D470472DE93048036888B047
:10D400001B6A04469847227CE38878B10B2A04D82B
:10D410000132D2B2082A22740ED9D9071ED503F0E0
:10D420000305012D2CD008B0BDE8308832B1013A97
:10D43000D2B2082A2274F0D8012AF0D8DA07EED541
:10D4400023F00303E38002220123A188684600F051
:10D450003DFE657C012D2CD0E388E0E743F001021E
:10D460000123E280A1881A4604A800F02FFE238938
:10D4700001332381FFF7ECFE227CE388E060DBE7E9
:10D48000FFF7E6FEE368B0EB030B61F1000C00234D
:10D4900040F2DB52634508BF5A45C4D2E288A188F6
:10D4A00042F00202E2802B46052204A800F00EFEA4
:10D4B000B9E7FFF7CDFEE368B0EB030B61F1000CB9
:10D4C000BCF1000F08BFBBF57A7F2B462CBF0422AE
:10D4D0000322A18804A800F0F9FDBDE710B50446B9
:10D4E00084B0E9B94269D288930502D4002004B01F
:10D4F00010BD03681B6A98470028F7D0E288A1880E
:10D50000012342F001020320E28020741A4668469B
:10D5100000F0DCFD01232381FFF79AFEE060E5E7E0
:10D52000C288002122F00302C28001810174002020
:10D5300004B010BD10B504464069074A03685B6833
:10D54000934207D16FF47D70A37C181AB0FA80F073
:10D55000400910BD9847F7E7A9D301082DE9F84322
:10D5600004460D469DF820609DF82470914698462B
:10D57000FFF7B4F900222274A4F80490EB880F4955
:10D58000E260012E0CBF43F4807323F48073656165
:10D5900084F81180A6742160EB802B68084A1B6C0C
:10D5A000934206D1E38843F40053E3802046BDE86C
:10D5B000F883394628469847F4E700BF4CAA02088A
:10D5C000B1D301084174704782B08DE80C00014866
:10D5D00002B0704716FCFFFF0020704700298069E9
:10D5E00005DD08B904E010B10139406AFBD170478C
:10D5F000704700BF82B070B50C4684B005464968DC
:10D60000206802AC03C4039908AC481084E80C00FD
:10D61000CB0745BF2A58029B029CD4580AAB2E1850
:10D6200093E803008DE8030008AB0CCB3046A0471D
:10D6300004B0BDE8704002B0704700BF002943D07D
:10D640002DE9F0418469002C3BD00D460646DFF8F9
:10D650008080002705E0A268AB689A420DD0646A1A
:10D66000DCB1AA88A38853409907F8D49207F2D571
:10D67000A968A06800F09CFDA8B12B88BBB96B8895
:10D68000DBB9B3680BB120469847A38843EA080387
:10D69000A380646A0137002CE3D1002FC8BF204665
:10D6A0000FDDBDE8F081AB889B07D8D4D3E7228893
:10D6B0009A42D4D16B88002BE3D062889A42CED1B3
:10D6C000DFE76FF47A70ECE76FF47A70704700BFB1
:10D6D0000080FFFF002971D0F0B5846985B00D4648
:10D6E00006463CB966E0A388980708D5914219D050
:10D6F000646A14B3AB8821682A689F07F3D4914207
:10D70000F6D1A268AB689A42F2D1EA68E3689A421D
:10D71000EED1A3881A0402D5C3F30E03A3802948CF
:10D7200005B0F0BDA968A06800F042FD0028DFD078
:10D73000EA68E3689A42DBD1EBE7D6F818C02A889A
:10D74000BCF1000F2ED06046634600E00B461C88FB
:10D75000944211D2596A18460029F7D163451DD069
:10D76000596A69625D62012340F2FD31684600F04A
:10D77000ADFC002005B0F0BD1ED16F885988B942BC
:10D7800004D319E04888B842E8D20B46596A002908
:10D79000E4D00888A042F5D06345E1D119888A42D7
:10D7A00002D26B62B561DEE7DAD1588869888842B7
:10D7B000D6D9F6E70A88F5E70346CFE76FF47A7023
:10D7C000704700BF16FCFFFF2DE9F04183885F071B
:10D7D00082B0064603D59D062ED4DC0639D443F02C
:10D7E0000403B38006F1100506F1180816E0F3688B
:10D7F000009395E80F00A047B388DA0619D5346A7C
:10D80000BCB194E80F00276985E80F002046182175
:10D8100037620CF02AF8FEF7ADFDB388B4689807BC
:10D820000DD4D907E3D495E80F00A047B388DA06F2
:10D83000E5D423F00403B38002B0BDE8F08198E89A
:10D84000030095E80C008DE80300204600F098FCEA
:10D85000D2E700F1180393E803008DE8030006F116
:10D8600010030CCB3046FEF7CBFFE5E770B51C4B41
:10D870008CB003F10802283304460260C36006A896
:10D8800000F044FC0F231820029303F073FF0025DF
:10D89000144A0092064601956A46034603CA46F8B2
:10D8A0000C4B114ADD60049375605A6158609960B1
:10D8B000204602A91223ADF80C300595CDE90A5592
:10D8C000FFF7BCFE02A8FEF78FFF084B658204F14C
:10D8D0000C00E360FEF7C2F820460CB070BD00BF3C
:10D8E00088AA020871DB0108F5D5010800A9020821
:10D8F000A0F10C00FFF7BABF10B50446FFF7B6FF62
:10D90000204628210BF0B1FF204610BDA0F10C00ED
:10D91000FFF7F2BFF0B5264B264A02600025044609
:10D9200083B0C0E9025305610C30FEF725F8224BA5
:10D93000236003F12002E260A561C4E90755E58494
:10D94000282003F017FF0646103000F0DFFB1B4BCA
:10D950003360182003F00EFF194ACDE90025074671
:10D960006A46034603CA47F80C4B164ADD604FF07F
:10D97000C20C7D6058609960204631465A61C6E904
:10D980000235C6E90855A6F804C0FFF7A3FE30B972
:10D990000D4B1A6802B91C60204603B0F0BD30463A
:10D9A000FEF722FF304628210BF05FFFF0E700BFB3
:10D9B00000A9020878AA020890AA02080F00020033
:10D9C00071DB0108F5D501082C0F002038B504469D
:10D9D000FDF702FDE5692DB12B69E36133B1E38CFD
:10D9E000013BE384FDF7F6FC284638BD2362F6E7E9
:10D9F0002DE9F041846914B3A388656A00271A04ED
:10DA000080463E4606D426469DB12C46A388656ACC
:10DA10001A04F8D55B07F6D476B17562656A2046BC
:10DA2000FEF7E2FE2046282101370BF01EFF002DF5
:10DA3000EBD13846BDE8F081C8F81850EFE727462B
:10DA40003846BDE8F08100BF2DE9F0418469002C23
:10DA500044D016460D46DFF88C8001270CE0A388E1
:10DA600003F0C003A3F1C003B3FA83F35B09B3422D
:10DA700015D00027646A4CB323882988994201D0C5
:10DA8000002BF7D163886A889A4201D0002BF1D12C
:10DA9000FEF7E2FA0028E2D10123B342E9D1B4F85B
:10DAA00004E01EF4004FE4D195E80F0004F1100CDF
:10DAB0001EF0400F8CE80F0002D1FEF7CDFA40B9FE
:10DAC0002046FFF781FE646A002CD5D13846BDE8B8
:10DAD000F08121464046FEF711FDCBE7012738468D
:10DAE000BDE8F081C9D70108F0B5012287B004462E
:10DAF000066A0D46FFF7A8FF10B9E38C092B01D980
:10DB000007B0F0BD95E80F0002AD85E80F001820C2
:10DB100003F030FE06AB074613E9030095E80C005E
:10DB20008DE80300384600F017FBFDF755FC66B1A1
:10DB300033693B6137613B695BB1E38C0133E3845B
:10DB400007B0BDE8F040FDF745BCE3693B61E76124
:10DB5000F2E72762F1E700BF82B008B502A9C1E988
:10DB60000023FFF7C1FFBDE80840002002B0704766
:10DB700082B038B5054604A981E80C00FFF738FFEC
:10DB80002846FFF723FF98B1044604E02846FFF734
:10DB90001DFF044660B1002221462846FFF754FFCE
:10DBA000204618210BF061FEFEF7F2FA0028EDD1B5
:10DBB000BDE8384002B07047024B1888421C1A80FA
:10DBC000704700BF04040020C08800F00300A0F1EB
:10DBD0000300B0FA80F04009704700BF82B070B512
:10DBE0000C4684B005464968206802AC03C403991A
:10DBF00008AC481084E80C00CB0745BF2A58029BAC
:10DC0000029CD4580AAB2E1893E803008DE8030059
:10DC100008AB0CCB3046A04704B0BDE8704002B062
:10DC2000704700BF10B5034B03600446FEF73AFE91
:10DC3000204610BDD4AA020810B5054B0360044667
:10DC4000FEF730FE204610210BF00FFE204610BDDF
:10DC5000D4AA020882B070B588B00CA981E80C0083
:10DC60004289BDF83050BDF83230954204460BD0A1
:10DC7000022B27D0052B00F08680012B78D008B02E
:10DC8000BDE8704002B070478189022B0E461AD061
:10DC9000052B5AD0012BF2D1C3888D4243F00103EA
:10DCA000C38068D0A9426AD003F00203002BE6D0FB
:10DCB00001231A46A18804A800F008FA2389013339
:10DCC0002381DCE71646B24217D0A189B14265D064
:10DCD000954267D0A3899D42194600F09C80A17BA4
:10DCE000012900F0C1809D4200F0AE809542C6D16E
:10DCF000E38823F01003E380C1E7E38803F0010326
:10DD0000002BE5D001230222A188684600F0DEF94D
:10DD100063899D4200F09080A289A188AA4250D0D8
:10DD20000123032204A800F0D1F96289B24203D191
:10DD3000E38843F01003E380A389B34200F08F80AF
:10DD4000954266D09D429AD168E0C3888D4243F0E7
:10DD50000403C3801AD0A9421CD003F00803002B8F
:10DD60008DD0A1880123052204A800F0AFF986E731
:10DD70008689B54203D1E38843F00203E380E38858
:10DD800003F0010392E78689B54203D1E38843F0AB
:10DD90000803E380E38803F00403E0E7E38803F08B
:10DDA0000203ADE7E088C6061FD5A38920F0010174
:10DDB00089B29D42E18028D02A4621F00401E18009
:10DDC00091E7E28802F008000028A9D0B34238D0D9
:10DDD000A389B342A4D102F00802002AA0D00123F3
:10DDE000042204A800F072F99FE7A37B012B3ED127
:10DDF00000F00403002B37D001230422294604A895
:10DE000000F064F96289A3899AE720F0030189B2DE
:10DE1000D2E7E088CAE7E38898062BD5E38823F0A9
:10DE2000020189B29542E1802AD023F00A039BB215
:10DE300023F02003E38022E7E288A18802F00400B7
:10DE4000C2E702F00402C8E7E18821F008039BB2B0
:10DE50009542E38004BF21F018039BB2E8E7E18814
:10DE600041F02001E1806BE701230322C6E7A1898D
:10DE70000B4665E7A07B0128FAD103F00803B9E758
:10DE80002B469AE7817370472DE9F04F83B0DDE9A7
:10DE90000C9ABDF83870002B41D0B9F1000F3BD07F
:10DEA0000F2901D1C02F3AD1804628201D460E46A9
:10DEB000934603F05FFC0446103000F027F9182069
:10DEC0002680A4F802B003F055FCCDE9009A06467E
:10DED0006B46024603CB46F80C5B0023D8F8005093
:10DEE000D360E3607360506091606D6811491248BF
:10DEF000A26047F002078D42A780C4E90833506151
:10DF000010D12046FEF770FC204628210BF0ADFC16
:10DF10000A4803B0BDE8F08F1AF0010FC0D16FF4CA
:10DF20007A70F6E740462146A8470028E9D103B0B9
:10DF3000BDE8F08F85B80108DDDB010816FCFFFFA6
:10DF40002DE9F0471C4F044688B0884616461D460A
:10DF5000FEF7C4FC3A681949A5800025A4F80A8098
:10DF6000A6812160A57312B3DFF854A0CDE904A502
:10DF700004AB93E803004FF0C0098DE8030023468B
:10DF800041461046CDF808902A46FFF77DFFCDE9BF
:10DF900006A508AB13E903003F68CDF808908DE8AB
:10DFA00003002A46234638463146FFF76DFF2046D8
:10DFB00008B0BDE8F08700BF2C0F0020D4AA0208EB
:10DFC00055DC010810B40170427043605DF8044BE9
:10DFD000704700BF82B030B402AC84E80C000D463C
:10DFE000034694E807009DF8144083E80700B4B1A5
:10DFF000687818B149425242C3E901126A68022A9C
:10E0000011D0032A2AD0012A22D0012C15D0022CAB
:10E0100005D1D3E9011249425242C3E9011230BC91
:10E02000184602B07047D3E90012012CC1F100017B
:10E03000C2F10002C3E90012E9D130BCD3E90010FB
:10E040009A68186052421846C3E9011202B070473C
:10E05000D3E90021524219605A60D6E7D3E9001291
:10E06000524259601A60D0E782B010B582B004AC59
:10E0700084E80C000B78069C019304AB0CCB009455
:10E080000446FFF7A7FF204602B0BDE8104002B0EB
:10E09000704700BF30B50B4B1C6883B024B12268B9
:10E0A000094B15689D4201D103B030BD00F1080253
:10E0B000034692E803008DE8030020460CCBA847F6
:10E0C00003B030BD2C0F0020C9D5010838B5018040
:10E0D000428004461D46FFF7CBF8C4E9020115B1A2
:10E0E0002046FFF7D7FF204638BD00BFD0B5DDE999
:10E0F00004679DF8183001800446C0E90267428039
:10E100000BB1FFF7C7FF2046D0BD00BF10B50023FD
:10E1100003600446FFF7ACF8C4E90201204610BDD5
:10E1200030B50B4B1C6883B024B12268094B1568CD
:10E130009D4201D103B030BD00F10802034692E8D0
:10E1400003008DE8030020460CCBA84703B030BD88
:10E150002C0F0020C9D5010882B038B5002504A9CC
:10E160000560044681E80C00FFF782F804AB0FCB92
:10E17000256184E80F002046BDE8384002B07047B2
:10E1800082B070B582B0044608A906A880E80C00E9
:10E1900003C9266865698DE8030006AB0CCB3046E1
:10E1A000211DA84702B0BDE8704002B0704700BF13
:10E1B00008B502680B689A4201D0002008BD0431FE
:10E1C000102204300BF09CFBB0FA80F0400908BD2F
:10E1D000064B074A10B503604369044640F8042F14
:10E1E00013B104309B689847204610BDFCAA020872
:10E1F000B0AC020803460269064910B5064C40F867
:10E20000044C041F43F8041B12B19268184690474F
:10E21000204610BDB0AC0208FCAA020808B50430C4
:10E2200001F00EFA002008BD08B5043001F030FA04
:10E23000024B0028B4BF1846002008BD0EFCFFFFAB
:10E2400008B5B1FA81F14909043001F049FA034BEC
:10E2500030EA200028BF184608BD00BF0EFCFFFFB3
:10E2600008B5043001F06CFA002008BD08B5043090
:10E2700001F086FA002008BD084B094A10B503607A
:10E280004369044640F8042F13B104309B68984753
:10E290002046DC210BF0E9FA204610BDFCAA02085A
:10E2A000B0AC020803460269084910B5084C40F8B2
:10E2B000044C041F43F8041B12B19268184690479F
:10E2C0002046DC210BF0D1FA204610BDB0AC02088C
:10E2D000FCAA0208F8B50E461746051D044600F0D4
:10E2E00029FF3A7C317C284601F068F9054B064944
:10E2F00003F1080244332846C4E9002301F0A0F9E1
:10E300002046F8BDF4AA0208A086010010B50368F3
:10E3100004461B6C9847236820465B68BDE81040A4
:10E32000184700BFF0B40479A40728D5002922DBE0
:10E33000002A20DD002B1EDDB4294FF47A74A8BF1B
:10E34000B42104FB01F10F4F05680F4EED6F8908F2
:10E35000A7FB017102EBD277A3EB670304FB03F386
:10E36000890802FB013286FB0231D2172B46C2EB31
:10E37000A111F0BC18476FF47A70F0BC70470348E5
:10E38000FBE700BF176CC116D34D621016FCFFFFF0
:10E39000C08800F00500003018BF0120704700BFA2
:10E3A000C08800F00A00003018BF0120704700BF8D
:10E3B000C08810F0030018BF01207047C08800F02B
:10E3C0000C00003018BF0120704700BF03684FF4F5
:10E3D0007A72D3F8803002FB01F1184708B5036860
:10E3E0009B6B9847024BA3FB0030800908BD00BF20
:10E3F000D34D621010B4D0E901345910DB07026824
:10E4000048BF635804EB010048BF9A585DF8044BBD
:10E41000104700BF034610B107C983E807007047E3
:10E42000704700BF704700BF10B5182104460BF0BD
:10E430001CFA204610BD00BFF8B50379DB072CD5C8
:10E44000012927D8C58815F0020504460F460AD0D1
:10E45000466933681FB9F26838461360F8BDB26880
:10E4600000201360F8BD03689B6D98471C2003F0E3
:10E4700081F9217C8561C0E90055C0E90255C0E9F8
:10E480000455064603F00CF8E388666143F0020386
:10E49000E380DEE76FF47A70F8BD0148F8BD00BF95
:10E4A00016FCFFFF0379DB0738D5C38870B513F07E
:10E4B000610605460BD013F0600F446929D1D4E9F9
:10E4C000003212681A4214BF0120002070BD036898
:10E4D0009B6D98476B79022B98BF114A4FF01C0037
:10E4E00098BFD65C03F046F90023C0E90033C0E9C9
:10E4F0000233C0E904338361297C3246044602F0CA
:10E500009FFFEB886C6143F0010313F0600FEB8019
:10E51000D5D02046BDE8704001F0F0B90148704701
:10E5200054AB020816FCFFFF38B5C3881B0704462E
:10E5300011D4236820469B6D9847202003F01AF9D8
:10E54000217C054600F08EFCE388656143F00803FA
:10E55000E380002038BD406900F0AEFC237C984287
:10E56000E7D1002038BD00BF0279D2071DD5B1F533
:10E57000806F17D238B503685B6E04460D46984726
:10E5800008B1002038BD07EE905A9FED097A606906
:10E59000F8EEE77ABDE83840C7EE877A17EE901AB2
:10E5A00000F072BC6FF47A7070470248704700BF89
:10E5B00000C07F4416FCFFFF0379DB0722D570B54E
:10E5C000C38813F0100582B0044607D0466933684B
:10E5D000DB69304602B0BDE87040184703689B6DA8
:10E5E0009847182003F0C6F822890123CDE9005589
:10E5F00021460646FEF7B2FFE388666143F010034A
:10E60000E380E4E70048704716FCFFFF38B50D468D
:10E61000C18811F00801044603D10368DB689847FC
:10E6200028B929466069BDE8384000F04BBC38BDC8
:10E630002DE9D04B044685B08AB200232189684673
:10E64000FFF744FD6069DDE9026700F0FFFA8046EC
:10E65000894658EA09030CD0DDE90223B2EB08022F
:10E6600063EB010393469C466846CDE902BCFFF785
:10E6700057FD32463B46606900F0E4FA05B0BDE85C
:10E68000D08B00BFF0B5C38813F0600685B0044698
:10E690000D460CD023F06003022D9BB240D0032D19
:10E6A00008BF43F040030020E38005B0F0BD0368DD
:10E6B0009B6D9847582003F05DF8217C074600F0D9
:10E6C000B3FA63796761022B96BF184A3146D15C71
:10E6D000174E384601F01AF9012368226069019348
:10E6E000694602940092039601F020F9039B13B14E
:10E6F0009B686846984701236C22606901936946CC
:10E7000002940396009201F05BF9039B13B19B689E
:10E7100068469847E388022D23F060039BB2BED180
:10E7200043F020030020E38005B0F0BD54AB0208A5
:10E7300048AB020808B5C38803F0700313B103683F
:10E740009B6D9847002008BD00B583B004291BD8F5
:10E75000DFE801F0111A0A0A030003689B6A984770
:10E76000002003B05DF804FB03685B6F984700204E
:10E7700003B05DF804FB036801919B6F9847019912
:10E78000084603B05DF804FB6FF47A7003B05DF8DF
:10E7900004FB00BFC3881B0702D5406900F090BB93
:10E7A0000048704716FCFFFF10B5C3885A0684B0B6
:10E7B000044604D5036805211B6F9847E3889B0630
:10E7C00005D52189012302226846FFF77FFC04B0AA
:10E7D00010BD00BF10B5C3885A0684B0044604D5E6
:10E7E000036804211B6F9847E3889B0605D52189A0
:10E7F000012303226846FFF769FC04B010BD00BF87
:10E800000279930770B521D5002921DB03685B6E7F
:10E8100004460D469847064610B10026304670BDA6
:10E82000606900F04DFB44F6206188420AD16469BA
:10E8300002F0C6FD2046294603F028FB02F0D4FD75
:10E84000304670BD606900F03DFBF0E7024EE5E741
:10E850006FF47A76E2E700BF16FCFFFF38B5C38895
:10E86000417113F0010210D0022998BF0F4B446987
:10E8700094BF5D5C002502F0A3FD2046294601F00F
:10E880006FFE02F0B1FD002038BD13F0600F0AD01A
:10E89000022998BF054B406994BF595C114601F0AD
:10E8A00035F8002038BD024838BD00BF54AB02081F
:10E8B00016FCFFFFC388D90710B5044633D49A0766
:10E8C0002BD458070AD5606940B103681A4A5B68BF
:10E8D00093422ED110210AF0C8FFE388190713D400
:10E8E000DA0605D5606958B103689B699847E388E3
:10E8F00013F0600F04D0606910B103685B6898473B
:10E9000000236361E38010BD606900F0BBFA202141
:10E9100060690AF0AAFFE388E2E71C2160690AF057
:10E92000A4FFE388CDE71C2140690AF09EFFE3883D
:10E93000C5E79847E388D1E7C1B401082DE9F8435A
:10E9400003799A0740F19E80C3885B07044621D56E
:10E950004669544A33689B68934206F104073FD1E5
:10E96000514D2868002841D04FF0FF3101F08CF85C
:10E97000384601F005FC33684C4ADB689342044694
:10E9800031D1494D2868002840D001F081F8A0100D
:10E99000BDE8F8830368444D9B6D9847102002F052
:10E9A000E9FE06462868424B336094F81090002830
:10E9B0004CD04FF0FF31371D01F066F8384649461C
:10E9C00001F06EFB286888B301F062F8E3886661A5
:10E9D00043F00403E3803368324A9B689342BFD01C
:10E9E00030469847C4E730469847D0E7DFF8C880FC
:10E9F0004FF0FF31D8F8000003F0C8FC2B68ABB330
:10EA0000D8F8000003F0CCFC2868ADE7DFF8A88058
:10EA10004FF0FF31D8F8000003F0B8FC2B685BB36F
:10EA2000D8F8000003F0BCFC2868AEE7DFF8888067
:10EA30004FF0FF31D8F8000003F0A8FC2B681BB39F
:10EA4000D8F8000003F0ACFC2868BDE7DFF8688068
:10EA50004FF0FF31D8F8000003F098FC2B68DBB1D1
:10EA6000D8F8000003F09CFC2868A2E72C1D204683
:10EA700000F0F0FF2C60C3E72E1D304600F0EAFFE7
:10EA80002E60CDE70B4883E7DFF83090484600F072
:10EA9000E1FFC5F80090D3E72F1D384600F0DAFFFC
:10EAA0002F60DDE725B50108300F0020E1B4010833
:10EAB0005CA8020816FCFFFFF0290020340F00209C
:10EAC00030B4064D01810021056002740371C160FC
:10EAD0004171C180416130BC704700BF60AB02082A
:10EAE000D0F8D030044A10B5044640F8C42B0BB11E
:10EAF0009B689847204610BD90B2020850F8143C1D
:10EB0000054A10B540F8E42CA0F1E40413B1203814
:10EB10009B689847204610BD90B2020808B501F0E6
:10EB2000E7F8002008BD00BFA0F1E400FFF7F6BF42
:10EB300008B513460A46194601F0C2F8002008BD80
:10EB4000A0F1E400FFF7F4BF08B501F0E7F8034BCC
:10EB500030EA200028BF184608BD00BF0AFCFFFFAE
:10EB6000A0F1E400FFF7F0BFD0F8D030064A10B5AE
:10EB7000044640F8C42B0BB19B6898472046E82117
:10EB80000AF073FE204610BD90B2020850F8143C03
:10EB9000074A10B540F8E42CA0F1E40413B1203882
:10EBA0009B6898472046E8210AF05FFE204610BD8A
:10EBB00090B2020810B582B04FF0FF341B7C127C7B
:10EBC000097C0094044601F0BFF8094B094903F1A0
:10EBD00008022C332260C4F8E430204601F088F8A3
:10EBE00020460022082101F06BF8204602B010BD3B
:10EBF000E4AB020840420F0010B5034B036004462B
:10EC000000F0EEFD204610BD34AC020810B5054BF7
:10EC10000360044600F0E4FD204658210AF025FE7A
:10EC2000204610BD34AC020810B5044600F0FAFDD1
:10EC3000034B236000220023C4E91423204610BDA7
:10EC400034AC0208C0E91423704700BFD0E91401B6
:10EC5000704700BFC36EDB0700D462B60020704768
:10EC6000EFF31083C36672B60020704710B4D0E98A
:10EC700001345910DB07026848BF635804EB0100F8
:10EC800048BF9A585DF8044B104700BF034610B1C7
:10EC900007C983E807007047704700BF2DE9F04BB4
:10ECA0000546044655F8343BDB689847284601F092
:10ECB0009BF90646284601F0A7F9D4E90601226A25
:10ECC0000E4B10EB060B324441EBE67CD4E90467B3
:10ECD000A3FB02539B094FF47A7116EB030801FB67
:10ECE00013232268236247F10009C4E906BCC4E982
:10ECF000048920469368BDE8F04B1847D34D621055
:10ED0000F0B585B01449826E144B00910021044681
:10ED1000029000F14406076B019100F15C0503933A
:10ED200022B1936828469847039B23B15B68284625
:10ED300069469847039BA3663946304601F0E8F8D8
:10ED4000039B13B19B686846984720460021FEF755
:10ED500009FA05B0F0BD00BF01ED01083CAC0208A6
:10ED6000F0B500F1440685B005461C46304617460E
:10ED700001F07CF8002C154B154A039308BF202F97
:10ED8000AB6E009228BF38464FF0000238BF2020FB
:10ED900002950192044605F15C07ABB19B683846C9
:10EDA0009847039B23B15B68384669469847039BA5
:10EDB000AB662146304601F0ABF8039B13B19B686C
:10EDC0006846984705B0F0BD004BECE73CAC020844
:10EDD00001ED0108F0B5054685B00446FEF73AF9A5
:10EDE0001C4B45F8343B04F14406284601F01AF95F
:10EDF000304601F029F9184B6364002742F2107382
:10EE000028462363A76601F0C7F8A26E1349144B86
:10EE10000091CDE9017404F15C05276B039322B1E5
:10EE2000936828469847039B23B15B682846694648
:10EE30009847039BA3663946304601F069F8039B67
:10EE400013B19B6868469847EFF310832046E3664A
:10EE500005B0F0BD50AC0208C0B2020801ED0108D7
:10EE60003CAC020838B504460D4602F0A9FA20462B
:10EE7000294602F093FF02F0B7FA0023A36120466F
:10EE800038BD00BF02F056BE07EE901AF5EEC07A0C
:10EE9000F1EE10FA0DD438B505460C4602F090FAA2
:10EEA0002846214602F04CFE02F09EFAEC6100205A
:10EEB00038BD6FF47A707047B0F90400704700BF36
:10EEC0008069704738B504460D4602F079FA294644
:10EED000204602F08DFE02F087FAE1692046FFF736
:10EEE000D3FFA561002038BD6FF47D70704700BF6F
:10EEF0006FF47D70704700BF6FF47D70704700BF86
:10EF00006FF47D70704700BF10B584B004AB046827
:10EF100003F8012D00220092A4691A460123A0479C
:10EF200004B010BD10B584B004688DF80C20002228
:10EF300000928DF80D30A469022303AAA04704B003
:10EF400010BD00BF10B5012384B00468CDE90033C3
:10EF50000DF10F03646AA04708B99DF80F0004B0D3
:10EF600010BD00BFF0B585B004469DF82C508DF85B
:10EF70000F201F4602680E4685B101230093956954
:10EF80000DF10F02A84738B9236800901D6A0A9B4B
:10EF90003A4631462046A84705B0F0BD53699DF872
:10EFA0000F209847EFE700BF2DE9F04F83B09DF8A1
:10EFB0003090002A5DD0002B1F465ADD056892462E
:10EFC0006B682D4A934206463CD1EB682B4883423E
:10EFD00040D1012F46D0023FDFF8A4800AEB070B97
:10EFE0000AF1FF3405E00B2004F8010FA3450BD014
:10EFF00035682D694545F6D000213046A847C0B296
:10F0000004F8010FA345F3D101373568BA442B69E1
:10F01000434512D10B208AF80000B9F1000F03D04C
:10F02000002003B0BDE8F08F3368134A9B68934219
:10F030001BD1484603B0BDE8F08F01213046984708
:10F04000C0B2E8E70191984735680C48EB68019930
:10F050008342BED041F00101C9B230469847012F2A
:10F060003568B8D1DFF81880D1E730469847484670
:10F07000D7E76FF47A70D4E7F1EE0108F9EE0108F2
:10F0800001EF01082DE9F84F9DF82890002A49D09A
:10F09000002B47DD174602681E460C46536823497D
:10F0A0008B4280462FD1D568DFF884B05D4523D1EF
:10F0B000013E07EB060A7C1E04E0A2450DD0D8F8FD
:10F0C0000030DD6814F8011FE31B9E4223D05D452C
:10F0D000F3D04046A847A245F1D1B9F1000F02D0C4
:10F0E0000020BDE8F88FD8F80030104A9B689342A2
:10F0F0000DD14846BDE8F88FE1B24046A847D8F8A0
:10F100000030DD68D4E79847D8F80020CBE74046C8
:10F1100098474846E5E75D45CFD041F47F414046FA
:10F12000A847CAE76FF47A70DBE700BFF1EE010889
:10F13000F9EE0108014B0360704700BF70AC020894
:10F140002DE9F84FDDF828904A45904638BFC8466B
:10F15000B8F1000F1BD09B468A460546174600248F
:10F1600006E0A14588BF0BF80400013444450ED0E9
:10F170002B68A74288BF1AF804109E6898BF002128
:10F180002846B0470028ECDA0248BDE8F88F002096
:10F19000BDE8F88F0AFCFFFF30B583B00468069D18
:10F1A0000095E468A047044A0446DDE90701FCF73E
:10F1B000DDFF204603B030BDE9C4010803681847ED
:10F1C0000B680360704700BF704700BF254BF0B568
:10F1D000866AD3F800E0076BB60808BFCEF38D0649
:10F1E00007EB86056B0748BF043D4FF0807345E988
:10F1F0000213A5F1400CA5F14403A5F10C04002273
:10F2000043F8042FA342FBD1C36945F8203C1EF00C
:10F21000805F6346C0F82CC0416320D0112E1ED9F8
:10F22000103E7608012E12D06FF03702A2EBC60214
:10F2300015444FF0CC3243F8042C43F8082DAB4270
:10F24000F9D1C6EB46760CEBC60303F1080CACF122
:10F2500004039F423CBF4FF0CC334CF8043C024BBC
:10F260003B60F0BD6CB20208A52E5AE290F8252052
:10F27000C36A12B160331960704720331960704758
:10F2800010B490F82540C36A2CB16033C3E9001272
:10F290005DF8044B70472033C3E900125DF8044B5E
:10F2A000704700BF80F309887047EFF3098070470B
:10F2B000684680F309885A480078C00714BF0220C6
:10F2C000032080F314887047DFF858C1EFF30583FB
:10F2D0001B0618BF6047EFF31483DB0708BF6047C6
:10F2E00000DF7047DFF840C1EFF305831B0618BF4E
:10F2F0006047EFF31483DB0708BF604700DF704708
:10F30000EFF30980816911F8021CE1BB90E80F104E
:10F3100010B5E047BDE81040EFF3098C8CE807001A
:10F32000424B93E80600914208BF704741B91EF076
:10F33000100F16D13E49086820F00100086010E067
:10F340001EF0100F06BF2CED108A0120002081F85E
:10F3500025002CE9F00FC1F82CC00CB403F08AFD95
:10F360000CBC1A60D2F82CC0BCE8F00F92F8250053
:10F3700000280EBF6FF0020E6FF0120EBCEC108A68
:10F380008CF30988704710B52A4A1268914209D84F
:10F39000294C54F8214090E80F10A047EFF3098C56
:10F3A0008CE80F0010BD10B503F0E4FCBDE8104080
:10F3B0001E4B93E80600914208BF7047EFF3098C9B
:10F3C0001EF0100F06BF2CED108A0120002081F8DE
:10F3D00025002CE9F00FC1F82CC00CB403F04AFD55
:10F3E0000CBC1A60D2F82CC0BCE8F00F92F82500D3
:10F3F00000280EBF6FF0020E6FF0120EBCEC108AE8
:10F400008CF30988704710B503F016FDFFF7CEBFE7
:10F4100010B503F00FFD03F00FFDFFF7C7BF0000AD
:10F4200037BC02080D2B0208292B0208D43100201A
:10F4300034EF00E000000000FCFFFFFF0369054A15
:10F4400010B50446026013B19B680430984720460B
:10F4500010BD00BFB0AC020850B1D2E9003223B1F8
:10F4600000EB6200D20706D4184712F0010F00D15A
:10F47000704700EB62000268D358184770B5104C13
:10F48000206828B1BDE870404FF0FF3100F0FCBAB1
:10F490000C4D4FF0FF31286802F078FF23684BB124
:10F4A000286802F07DFF20684FF0FF31BDE8704012
:10F4B00000F0EABA261D304600F0CCFA2660EFE7ED
:10F4C0004C0F0020F02900200369064A10B50446BD
:10F4D000026013B19B6804309847204602F058F947
:10F4E000204610BDB0AC020870B50E4C206818B1B3
:10F4F000BDE8704000F0CCBA0B4D4FF0FF312868EA
:10F5000002F044FF23683BB1286802F049FF2068FD
:10F51000BDE8704000F0BCBA261D304600F09AFAF3
:10F520002660F1E74C0F0020F029002070B50E4C4A
:10F53000206818B1BDE8704000F0AABA0B4D4FF03A
:10F54000FF31286802F022FF23683BB1286802F0EF
:10F5500027FF2068BDE8704000F09ABA261D3046AB
:10F5600000F078FA2660F1E74C0F0020F029002027
:10F5700070B5104C206828B1BDE870404FF0FF31E5
:10F5800000F082BA0C4D4FF0FF31286802F0FEFE09
:10F5900023684BB1286802F003FF20684FF0FF3169
:10F5A000BDE8704000F070BA261D304600F052FAF7
:10F5B0002660EFE74C0F0020F0290020F0B5002373
:10F5C00083B0CDE900330D4602A9044611E90300DA
:10F5D00004F11807154E2660DFF860C02361164657
:10F5E00087E80300124AC4F820C048F207016162AC
:10F5F000E362A46227636263BFF36F8FBFF34F8F31
:10F6000004F13C0784F83830194638469822FAF756
:10F61000CBFB084BC4F8D43038463246294601F0BB
:10F6200023FC054B20461C6003B0F0BDB0AC0208C3
:10F6300059F40108A0860100680F002001A090E89D
:10F640000368104A1B68934270B504460D4613D1F7
:10F65000FFF78EFF2946C4F8D45004F13C0001F0B6
:10F6600031FB2368084A5B68084993420C6005D166
:10F67000BDE87040FFF738BF9847EBE72046BDE88C
:10F68000704018477DF401082DF50108680F00202F
:10F6900030B50368104A1B6883B093420446019159
:10F6A00011D1FFF765FF019904F13C0001F002FE62
:10F6B00023680A4A5B689342054607D1FFF714FFA7
:10F6C000284603B030BD98470199EDE7204698479A
:10F6D000284603B030BD00BF7DF401082DF50108B8
:10F6E00038B50368144A1B68934204460D4620D17E
:10F6F000FFF73EFF75B1002104F13C0001F07CFDF5
:10F7000023680E4A5B68934205460ED1FFF7ECFE74
:10F71000284638BD012104F13C0001F06DFD23684D
:10F72000064A5B6893420546F0D020469847284633
:10F7300038BD9847DEE700BF7DF401082DF50108CC
:10F7400003680D4A1B68934210B504460ED1FFF7BB
:10F750000FFF04F13C0001F069FC2368074A5B6875
:10F76000934205D1BDE81040FFF7BEBE9847F0E7D1
:10F770002046BDE8104018477DF401082DF501082A
:10F7800003680D4A1B68934210B504460ED1FFF77B
:10F79000EFFE04F13C0001F04DFC2368074A5B6872
:10F7A000934205D1BDE81040FFF79EBE9847F0E7B1
:10F7B0002046BDE8104018477DF401082DF50108EA
:10F7C000704700BF012906D0022903D1C36C403025
:10F7D0001B6818477047C36B30301B68184700BF61
:10F7E00010B50A4B044640F8203B01F057F8E36C93
:10F7F0001BB19B6804F140009847E36B1BB19B6809
:10F8000004F130009847204610BD00BFC8AC020884
:10F8100010B50446FFF7E4FF204601F0B9FF20468B
:10F8200010BD00BF2DE9F04F054685B02F4B45F8C0
:10F83000043B044600F120086E4630300023DFF818
:10F84000B8A0DFF8B0906360B042C5E90133C5E904
:10F850000333C5E905330F462362CDF800A0C8E99C
:10F860000133C8F80C30CDF80C90E363E36404F185
:10F87000400B32D0B9F1000F2DD03146FFF7A0FC7C
:10F88000039BE36313B19B6830469847B345CDF8BB
:10F8900000A0CDF80C9022D0E36C23B39B685846AF
:10F8A0009847039BEBB15B68584631469847039BEA
:10F8B000E36413B19B68304698470D4A23463946A6
:10F8C000404600F031FF2846394601F0A7FD2046AA
:10F8D00005B0BDE8F08F4B46D3E74B46D2E7054B6A
:10F8E000E7E7E364E9E7034BDCE700BFC8AC0208E5
:10F8F000C5F701089CAC0208C1F70108D0E9013244
:10F9000012681A4214BF01200020704710B582B05F
:10F910000446019101F054FD0199201D00F020FEE4
:10F9200002B0BDE8104001F05FBD00BF70B50D46EC
:10F9300086B0044601F044FDEB68D3B104F1300613
:10F94000AE420CD0E26B22B1936830469847EB6828
:10F9500023B15B68304629469847EB68E363012290
:10F9600004F12000114600F081FE01F03DFD06B0DB
:10F9700070BDE26B1049114B0291059304F1300008
:10F9800022B1936801909847059B019893B15B68F9
:10F9900002A99847059BE36313B19B6802A89847A7
:10F9A00004F120000022012100F060FE01F01CFDA6
:10F9B00006B070BDE363F3E7C1F701089CAC020831
:10F9C00070B50D4686B0044601F0FAFCEB68D3B181
:10F9D00004F14006AE420CD0E26C22B1936830468E
:10F9E0009847EB6823B15B68304629469847EB6837
:10F9F000E36404F120000122022100F037FE01F04F
:10FA0000F3FC06B070BDE26C1049114B02910593F6
:10FA100004F1400022B1936801909847059B01983A
:10FA200093B15B6802A99847059BE36413B19B6897
:10FA300002A8984704F120000022022100F016FEDF
:10FA400001F0D2FC06B070BDE364F3E7C1F7010832
:10FA50009CAC020838B500F10805044610220021CC
:10FA60002846FAF7A1F9204640F8045F02F064FC4A
:10FA7000206008B1204638BD024801F0C9FC20468C
:10FA800038BD00BFD0AC0208006802F07FBC00BFE8
:10FA9000006802F085BC00BF08B50C4802F04CFCC1
:10FAA0000B4B02460B481A6002F046FC0A4B02461A
:10FAB0000A481A6002F040FC094B186009F0C2FDC8
:10FAC0000021BDE80840084601F032BE64B20208D9
:10FAD000F029002060B20208740F00205CB2020816
:10FAE0006C0F002003F078BC00B583B0019002F0E9
:10FAF00007FB01990246034803B05DF804EB01F0EF
:10FB000087BC00BF20B2020800F098B90B4A0C4B2A
:10FB10000C4830B41A60C2F1005303F50233B3F558
:10FB2000806F1946084D094C28BF4FF480615B1A5D
:10FB30002B6013442360016030BC7047C03200204A
:10FB4000DC230020780F0020D82300207C0F002029
:10FB500002F08AFCFFF7DAFF0348002102F03AFBCB
:10FB600002F04EFAFEE7000010020020D0F8D0307C
:10FB7000044A10B50446026013B19B68C43098472C
:10FB8000204610BD90B2020850B1D2E9003223B134
:10FB900000EB6200D20706D4184712F0010F00D123
:10FBA000704700EB62000268D358184710B504464E
:10FBB00050B1036D13B19B6844309847636A1BB121
:10FBC0009B6804F118009847204610BD70B5104C92
:10FBD000206828B1BDE870404FF0FF31FFF754BFF7
:10FBE0000C4D4FF0FF31286802F0D0FB23684BB179
:10FBF000286802F0D5FB20684FF0FF31BDE8704067
:10FC0000FFF742BF261D3046FFF724FF2660EFE7CF
:10FC100034200020F0290020D0F8D030064A10B55A
:10FC20000446026013B19B68C4309847204601F037
:10FC3000AFFD204610BD00BF90B2020870B50E4C5B
:10FC4000206818B1BDE87040FFF722BF0B4D4FF0A0
:10FC5000FF31286802F09AFB23683BB1286802F064
:10FC60009FFB2068BDE87040FFF712BF261D30469D
:10FC7000FFF7F0FE2660F1E734200020F029002095
:10FC800030B503680D4D5B6883B0044698472B6818
:10FC9000A3420CD0D4E93612201D0023019006F0B7
:10FCA00037FC0198D4F8E01006F060FC2C60236863
:10FCB0009B68204603B0BDE8304018475020002024
:10FCC000036870B55B6804460E4615469847074BB7
:10FCD0002046C4E9366500221A60FFF7D1FF236889
:10FCE00020469B68BDE87040184700BF50200020A8
:10FCF000036870B55B6804460D469847064BC4F828
:10FD0000E050204600221A60FFF7BAFF2368204621
:10FD10009B68BDE8704018475020002030B503684C
:10FD200083B004465B68019198472046FFF7A8FF1F
:10FD30000199201D06F046FC236805469B68204675
:10FD40009847284603B030BD2DE9F04306460446E7
:10FD5000254846F8040B87B000250F4690463046EC
:10FD60009C2200210393BDF93890FAF71DF8CDE9E4
:10FD7000045506AB13E9030004F1A40282E8030072
:10FD8000DFF868E0DFF868C0C4F8ACE048F20701CB
:10FD9000C4F8B010C4F8B850C4F8B440C4F8BC20DB
:10FDA000C4F8C0C0BFF36F8FBFF34F8FDFF844C0FC
:10FDB000039BC4F8D0504FF0080E84F8D450C4F818
:10FDC000DC504246CDF8009039463046C4F8D8E0C1
:10FDD000C4F8E0C006F0F4FA2046FFF751FF2046D1
:10FDE00007B0BDE8F08300BF90B2020801A090E820
:10FDF00089FB010840420F0038B50D4C2046002514
:10FE0000294640F8045B2822F9F7CEFF294628222C
:10FE100004F13000E562F9F7C7FFA5652046E56506
:10FE2000044A84F860500449BDE8384001F09ABCA7
:10FE3000D01F002000020020ADFB0108024B1B6810
:10FE400003B11847704700BF5420002002F0DCB90E
:10FE50004369416810B50446194400F017F9636A14
:10FE600004F118001B68BDE81040184710B504469F
:10FE700086B001F0A5FA204600F00EF9636A002270
:10FE80000592A3B19B6804F1180001909847059B67
:10FE90006BB15B68019802A99847059B636213B137
:10FEA0009B6802A8984701F09FFA06B010BD002396
:10FEB000636201F099FA06B010BD00BF10B5084B9F
:10FEC00003600446FFF7D2FF636A1BB19B6804F12D
:10FED00018009847204600F0CBF8204610BD00BF20
:10FEE000ACB2020810B5094B03600446FFF7BEFF31
:10FEF000636A1BB19B6804F118009847204600F024
:10FF0000B7F8204601F044FC204610BDACB2020810
:10FF100038B504460D4601F053FA204600F0BCF80F
:10FF20002069656101F0BEFC4119204600F0AEF881
:10FF3000BDE8384001F058BA034618305B6A1B68C8
:10FF4000184700BF10B5084B03600446FFF78EFF4B
:10FF5000636A1BB19B6804F118009847204600F0C3
:10FF600087F8204610BD00BFACB2020810B5094B9F
:10FF700003600446FFF77AFF636A1BB19B6804F1D4
:10FF800018009847204600F073F8204601F000FC66
:10FF9000204610BDACB2020810B5044601F010FABC
:10FFA00023681BB1BDE8104001F01EBAE06801F003
:10FFB00079FC0123C4E90030BDE8104001F014BA17
:10FFC00038B5044601F0FCF925681DB901F00CFABA
:10FFD000284638BDE06801F065FC6568451B01F006
:10FFE00003FA284638BD00BF30B5044683B001F09F
:10FFF000E7F92046A568FFF7E3FF2844019001F0E8
:020000040802F0
:10000000F3F9019803B030BD10B5044601F0D8F9FA
:10001000E06801F047FC0023C4E90103BDE810409B
:1000200001F0E2B9002310B5C0E900338360044653
:1000300001F03CFCE0602046FFF7E6FF204610BDE3
:1000400003689B68184700BF074B10B50360002387
:10005000C0E90133C360044601F028FC0349206174
:1000600001F09AFB204610BDD4B2020841000208FC
:1000700010B50146044B41F8043B0446006901F009
:10008000E7FB204610BD00BFD4B2020803460A4673
:10009000011D006901F0B0BB011D006901F0D8BB72
:1000A00070B54FF0FF33EF2982B005460C46036070
:1000B00016DC2D49204601F033FA2B4928602046F2
:1000C00001F04AFA28490646204601F0F5F9274A88
:1000D000AC801368C6F30436AE6063B102B070BD85
:1000E0002349204601F01CFA21492860204601F0EE
:1000F00033FA0646EBE71F492E681F4801241460B7
:10010000CA6C42F40052CA64CA6C836002F40052A2
:100110000192019AD1F88820C36042F04052C1F8A0
:1001200088204FF4802504214FF480520383C0E9D6
:10013000094306600361C46180F82030C36280F81F
:10014000303080F8383045604161426303F0F4FAA2
:1001500030B909487F2102B0BDE8704003F01CBFF0
:10016000064801F055F9F4E7F8AC020858200020E1
:100170007CAD02080010024020310020E0B20208ED
:1001800030B53B4A83680168116087B00546122B81
:100190006BD8DFE803F02E3134373A3D404346490F
:1001A0004C4F5255585B5E610A00324B0093062457
:1001B000072069467F2204230194029000242C48E2
:1001C0000594CDE9032303F0EBFB294803F070FE0F
:1001D00027480A2103F090FB002840D0AB68204656
:1001E000112B04D0C0F3032343EA001080B207B000
:1001F00030BD214B0093DAE7204B0093D7E7204B2B
:100200000093D4E71F4B0093D1E71F4B0093CEE739
:100210001E4B0093CBE71E4B0093C8E71D4B00938A
:10022000C5E71D4B0093C2E71C4B0093BFE71C4B77
:100230000093BCE71B4B0093B9E71B4B0093B6E759
:100240001A4B0093B3E71A4B0093B0E7194B009396
:10025000ADE7194B0093AAE7184B0093A7E70448B2
:1002600003F09AFBAB6880B2BAE70020BAE700BFA0
:1002700020310020000084CB010000800200300407
:10028000040060080800900C1000C0102000F0145A
:10029000400020198000501D000180210002B0257F
:1002A0000004002A0008302E001060320020903632
:1002B0000040C03A0080F03E00002143000052C7D9
:1002C0003D4B5A692DE9F0413C4CD50723601DD5C3
:1002D0009D683B489F683B4A9E683B493A4005EA17
:1002E0000007A84304BF01209860364B9A4201EAF8
:1002F000060159D0344B99424ED0314B9F4243D0E6
:10030000304B9A4240D0304B99423DD02A4BDA686C
:100310005969900701D089072ED49A69596958699B
:10032000920701D58F051DD49A69596958695507F7
:1003300001D5490502D45B69BDE8F081020406D508
:10034000224A234B10681B680721984723685B6982
:100350001B04F1D51D4A1E4B10681B68BDE8F04117
:10036000022118470604DFD5184A194B10681B688C
:10037000052198472368D7E7144A154B10681B6876
:10038000002198472368C8E7104A114B10681B6882
:10039000012198472368BAE7074B4FF480309860F3
:1003A000074B9F42ACD1EFE7034B4FF4807098604E
:1003B000054B9942A1D1EFE7006400405C2000208A
:1003C0000300000400030008000003109C2000202C
:1003D000A0200020FFF774BFFFF772BF104B30B4AE
:1003E0009C689A68B2F1006F05D02346103030BC8B
:1003F00043F8201070470B4D4FF08053E21802F184
:100400007042126843F8042BAB42F7D14FF080538F
:10041000034A1030936030BC43F82010704700BF8F
:1004200000ED00E08C01001000B587B0072813D85C
:10043000DFE800F019283644521212042D4B2E48E2
:10044000DA6C42F08002DA64DB6C03F0800305931F
:10045000059B07B05DF804FB284800F0D9FF002099
:1004600007B05DF804FB234BDA6C42F00102DA645A
:10047000DB6C03F001030093009B4FF0904007B04A
:100480005DF804FB1B4B1E48DA6C42F00202DA6492
:10049000DB6C03F002030193019B07B05DF804FBE2
:1004A000144B1848DA6C42F00402DA64DB6C03F097
:1004B00004030293029B07B05DF804FB0D4B124846
:1004C000DA6C42F00802DA64DB6C03F00803039391
:1004D000039B07B05DF804FB064B0C48DA6C42F056
:1004E0001002DA64DB6C03F010030493049B07B082
:1004F0005DF804FB00100240001C0048F8B202083E
:100500000004004800080048000C004800100048A3
:100510004B1C70B5044601821FD0C1F303100D4679
:10052000FFF782FF00210646284601F0EDF9238AF5
:100530000A4A666103F00F03012105F00F0552F826
:100540002330A36101FA05F506F1180206F1100146
:10055000C4E9011228362560E66070BDACB402081B
:10056000B0F9100001F07CBA30B4446981B98169F6
:10057000226891FAA1F3B3FA83F303205B0000FA37
:1005800003F322EA030391FAA1F1236030BC704720
:100590008369226893FAA3F1B1FA81F193FAA3F384
:1005A0000325B3FA83F349005B0005FA01F101204A
:1005B000984022EA01030343236030BC704700BF28
:1005C000194B2DE9F0414C2505FB0035DFF85C8027
:1005D0000E462F4600243A68012303FA04F0104225
:1005E00015D06A6BD8F8141003FA02F211420ED03B
:1005F000E969C8F81420686848B10969DFF830E093
:1006000011424FF0020109D1DEF800309847013461
:10061000A64205F10405DED1BDE8F081DEF8002038
:1006200019469047F3E700BFA420002000040140D2
:10063000B822002001210020FFF7C2BF0121084697
:10064000FFF7BEBF01210220FFF7BABF012103203F
:10065000FFF7B6BF01210420FFF7B2BF052108460E
:10066000FFF7AEBF06210846FFF7AABF012917D042
:10067000022914D14AB18389134903F00F02C868D3
:10068000012393400343CB60704782890E4802F0F8
:100690000F01C36801228A4023EA0203C360704746
:1006A00083893AB1084A03F00F03906899400143E7
:1006B00091607047044803F00F038268994022EA72
:1006C00001018160704700BF00040140B0F90C30A7
:1006D00003F00C0202F1804202F5803203F00301C4
:1006E000F0B496680E4D0F278C0007FA04F126EA45
:1006F0000106C3F30311A140314391602C680949FD
:100700003B40012202FA03F323432B6090F90030AF
:1007100003F01F005B098240F0BC41F823207047C2
:100720000004014000E100E02DE9F04F0C460131EA
:1007300085B067D09A46374B374D91461A6E04F014
:100740000F0842F001021A6608EB48021B6E05EB27
:10075000820203F00103576803930646039B4FEAA6
:10076000480BC4F30310062F4ED8DFE807F03F41D3
:1007700043454749040029490191FFF755FE0BEB1A
:100780000802034605EB82004FF04C0E55F822207C
:10079000DFF8ACC090F90800307007EBC7050EFB1E
:1007A00007FE07EB450515444FF0010B0BFA02FB62
:1007B0005CF80E2077600CEB8507B4810024B460F0
:1007C000FB61174B0199C7F804A042EA0B02C7F876
:1007D00034804CF80E20C3F80090FFF7FFFD304640
:1007E000FFF774FF204605B0BDE8F08F0D49C3E761
:1007F0000D49C1E70D49BFE70D49BDE70D49BBE70D
:100800000D49B9E72046EEE70C4800F001FE4FF035
:10081000FF30E8E70010024044B302086506020812
:10082000B8220020350602083D06020845060208E7
:100830004D060208550602085D0602081CB30208B0
:10084000A420002030B48389124D134C2968012262
:1008500003F00F0302FA03F321EA03032B6090F97C
:1008600000305909203103F01F0302FA03F344F862
:100870002130BFF34F8FBFF36F8F90F900305909CC
:10088000603103F01F039A40002344F8212030BC5C
:10089000836070470004014000E100E0838914494F
:1008A00003F00F0303EB430370B5446851F8236072
:1008B000FFF7C8FF4C220F4B02FB04F204EBC4010C
:1008C00004EB4104012599583444B540A01D21EAA8
:1008D000050504F10C0103EB800003EB840403EB3A
:1008E00081019D500023436063604B6070BD00BF79
:1008F00044B30208A42000202DE9F8433B4B3C4DB3
:100900001A692B60D40702D5DA68D00765D4374B53
:100910001C6914F0020403D0DC6814F0020449D10D
:100920001A69510702D5DA6852072CD44FF40051E6
:10093000304803F0C9FB802105462F4803F0C4FB73
:10094000284310F0FF0F16D12C4BD3E9000150EAD9
:1009500001030ED06CB1261A4FF0000262EB0107C2
:100960000023274ABB4208BFB24202D2254B264A87
:100970001A60BDE8F883002CFBD0204B0022C3E9AD
:100980000042BDE8F883DFF88C906FF004021A6132
:10099000D3F82480D9F80030A8EB0303B3F57A7FAD
:1009A000C4D302F0B5FE2B6808F57A729A63C9F8D1
:1009B0000080BBE715496FF002021A61144A08680B
:1009C0005C6A116844EA0044A142A9D84FF0FF33A1
:1009D000136000F06FFF2B68A2E70C4A6FF0010173
:1009E000196113680133136091E700BF00040040F0
:1009F000783200200008004800040048A0040020CD
:100A000080841E009401002034CD12AB3C270020CE
:100A1000B8320020BC220020284B30B59A6D284CFB
:100A200042F002029A659A6D83B002F002020192CE
:100A3000019A9A6B42F002029A639A6B22F00202C8
:100A40009A6305F049FE1F4B1F4A1B681F4921602E
:100A5000A2FB03239B0C013B4FF6FF7200252046AF
:100A6000C4E903256360A56005F0B6F82946204671
:100A700005F032F82046042105F02EF82268144BC8
:100A8000516A19601B68134903F57A7393631D203B
:100A9000FFF7A4FC104B4FF000521A602368DA688D
:100AA00042F00102DA60DA6842F004022046DA60BD
:100AB00004F0FAFF284603B030BD00BF001002402A
:100AC000783200203002002083DE1B430004004007
:100AD000BC220020F908020800E100E0034B044AB0
:100AE0001360DA6822F00402DA6070470004004004
:100AF00078320020034B044A1360DA6842F00402A3
:100B0000DA607047000400407832002000B5064BE0
:100B100083B0D868019003F03DFC019803B05DF804
:100B200004EB03F069BE00BFC022002000B5064BF5
:100B300083B09868019003F02DFC019803B05DF834
:100B400004EB03F059BE00BFC022002000B5064BE5
:100B500083B05868019003F01DFC019803B05DF864
:100B600004EB03F049BE00BFC022002000B5064BD5
:100B700083B01868019003F00DFC019803B05DF894
:100B800004EB03F039BE00BFC0220020F8B590F995
:100B90005C5090F95D4006460F462846FFF71EFC64
:100BA00039462046FFF71AFC96F86C30002B0CBF34
:100BB00020211021002D1FDB05F1604202F561426A
:100BC000002CEBB282F800131EDB04F1604000F54C
:100BD0006140E2B280F800130F4802F01F0103F0F9
:100BE0001F0301226D09640902FA03F38A4040F8E9
:100BF000253040F82420F8BD084A05F00F031A44B8
:100C0000002CEBB21176E0DA044804F00F02104435
:100C1000E2B20176E0E700BF00E100E0FCEC00E0BA
:100C2000234B426D1B680168B3FBF2F303EB8303B4
:100C30009B00416001E0013B02D08A691204FAD4B2
:100C40001C4B99421AD01C4B994209D11B4B9A6BF1
:100C500042F480029A639A6B22F480029A6370478E
:100C600003F58063994214D1144B9A6B42F400024D
:100C70009A639A6B22F400029A63704703F5DE339D
:100C80009A6B42F400129A639A6B22F400129A63F0
:100C900070470B4B994209D1084BDA6B42F00202C4
:100CA000DA63DA6B22F00202DA637047704700BF42
:100CB0003002002000540040005800400010024064
:100CC00000840040574AF8B5436D1668B6FBF3F34D
:100CD000044603EB830340680D469B00271D01E09B
:100CE000013B02D082691204FAD44F4B9E4253D08A
:100CF0004E4B9E4236D04E4B00229D42A2603CD1CC
:100D000023684C4A93427BD04B4A934200F0848044
:100D10004A4A93427AD04A4A93426CD0454A934217
:100D20002FD0454A934251D002F58062934240D180
:100D3000444AD2F8883023F4403343F48033C2F875
:100D400088300021384603F0A9FD00230122C4E9C0
:100D50000423C4E908333846E360A36103F0DEF9F5
:100D60006565F8BD384B9D423FD0314B9D4239D02F
:100D7000364B9D4234D00023A36023682D4A934212
:100D8000CFD102F5DE32D2F8883023F4405343F459
:100D90008053C2F88830D4E72B4B9D4229D0244B96
:100DA0009D4224D0294B9D42E5D1294BA360236865
:100DB000B4E7234A9342C4D1224AD2F89C3023F0AC
:100DC000030343F00103C2F89C30BAE71D4AD2F88E
:100DD000883023F4404343F48043C2F88830B0E7BE
:100DE0001C4BE3E71C4BA3608AE71C4BDEE71C4B64
:100DF000F9E71C4BDAE74FF4000003F07BFDBCE79A
:100E00004FF4801003F076FD23687DE74FF48000F7
:100E100003F070FD23687EE74FF4001003F06AFDD5
:100E2000236875E73002002000B4C404006CDC02C3
:100E300040420F000054004000580040005C004059
:100E40000084004000100240801A0600A0860100C5
:100E50006B4EC130553EA02016085000210C80106A
:100E6000270E81003A14D110F0B50E46044685B025
:100E700067493046154600F053FB66490746284649
:100E800000F04EFBA4F858600146A4F85A503846CA
:100E900000F034FB604B2060984222D05F4B9842B8
:100EA00045D05F4B984268D05E4B984200F08C80F2
:100EB000636D0BB95C4B63652046FFF7B1FE616D56
:100EC000FFF700FF00234FF0007284F86D3084F8C4
:100ED0006C3084F86E30226684F86430A36605B006
:100EE000F0BD03F5DE33002284F850209A6D4849A6
:100EF00042F400129A659B6D03F400130093304690
:100F0000009B00F0D9FA4349284600F0D5FA0321A6
:100F1000304600F0A5FD2846032100F0A1FD42F275
:100F20001F032068A4F85C303C4B9842B9D103F50C
:100F3000DC33012284F850209A6D354942F4800256
:100F40009A659B6D03F4800301933046019B00F08A
:100F5000B3FA3049284600F0AFFA0321304600F0DA
:100F60007FFD2846032100F07BFD42F2212320680B
:100F7000A4F85C302A4B984296D103F5DA3302226A
:100F800084F850209A6D224942F400029A659B6DC4
:100F900003F4000302933046029B00F08DFA1D49D2
:100FA000284600F089FA0321304600F059FD284612
:100FB000032100F055FD44F648132068A4F85C3086
:100FC000184B98427FF474AF032703F5C63384F8B7
:100FD0005070DA6D0E4942F00202DA65DB6D03F003
:100FE000020303933046039B00F066FA0949284642
:100FF00000F062FA3946304600F032FD39462846A4
:1010000000F02EFD45F25343A4F85C3050E700BFDA
:1010100030AE0208ACAD0208005400400058004059
:10102000005C004000840040A0860100012383662C
:101030000020704738B590F86C300546002B39D148
:10104000426853685C0507D441F2010301E0013BAB
:1010500002D091698807FAD54FF48043536041F27A
:10106000010301E0013B2DD091698906FAD52023C7
:10107000D361536823F47F7323F003035360136831
:1010800023F001031360146814F00104FBD113680A
:10109000296E43F00103B1F1007F136001D12046B6
:1010A00038BD2846B5F95A20B5F95810FFF7DCFECF
:1010B000204638BDB0F95A20B0F95810FFF7D4FED9
:1010C000002038BD6FF0010038BD00BF38B50446C0
:1010D000051DC260284603F021F894F85030032B18
:1010E00015D8DFE803F00E1012020A490A4A20461A
:1010F00042F82350FFF74AFD2846BDE8384003F088
:1011000035B90649F2E70649F0E70649EEE700215E
:10111000ECE700BF0D0B0208C02200206D0B020897
:101120004D0B02082D0B020830B5044683B094F82D
:101130006830043853B9B4F95620B4F95410FFF7A5
:1011400093FE022384F8603003B030BDA568B4F983
:101150005620B4F954100190FFF786FE002DF0D010
:101160000023012184F86810019819462A46FFF7E8
:10117000ADFF022384F8603003B030BD012904D0F4
:1011800011B9012380F86A30704780F86910704700
:10119000002380F869307047002380F86A30704778
:1011A00003F0E4B870B54FF080730546164604307E
:1011B00092B203F071F8D0B90E4B6A6D1C6895F8C5
:1011C0006E30B4FBF2F406FB0444C4EB0414640078
:1011D00053B1013C01E0013C09D0012000F070FB5B
:1011E00095F86E30002BF6D10CB1304670BD002062
:1011F00070BD00BF3002002030B5446890F86C30FC
:10120000656883B003BBEB0107D541F2010301E040
:10121000013B20D0A2691006FAD581B945F080754E
:1012200045F48035656041F2010301E0013B12D0D5
:10123000A2695207FAD5606AC0B203B030BD25F08A
:10124000807545F4C035EDE701220DF10701FFF788
:10125000A9FF03B030BD4FF0FF3003B030BD00BF79
:1012600070B54FF0807305461646043092B202F016
:10127000A9FFD0B90E4B6A6D1C6895F86D30B4FBB0
:10128000F2F406FB0444C4EB0414640053B1013CC3
:1012900001E0013C09D0012000F012FB95F86D300F
:1012A000002BF6D10CB1304670BD002070BD00BFE0
:1012B0003002002030B5436890F86C405D6883B020
:1012C0000191002C4FD10246806EA0B1C1F30900FC
:1012D0009466C90740EA050256BF22F4806242F4D0
:1012E000105242F4005222F0407242F48032012047
:1012F0005A6003B030BD5868C20107D541F20102FF
:1013000001E0013A35D099690D06FAD5019D05F441
:101310007F42B2F57F4F0CBF20F0807040F08070AC
:1013200040F4803008BF0124586041F2010201E01E
:10133000013A1ED09969C907FAD5EDB29D6241F212
:10134000010201E0013A14D09969C807FAD53CB10D
:1013500041F2010201E0013A0BD099694906FAD540
:10136000012003B030BD012201A9FFF779FF03B0CE
:1013700030BD022003B030BD026838B5136823F0D9
:10138000FE03136090F95950044690F9580002F09A
:1013900063FE284602F060FE022384F8603038BD08
:1013A00008B500F00DF8962000F0A8FA962000F09D
:1013B000A5FAF8E7EFF31080C04300F00100704792
:1013C000EFF3108272B6064B196819B9054902F09D
:1013D00001020A701A681A6801321A60704700BF69
:1013E000D422002052270020074B1A6852B1EFF395
:1013F00010821A68013A1A601B681BB9034B1B78EC
:1014000003B962B6704700BFD422002052270020E3
:101410000FB4012008B500F0A7F900BF38B50C469D
:101420000546FFF775F8013400D138BD2846002184
:10143000FFF79AF828460021BDE83840FFF790B83A
:1014400070B50C4616460546FFF762F8013400D128
:1014500070BD28460021FFF787F831462846BDE8D1
:101460007040FFF77DB800BF70B50D4616460446C4
:10147000FFF74EF8013511D066B9E36822681A60AB
:1014800020460121FFF770F820460021BDE870409A
:10149000FFF766B8A36822681A60F1E770BD00BF65
:1014A0000022FFF7E1BF00BF08B505F015F9BDE860
:1014B000084002F01DB900BF431C1BD0B1F9003039
:1014C00010B50446581C04D10FE031F90C3F5A1CEA
:1014D0000BD09C42F9D12046896800F015FA2046CD
:1014E0000021BDE8104000F0BBBABDE81040024842
:1014F000FFF78EBF704700BF04B40208884203D0D4
:10150000421C09D0013100D1704708B50348FFF7EC
:101510007FFF4FF0FF3008BD0846704718B402083F
:10152000421C15D008B5B1F900305A1C04D109E0AD
:1015300031F90C3F5A1C05D09842F9D14868411C3A
:1015400000D008BD0348FFF763FF4FF0FF3008BD30
:10155000704700BF2CB40208421C15D008B5B1F981
:1015600000305A1C04D109E031F90C3F5A1C05D057
:101570009842F9D18868411C00D008BD0348FFF7A4
:1015800047FF4FF0FF3008BD704700BF4CB4020862
:1015900008B506480221032201F062FF0348BDE8B6
:1015A00008404FF4165102F02BB800BF2032002043
:1015B000022801DC0020704738B50446033C07F0E0
:1015C000E3FE0E4A52F8243009250021056042F856
:1015D00024107BB11A68184613699847041EA8BFE7
:1015E000002000DB38BD07F0CFFE644204604FF0FE
:1015F000FF3038BD4FF0FF3038BD00BFD82200208B
:10160000F8B506460C46154607F0BEFE0923022E25
:10161000036010DC154B1B68FBB155B16E1E144FF7
:101620002644013C14F8011F384601F0FFFFB44284
:10163000F8D12846F8BD0F4B033E53F8260088B179
:1016400003682A46DB6821469847051EF1DA07F051
:101650009BFE6B4203602846F8BDFFF799FF002D03
:10166000DCD1E6E74FF0FF35E3E700BF3824002088
:1016700020320020D822002070B504460E461546C0
:1016800007F082FE0923022C036009DC104B1B6863
:10169000C3B1104801F0B8FF01243070204670BD7E
:1016A0000D4B033C53F8240078B103682A469B682D
:1016B00031469847041EF1DA07F066FE6342036084
:1016C000204670BDFFF764FFE3E74FF0FF34E5E726
:1016D0003824002020320020D822002070B5044693
:1016E0000D46164607F050FE0923022C03600BDD61
:1016F000084B033C53F8240040B1036832462946A6
:10170000DB69BDE870401847002070BD4FF0FF3026
:1017100070BD00BFD822002008B5012000F024F8D9
:1017200008B5FFF7C1FEFEF713FA08BD704700BF0A
:1017300008B5FFF7FBFFBDE80840F6F757B900BF53
:10174000074D08B52B680446986807F0D3FE2B6850
:10175000D86807F0CFFE04B9FEE7FFF721FEFBE7EC
:10176000340200200120704708B5FFF7E9FF00BFF1
:101770000120704710B5FAF7A5FF044608B12046CE
:1017800010BD0248FFF744FEF9E700BF70B402083D
:1017900008B1FAF7BDBF704738B5036804461B6847
:1017A0000D46984763681D6038BD00BF036870B57B
:1017B000DB68054698476B685B6883B12A681C68DC
:1017C00053689847201A00286A680DDCD2E9001097
:1017D000836853600029F0D040688847EBE72B68A6
:1017E000BDE870409B6818472B6852681B691068F9
:1017F000BDE87040184700BF2DE9F04107460E468E
:1018000015469846FFF7DCFD796835604C68C6F8E8
:101810000480D4B1002203E0A36822467BB11C46B9
:101820002368EB1A002BF7DAB4604AB93B684E60C4
:1018300028461B699847BDE8F041FFF7D5BDB36066
:101840009660BDE8F041FFF7CFBDB460EEE700BFA2
:1018500038B505460C46FFF7B3FD6A685368A342E6
:101860000AD02BB19A68A24211D01346002BF9D1AD
:10187000BDE83840FFF7B8BD9B6853606BB12A687C
:10188000186813699847BDE83840FFF7ADBDA268F6
:101890009A60BDE83840FFF7A7BD2B689B68984762
:1018A000E6E700BF03685B68184700BF0048704761
:1018B00090B402080148FFF779BF00BF90B4020856
:1018C00038B5044604F086FFB4F57A7F054605DA9C
:1018D00004F080FF431BA342FAD338BDFFF76AFD33
:1018E0000028F5D00448E31780FB0420C3EBA010C8
:1018F000FEF7ACFAECE700BFD34D62104FF47A73F9
:1019000003FB00F0FFF7DCBFF8B500F00F02534B0C
:101910000646C0F3031053F822400D46FEF784FD3F
:1019200005F00703826894FAA4F7B7FA87F794FAE8
:10193000A4F14FF0030EB1FA81F17F004FF0020CD9
:1019400049000EFA07F70CFA01F122EA07020A43EE
:10195000634582604FD073454BD0A3F10107B7FABE
:1019600087F77F09026894FAA4F6B6FA86F694FA25
:10197000A4F14FF0030CB1FA81F1760049000CFAA2
:1019800006F607FA01F122EA0602013B0A43012B9F
:10199000026005D843682A074CBF2343A343436032
:1019A000C5F30115012D10D0022D0ED0C26894FA96
:1019B000A4F3B3FA83F303215B0001FA03F322EAF1
:1019C000030394FAA4F4C360F8BDC36894FAA4F2C4
:1019D000B2FA82F294FAA4F40321B4FA84F4520025
:1019E000640001FA02F2A54023EA02031D43C56028
:1019F000F8BD1F46B6E7B6B23607C5F3032117D5C3
:101A0000466A220A92FAA2F7B7FA87F792FAA2F286
:101A10004FF00F0CB2FA82F2BF000CFA07F79200F7
:101A200001FA02F226EA07010A4342621F4699E7D9
:101A3000026A94FAA4F7B7FA87F794FAA4F64FF07B
:101A40000F0CB6FA86F6BF000CFA07F7B60022EACA
:101A50000702B1400A4302621F4683E7ACB40208A2
:101A600000F00F02324B70B5C0F3031053F8224060
:101A70000D46FEF7D9FC066894FAA4F1B1FA81F19B
:101A800094FAA4F203234900B2FA82F28B40520086
:101A90003340D340013B012B31D905F0FD03012B2D
:101AA00017D0052D35D0022D33D0C26894FAA4F397
:101AB000B3FA83F303215B0001FA03F322EA030381
:101AC00094FAA4F4C36070BD23EA0403012D4360BB
:101AD000E9D1C36894FAA4F2B2FA82F294FAA4F4B7
:101AE000B4FA84F4520003256400012105FA02F2DD
:101AF00001FA04F423EA02032343C36070BDEB1E22
:101B0000022B4368E0D82343032D4360E1D0052D29
:101B1000CBD1C36894FAA4F2B2FA82F294FAA4F494
:101B2000B4FA84F45200032564000221DEE700BF0A
:101B3000ACB40208B0F904000021FFF7E5BE00BF15
:101B400030B507EE101A274B02681A60B5EEC07A5E
:101B5000F1EE10FA89B0044626D4F7EE007AB4EE1E
:101B6000677AF1EE10FAC8BFB0EE677AD4ED037A67
:101B7000227DA568F8EE677A602067EE877A511EAD
:101B8000FCEEE77A019017EE903A00200329B3FBB0
:101B9000F5F3CDE90500CDE90230C4ED047A0490F7
:101BA000079004D909B030BD9FED0F7ADEE76FF0E2
:101BB000030505EB82050B482A4601A904F07EF8CF
:101BC00058B9637D074829461BB104F04DF909B0A7
:101BD00030BD03F0B5FF09B030BD0448FFF718FC75
:101BE000EFE700BFE823002000000000ECB402088B
:101BF0002DE9F0412DED028B624CC2680368236031
:101C000086B0064600200D460090002A7FD19FED49
:101C10005E8A196A41F21112114205D1196A40F225
:101C20004442114200F09880584F694601A803F0E1
:101C300027FB3B6831688B4200F0A1800023013311
:101C4000DBB2984657F833208A42F8D1002900F0D9
:101C5000928007EBC8073B79002B78D103F0ECFAB0
:101C6000049F00900123B360494B002F63D1A3FB75
:101C700000124FEA400EA3FB0E3E900C4FEA9E4E20
:101C8000421E691E6260E1600B464FF000084FF68D
:101C9000FE7CB3F5803F02D2B2F5803F1AD3B36821
:101CA0005B0000FB03F2B3600FB10EFB03F2B1FB6C
:101CB000F3F3634502F1FF324FF00108E9D8B2F5C2
:101CC000803F4ED2B3F5803F4FF00108E7D2B2F526
:101CD000803FE4D2B8F1000F01D06260E3600023DE
:101CE00028482361A36003F093FF00283FD118EE3A
:101CF000101AF5603046FFF723FF2268136843F09F
:101D00000103136006B0BDEC028BBDE8F08107EE65
:101D1000902A96ED047AF8EE677AB8EE477AF7EEF5
:101D2000006A87EE278AB4EE668AF1EE10FAC8BF21
:101D3000B0EE668A6DE74FEA400EA3FB0E2E4FEA27
:101D40009E4EA3FB0030800C0EF1FF3299E703F0AA
:101D500085FA059F009085E71A6822F001021A6053
:101D600062E70C486260E360FFF752FBB7E709489F
:101D7000FFF74EFBBBE70848FFF74AFB69E74FF068
:101D8000000863E7E8230020000000001CB50208FB
:101D900083DE1B43ECB4020804B5020830B50446E8
:101DA00087B00D4608463349FFF7BAFB314920603A
:101DB0002846FFF7D1FB23682F4AC0F30431934232
:101DC000C0F34040217560752CD0B3F1804F1BD11A
:101DD0002A4B9A6D42F001029A659B6D03F0010354
:101DE0000293029B23492846FFF766FB002301224A
:101DF000204644F62061C4E90333A580A26007B001
:101E0000BDE83040FFF7F4BE1D4A934215D11B4B8D
:101E10009A6D42F002029A659B6D03F002030393F0
:101E2000039BDFE7154B1A6E42F400621A661B6EC5
:101E300003F400630193019BD4E7124A93420AD151
:101E40000E4B1A6E42F480321A661B6E03F4803316
:101E50000493049BC6E70C4A9342C3D1074B1A6E06
:101E600042F400321A661B6E03F400330593059B9F
:101E7000B8E700BFB4AE0208002C014000100240D9
:101E800000040040004001400044014007EE101AE9
:101E9000D0ED037AB8EEC77AF8EE677AC7EE277A04
:101EA00017EE901AFFF74CBE70B40F4E336893B123
:101EB000002504E01C68891A1D468CB123469A68E7
:101EC0008A42F7D981609A680360511A996025B1F6
:101ED000286070BC704703608160306070BC7047E0
:101EE00004608160F4E700BF8C310020094B1B685F
:101EF00010B44FF6FE724FF47A74591E04FB0010B2
:101F0000B0FBF3F0904228BF104680B25DF8044B5E
:101F1000704700BF50B2020800B5DFF808C000DF0C
:101F20005DF804FBC122020808B5EFF3108444B940
:101F3000EFF305842CB908484FF0FF310068FFF734
:101F4000EBFFDFF818C000DF0446FDF7DDFD20469B
:101F5000DFF80CC000DFFEE7883100200121020815
:101F60001921020838B50D46044600F0F1FC28B1ED
:101F70002046294600F0F0FC002038BD812038BD05
:101F8000B0B50F4C207800AF08B10020B0BD0D4DAA
:101F90002B6893F8241001F001F82B68DA78FF2AF7
:101FA00003D1DA6A203282F309886A682AB101F023
:101FB000C7F9012323700020B0BDC5E90023F6E76F
:101FC00091310020D4310020014B1878704700BFB8
:101FD0009131002010B5EFF3108454B9EFF305846C
:101FE0003CB9EFF31484E40703D5DFF810C000DF39
:101FF00010BD014B187810BD91310020C91F020897
:10200000EFF310836BBBEFF3058353BB90B589B03F
:1020100000AFFFF7DFFF28B91B4C246814B16468D8
:1020200004B1A047EFF3148404F00304022C22D07F
:10203000032C18D0012C1AD007F1200484F309884E
:10204000124C2478E4071AD5022484F31488BFF3D1
:102050004F8FBFF36F8FDFF838C000DF2437BD46E6
:1020600090BD82207047094C2478E407F3D5FF2007
:102070002437BD4690BD054C2478E407EBD40324F7
:1020800084F31488E3E700BFC431002037BC0208A2
:10209000811F020870B538B306682EB3B0F904503A
:1020A0001446EA1C92B2062A1ED80B46C168C9B96A
:1020B0000A46043545EA0121304600F0ADFF98B1EB
:1020C0000C4A0D4B0D491B68013852F82050EA6A42
:1020D000516363B19B6853B1E87821469847E86340
:1020E000284670BD0269E4E70025284670BDEC6310
:1020F000284670BD182D0020C4310020291F020879
:1021000008B500F043FF18B1024B013853F8200026
:1021100008BD00BF182D002038B5A0B110F0030590
:10212000044610D1037873B9084B1B681BB1DB68F8
:102130000BB1C06B9847E07800F0CAFFFF2808BFDA
:102140008125284638BD8025284638BDC431002069
:10215000F8B5EFF3108494BBEFF3058CBCF1000FDE
:1021600027D107460E461546EFF31484E40702D440
:10217000144C2478FCB1EFF3108242B9EFF30582DE
:102180002AB9114A4FF0FF311068FFF7C5FE3846F3
:1021900031462A46DFF834C000DF0446EFF31080F2
:1021A00038B9EFF3058020B907480068DFF820C090
:1021B00000DF2046F8BDBDE8F840FFF76BBF002404
:1021C0002046F8BD9131002088310020952002087A
:1021D000152302080022FFF7BBBF00BF08B548B1B6
:1021E000421C08D0074A904208D8FFF77FFE01F052
:1021F000EDF8402008BD4FF6FF70F8E74FF6FE708F
:10220000F5E700BF00093D0010B5EFF3108434B9C5
:10221000EFF305841CB9DFF80CC000DF10BD82208D
:1022200010BD0000DD210208830704D130B1D0E9E0
:102230000413186870470020014670470146704734
:102240002DE9F041154E346804B3A368144F013BE7
:10225000A3604FF001082146C3B93B68256835608B
:1022600018462BB11B78012B02D1FFF77BFE10B172
:102270000420FDF739FC6379012B09D084F8048030
:1022800025B1AB682C462146002BE6D0BDE8F08195
:10229000E1682046FFF708FEF2E700BF8C3100201E
:1022A000F429002010B540B1046824B1237823B983
:1022B000204600F04DFC204610BD0024204610BDF5
:1022C00070B510F003061AD10446C0B10378032B91
:1022D00015D10D4641B14B1C17D00D4B994211D869
:1022E0000846FFF703FE0146204600F0B1FC012836
:1022F00006D1002D14BFC1268126304670BD802630
:10230000304670BD4FF6FE71EEE74FF6FF71EBE71A
:1023100000093D0010B510F0030403D110B103789B
:10232000032B02D08024204610BD00F019FCFF28AA
:1023300008BF8124204610BD30B583B0EFF3108470
:10234000E4B9EFF30585B5B9EFF31484E4070DD4D0
:102350000C4C247854B960B1006850B1037853B97B
:10236000019000F0F5FB019803B030BDDFF818C014
:1023700000DF03B030BD204603B030BD002003B005
:1023800030BD00BF91310020A5220208EFF3108379
:1023900023B9EFF305830BB9FFF7BEBD8220704769
:1023A00010B5EFF3108434B9EFF305841CB9DFF8EE
:1023B0000CC000DF10BD822010BD000015230208F4
:1023C00010B5044660B1016851B1406838B1037876
:1023D00033B90431890089B200F054FA606810BD45
:1023E000002010BD10B5174C237882B053B1164BA6
:1023F0001B68FF229A70154A002001231070237079
:1024000002B010BD00F022FF0F4B22781B68FF21A5
:102410009970002AEFD111460D480192FFF7D0FFC5
:102420000C4B019A014619600B481146FFF732FE2A
:102430000A4B02460A481A60FFF77EFF094B1860F4
:10244000D9E700BF90310020D43100209131002025
:1024500054B20208F429002070B20208EC290020CE
:102460004CB502088831002010B5EFF3108474B920
:10247000EFF305845CB9EFF31484E40703D5DFF8C8
:1024800014C000DF10BDBDE81040FFF7ABBF8220D5
:1024900010BD0000E52302082DE9F041804684B01C
:1024A00088B30378012B20D10C46B9B34B1C42D022
:1024B000224B994224D80846FFF718FD02464046B1
:1024C00002A900F0EBF9012833D0002002460346B0
:1024D0001020029904460D4616461F4620462946FE
:1024E00032463B4604B0BDE8F081002580242E46EC
:1024F0002F462046294632463B4604B0BDE8F081CF
:102500004FF6FE72DBE70546064607468024204666
:10251000294632463B4604B0BDE8F0810A4602A98E
:1025200000F0BCF90128D0D1002002460346204625
:10253000CFE74024F8E74FF6FF72C0E700093D00FF
:1025400030B5044685B021B1154612B90B78012B80
:1025500004D080232046236005B030BD084602A980
:1025600000F002FA042808BF102201AB14BF019545
:10257000019293E8070084E80700204605B030BDCB
:1025800038B504461546EFF3108010B9EFF3058017
:1025900028B120462A46FFF7D3FF204638BD08461B
:1025A0001146DFF810C000DFC4E90001A260204638
:1025B00038BD00009924020800B50A4C85B001A876
:1025C00021684FF0FF32FFF7DBFF01981028F6D1AA
:1025D0000298DFF814C000DF03460846002BEED057
:1025E0009847ECE7F42900202922020810B5044698
:1025F000008B6378628B0143062B218319D0052B56
:1026000000D010BD11EA0203FBD0638321EA02016E
:102610002183204600F0F8F801232046628B637086
:102620000821FCF72DFE21460448BDE8104000F0CB
:1026300007B832EA0103E9D010BD00BF9431002091
:1026400030B4027843688C78013AD5B223B90EE0F1
:102650005A68184662B113469A78A242F8D2022DFF
:102660004B60416009D8996030BC88607047034670
:102670000022022D4A60596003D9002030BC8860D6
:102680007047184630BC8860704700BF02784368C6
:10269000013A59684160022A07D811B100228860C6
:1026A0005A6000229A601846704700225A60184605
:1026B000704700BF034B5A68426000225860826036
:1026C000704700BF9431002070B4174DEB6833B3EE
:1026D000AC8AA142224601D823E023469C8A2244A8
:1026E00091420CD9DC68002CF7D1891A89B20022FA
:1026F000C26070BCD8600361998282827047DE68D4
:1027000094B2C660D860C268036102B11061621AF7
:1027100082829A8A141B2144998270BC70472B468E
:10272000E5E71E462B46ECE7AC3100202DE9F041F1
:102730001B4EF468002C30D0B58A013DADB2B58295
:102740005DBB184FA368DFF860802146384633B17F
:1027500062685A6062680AB193606560A560FFF7BD
:102760006FFFA28AB2826378042B4FF0010104D17B
:10277000D8F80030E08A0344A382E3686170F36014
:1027800053B11E61C4E903553AB91C462146A368FA
:102790003846002BDCD1E2E72361BDE8F08100BFC1
:1027A000AC310020943100201C32002083682BB112
:1027B00042685A60426842B193607047054B1A46BE
:1027C0005B68984202D0002BF9D170474368536090
:1027D000704700BF9431002010B584680CB90BE03D
:1027E000A4682378002BFBD0FFF7E0FF01462046CA
:1027F000BDE81040FFF724BF4378012B00D010BD87
:10280000004CF1E79431002003699BB1C268DA60A3
:1028100062B1998A10B4848A214499820024136198
:102820000023C46003615DF8044B70479A82002363
:1028300003617047704700BF70B4114BDC78EFF351
:102840001086EFF3108272B69A78944208D9551C1C
:102850001A789D70551CAC4214BFEDB200251D7056
:1028600006B962B6DC78944205D903EBC20370BCAA
:10287000C3E90101704770BC0220FDF735B900BF04
:10288000682900201039002389080122C0E901339A
:10289000C181028083708381704700BF38B583890E
:1028A00004467BB915465AB1436843B3274B1968B0
:1028B000FFF7C6FE2846082100F042FB012038BD84
:1028C000012038BD4389C289181D01339BB254F8D9
:1028D000200008609A42638104BF0023638163681B
:1028E00013B16378022B14D0EFF31080EFF3108351
:1028F00072B6A389013BA38148B962B638BD134AB9
:10290000126842600121C2E901304170D2E7002023
:1029100038BD2046FFF7BAFE00210546FCF7A6FCAD
:102920002389E289E869191D01339BB29A4244F870
:102930002100238104BF002323812846FFF764FF81
:10294000284600F0D1FA002038BD00BFD431002065
:10295000C2898089101A704708B5FFF76DFFBDE87E
:10296000084000F0F5B900BF83890BB918467047DD
:10297000438910B50433044650F823300B60437884
:10298000022B16D0EFF31082EFF3108372B6A389F7
:10299000013BA38102B962B66389E28901339BB22C
:1029A0009A42638101D0042010BD0023638104207A
:1029B00010BD0021FFF740FF00F0CAF9E2E700BFB9
:1029C000436870B504460D463BB14678022E41D0AF
:1029D000032E1ED0012E34D070BD8289C3899A4245
:1029E00061D20389043344F82310EFF31082EFF32C
:1029F000108372B683890133838102B962B6238959
:102A0000E28901339BB29A422381E5D100232381DD
:102A100070BD084600F07AF805460028DCD0204654
:102A2000FFF734FE29460446FCF720FC01236370BF
:102A30002046FFF7E9FE21461D48BDE87040FFF73C
:102A4000FFBDFFF723FE04462A461021FCF718FCC1
:102A50006670EDE7FFF71AFE00210546FCF706FC5D
:102A60002389EA69043344F82320EFF31082EFF35B
:102A7000108372B6A3890133A38102B962B6238998
:102A8000E28901339BB29A42238104BF0023238150
:102A9000012328466B70FFF7B7FE29460448BDE8BE
:102AA0007040FFF7CDBDBDE870400320FDF71CB8B6
:102AB00094310020002A70B41EDB033222F003039D
:102AC0000C24B3B11A198A4213D804440144CD1A14
:102AD000E2189542C0E90041836014D3002162509E
:102AE00016461A4495421944F9D20020306070BC51
:102AF0007047012070BC704722F00042D31D23F0C4
:102B000007031024DDE72646EFE700BFEFF310834D
:102B100072B6026803F001030AB11168016003B9DB
:102B200062B61046704700BF81420DD343688B42A6
:102B30000AD9EFF3108372B602680A60016013F0DD
:102B4000010003D162B67047012070470020704732
:102B500000230322C0E9013302704380C360704741
:102B60004388002B48D02DE9F041374E8268316808
:102B70008A4204463DD1013B9BB24380002B35D1B4
:102B80000B6A98424CD01A462AB1D068A04244D071
:102B90000246002AF9D191F8245043B15A681AB17B
:102BA0009278954238BF1546DB68002BF6D18D70C0
:102BB00067681FB32046FFF769FD00210546FCF753
:102BC00055FB2846FFF720FE2A6A204F31687B68B4
:102BD000C4E902524FF00108A4F802802C628A78FE
:102BE0009B789A421FD3284600F07EF90020BDE86A
:102BF000F081FF20BDE8F081FF2070471348436853
:102C00009B78AB42F2D9FFF71BFD336801223846AF
:102C10005A7000F069F93846ECE7E068D060BAE72E
:102C2000C3680B62B7E73846FFF70AFD2946384606
:102C3000FFF706FD3368002083F8018085F80180E6
:102C400000F052F90020D5E7D43100209431002063
:102C5000438870B50446BBB1154E80680D46316897
:102C6000884217D075B18B7882789A421AD36368FC
:102C7000A3B12046FFF7E4FC2846092100F060F9E3
:102C8000012070BD012070BD094A12688260116A7E
:102C9000C160106201336380002070BD6160C1E9D2
:102CA0000134E9E78370FFF797FD3168DFE700BF84
:102CB000D4310020034A044B1268DA8000221A60E3
:102CC000704700BF68B20208C831002008B5104A3A
:102CD000104B114958681368834209D0D38809887A
:102CE0001060013B0B449BB29942938004D008BD15
:102CF000938809889942FAD1002306481360FFF7A8
:102D0000C5FCBDE8084001460248FFF799BC00BF7A
:102D1000C8310020943100201C320020426882B16A
:102D200010B5FFF7B3FC0446FFF76EFD012161709B
:102D30002046FCF79BFA21460448BDE81040FFF707
:102D40007FBC428801324280704700BF943100202E
:102D5000054B1B7823B9054B4FF080521A60704722
:102D6000034B01221A7070475327002004ED00E046
:102D70005427002038B51C4B1C4D186801234370A4
:102D8000FFF798FCAA786B78F2B11C4605EBC401FA
:102D90004B681A781846FAB1012A21D0FFF7BEFF16
:102DA000EB780134A34208BF0024EFF31082EFF365
:102DB000108372B6AB78013BDBB2AB700AB962B676
:102DC000AB78002BE2D1E3B209486B70FFF75EFCF1
:102DD000BDE8384000F078B80989FFF707FCDFE765
:102DE0008968FFF7EDFDDBE7D4310020682900207A
:102DF000943100200A4A0B490B480C4B10B414685C
:102E00000C600B4A002407210460196013685DF808
:102E1000044B43F07F434FF0FF301360704700BF17
:102E200084B2020814E000E018E000E010E000E0E6
:102E300020ED00E0704700BF08B50B4B1868012378
:102E40004370FFF737FCFFF741FF084A136801336F
:102E50001360FFF76BFCFFF7F3F90548FFF716FC6B
:102E6000BDE8084000F030B8D43100201C3200200A
:102E700094310020064B1B68D3E90B329A4203D8E9
:102E80001268044B9A4202D00120FCF72DBE704715
:102E9000D4310020A52E5AE210B50848FFF7F6FB02
:102EA000074A084B5060022242701B682BB11B6915
:102EB0001BB1BDE81040C06B184710BD9431002015
:102EC000D4310020C4310020054A064B5060022254
:102ED00042701B681BB11B690BB1C06B1847704770
:102EE000D4310020C431002008B370B5114D827870
:102EF0000446286883789A4210D9FFF7DBFB2968DB
:102F00000D4B0120022248706C6062701B686BB12F
:102F10001B695BB1E06BBDE870401847012363702B
:102F200021460648BDE87040FFF78ABB70BDFFF739
:102F3000B3BF00BFD4310020C43100209431002041
:102F400000B970474FF6FF73984270B50C4D0C46B0
:102F500003D001462868FFF7B7FB2B6809485C706F
:102F6000FFF794FB084B6860022242701B682BB18C
:102F70001B691BB1BDE87040C06B184770BD00BF36
:102F8000D431002094310020C4310020024B186855
:102F900000B1C078704700BFD431002038B5B8B157
:102FA000194B1B88834227D3184B013853F8204014
:102FB00014B3174DA1702B6884F824109C420CD0D8
:102FC0002046FFF709FC6378012B17D0002038BD9D
:102FD0000F4D2B68997083F824100E4843689B7836
:102FE0008B42F3D92968FFF72BFB2B6801225A701B
:102FF000FFF752FF002038BDFF2038BD0548FFF71E
:1030000045FBFFF771FFE1E734BC0208182D0020F3
:10301000D4310020943100202DE9F84F11F0FF0F3A
:10302000824627488B461446994608BF01F1010B9A
:10303000FFF76CFD0746002839D0224B046319883E
:103040004FEA1B20B86291B31F4B01241D4602E0DA
:10305000A1422CD0344655F8042B661C04F1FF38ED
:10306000002AF5D15FFA8BFB4FF48071C7E901228A
:10307000C7E90322C7E9052287F802B087F824B020
:10308000FC70C7F81C90C7F838903A6287F8252082
:10309000398080B151463846FCF798F80A4B3846DB
:1030A00043F82870FFF720FF2046BDE8F88F002482
:1030B0002046BDE8F88F0548FFF728FD3863E9E7AB
:1030C000542D002034BC0208182D00205827002061
:1030D0002DE9F84F574F3C68002852D0E3788342DF
:1030E0004FD0554B1B888342C0F0A180DFF858B108
:1030F000461E5BF82690B9F1000F00F09880484614
:10310000FFF754FB4846FFF77FFBD9F8204004B394
:10311000DFF830A14FF0010863682046002B75D01E
:10312000FFF7B4FA00210546FCF7A0F82846FFF7A0
:103130006BFB85F8018029465046FFF781FAE3686A
:103140002A6AE260A560A4F802802C621C46002C6A
:10315000E2D1D9F83010394800244BF82640FFF767
:10316000E3FC49463648C9F83040FFF7DDFC3548F6
:10317000396842688B7892789A4250D82046BDE8E8
:10318000F88F00236370FCF790F8E062FFF772FE9F
:103190003B681C6AECB1DFF8AC800126636820460E
:1031A00063B3FFF773FA00210546FCF75FF8284682
:1031B000FFF72AFB6E7029464046FFF741FAE368A5
:1031C0002A6AE260A56066802C621C46002CE5D16C
:1031D0003B68DA78196B1C4D1848531E002445F8DB
:1031E0002340FFF7A1FC396815480C63FFF79CFCEE
:1031F0003C60FFF751FE2046BDE8F88FE26863802F
:10320000C4E902331446002CC8D1E1E7E2686380C8
:10321000C4E902331446002C7FF47EAF99E7012302
:103220004B70FFF70DFAFFF737FE2046A7E7FF20A8
:10323000BDE8F88FD431002034BC020858270020A4
:10324000542D002094310020182D00202A4B19887D
:1032500070B539B10023294A184601338B4242F830
:10326000040BFAD1264B27481988274C4022FFF738
:1032700021FC264A264B12881968264842F0004253
:10328000FFF718FC244B254A186811880822FFF71D
:1032900011FC0025224B1F482360C4E90155C4E9F5
:1032A0000355C4E90555A5622562A584FFF72EFCE8
:1032B0001C4920632046FBF789FF1B4B1B481E68F7
:1032C0001B4A1C4B4560022161700421C3E9035570
:1032D000C2E90044017019709D821EB133690BB1BF
:1032E000E06B9847144A154B1278DA7000221A8066
:1032F000BDE87040FFF7DEBC34BC0208182D00208A
:1033000030BC0208542D0020DC3100206CB20208D1
:103310004CB2020858270020700F002032BC02086F
:10332000000100FFE5FA0108C431002094310020BB
:10333000D4310020AC31002036BC020868290020BE
:1033400008B51E4B1A6842F47F021A601B681B0204
:1033500003F07F43DB43B3FA83F3194A1948126839
:103360000168DBB2C3F10803C2F30222934298BFA3
:10337000531C6FF0807202FA03F303F07F4321F0D5
:103380007F4213430360FFF735FD0F4B00281860A1
:1033900012DB00F1604000F56440FF2202701A6801
:1033A00053099B0003F1604303F5614302F01F02E0
:1033B000012101FA02F21A6008BD00BF20ED00E011
:1033C0000CED00E01CED00E0D03100200321FFF700
:1033D000B7BD00BF00F03CB908B5024C2368984760
:1033E000FCE700BF2402002042681B4970B5034679
:1033F000B0F91A4006689D6801EBC210D201013491
:103400008E50D3E9031245605D698160196AC2601C
:103410004FF00002A0F8522005618161A0F8502011
:10342000A0F85A20A0F858200AD0B3F91830013378
:103430000CBF04230C23436102F07AFF30B970BD46
:103440000823436102F074FF0028F8D0BDE8704003
:103450000248FDF7DDBF00BF3C24002050B5020844
:10346000F0B5044687B008460E465C491546FEF79F
:1034700057F85B4907462846FEF752F8014638469A
:10348000FEF73CF8574B2060984256D0564B984276
:103490003AD1564B9A6B42F400329A639A6B22F4FB
:1034A00000329A639A6D42F400329A659B6D03F480
:1034B00000330293029A0123636048493046FDF7C6
:1034C000FBFF47492846FDF7F7FF721C03D0012197
:1034D0003046FEF7C5FA6B1C03D001212846FEF7E3
:1034E000BFFA00234FF41652C4E90223C4E904339F
:1034F0002362268365832046FFF776FF3A4B2268D6
:103500009A4260D007B0F0BD03F5806398422AD19B
:10351000364B9A6B42F480229A639A6B22F4802293
:103520009A639A6D42F480229A659B6D03F480231E
:1035300003930223039A6360BFE703F558431A6CB1
:1035400042F480421A641A6C22F480421A641A6EA1
:1035500042F480421A661B6E03F4804301930023F9
:10356000019A6360A9E7224B984214D11F4B9A6BD2
:1035700042F400229A639A6B22F400229A639A6DB5
:1035800042F400229A659B6D03F400230493032305
:10359000049A636091E7174B98428ED1134BDA6B14
:1035A00042F00102DA63DA6B22F00102DA63DA6DCB
:1035B00042F00102DA65DB6D03F001030593059B20
:1035C0000523636079E70C4B0C4821464C2201240B
:1035D0001C6007B0BDE8F040F5F75EBA90B1020894
:1035E00000B10208003801400044004000100240D1
:1035F000004C004000800040382400202032002091
:103600008160FFF7F1BE00BF4368074ADB01D25873
:10361000D3699B06FCD5C368908C0BB9C0B27047C8
:10362000C0F30800704700BF3C2400204368074AED
:10363000DB01D258D3691B06FCD5C36813B9C9B2E4
:1036400011857047C1F30801118570473C240020A3
:1036500008B5FDF743FA0121002001F063F9BDE848
:103660000840FDF747BA00BF08B50C4A836E934285
:103670000CD002F5744293420CD0A2F578429342EA
:1036800004D00748FDF7C4FE002008BDBDE808408F
:1036900001F0D2BDBDE8084001F0E0BD003C0040B3
:1036A00068B50208DFF830D0002103E00B4B5B580F
:1036B000435004310A480B4B42189A42F6D30A4A47
:1036C00002E0002342F8043B084B9A42F9D302F08F
:1036D000D3FFEFF7CBFEFEE70080022050BD0208CB
:1036E000000200201C04002020040020C032002022
:1036F00010B5032000F09CFC0F20FDF78DF910B1F0
:103700000124204610BD044601F00AF9204610BDF0
:10371000034A0449136809680B441360704700BFEB
:103720006C32002028020020014B1868704700BF4F
:103730006C320020704700BF70B582B00023019347
:10374000002800F0B380856D0446002D00F08880CD
:10375000226893689D0005D5936823F0204323F0E9
:103760003F0393609368D80017D45E4B91681B6841
:103770005D489B0921F01041A0FB030321F03F01AC
:103780009B0941F0805191600193019B2BB1019BFA
:10379000013B0193019B002BF9D19368D90051D4CF
:1037A000A36D43F01003A365E36D43F00103E365EC
:1037B000936813F0040F4FF00100A36D49D1DB06AD
:1037C00047D4A36D23F4817343F00203A365936888
:1037D000DE070AD4454B9B68DD0706D4444965687B
:1037E0008B6823F47C132B438B60D4E90215636B45
:1037F0002B430B43657E94F8201043EA453301299F
:1038000043EA01434DD0A16A21B1E56A01F4707128
:1038100029430B43D568374929400B43D36093684C
:10382000590723D593682369012B42D0136B23F0EA
:103830000F031363A36D23F0030343F00103A36598
:1038400002B070BD936813F0040F4FF00000A36D39
:10385000B5D0A36D012043F01003A36502B070BD85
:10386000FFF768FFE56584F8545071E793681B071C
:10387000D9D494F83030267ED168E56C5B0043EAF9
:10388000863321F480412B4321F006010B43D360A2
:1038900094F83830012B14D0136923F0010313611D
:1038A000C1E7616A013943EA4143ACE7012002B054
:1038B00070BD116BE36921F00F01013B0B431363F2
:1038C000B8E7D4E90F361169656C21F4FF6121F086
:1038D000040133430B43A16C2B430B4343F001031F
:1038E0001361A0E730020020632D3E050000045064
:1038F0000003045007C0F0FFF8B54569082D0646DF
:103900000C4604D00368DB68DD073FD40425FFF7CD
:103910000BFF0746326801E0601C24D113682B427C
:10392000FAD0B36D43F40073B365D36813F4406FFA
:103930000FD1737E6BB9136819070AD5B36D23F4E1
:103940008073B365B36DDB0403D4B36D43F001033F
:10395000B365082DD06816D010F4804006BF0C2344
:1039600013600020F8BDFFF7DFFEC01BA04201D8A6
:10397000002CCFD1B36D002243F0040386F854200D
:10398000B3650320F8BD15600020F8BD836D43F0DA
:10399000200383650120F8BD0368186C704700BFE1
:1039A000F0B490F8542082B00346012A4FF0000092
:1039B000019000F025811C68012083F85400A5685F
:1039C00015F004053FD14A68052A46D902F01F0CBC
:1039D0001F26920906FA0CF602F00C05F74304F1D3
:1039E000300208685659C0F384603E4000FA0CF07B
:1039F00030435051A268550740F19280A2680A688E
:103A0000A068C00738D51546C94A154232D0C94A00
:103A1000C94990688D4200F0E07628D0C7498D42B0
:103A200000F0F280C6498D4224D110F4800021D1EB
:103A3000C4498C421ED1916821F0E071314341F4B8
:103A40008001916003E09A6D42F020029A650022A5
:103A500083F8542002B0F0BC7047023A032A00F207
:103A6000E981DFE812F0EB00F100F700E20001026B
:103A700040F106810020EAE7CE68B348D4F8B050A0
:103A8000DFF8D0C206F01807F840C2F3120725EAA3
:103A90000705104028436645C4F8B0001546B3D169
:103AA000002F00F0DD8092FAA2F0B0FA80F0013031
:103AB00000F01F00092800F2178192FAA2F0B0FA74
:103AC00080F092FAA2F5B5FA85F5013501300126AC
:103AD00005F01F05800606FA05F500F0F8402843BA
:103AE00092FAA2F2B2FA82F2324402F01F0202EB20
:103AF000420212050243D70D04F1140507F0040732
:103B00008E687859C2F304524FF0070C0CFA02FC8D
:103B100020EA0C0006FA02F202437A510D6873E7BC
:103B2000A26812076AD48A680D68B2F1004F00F0EB
:103B3000C880EF0D07F0040704F11406C5F304551F
:103B4000B8594FF0070C0CFA05FCAA4020EA0C000B
:103B50000243BA51626922F0004262610E69E06874
:103B6000042E18D004F16007DFF8ECC157F82620C6
:103B70000D6802EA0C0CC0F3C1004A69400005F070
:103B8000F845824045EA0C052A4342F0004247F8D6
:103B900026200A6834E70A68206E206EC2F31205F8
:103BA000C0F38460002D40F0E780C2F38466B04229
:103BB00000F00C81606E656E04F16000C5F38465F1
:103BC00004F16407B54200F024818568856800F13E
:103BD0000807C5F38465C2F38466AE4200F00A812B
:103BE000C568C5680C30C5F38465C2F38466AE420F
:103BF0007FF406AF026822F0004202600A68FFE626
:103C0000022002B0F0BC704710F080707FF432AF39
:103C1000A1F1F7418C427FF42DAF916821F0E07162
:103C2000314341F08071916011E74FF480724A6036
:103C30004FF0000C6FF01F070425D0E60C20486001
:103C400084466FF4F837CAE61220486084466FF461
:103C5000F807C4E61820486084466FF0F857BEE6BF
:103C6000920E501C00F01F06092E77D88006012501
:103C700000F0F840B54006EB46022843120539E74C
:103C800030498C427FF4F6AE9168304C304821F0D8
:103C9000E071314341F40001916022689209A0FB78
:103CA0000212920902EB420292000192019A002A4A
:103CB0003FF4E0AE019A013A0192019A002AF9D14B
:103CC000D8E6E80D04F1140200F00400C5F3045531
:103CD0008658072707FA05F526EA05058550626923
:103CE00042F00042626139E792FAA2F5B5FA85F531
:103CF00092FAA2F0B0FA80F001300135012600F00E
:103D00001F00AD0606FA00F005F0F845054392FAEB
:103D1000A2F0B0FA80F0304400F01F0000EB400049
:103D2000A0F11E02120542F000722A43E3E600BF32
:103D30000000088000030450000052C7000084CB3C
:103D40000100008000000450FFFF07003002002047
:103D5000632D3E0500007F4000F0FF0306EB4602A6
:103D600085061E3A012005F0F84500FA06F6120510
:103D7000354342F00072D8E792FAA2F5B5FA85F51C
:103D8000A84223D0606E656E04F16000C5F38465BF
:103D900004F1640792FAA2F6B6FA86F6AE4238D07B
:103DA0008568856800F10807C5F3846592FAA2F674
:103DB000B6FA86F6AE421DD0C568C5680C30C5F3AC
:103DC000846592FAA2F6B6FA86F610E7226E2046CD
:103DD00022F0004240F8602F0A68656E656EC2F3FB
:103DE0001206C5F3846504F16407002ED2D1C2F334
:103DF0008466E7E63A6822F000423A600A68C568DD
:103E0000C568C2F31206C5F384650C30002ED8D104
:103E1000EBE63A6822F000423A600A6885688568F5
:103E2000C2F31206C5F3846500F10807002E3FF4C3
:103E3000D2AEBBE70620486084466FF4F867CEE553
:103E400003689A68D20701D5002070479968164A1E
:103E5000114270B504461CD19A68144E324042F0AB
:103E600001029A60FFF760FC05460CE09A68D107F2
:103E700004D49A68324042F001029A60FFF754FC81
:103E8000431B022B05D823681A68D207EED5002001
:103E900070BDA36D43F01003A365E36D43F0010310
:103EA000E365012070BD00BF3F000080C0FFFF7FC1
:103EB00038B503689D6815F0040533D190F8543087
:103EC000012B04462ED0012380F85430FFF7B8FFB1
:103ED00050BBA36D23F4706323F0010343F480739C
:103EE000A365A36DDA0448BFE36D226852BFE065A5
:103EF00023F00603E3651C210023116084F854308D
:103F0000D3689B0105D5A36D23F4405343F480533C
:103F1000A365936823F0004323F03F0343F00403B9
:103F2000936038BD022038BD84F8545038BD00BFBE
:103F300038B503689A68910702D59B68002038BDA0
:103F40009A68D20726D59A6802F00D02012A044623
:103F500009D0A36D43F01003A365E36D43F00103A3
:103F6000E365012038BD9A6822F0004222F03F024A
:103F700042F0020203219A601960FFF7D5FB054663
:103F800004E0FFF7D1FB401B0228E2D823689B68BE
:103F9000DB07F6D4002038BD30B590F8543083B03C
:103FA0000022012B01923FD0012380F854300446B7
:103FB0000D46FFF7BDFFA36DE0B923F4885323F04E
:103FC0000203226843F00203A365936823F0404391
:103FD00005F0804523F03F032B4343F000439360FB
:103FE0009368002B0EDBA36D23F0030343F0010362
:103FF000A36502E043F01003A365002384F8543066
:1040000003B030BD019B01330193019BB3F5912FA8
:10401000E6D3A36D23F0120343F010030022A3653F
:1040200084F854200120EBE7022003B030BD00BF2C
:104030000849CA6810B400024FF6FF04224000F499
:10404000E063134343F0BF6343F400335DF8044B74
:10405000CB60704700ED00E043090749203301229F
:1040600000F01F0002FA00F041F82300BFF34F8F69
:10407000BFF36F8F704700BF00E100E090F825208C
:10408000022A03D00422C263012070470168426CF7
:1040900070B50C68066C856B24F00E040C600C681F
:1040A00024F001040C6002F01C02012101FA02F26A
:1040B0000024726080F8251080F8244015B1A847CC
:1040C000204670BD284670BD0369194214BF012007
:1040D0000020704711F0010307D090F8413003F041
:1040E0002803282B0CBF4223F2238A0709D590F816
:1040F000412002F02802282A0CBF43F0440343F079
:10410000F4034A0701680A6848BF43F0B80322EA8B
:1041100003030B60704700BF704700BF00284FD0FB
:1041200070B590F84130044603F0FF02002B42D0F6
:104130002368E068242284F841201968626821F02D
:10414000010122F0706219601A619A68012822F454
:1041500000429A60A2682AD042F4044202289A607F
:1041600004BF4FF400625A605968A569D4E9042677
:1041700041F0007141F4004159603243D868E1696F
:1041800042EA0522256A20F400402943D860DA601B
:1041900019601968002241F001012025196062644C
:1041A00084F84150226384F84220104670BD42F4E6
:1041B00000429A60D8E780F84020FFF7ADFFB7E7EC
:1041C000012070472DE9F04190F8415005F0280595
:1041D000282D3AD104468846002939D01746002AAE
:1041E00036D005211E46FFF775FF90F84030012BB1
:1041F00034D090F8413001222A2B80F840202FD073
:1042000023682349292284F84120202284F842206F
:10421000002262645A6822F400425A606785608D09
:10422000E6629A692085D20348BF08224FF0000059
:10423000C4F82480616348BFDA6184F840001A68DA
:1042400042F0FA021A60BDE8F0810120BDE8F08179
:104250004FF4007363640120BDE8F0810220F5E7AC
:104260000221FFF737FF03681A681104C9D51A68DD
:10427000C06B22F400421A600028C2D0054B836351
:10428000FFF7FCFE0028BBD0E06B836B9847B7E7D5
:10429000AD460208754802082DE9F04190F84150FA
:1042A00005F02805282D3AD104468846002939D042
:1042B0001746002A36D006211E46FFF70BFF90F85E
:1042C0004030012B34D090F841300121292B80F867
:1042D00040102FD0236823492A2284F8412020222D
:1042E00084F84220002262645A6822F400425A6034
:1042F0006785608DE6629A692085D20358BF0822DF
:104300004FF00000C4F82480616358BFDA6184F87C
:1043100040001A6842F0FC021A60BDE8F0810120FA
:10432000BDE8F0814FF4007363640120BDE8F081C3
:104330000220F5E7FFF7CEFE03681A685104CAD5DC
:104340001A68806B22F480421A600028C3D0064BA2
:104350008363FFF793FE0028BCD0A06B836B984764
:10436000B8E700BFAD4602087548020890F8413032
:10437000202B01D00220704702680549282380F8CD
:1043800041301368416343F0B80313600020704765
:10439000AD4602080268436B9169126803B1184781
:1043A000704700BF38B5002580F8425090F8413082
:1043B000292B04D090F841302A2B0DD038BD28226B
:1043C000212380F8412001210363FFF783FE80F859
:1043D0004050FCF7DDFE38BD2822222380F8412022
:1043E00002210363FFF776FE80F84050FCF7D4FE0D
:1043F00038BD00BFF8B503689E699A699968DF689F
:10440000120C02F0FE04C268022AC6F300460DD167
:1044100084EAD11414F00604C1F3090211D1816CAD
:1044200001318164816C022917D0F8BD0421FFF7A6
:1044300051FE00232246314680F84030FCF79EFEB4
:10444000F8BD0421FFF746FE002307F0FE023146C7
:1044500080F84030FCF792FEF8BD082784643146AE
:10446000DF6180F84040FCF789FEF8BD08B5154BC8
:10447000C362202200230363436380F8412080F855
:1044800042304B0712D50268436A526A1A70436A77
:10449000028D013343624AB1438D013B9BB2438598
:1044A000436C013A43F00403028543640721FFF79C
:1044B00011FE026810210023D16180F84030FCF722
:1044C0006FFE08BD0000FFFF70B5344A90F8413020
:1044D000002580F84250C2624585426C283B11435A
:1044E000022B044641642ED80321FFF7F3FD2C4B29
:1044F0004363282280F8412005632268136813F47F
:10450000804312D01368A06B23F480431360C8B1BA
:10451000244B8363002384F84030FFF7AFFD88B15C
:10452000A06BBDE87040836B1847116811F400411F
:1045300017D194F84130602B27D084F840102046E2
:10454000FCF7F2FD70BD0721FFF7C4FD90F8413084
:10455000602B1CBF202380F841300023036343639A
:10456000CBE71168E06B21F4004111600028E9D02D
:104570000C4A826384F84030FFF780FD0028E1D0C8
:10458000E06BBDE87040836B1847202384F840102F
:1045900084F841302046FCF7EFFE70BD0000FFFFBD
:1045A000AD460208754802080368202270B51E68EF
:1045B000DA610D4607210446FFF78CFD0368394890
:1045C000596841F4004159605A6802405A609A693A
:1045D000910744BF00229A629A69D20703D49A696C
:1045E00042F001029A61700445D5A26B1AB11268BB
:1045F000526892B262856A0709D5626A5B6A137073
:10460000636A228D013325F00405636262BB638D0A
:104610009BB21BB1636C43F0040363640023236308
:1046200084F84230666C63635EBBE36A1E4DAB4246
:104630000DD194F8413084F84060222B4FF02003D4
:1046400084F8413020462AD0FCF7A2FD70BD2046F8
:10465000FFF7A8FE2023E56284F8406084F841302B
:104660002046FCF79DFD70BD638D013B013A9BB276
:1046700022856385CBE73104BDD5E26B002AB6D134
:10468000B9E7616C2046FFF71FFF94F84130282BF3
:10469000DCD129462046BDE87040FFF7E7BEFCF7B5
:1046A0007BFD70BD00E800FE0000FFFFF8B590F84C
:1046B0004030C66A012B7DD017460123CA06044646
:1046C0000D4680F840301AD5FB0618D5438D9BB2B5
:1046D000002B5CD190F84130282B00F0858094F8B5
:1046E0004130292B23684FF01001D96168D0AA0608
:1046F00001D5BB0659D4002084F84000F8BD6807F6
:1047000010D42A072ED53B072CD594F8413003F05E
:104710002803282B64D0216808200023C86184F86E
:104720004030E4E77907ECD5638D9BB27BB121681B
:10473000636A496A1970638D606A218D013B9BB27F
:104740000130013925F00405638560622185638DA0
:104750009BB2002BCBD116F5803FC8D02046FFF787
:1047600021FEC4E7A807C2D5B907C0D5638D9BB2A7
:1047700013B3606A236810F8011B9962638D218D61
:104780006062013B9BB2013963852185AFE7036815
:104790001021D961436C43F00403436436F0807305
:1047A000A5D1416CFFF790FEA1E729462046FFF70F
:1047B000FBFEA0E70220F8BD36F08073CED096E76E
:1047C00016F5803F93D099698A0744BF002199620A
:1047D0009969CE07C2D4996941F001019961BDE799
:1047E0002046FFF707FE82E7B6F1007F7FF477AF40
:1047F000FFF73CFE7BE700BF03689A69196810B4B5
:10480000D4052FD50C061FD5416C41F00101416440
:104810004FF480745105DC6129D5416C4FF48064FC
:1048200041F0080192054164DC6106D5426C4FF409
:10483000007142F002024264D961416C11F00B0F29
:104840000CD15DF8044B70475405F6D49405F4D5AB
:104850000906EBD4416C11F00B0FF2D05DF8044B5C
:10486000FFF732BE5405F1D50906D6D4E5E7920527
:10487000DCD4E2E7806A08B5D0E90E1200238B632E
:10488000936390F84130602B02D0FCF74DFC08BDDB
:10489000202380F84130FCF76FFD08BD90F84120DF
:1048A000202A21D130B4D4B290F84020012A034606
:1048B0001CD01A68242083F84100106820F0010001
:1048C0001060106820F4805010601068014311607F
:1048D0001168002541F00101116083F8414083F81F
:1048E0004050284630BC704702207047022030BC40
:1048F000704700BF084B09491A6E42F001021A6660
:104900001B6E82B003F001030193019B4B681843B7
:10491000486002B0704700BF001002400000014034
:10492000704700BF0E4B10B55B690C4660B99A0525
:1049300011D40C4A1369012C23F00403136108D02D
:1049400040BF20BF20BF10BD9B05F2D400F014F87B
:10495000EFE730BF10BD00F017F80028E9D010BD18
:104960000070004000ED00E0024B186800F4C060E9
:10497000704700BF00700040024A136843F4804350
:1049800013607047007000401149124B0A681248CA
:1049900022F4804210B40A601C684A69322303FB87
:1049A00004F3A0FB0303900508D59B0C013300E042
:1049B00023B14A69920503F1FF33F9D4044B5DF842
:1049C000044B5B6913F4007F14BF03200020704781
:1049D000007000403002002083DE1B4330B5204DC4
:1049E000AB6DDB0083B004461CD5FFF7BDFFB0F50F
:1049F000007F29D0802C13D82FD0A4F17004B4FAF2
:104A000084F4640917490B6823F0070323430B6000
:104A1000086800F00700001B18BF012003B030BD7C
:104A20000324EFE7AB6D43F08053AB65AB6D03F050
:104A300080530193019BFFF797FFAB6DB0F5007FAB
:104A400023F08053AB65D5D1802C04D9A02C8CBF2A
:104A500002240124D6E70024D4E70224D2E700BFD1
:104A60000010024000200240284A9368D26813F0E8
:104A70000C0308D00C2B38D0042B34D0082B24483E
:104A800018BF00207047214A1168090754BFD2F8A7
:104A9000942012681F4954BFC2F30322C2F30312C9
:104AA00051F8220003B30C2B2DD1184BDB6803F017
:104AB0000303022B25D0164A032B08BF1046134BC5
:104AC000D968DA68DB68C3F34163C2F30622C1F335
:104AD00002110133013100FB02F05B00B0FBF1F089
:104AE000B0FBF3F070470C48704702F00302012A54
:104AF000C9D0064BDB6803F00303022B4FF0000024
:104B0000D9D10548DBE70020704700BF0010024004
:104B100000127A00D8B502080024F400002800F042
:104B200024822DE9F043994A03689568D6680446C3
:104B3000D80683B005F00C0506F003062ED5002D2F
:104B400000F02B810C2D00F02581A3698F4F002BE5
:104B500000F088813B6843F001033B60FEF7E4FD11
:104B6000804606E0FEF7E0FDA0EB0800022800F218
:104B700089813B689B07F5D53B6843F008033B60A0
:104B80003B68226A23F0F00313433B607B68E269D1
:104B900023F47F4343EA02237B602368D90700F1B3
:104BA000CB80990723D5042D00F04C810C2D00F00B
:104BB0004681E368754E002B00F0A981336843F409
:104BC00080733360FEF7B0FD074605E0FEF7ACFDED
:104BD000C01B022800F2568133685B05F6D5736866
:104BE000226923F0FE4343EA0263736023681907D6
:104BF00019D56369654E002B00F04881D6F89430D2
:104C000043F00103C6F89430FEF78EFD074605E039
:104C1000FEF78AFDC01B022800F23481D6F89430DA
:104C20009A07F5D523685E073FD5584B9A6DD0009B
:104C300000F16B819A6D42F080529A659B6D03F092
:104C400080530193019B0126514F3B68D90540F1E8
:104C5000EC81A368012B00F06C81052B00F00F8222
:104C60004A4FD7F8902022F00102C7F89020D7F8D9
:104C7000902022F00402C7F89020002B40F06081C1
:104C8000FEF752FD41F28839804606E0FEF74CFD02
:104C9000A0EB0800484500F2F580D7F8903098075F
:104CA000F4D4002E40F078812368990618D5636A01
:104CB000364E002B00F05B81D6F8983043F00103AC
:104CC000C6F89830FEF730FD074605E0FEF72CFDEC
:104CD000C01B022800F2D680D6F898309A07F5D586
:104CE000A06A28B30C2D00F0D881022800F05A8168
:104CF000264B1A6822F080721A601A68120103D4D7
:104D0000DA6822F00302DA60204CE36823F088734B
:104D100023F48033E360FEF707FD054605E0FEF768
:104D200003FD401B022800F2AD8023689B01F6D4EE
:104D3000002003B0BDE8F083082D76D00C2D72D092
:104D40006368B3F5803F00F0CB80B3F5A02F00F08F
:104D500089810E4F3A6822F480323A603A6822F430
:104D600080223A60002B40F0C080FEF7DDFC8046D8
:104D700006E0FEF7D9FCA0EB0800642800F2828070
:104D80003B689803F5D423680BE700BF001002408E
:104D900000700040012E7FF4D8AEAD4B1B68990720
:104DA0003AD4AB4B206A1A68120756BFD3F8943036
:104DB0001B681B0903F0F00398427BD9FFF70EFE36
:104DC00000282CD1A24B1A6842F008021A601A6817
:104DD000216A22F0F0020A431A605A68E16922F45B
:104DE0007F4242EA01225A60FFF73EFE984A994903
:104DF0009268C2F3031203468A5C97489749006899
:104E000002F01F02D3400B60FBF706FE40B9236897
:104E1000D9077FF5C6AE8FE7A369002BC1D101206A
:104E200003B0BDE8F083032E8AD1894A1268920349
:104E30007FF5B7AE6268002A7FF4B3AEEFE7022ECB
:104E40007FF4B7AE824A1268520502D5E268002AA2
:104E5000E5D07F4920694A6822F0FE4242EA0062BA
:104E60004A60C4E63B6823F001033B60FEF75CFC4C
:104E700080463B689807CAD5FEF756FCA0EB0800B1
:104E80000228F6D9032003B0BDE8F083D6F89430A9
:104E900023F00103C6F89430FEF746FC074604E011
:104EA000FEF742FCC01B0228ECD8D6F894309B07D2
:104EB000F6D4B7E6664B1A6842F008021A601A6820
:104EC00022F0F00202431A605A68E16922F47F423C
:104ED00042EA01225A60FFF781FD002884D09EE754
:104EE0005B4A136843F480331360FEF71DFCDFF860
:104EF0006081074604E0FEF717FCC01B6428C1D898
:104F0000D8F800309B03F6D53DE700269CE63368D1
:104F100023F480733360FEF707FC074604E0FEF7D6
:104F200003FCC01B0228ADD833685805F7D42368AA
:104F30005DE6474AD2F8903043F00103C2F8903062
:104F4000FEF7F2FBDFF80881074641F2883904E0FA
:104F5000FEF7EAFBC01B484594D8D8F890309B0771
:104F6000F6D5002E3FF4A0AE16E001207047D6F82B
:104F7000983023F00103C6F89830FEF7D5FB0746BA
:104F800005E0FEF7D1FBC01B02283FF67BAFD6F849
:104F900098309B07F5D4A3E62D4A936D23F08053F8
:104FA000936581E62A4D2B6823F080732B60FEF712
:104FB000BBFB064605E0FEF7B7FB801B02283FF669
:104FC00061AF2B689801F6D4E968254BE26A676BFC
:104FD000A66B206B0B401343D4E90F1243EA07235F
:104FE00043EAC6630138490843EA0013013952080D
:104FF00043EA4153013A43EA4263EB602B68144EA3
:1050000043F080732B60EB6843F08073EB60FEF736
:105010008BFB044605E0FEF787FB001B02283FF6EA
:1050200031AF33689901F6D582E63B6843F480736B
:105030003B60FEF779FB80463B68DA053FF509AE39
:10504000FEF772FBA0EB08000228F5D91AE700BFB3
:1050500000100240C0B502082C02002030020020DF
:105060008C809D0103F18043A3F53C331A6842F420
:1050700080221A601A6842F480321A6035E7214BA8
:10508000D3F8902042F00402C3F89020D3F8902087
:1050900042F00102C3F8902052E701283FF4C0AE6D
:1050A000184BE26ADB6803F0030191427FF4B7AE6C
:1050B000216B03F070020139B2EB011F7FF4AFAE38
:1050C000616B03F4FE42B2EB012F7FF4A8AEA16B3B
:1050D00003F07842B2EBC16F7FF4A1AEE26B5208ED
:1050E000013A03F4C001B1EB425F7FF498AE226C49
:1050F0005208013A03F0C063B3EB426F14BF0120C2
:1051000000208DE600100240002800F08180454A12
:10511000136803F007038B422DE9F0410D46044666
:105120000CD2136823F007030B431360136803F0DA
:1051300007038B4202D00120BDE8F0812368DA0723
:105140003FD4990706D53849A0688A6822F0F00252
:1051500002438A6033490A6802F00702AA4209D969
:105160000A6822F007022A430A600A6802F007026E
:10517000AA42E0D15A0706D52B49E0688A6822F492
:10518000E06202438A601B0707D5274A21699368BA
:1051900023F4605343EAC1039360FFF765FC224A9E
:1051A000224C92682249C2F303120346A25C2148B2
:1051B00002F01F02D340BDE8F04100680B60FBF72E
:1051C0002BBC6268184B032A1B6823D0022A1CD010
:1051D0002ABB9E07AFD5144EB36823F003031343D5
:1051E000B360FEF7A1FA41F28838074604E0FEF703
:1051F0009BFAC01B404510D8B368626803F00C03EB
:10520000B3EB820FF3D123689BE79F03E3D492E7CC
:10521000012070479B01DED48DE703208CE7580501
:1052200089D5D8E70020024000100240C0B502082E
:10523000300200202C020020054B064A9B680649DC
:10524000C3F302230868D35C03F01F03D840704700
:1052500000100240D0B5020830020020054B064A7B
:105260009B680649C3F3C2230868D35C03F01F039D
:10527000D840704700100240D0B50208300200202C
:105280000E4B0F2202609A6802F0030242609A6895
:1052900002F0F00282609A6802F4E062C2609B68E9
:1052A000DB0810B403F4E063054C036123685DF888
:1052B000044B03F007030B60704700BF001002406F
:1052C00000200240D0E900315A68B1F5827F22F017
:1052D000E0025A6013D0826AB2F5005F07D11A6803
:1052E00022F400521A601A6842F400521A60012235
:1052F000002380F85D2080F85C30032070478268CE
:10530000B2F5004F02D0B2F5806FE4D11A6822F0F6
:1053100040021A60DFE700BF2DE9F843DDF8209076
:1053200080460E4615461F46D8F8003001E07A1C2C
:105330000AD19C6836EA04020CBF01240024AC4266
:10534000F5D10020BDE8F883FEF7EEF9A0EB0900E7
:10535000B842E9D34046BDE8F843FFF7B3BF00BF0A
:105360002DE9F843DDF8209080460D4616461F468D
:10537000D8F8002001E07B1C0BD194682C40B4428B
:1053800012D0B5F5C06FF6D1002EF4D1137B7B1C83
:10539000F3D0FEF7C9F9A0EB0900B842E8D34046C4
:1053A000BDE8F843FFF78EBF0020BDE8F88300BFDB
:1053B00030B585B00B460092039115464FF4C051AD
:1053C00000220446FFF7CCFF039B80B902460095FC
:1053D000802120460393FFF79FFF039B024630B9CD
:1053E00000954FF4C0612046FFF7BAFF20B1236E4D
:1053F00043F020032366032005B030BD704700BF93
:1054000000286ED0F0B590F85D3083B0044603F00C
:10541000FF02002B56D02268E768022384F85D3033
:105420001368B7F5E06F23F0400313603AD9B7F57E
:10543000706F58D1216BA06A002948D102212163E5
:105440004FF0000ED4E9046563680195A5682B430D
:10545000019D33432B43D4E906563343266A334335
:1054600005F40076334303430229136003D1136824
:1054700043F400631360636A616B3B432D0C05F0DA
:1054800004050B432B4343EA0E03B0F5005F536062
:1054900004BFE36A136100200123206684F85D30B5
:1054A00003B0F0BD16D0216B0020A06219B14FF4FB
:1054B000805EC7E7A16A01230846236319464FF4BB
:1054C000805EBFE780F85C20FFF798FFA3E74FF00E
:1054D000000EB7E7216B0029ECD0A06A4FF4805E84
:1054E000B0E701207047206B0023A3620028A5D0FD
:1054F00001469E461846A5E72DE9F04F044690F870
:105500005C0083B001280C9E00F0B7809B4601230D
:1055100084F85C3088469246FEF706F994F85DC040
:10552000D4E90071BCF1010FD7F800E07A680546B4
:105530005FFA8CF012D0B1F5827F0AD002270122E7
:105540000023384684F85D2084F85C3003B0BDE861
:10555000F08FA368002BF1D10428EFD1B8F1000F30
:1055600000F09080BAF1000F00F08C80BBF1000FCA
:1055700000F0888094F85D30C4F840A0042B1CBF74
:10558000052384F85D30A36AA4F844B00020B3F585
:10559000005F2066C4E91300A4F846B0C4F8388060
:1055A000A4F83CB0A4F83EB007D13B6823F4005304
:1055B0003B603B6843F400533B60E368B3F5E06F46
:1055C0007B6861D8BBF1010F40F2E88023F480537F
:1055D0007B603B68580640F1E88069B9E38F9BB275
:1055E000012B40F25381414631F8023BFB60E38FCF
:1055F000A163023B9BB2E3870EF0040802F00809A6
:105600000127E38F9BB22BB9B4F846309BB2002B35
:1056100000F0A38022689368990705D5E38F9BB2B9
:1056200013B1002F40F0F980936813F001031BD0F1
:10563000B4F8461089B2B9B1B4F8461089B201295C
:1056400040F2DD80206CD16820F8021BB4F84610CF
:105650002064023989B2A4F84610B4F8461089B221
:10566000012940F2FF801F46FEF75EF8401BB04262
:10567000C7D3731CC5D0032761E70227384603B0A0
:10568000BDE8F08F01275AE723F480537B603B6825
:105690005B0603D43B6843F040033B60002979D1AB
:1056A000414631F8023BFB60E38FA163013B9BB2B3
:1056B000E3870EF0040702F008094FF00108E38FBA
:1056C0009BB223B9B4F846309BB2002B45D0226878
:1056D00093689B0707D5E38F9BB223B1B8F1000F06
:1056E0001DD14FF00008936813F001030FD0B4F8F8
:1056F000461089B259B1216CD26821F8022BB4F856
:1057000046202164013A92B29846A4F84620FEF75A
:105710000BF8401BB042D2D3701CD0D0ABE7A16BCA
:1057200031F8023BD360E38FA163013B9BB2E38777
:10573000E38F9BB2002BD4D1A36AB3F5005FD0D125
:1057400037B9B9F1000F03D0136843F40073136045
:10575000136843F480531360C3E7A36AB3F5005F93
:105760002FD023689F6817F0100707D0226E4FF6DE
:10577000EF7142F002022266012799602A46314603
:105780002046FFF715FE00283FF4D9AE20232366FC
:105790000127D4E6BBF1010F8BD181E743F480539D
:1057A0007B603B6858063FF519AF3B6843F0400308
:1057B0003B6000293FF412AFBBF1010F7FF41CAF37
:1057C0000CE701220095114633462046FFF7A4FD61
:1057D000002866D1E368B3F5706F236866D0226B4A
:1057E000197B022ABED1012200951146334620467C
:1057F000FFF792FD002854D123681A7BB2E7216C91
:10580000127B0A70B4F84620216C013A92B2013141
:105810001F46A4F84620216426E7E38F9BB2012BA4
:1058200028D9A16B31F8023BD360E38FA163023B1F
:105830009BB2E387E78FBFB2D7B9A36AB3F5005F26
:105840007FF4F2AEB8F1000F06D1B9F1000F03D02A
:10585000136843F400731360136843F480531360B8
:105860000027E1E6516841F480511F465160FBE694
:105870000027D9E6A36B1B781373E38FA16B226813
:10588000013B9BB20131E387A163D3E798F8003075
:105890003B73E38FA16B013B9BB20131E387A163B3
:1058A000AAE6236E43F002032366E4E6DA6859E7CA
:1058B000036A23F001030362F0B4036A4668826955
:1058C000144F8D680C6822F4803223F0020322F01A
:1058D0007302B84243EA050342EA040206D00E4CC2
:1058E000A04203D004F58064A0420BD1CC6823F021
:1058F00008032343D1E9054526F440762C4323F0E1
:1059000004032643496846608261F0BC4163036238
:10591000704700BF002C014000400140036A23F49F
:1059200080730362F0B4026A4668C369154F8D68DC
:105930000C6823F4803322F4007223F07303B8421E
:1059400042EA052243EA040313D00F4CA04202D0DE
:105950000E4CA04206D1D1E9054526F440562C4311
:1059600046EA041649684660C361F0BCC16302623E
:105970007047CC6822F4006242EA042222F480627A
:10598000E9E700BF002C0140004001400044014015
:10599000036A23F480530362F0B4026A4668C36961
:1059A000104F8D680C6823F0807322F4005223F4AA
:1059B000E643B84242EA053243EA042306D00A4CE1
:1059C000A04203D004F58064A04204D14C6926F4BF
:1059D000804646EA841649684660C361F0BC0164AB
:1059E00002627047002C014000400140036A23F42A
:1059F00080330362F0B4026A4668436D104F8D68CD
:105A00000C6823F4803322F4003223F07003B84290
:105A100042EA054243EA040306D00A4CA04203D0FE
:105A200004F58064A04204D14C6926F4803646EA2D
:105A30000426496846604365F0BC81650262704790
:105A4000002C014000400140036A23F480130362EC
:105A5000F0B4026A4668436D104F8D680C6823F0FD
:105A6000807322F4001223F4E043B84242EA055264
:105A700043EA042306D00A4CA04203D004F5806414
:105A8000A04204D14C6926F4802646EA842649685F
:105A900046604365F0BCC16502627047002C01405E
:105AA00000400140704700BF0223026880F83D308B
:105AB0009168084B0B40062B06D0B3F5803F03D00E
:105AC000136843F001031360012380F83D30002088
:105AD000704700BF0700010003680122186A01F047
:105AE0001F0102FA01F120EA010010B418621A6ADB
:105AF0000F4C1143A342196206D00E4A934203D0C1
:105B000002F58062934203D15A6C42F400425A6417
:105B10009968094A0A40062A06D0B2F5803F03D0A8
:105B20001A6842F001021A6000205DF8044B7047C9
:105B3000002C01400040014007000100704700BFF9
:105B4000FFF7CABF234A0368904270B427D0B0F170
:105B5000804F0FD0A2F5943290420BD002F59E32C6
:105B6000904233D002F5806290422FD04D698C680C
:105B70000A680AE04A68CE684D698C6823F07003B1
:105B8000134323F440730A68334323F080032B4309
:105B900003600123C462826270BC436170474D6838
:105BA000CC684A6923F070032B4323F440732343EA
:105BB00023F08003134303608B68C3620B68836226
:105BC0000B690363012370BC43617047CC684A6969
:105BD000EBE700BF002C0140C0B110B590F83D309C
:105BE000044603F0FF0263B10223214684F83D30EE
:105BF00051F8040BFFF7A6FF012384F83D30002085
:105C000010BD80F83C20FFF74DFFEDE70120704705
:105C1000C0B110B590F83D30044603F0FF0263B107
:105C20000223214684F83D3051F8040BFFF78AFF28
:105C3000012384F83D30002010BD80F83C20FFF7A0
:105C40007DFFEDE701207047036A23F01003036234
:105C5000F0B4026A46688369154F8D680C6823F0BA
:105C6000807322F0200223F4E643B84242EA051290
:105C700043EA042313D00F4CA04202D00E4CA042A2
:105C800006D1D1E9054526F440662C4346EA840650
:105C9000496846608361F0BC816302627047CC68EA
:105CA00022F0800242EA041222F04002E9E700BF3B
:105CB000002C0140004001400044014038B590F8FC
:105CC0003C30012B00F0AA800D460223012104463E
:105CD00080F83C1080F83D30142A1DD8DFE802F02F
:105CE0000B1C1C1C3C1C1C1C551C1C1C6D1C1C1C5B
:105CF000861C1C1C230000682946FFF7D9FD236879
:105D00002869996941F008019961996921F00401B4
:105D100099619A6902439A610123002084F83D3019
:105D200084F83C0038BD00682946FFF78DFE2368E3
:105D30002869596D41F400615965596D21F48061FC
:105D400059655A6D42EA00225A650020012384F801
:105D50003D3084F83C00E5E700682946FFF774FF12
:105D600023682869996941F400619961996921F46E
:105D7000806199619A6942EA00229A6100200123B8
:105D800084F83D3084F83C00CCE700682946FFF7F2
:105D9000C5FD23682869D96941F00801D961D9692D
:105DA00021F00401D961DA690243DA61002001239C
:105DB00084F83D3084F83C00B4E700682946FFF7DA
:105DC000E7FD23682869D96941F40061D961D9697F
:105DD00021F48061D961DA6942EA0022DA610020A7
:105DE000012384F83D3084F83C009BE70068294695
:105DF000FFF7FCFD23682869596D41F008015965DA
:105E0000596D21F0040159655A6D02435A6500200D
:105E1000012384F83D3084F83C0083E7022038BD3C
:105E20000368104810B404221C6A01F01F0102FA32
:105E300001F124EA01041C621A6A114319625A6CC6
:105E400042F400425A649A681040062806D0B0F521
:105E5000803F03D01A6842F001021A6000205DF80A
:105E6000044B704707000100FFF7DABF704700BF1F
:105E7000F8B50446B94823682569A2686669E169EE
:105E80002A431D68324328400A4302431A605A6875
:105E9000E668B348A56922F44052324383425A600F
:105EA00078D09868226AAF4E20F430602A430243CB
:105EB000B3429A6010D0AC4A93421DD0AB4A934291
:105EC00000F0EF80AA4A934200F0B780012300223D
:105ED000C4E918221846F8BDA64BD3F8883003F061
:105EE0000303013B022B40F2D580B1F5004F00F0D7
:105EF000FF80FFF7B3F9B1E09E4B9F4AD3F888309B
:105F000003F00C03D35CB1F5004F26D0082B15D855
:105F100001A252F823F000BF8F600208F35E02086E
:105F2000736002083D5F0208596002083D5F020885
:105F30003D5F02083D5F020829600208012300223C
:105F4000A2F110004FF6EF718842BFD82168CA60F5
:105F50000022C4E918221846F8BD082B06D8DFE84D
:105F600003F0BCC7CA05D5050505B300012300220F
:105F7000A2F110004FF6EF718842A7D8206822F0F6
:105F80000F01C2F342020A43C2600022C4E9182290
:105F90001846F8BD9A68774922F430622A439A601D
:105FA000D1F8885005F44065B5F5006F00F08980A0
:105FB0000AD8002D71D0B5F5806F87D1FEF754FD5A
:105FC000042140B9034682E7B5F5406F7FF47EAF08
:105FD00008214FF40040626802EB420383423FF61F
:105FE00075AFB0EB023F3FF671AF08293FF66EAFD9
:105FF00001A353F821F000BFA3610208CD5E02089F
:1060000089610208CD5E020839610208CD5E02088E
:10601000CD5E0208CD5E020813610208302B7FF4CA
:1060200055AFB1F5004F4FD061684A0802F5004204
:106030000023B2FBF1F292B282E74E4BD3F88830E4
:1060400003F0C003802B11D038D8EBB1402B7FF484
:106050003DAFB1F5004F59D0FEF706FD6268002351
:1060600000EB5200B0FBF2F292B269E7B1F5004FDB
:1060700041D061684A0802F5740202F5105200230B
:10608000B2FBF1F292B25BE7B1F5004F25D0FFF71A
:10609000D3F8E3E7394AD35C35E7FFF7CDF8294673
:1060A0008FE7344BD3F8883003F03003202BDDD05A
:1060B000B4D8002BE8D0102BCBD007E7C02BB0D042
:1060C00004E72F48022186E761684A0802F580321A
:1060D0000023B2FBF1F292B24AE7FFF7ADF8626833
:1060E000530803EB40000023B0FBF2F292B23FE70B
:1060F000FFF7B4F8F3E761684A0802F1F47202F5B9
:1061000090420023B2FBF1F292B231E7FEF7ACFC11
:10611000E5E7500810F500004FF000014941002369
:1061200001F0C4F8A0F54072164B9A423FF6CEAE8D
:1061300022680023D060CAE6FEF796FC62684FF43E
:10614000807356080027E3FB00673046394600237A
:1061500001F0ACF8A0F54072E6E700BFF369FFEF8D
:1061600000800040003801400044004000480040EA
:10617000004C00400010024088B5020884B50208B7
:106180000024F400FFFC0F0007485308C0184FF02C
:10619000000141F10001002301F088F8A0F54072F0
:1061A000C2E7FFF749F8C9E7000024F4436ADA07B9
:1061B00010B406D50168846A4A6822F4003222438A
:1061C0004A609C0706D50168C46A4A6822F4803296
:1061D00022434A60590706D50168046B4A6822F4D5
:1061E000802222434A601A0706D50168446B4A6838
:1061F00022F4004222434A60DC0606D50168846B23
:106200008A6822F4805222438A60990606D5016882
:10621000C46B8A6822F4005222438A605A0609D568
:106220000168046C4A6822F480122243B4F5801F8E
:106230004A600BD01B0606D50268816C536823F4B4
:1062400000230B4353605DF8044B70474A68446C6D
:1062500022F4C00222434A60ECE700BF2DE9F84374
:10626000089F80460E4615469946D8F8002001E062
:106270007B1C0AD1D46936EA04030CBF0124002434
:10628000AC42F5D00020BDE8F883FDF74DFAA0EB55
:106290000900B84201D8002FE7D1D8F800301A68B9
:1062A00022F4D0721A609A68202122F001020024A0
:1062B0009A600320C8F8741088F87040C8F8781005
:1062C000E1E700BF70B50446002682B0C667FDF75F
:1062D0002BFA23681A68120705460AD41B685B0765
:1062E00016D420230020636784F87000A36702B0EF
:1062F00070BD6FF07E430093324603464FF40011A9
:106300002046FFF7ABFF78B923681B685B07E8D529
:106310006FF07E4200922B4600224FF4800120460F
:10632000FFF79CFF0028DCD0032002B070BD00BF47
:1063300070B3436F10B504462BB322682423636700
:10634000136823F0010313602046FFF791FD012835
:1063500017D0636A8BB923685A6822F490425A6056
:106360009A6822F02A029A601A6842F001022046D6
:106370001A60BDE81040FFF7A5BF2046FFF716FFE3
:10638000E9E7012010BD80F87030FFF76FFDD4E71A
:10639000012070470268136823F0400310B51360B2
:1063A0000446FFF72DF828B92268136843F040032C
:1063B000136010BD0148FBF72BF8F5E798B502080C
:1063C0002DE9F04F87B004460E4608464949BDF90D
:1063D000408017461D46FBF7A3F8474981463846DB
:1063E000FBF79EF84549034628460193FBF798F8CA
:1063F000434982464046FBF793F8019B8346194682
:106400004846FBF77BF8594681465046FBF776F83D
:1064100001464846FBF772F83A4BA066984259D0BD
:10642000394B984240D1394B9A6D42F480429A657B
:106430009B6D03F480430493049A242384F864300E
:106440002C493046FBF738F82B493846FBF734F82F
:106450002A492846FBF730F8B8F1FF3FA4F86C70E2
:10646000A4F86E60A4F87050A4F872802ED024496D
:106470004046FBF721F8A36E2360382000234FF439
:10648000827507214FF4E062E0612046C4E90433DD
:10649000C4E908336560A360A362E162E26007B00B
:1064A000BDE8F04FFFF776BF03F580639842C7D190
:1064B000164B9A6D42F400429A659B6D03F40043BB
:1064C0000593059B332384F86430B9E74FF40073D8
:1064D000A361D0E703F560431A6E42F480521A6656
:1064E0001B6E03F4805303932323039A84F86430D0
:1064F000A6E700BFE0AF020880AF020840B0020884
:10650000A0B00208003001400038004000100240F6
:1065100010290CBF4FF470614FF4E061012AC16093
:1065200018D0022A1DD0CAB102210122C0E90412EA
:106530008269B2F5007F05D0002B14BF00224FF412
:1065400080228261002B14BF00234FF482734360CA
:10655000FFF720BF0021C0E90412E9E7C0E90422E7
:10656000E6E70021C0E90421E2E700BF70B50D466F
:106570000646FDF779F800EBD073B5EB630F1CDA34
:106580005A10002302EBD2740133B5EB640FDBB277
:106590004FEA640208DA072BF4D13823F36130465E
:1065A000BDE87040FFF7F6BE054A32F81330F361DC
:1065B0003046BDE87040FFF7EDBE0023EEE700BFB8
:1065C000B0B5020830B5C36887B0B3F5706F4FF04F
:1065D000FF3403910CBF022301230025009405AA78
:1065E00003A90595FEF788FF10B9059807B030BDDF
:1065F0002046FBE710B5002496B0214605A84422AA
:10660000CDE902440494F3F7CFFB01216846CDE9BC
:106610000014FEF779FD08B116B010BD0223142254
:106620004FF48070CDE90F334021059311931593FA
:106630000890072304240DEB0200CDE912230991F1
:106640001494FEF76BFA03460028E5D12146032295
:1066500068460F24CDE902330493CDE90042FEF7EA
:1066600053FD03460028D7D1102205A80B930F93A2
:106670000592FEF753FACFE738B5144C144BD4F813
:106680008820144942F47002C4F888201A68002552
:1066900042F001021A609D601A6822F0A85222F4AA
:1066A00010224FF480501A60D8601A684FF00050E2
:1066B00022F480221A609D614FF4CA72A060F2F742
:1066C000EBF9BDE83840FFF795BF00BF00ED00E0F3
:1066D0000010024000E00008254B25491A682548B3
:1066E000120754BFD3F894301B688A6854BFC3F3B1
:1066F0000323C3F3031302F00C02082A50F82330DB
:106700000FD00C2A0FD01C49042A08BF0B46184A88
:106710001A4892681A49C2F30312825CD3400B6094
:106720007047184BF3E7C868CA6800F00301C2F36A
:106730000212022902F1010215D0032910D1114BD6
:10674000B3FBF2F30A4AD168D268C2F34162013264
:10675000C1F30621520003FB01F3B3FBF2F3D6E7CA
:10676000B3FBF2F3EEE7044BB3FBF2F3EAE700BF4F
:1067700000100240D8B502080024F400C0B5020899
:106780003002002000127A0030B4084D084C094A4B
:1067900009490A4B002028602060012410600C6029
:1067A000074A1A6030BCFAF737B900BF70320020D0
:1067B00074320020B83200204027002078320020B8
:1067C00000040040024B1B6803B17047FFF7DCBFB9
:1067D0004027002038B5114B114A1B681149116040
:1067E000C3B111490F4C0D68626A104B104842EA60
:1067F00005421A601D680268954207D20A68013294
:106800000A600968626A42EA01421A601A68026014
:10681000186838BDFFF7B8FFE3E700BF4027002046
:1068200078320020000400403C2700207032002015
:106830007432002010B50446FFF7CCFFA0420CD202
:10684000084B09491C601A68084B0B6092B25A63E6
:10685000DA6842F00202DA6010BDBDE81040FBF7D2
:1068600029B800BFB8320020783200200004004070
:10687000034B044A1360DA6822F00202DA607047C0
:106880000004004078320020044B054A13601A6966
:10689000920744BF6FF002021A6170470004004083
:1068A0007832002081F0004102E000BF83F0004315
:1068B00030B54FEA41044FEA430594EA050F08BF9B
:1068C00090EA020F1FBF54EA000C55EA020C7FEA5F
:1068D000645C7FEA655C00F0E2804FEA5454D4EBDC
:1068E0005555B8BF6D420CDD2C4480EA020281EAA6
:1068F000030382EA000083EA010180EA020281EADE
:106900000303362D88BF30BD11F0004F4FEA01312F
:106910004FF4801C4CEA113102D0404261EB41013E
:1069200013F0004F4FEA03334CEA133302D05242C4
:1069300063EB430394EA050F00F0A780A4F1010480
:10694000D5F1200E0DDB02FA0EFC22FA05F28018BA
:1069500041F1000103FA0EF2801843FA05F35941A0
:106960000EE0A5F120050EF1200E012A03FA0EFC1F
:1069700028BF4CF0020C43FA05F3C01851EBE37149
:1069800001F0004507D54FF0000EDCF1000C7EEB66
:1069900000006EEB0101B1F5801F1BD3B1F5001FA4
:1069A0000CD349085FEA30004FEA3C0C04F10104C3
:1069B0004FEA445212F5800F80F09A80BCF1004FEC
:1069C00008BF5FEA500C50F1000041EB045141EA6E
:1069D000050130BD5FEA4C0C404141EB010111F46F
:1069E000801FA4F10104E9D191F0000F04BF01461A
:1069F0000020B1FA81F308BF2033A3F10B03B3F1F8
:106A000020020CDA0C3208DD02F1140CC2F10C0287
:106A100001FA0CF021FA02F10CE002F11402D8BFE5
:106A2000C2F1200C01FA02F120FA0CFCDCBF41EAB1
:106A30000C019040E41AA2BF01EB0451294330BD80
:106A40006FEA04041F3C1CDA0C340EDC04F114045D
:106A5000C4F1200220FA04F001FA02F340EA030034
:106A600021FA04F345EA030130BDC4F10C04C4F17A
:106A7000200220FA02F001FA04F340EA030029465A
:106A800030BD21FA04F0294630BD94F0000F83F4A4
:106A9000801306BF81F480110134013D4EE77FEA87
:106AA000645C18BF7FEA655C29D094EA050F08BFD3
:106AB00090EA020F05D054EA000C04BF19461046B4
:106AC00030BD91EA030F1EBF0021002030BD5FEAF8
:106AD000545C05D14000494128BF41F0004130BD20
:106AE00014F580043CBF01F5801130BD01F0004574
:106AF00045F0FE4141F470014FF0000030BD7FEAE7
:106B0000645C1ABF194610467FEA655C1CBF0B46E1
:106B1000024650EA013406BF52EA033591EA030FF8
:106B200041F4002130BD00BF90F0000F04BF0021F0
:106B3000704730B54FF4806404F132044FF0000523
:106B40004FF0000150E700BF90F0000F04BF00219C
:106B5000704730B54FF4806404F1320410F0004502
:106B600048BF40424FF000013EE700BF42004FEAFD
:106B7000E2014FEA31014FEA02701FBF12F07F437A
:106B800093F07F4F81F06051704732F07F4208BF31
:106B9000704793F07F4F04BF41F40021704730B538
:106BA0004FF4607401F0004521F000411CE700BF84
:106BB00050EA010208BF704730B54FF000050AE007
:106BC00050EA010208BF704730B511F0004502D508
:106BD000404261EB41014FF4806404F132045FEA0A
:106BE000915C3FF4D8AE4FF003025FEADC0C18BFB3
:106BF00003325FEADC0C18BF033202EBDC02C2F1A5
:106C0000200300FA03FC20FA02F001FA03FE40EA36
:106C10000E0021FA02F11444BDE600BF70B54FF03A
:106C2000FF0C4CF4E06C1CEA11541DBF1CEA135518
:106C300094EA0C0F95EA0C0F00F0DEF82C4481EA80
:106C4000030621EA4C5123EA4C5350EA013518BFA0
:106C500052EA033541F4801143F4801338D0A0FB8D
:106C600002CE4FF00005E1FB02E506F00042E0FB3A
:106C700003E54FF00006E1FB03569CF0000F18BF40
:106C80004EF0010EA4F1FF04B6F5007F64F54074E8
:106C900004D25FEA4E0E6D4146EB060642EAC6217B
:106CA00041EA55514FEAC52040EA5E504FEACE2EE8
:106CB000B4F1FD0C88BFBCF5E06F1ED8BEF1004FEB
:106CC00008BF5FEA500E50F1000041EB045170BD67
:106CD00006F0004646EA010140EA020081EA0301AB
:106CE000B4EB5C04C2BFD4EB0C0541EA045170BDA7
:106CF00041F480114FF0000E013C00F3AB8014F121
:106D0000360FDEBF002001F0004170BDC4F1000469
:106D1000203C35DA0C341BDC04F11404C4F12005EA
:106D200000FA05F320FA04F001FA05F240EA020045
:106D300001F0004221F0004110EBD37021FA04F67B
:106D400042EB06015EEA430E08BF20EAD37070BD35
:106D5000C4F10C04C4F1200500FA04F320FA05F094
:106D600001FA04F240EA020001F0004110EBD37096
:106D700041F100015EEA430E08BF20EAD37070BD06
:106D8000C4F1200500FA05F24EEA020E20FA04F3DF
:106D900001FA05F243EA020321FA04F001F000418E
:106DA00021FA04F220EA020000EBD3705EEA430EFF
:106DB00008BF20EAD37070BD94F0000F0FD101F02E
:106DC0000046400041EB010111F4801F08BF013C67
:106DD000F7D041EA060195F0000F18BF704703F0A5
:106DE0000046520043EB030313F4801F08BF013D2C
:106DF000F7D043EA0603704794EA0C0F0CEA1355E8
:106E000018BF95EA0C0F0CD050EA410618BF52EAA1
:106E10004306D1D181EA030101F000414FF00000A7
:106E200070BD50EA410606BF1046194652EA4306B5
:106E300019D094EA0C0F02D150EA013613D195EA29
:106E40000C0F05D152EA03361CBF104619460AD171
:106E500081EA030101F0004141F0FE4141F470017B
:106E60004FF0000070BD41F0FE4141F4780170BD6B
:106E700070B54FF0FF0C4CF4E06C1CEA11541DBFD0
:106E80001CEA135594EA0C0F95EA0C0F00F0A7F8D2
:106E9000A4EB050481EA030E52EA03354FEA0131FF
:106EA00000F088804FEA03334FF0805545EA131312
:106EB00043EA12634FEA022245EA111545EA1065DA
:106EC0004FEA00260EF000419D4208BF964244F171
:106ED000FD0404F5407402D25B084FEA3202B61A90
:106EE00065EB03055B084FEA32024FF480104FF464
:106EF000002CB6EB020E75EB030E22BFB61A7546D8
:106F000040EA0C005B084FEA3202B6EB020E75EB6A
:106F1000030E22BFB61A754640EA5C005B084FEAD2
:106F20003202B6EB020E75EB030E22BFB61A75469F
:106F300040EA9C005B084FEA3202B6EB020E75EBAA
:106F4000030E22BFB61A754640EADC0055EA060E6B
:106F500018D04FEA051545EA16754FEA06164FEAAE
:106F6000C30343EA52734FEAC2025FEA1C1CC0D15A
:106F700011F4801F0BD141EA00014FF000004FF0E7
:106F8000004CB6E711F4801F04BF01430020B4F1A8
:106F9000FD0C88BFBCF5E06F3FF6AFAEB5EB030C60
:106FA00004BFB6EB020C5FEA500C50F1000041EB5D
:106FB000045170BD0EF0004E4EEA113114EB5C042A
:106FC000C2BFD4EB0C0541EA045170BD41F48011FD
:106FD0004FF0000E013C90E645EA060E8DE60CEA05
:106FE000135594EA0C0F08BF95EA0C0F3FF43BAF22
:106FF00094EA0C0F0AD150EA01347FF434AF95EAD9
:107000000C0F7FF425AF104619462CE795EA0C0FBC
:1070100006D152EA03353FF4FDAE1046194622E789
:1070200050EA410618BF52EA43067FF4C5AE50EA63
:1070300041047FF40DAF52EA43057FF4EBAE12E753
:107040004FF0FF3C06E000BF4FF0010C02E000BF34
:107050004FF0010C4DF804CD4FEA410C7FEA6C5C17
:107060004FEA430C18BF7FEA6C5C1BD001B050EABA
:10707000410C0CBF52EA430C91EA030F02BF90EAA5
:10708000020F0020704710F1000F91EA030F58BF64
:10709000994208BF90422CBFD8176FEAE37040F0C6
:1070A000010070474FEA410C7FEA6C5C02D150EA64
:1070B000013C07D14FEA430C7FEA6C5CD6D152EA1F
:1070C000033CD3D05DF8040B704700BF84461046E4
:1070D00062468C461946634600E000BF01B5FFF7E3
:1070E000B7FF002848BF10F1000F01BD4DF808EDB3
:1070F000FFF7F4FF0CBF012000205DF808FB00BF84
:107100004DF808EDFFF7EAFF34BF012000205DF8DD
:1071100008FB00BF4DF808EDFFF7E0FF94BF01202A
:1071200000205DF808FB00BF4DF808EDFFF7CEFF2B
:1071300094BF012000205DF808FB00BF4DF808ED6A
:10714000FFF7C4FF34BF012000205DF808FB00BF3B
:107150004FEA410C7FEA6C5C02D150EA013C0AD153
:107160004FEA430C7FEA6C5C02D152EA033C02D145
:107170004FF0000070474FF0010070474FEA4102A6
:1071800012F5001215D211D56FF47873B3EB625279
:1071900012D94FEAC12343F0004343EA505311F0A0
:1071A000004F23FA02F018BF404270474FF0000032
:1071B000704750EA013005D111F0004008BF6FF070
:1071C000004070474FF00000704700BF4A0011D2E6
:1071D00012F5001211D20DD56FF47873B3EB625231
:1071E0000ED44FEAC12343F0004343EA505323FA3D
:1071F00002F070474FF00000704750EA013002D1B2
:107200004FF0FF3070474FF0000070474FEA4102E7
:10721000B2F1E04324BFB3F5001CDCF1FE5C0DD9F4
:1072200001F0004C4FEAC0024CEA5070B2F1004F3E
:1072300040EB830008BF20F00100704711F0804F41
:1072400021D113F13872BCBF01F00040704741F406
:1072500080114FEA5252C2F11802C2F1200C10FA0A
:107260000CF320FA02F018BF40F001004FEAC123EE
:107270004FEAD32303FA0CFC40EA0C0023FA02F392
:107280004FEA4303CCE77FEA625307D150EA013368
:107290001EBF4FF0FE4040F44000704701F0004038
:1072A00040F0FE4040F40000704700BF53B94AB9B7
:1072B000002908BF00281CBF4FF0FF314FF0FF30FE
:1072C00000F0D0B9ADF1080C6DE904CE00F064F81F
:1072D000DDF804E0DDE9022304B070472DE9F8434E
:1072E00082EAE274A4EBE2741546E20758BFDFF8C5
:1072F000609006460F4652BF4FF000088046894610
:10730000640832463B463046394613D0FFF786FCC8
:10731000E30706460F46F3D54046494632463B460C
:10732000FFF77CFC64088046894632463B4630467F
:107330003946EBD1002D07DA42464B46002004497E
:10734000FFF796FD8046894640464946BDE8F883EA
:107350000000F03FD0B500220D4B06460F46FFF768
:107360005DFCFFF733FF0446FFF7DEFB0022094B0D
:10737000FFF754FC02460B4630463946FFF796FAB3
:10738000FFF724FF0022234610431946D0BD00BF5B
:107390000000F03D0000F0412DE9F047089E044652
:1073A0008846002B4BD18A42154667D9B2FA82F241
:1073B0004AB1C2F1200701FA02F320FA07F795401B
:1073C00047EA030894404FEA154E230CB8FBFEF73A
:1073D0001FFA85FC0EFB178843EA084307FB0CF1F4
:1073E000994209D9EB1807F1FF3080F01B819942CF
:1073F00040F21881023F2B445B1AA4B2B3FBFEF0AB
:107400000EFB103344EA034400FB0CFCA44509D9ED
:107410002C1900F1FF3380F00781A44540F204816C
:1074200002382C4440EA0740A4EB0C0400271EB1AC
:10743000D4400023C6E900433946BDE8F0878B42BB
:1074400009D9002E00F0EB800027C6E9000138467C
:107450003946BDE8F087B3FA83F7002F47D18B4256
:1074600002D3824200F2FA80841A61EB0303012006
:107470009846002EE0D0C6E90048DDE702B9FFDEFD
:10748000B2FA82F2002A40F08F80491B4FEA154E73
:107490001FFA85F80127B1FBFEFC230C0EFB1C1123
:1074A00043EA014308FB0CF1994207D9EB180CF1B0
:1074B000FF3002D2994200F2CD808446591AA3B21D
:1074C000B1FBFEF00EFB101443EA044408FB00F885
:1074D000A04507D92C1900F1FF3302D2A04500F2D4
:1074E000B6801846A4EB080440EA0C409FE7C7F1B9
:1074F000200CBB4022FA0CFE4EEA030E01FA07F400
:1075000020FA0CF521FA0CF34FEA1E482543B3FB91
:10751000F8F92C0C08FB19331FFA8EFA44EA0343DE
:1075200009FB0AF49C4202FA07F200FA07F10BD9B0
:107530001EEB030309F1FF3080F087809C4240F28C
:107540008480A9F1020973441B1BADB2B3FBF8F0B0
:1075500008FB103345EA034400FB0AFAA24508D9A8
:107560001EEB040400F1FF336BD2A24569D9023847
:10757000744440EA0940A0FB0289A4EB0A044C458C
:10758000C2464B4654D351D0002E69D0B1EB0A0508
:1075900064EB030404FA0CFCFD40FC404CEA0505D6
:1075A000C6E90054002747E7C2F1200320FA03F799
:1075B000954001FA02F021FA03F34FEA154E3843E1
:1075C000010CB3FBFEF71FFA85F80EFB173341EAF7
:1075D000034107FB08F38B4204FA02F407D9691848
:1075E00007F1FF3C2FD28B422DD9023F2944CB1A01
:1075F00081B2B3FBFEF00EFB103341EA034100FB06
:1076000008F38B4207D9691800F1FF3C17D28B426F
:1076100015D902382944C91A40EA07473BE73746DB
:10762000304609E70746E7E61846FBE64145ABD298
:10763000B8EB020A69EB0E0201381346A4E7604674
:10764000E9E7184695E76746D1E781467CE70238C7
:107650002C4447E7ACF1020C2B442FE7384608E7EF
:107660003746E9E6704700BF30B5214A21F00043B4
:10767000934287B01BDD1F4A934205DD02460B464D
:10768000FFF714F907B030BD02AAEAF759F900F084
:107690000303012B11D0022B23D0DBB10124DDE940
:1076A0000423DDE902010094EBF75AF9EAE700222E
:1076B0000023EAF72DFC07B030BDDDE90445009357
:1076C000DDE9020122462B46EBF74AF901F10041C0
:1076D00007B030BDDDE90423DDE90201EAF718FC5B
:1076E000D0E7DDE90423DDE90201EAF711FCEDE76B
:1076F000FB21E93FFFFFEF7F21F000431946704770
:1077000030B51F4A21F00043934287B01CDD1D4A6B
:10771000934205DD02460B46FFF7C8F807B030BDBF
:1077200002AAEAF70DF900F003000128DDE90423BD
:1077300012D002281CD0A0B1DDE90201EAF7E8FB73
:1077400001F1004107B030BD002300930022002367
:10775000EBF706F907B030BDDDE90201EAF7D8FB27
:10776000DCE70124DDE902010094EBF7F9F8D5E745
:107770000124DDE902010094EBF7F2F8E0E700BF35
:10778000FB21E93FFFFFEF7F30B5144A21F00043B2
:10779000934287B019DD124A934205DD02460B463B
:1077A000FFF784F807B030BD02AAEAF7C9F8440031
:1077B00004F00204C4F10104DDE90423DDE902015F
:1077C0000094EBF785F907B030BD01230093002248
:1077D0000023EBF77DF907B030BD00BFFB21E93F87
:1077E000FFFFEF7F334A21F000439342D0B50646B6
:1077F0000F460C460DDD02460B4600202E49FFF7D2
:1078000037FB002F4FF000022B4B2EDBFFF750F819
:10781000D0BD2A4A934207DD27490020002CF7DA21
:1078200001F100431946D0BDB3F1725F20DB244A59
:10783000934226DDFFF760FF02460B46FFF738F85C
:10784000EBF72AFB00224FF08043FFF731F80246A6
:107850000B4600204FF08041FFF70AFB02460B4623
:1078600000201549FFF722F8D8E7FFF71FF8D0BD31
:107870000022114BFFF71CF832463B46FFF7CEF9CA
:10788000D0BDFFF739FF00224FF04043FFF7C6F9A4
:10789000EBF702FB00224FF08043064601F1004760
:1078A000FFF706F802460B4630463946FFF7E0FA86
:1078B000B4E700BFFFFFEF7F0000F03FFFFF354060
:1078C000FFFFEF3F70B5C1F30A56A6F2FF33132B4B
:1078D0000A4608DC002B1BDB0F4C44FA03F30020A4
:1078E00022EA030170BD332B044607DDB3F5806F38
:1078F000F8D102460B46FEF7DBFF70BD4FF0FF33B9
:10790000A6F2134623FA06F6114624EA060070BDD5
:10791000002002F0004170BDFFFF0F0000B585B0F0
:10792000234A0190019B23F0004393421DDDB3F1F4
:10793000FF4F08DBDDED017A77EEE77A17EE900A6C
:1079400005B05DF804FB02A900F032FE00F003026E
:10795000012A14D0022A22D0D2B10122039902981E
:1079600001F048FB07EE900AE8E7002100F078FFFD
:1079700007EE900A17EE900A05B05DF804FB039934
:10798000029801F037FB07EE900AF1EE677AD5E72F
:107990000399029800F064FF07EE900ACEE703997E
:1079A000029800F05DFF07EE900AF1EE677AC5E7F6
:1079B000D80F493F00B585B0244A0190019B23F0C0
:1079C000004393421EDDB3F1FF4F08DBDDED017A8A
:1079D00077EEE77A17EE900A05B05DF804FB02A98E
:1079E00000F0E6FD00F00300012816D0022823D0A5
:1079F000D0B10399029800F033FF07EE900AF1EE40
:107A0000677AE7E70022002101F0F4FA07EE900A16
:107A100017EE900A05B05DF804FB0399029800F098
:107A20001FFF07EE900AD5E701220399029801F0A3
:107A3000E1FA07EE900ACDE701220399029801F0DE
:107A4000D9FA07EE900AF1EE677AC3E7D80F493FFB
:107A50002DE9F043DFF898808BB004460D46E7F738
:107A600013FF98F90030013306460F462BD022460B
:107A70002B4620462946FFF76BFB814618BB204664
:107A80002946FFF739FE0022164BFFF757FBD0B10E
:107A9000154B164801930122CDF820900092CDE9B4
:107AA0000445CDE9024501F0FBFA98F90030022BBC
:107AB000CDE906010CD0684601F0F0FA40B1089B10
:107AC0005BB9DDE90667304639460BB0BDE8F083A7
:107AD00001F05AFC21230360F1E701F055FC089BFB
:107AE0000360EEE70000F03F08B602088CB402081D
:107AF000060400202DE9F0438BB004460D46E8F75C
:107B000017F9244B93F90080B8F1FF3F06460F4662
:107B10000ED022462B4620462946FFF719FB814608
:107B200030B900221C4B20462946FFF7E9FA20B95C
:107B3000304639460BB0BDE8F08300220023012116
:107B40000091164ECDF8209010461946CDE9044517
:107B5000CDE902450196FFF78BF9B8F1020FCDE9A7
:107B600006010CD0684601F099FA40B1089B5BB958
:107B7000DDE90667304639460BB0BDE8F08301F019
:107B800003FC21230360F1E701F0FEFB089B036087
:107B9000EEE700BF060400200000F03F10B6020828
:107BA0002DE9F043DFF898808BB004460D46E8F7E6
:107BB0004BF998F90030013306460F462BD0224688
:107BC0002B4620462946FFF7C3FA814618BB2046BC
:107BD0002946FFF791FD0022164BFFF7AFFAD0B10F
:107BE000154B164801930122CDF820900092CDE963
:107BF0000445CDE9024501F053FA98F90030022B13
:107C0000CDE906010CD0684601F048FA40B1089B66
:107C10005BB9DDE90667304639460BB0BDE8F08355
:107C200001F0B2FB21230360F1E701F0ADFB089BFB
:107C30000360EEE70000F03F18B602088CB40208BB
:107C400006040020E8F730BB2DE9F04FDFF8CCA0A8
:107C50008BB004460D46E8F717FC9AF90030013363
:107C600006460F4637D022462B4620462946FFF7C8
:107C70006FFA834678BB20462946FFF73DFD002278
:107C8000244B80468946FFF74FFA20B340464946C9
:107C90000022204BFFF752FA9AF9006060B3CDE959
:107CA0000445CDE902450121002200231A4F00912D
:107CB000CDF820B0104619460197FFF7D9F8022EEB
:107CC000CDE906010CD0684601F0E8F940B1089B07
:107CD0006BB9DDE90667304639460BB0BDE8F08F79
:107CE00001F052FB21230360089B002BF1D001F02F
:107CF0004BFB089B0360ECE7022308900093064FC0
:107D0000CDE90445CDE9024520462946002200235D
:107D1000D2E700BF0000F03F20B6020806040020B2
:107D20002DE9F04F8BB01D4606460F46144600F075
:107D30006DFA294B93F900A0BAF1FF3F80468946BE
:107D400035D022462B4620462946FFF701FA70BB64
:107D500032463B4630463946FFF7FAF9834630BB98
:107D60000022002320462946FFF7C0F9F8B11B4B3B
:107D7000CDF820B00122CDE90267CDE90445CDE977
:107D80000023BAF1000F17D0002200231046194635
:107D9000FFF76EF8BAF1020FCDE906010ED101F03E
:107DA000F3FA21230360089B83B9DDE90689404685
:107DB00049460BB0BDE8F08FCDE90667684601F093
:107DC0006DF90028EBD0089B002BEED001F0DCFA17
:107DD000089B0360E9E700BF0604002034B60208F0
:107DE0002DE9F0438BB004460D46E8F7FDFD364B18
:107DF00093F90060731C804689460DD022462B46BD
:107E000020462946FFF7A4F930B900220023204676
:107E10002946FFF793F920B1404649460BB0BDE82B
:107E2000F0832A4B0890CDE90245CDE90445019342
:107E3000DEB9274F4FF06046204629460022002336
:107E4000CDE90667FFF752F9002835D002230093E9
:107E5000684601F023F9B8B1089BD3B9DDE906897A
:107E6000404649460BB0BDE8F0831A4B0022CDE9ED
:107E700006232046294600220023FFF737F968B180
:107E800002239E420093E3D101F07EFA2223036095
:107E9000E2E701F079FA089B0360DFE70123022E95
:107EA00000930BD101F070FA212303600A4801F01E
:107EB000F7F8CDE90601CFE701230093684601F00A
:107EC000EDF80028F2D1EDE7060400203CB60208E8
:107ED000FFFFEFC70000F0FF8CB402082DE9F0436C
:107EE0008BB004460D46E8F74BFF374B93F9006023
:107EF000731C804689460ED022462B4620462946D2
:107F0000FFF726F9074630B900220023204629460C
:107F1000FFF700F920B9404649460BB0BDE8F083B1
:107F20002A4B0897CDE90245CDE904450193DEB916
:107F3000274F4FF060462046294600220023CDE916
:107F40000667FFF7D3F8002835D002230093684670
:107F500001F0A4F8B8B1089BD3B9DDE90689404621
:107F600049460BB0BDE8F0831A4B0022CDE9062349
:107F70002046294600220023FFF7B8F868B1022303
:107F80009E420093E3D101F0FFF922230360E2E770
:107F900001F0FAF9089B0360DFE70123022E00934A
:107FA0000BD101F0F1F9212303600B4801F078F8BF
:107FB000CDE90601CFE701230093684601F06EF892
:107FC0000028F2D1EDE700BF0604002040B6020809
:107FD000FFFFEFC70000F0FF8CB402082DE9F0436B
:107FE0002B4E8BB080468946E9F7CEFE96F90030DD
:107FF000013304460D4603D001F04AF8074620B18C
:10800000204629460BB0BDE8F0834046494601F0C2
:108010003FF80028F4D01F4B96F900400897032240
:10802000CDE90023CDE90489CDE9028940464946DE
:108030000022002364B9FFF781F84FF06042E8B1F5
:10804000154BCDE90623684601F028F868B908E029
:10805000FFF774F8002298B1104B022CCDE90623EB
:10806000F1D101F091F922230360089B53B9DDE9B6
:108070000645204629460BB0BDE8F083084BE0E7F3
:10808000084BEAE701F080F9089B0360EFE700BFC7
:10809000060400204CB60208FFFFEF470000F07F07
:1080A000FFFFEFC70000F0FF2DE9F04F8BB0044653
:1080B0000D4600F0BDF9294B93F900A0BAF1FF3F3E
:1080C00006460F4612D022462B4620462946FFF789
:1080D0003FF8834650B94FF000084FF000092046A2
:1080E000294642464B46FFF70BF820B93046394641
:1080F0000BB0BDE8F08F0122194BCDF820B00092F3
:10810000CDE90445CDE902450193BAF1000F17D03E
:1081100042464B4640464946FEF7AAFEBAF1020FD8
:10812000CDE906010ED101F02FF921230360089B50
:1081300073B9DDE90667304639460BB0BDE8F08F0C
:10814000CDE90689684600F0A9FF0028EFD1EAE7EB
:1081500001F01AF9089B0360EBE700BF060400205A
:1081600054B6020810B52DED028B8AB008EE100A45
:1081700000F06EFB234B93F90040631C09D0B4EE72
:10818000488AF1EE10FA04D6B5EEC08AF1EE10FA84
:1081900003D40AB0BDEC028B10BD01231A4A009330
:1081A00018EE100A002301920893FEF7DFFC00226C
:1081B000CDE90401CDE902010023ACB11046194616
:1081C000FEF756FE022CCDE906010FD101F0DCF8D6
:1081D00021230360089B7BB9DDE90601FFF716F850
:1081E0000AB0BDEC028B10BDCDE90623684600F055
:1081F00055FF0028EED1E9E701F0C6F8089B0360BF
:10820000EAE700BF060400205CB602082DE9F0474B
:1082100023F0004E5EEA020620D07E4E21F0004898
:10822000B04589461ADC564216437B4F4EEAD67655
:10823000BE42144612D8F0451D4694468246074673
:1082400001F0004612DC0FDB90420DD30ED1734BD0
:10825000F60F03EBC603D3E9000105E0FEF7DEFCF1
:1082600002460B46FEF704FEBDE8F087B8F5801F16
:108270003BDB4FEA2852A2F2FF32BEF5801F80F2AC
:108280008F80BEF1000F40F09F80002C2346644990
:1082900004DD5B00002B01F1FF31FADC614B9A42F7
:1082A00070DBC9F3130343F480135E4881425BDB48
:1082B000C5F3130444F48014501A07E052EA05038E
:1082C00021D0EB0F03EB42036F0001381A1BA7EB21
:1082D0000C05F8B1674538BF02F1FF32002AEDDA2C
:1082E000FA0F02EB43037F00EFE7B8F1000F5CD118
:1082F000BAF1000F53464A4ABFDD5B00002B02F182
:10830000FF32FADCB9E7454BF60F03EBC606D6E9B8
:108310000001A9E7674538BF02F1FF32002ABCBF60
:108320003D461A4652EA0503EDD03F48824208DC3A
:10833000EB0F03EB4202824201F1FF314FEA4505A8
:10834000F6DD384B99424EDA5B1A142B54DC01F2FD
:108350001E41DD4002FA01F142FA03F31E4341EAF5
:108360000502314610467FE7401A1F2826DC01F23D
:108370001E450EFA00FE24FA05F504FA00FC45EA53
:108380000E0499E79F1A1F2F27DC02F21E4308FAFA
:1083900007F82AFA03F30AFA07F743EA080384E71F
:1083A0004FEA2E51A1F2FF3178E71E4A4FEAC82367
:1083B0005B00002B02F1FF32FADC5EE71B4D6D1A09
:1083C000AC404FF0000C77E716494FEACE235B0034
:1083D000002B01F1FF31FADC60E7144B9B1A0AFA1B
:1083E00003F3002761E7A2F58012164301F2FF3381
:1083F00046EA0351284637E71F2B07DC01F21E41EE
:1084000002FA01F125FA03F20A43AAE7074B591AC7
:108410000A41A6E7FFFFEF7F0000F07FA0A002085F
:10842000EDFBFFFF02FCFFFFFFFF0F00E2FBFFFF82
:108430005E4A8A432DE9F04104460D4600F09580DE
:1084400000290B460646844656DD0F1500F0A58030
:10845000C3F31303A7F2FF3743F480134FEADC7230
:10846000F80702EB43034FEA4C0504D5ED0F05EB8B
:1084700043034FEA8C0500267F10B44616224FF4C2
:1084800000110CEB010098424FEAD5744FEA450504
:1084900003DC1B1A00EB010C0E44013A04EB43030E
:1084A0004FEA5101EDD11046964620244FF000428C
:1084B00009E051D05B00013C03EBD5734FEA520257
:1084C0004FEA450537D0634502EB0E01F1DD002987
:1084D00001EB020E0ADBE046A3EB0C03A94288BFC6
:1084E00003F1FF336D1A1044C446E3E7BEF1000FF9
:1084F000F1DB0CF10108EFE721F00042024329D043
:10850000002942D10146CA0A153B4905002AFAD082
:1085100012F4801001D044E060465200D40200F111
:10852000010CF9D5CCF1200401FA0CFCE1401F1A32
:1085300041EA02038CE72B4321D14408731003F175
:108540007F53F20703F5001348BF44F0004403EBE8
:1085500007512046BDE8F081A942ABD8002901EBC4
:10856000020EC3DB98460023BCE702460B46FEF72B
:1085700055FB22462B46FEF79BF9BDE8F081411CD6
:1085800016BF421C01365408D8E70246FEF78EF9A2
:1085900002460B46FEF76CFCDCE71A4631463B46CA
:1085A000B6E78C4620244FF0FF30BFE70000F07F95
:1085B00070B5994A20F00044944286B06BDD974A2A
:1085C000944206461CDC002824F00F04DFED947A68
:1085D000944A07EE100A64DD944277EE677A00F061
:1085E000D5809FED917A77EEC76A012077EEE67A23
:1085F000C1ED006A77EEC77AC1ED017A06B070BDB1
:108600008A4A94420D4660DDB4F1FF4F80F2B48097
:10861000E215863AA4EBC25307EE903ABDEEE77A34
:10862000DFED836AB8EEC77A77EEC77A8DED037A0D
:1086300067EEA67ABDEEE77AB8EEC77A77EEC77A2C
:108640008DED047A67EEA67AF5EE407AF1EE10FA37
:10865000CDED057A40F0CC80B5EE407AF1EE10FA1F
:108660000CBF01230223734901910221009103A849
:10867000294600F07FF9002E11DA95ED007AD5ED4C
:10868000017AB1EE477AF1EE677A404285ED007AE1
:10869000C5ED017A03E0002208604A60002006B0C0
:1086A00070BD944277EE277A00F08F809FED5E7A5E
:1086B00077EE876A4FF0FF3077EEE67AC1ED006A19
:1086C00077EE877AC1ED017AE9E700F07DFD9FED55
:1086D0005A6A9FED535ADFED546A07EE100AF6EE20
:1086E000007AE7EE067AFDEEE77AB8EEE76A17EE73
:1086F000900AF1EE465AF0EE477A1F28E5EE857AA9
:1087000026EE267A54DD77EEC76A16EE903AE41527
:10871000C3F3C753E31A082B54DD9FED487ADFED0E
:10872000486AB0EE675AA5EE875A77EEC57AE5EE4D
:10873000877AD6EE267A75EE676AB0EE677A16EE1D
:10874000903AC3F3C753E41A192C53DCC5ED006A01
:10875000F0EE457A77EEE67A002E77EEC77AC5ED31
:10876000017A9CDAF1EE666AF1EE677AC5ED006A8D
:10877000C5ED017A404292E707EE900A77EEE77A7C
:108780000020C1ED017AC1ED007A88E7DFED2B6AA8
:108790009FED2B7A77EEE67A012077EEC76A77EEC7
:1087A000E67AC1ED006A77EEC77AC1ED017A76E725
:1087B000421E244B53F8223024F0FF029A4277EEF7
:1087C000C76AA2D0C5ED006AC4E7DFED1C6A9FED61
:1087D0001C7A77EEA67A4FF0FF3077EE876A77EE55
:1087E000E67AC1ED006A77EE877AC1ED017A56E745
:1087F000032338E7DFED146ADFED144AF0EE457A23
:10880000E5EEA67A35EE677AA5EEA67A96EE247A9C
:1088100077EEC76AD6E700BFD80F493FE3CB1640D3
:10882000800FC93FD00FC93F43443537800F4943BC
:10883000000080436CB8020884F9223F00443537B9
:1088400008A3852EECB7020800A3852E32318D24B3
:1088500007EE900AF1EEE77A17EE900A704700BF34
:1088600020F00043B3F1485F06EE100A06EE901ABE
:108870002EDAFDEEC67A17EE903A002B5FD026EE88
:10888000067ADFED343A9FED344ADFED344A9FED4E
:10889000345ADFED347ADFED345AA7EE234AE7EE9F
:1088A000044AA7EE245AE7EE057AE7EE275A65EE6A
:1088B000875A66EEC66AB6EE006AE7EE256AF7EEFC
:1088C000007AD7EE066A77EEE67A17EE900A7047DE
:1088D00026EE067ADFED1F3A9FED1F4ADFED1F4AB5
:1088E0009FED1F5ADFED1F7ADFED1F5A1F4AA7EEDB
:1088F000234A9342E4EE074AA4EE875AE5EE077A4C
:10890000E7EE875A65EE875AD3DD194A93421BDC9E
:1089100003F17F4307EE903AB7EE005A35EE675AFF
:1089200066EEC66AB6EE006AE7EE256AD7EE067A0C
:1089300077EEE67A75EE677A17EE900A7047F7EEF3
:10894000007A17EE900A7047B6EE075AF5EE027AF3
:10895000E6E700BF4ED747ADF6740F317CF293B413
:10896000010DD037610BB6BAABAA2A3D9999993E51
:108970000000483F2DE9F04F2DED048BD7B003F1F7
:10898000FF390293D31E48BF131DBA4C649D059155
:10899000DB1023EAE37354F82560039303F1010825
:1089A000A2EBC80816EB09028646A3EB090316D40E
:1089B0001A449FEDB17A6598511C1AAA002BA4BFE6
:1089C00050F8234007EE904A03F10103ACBFF8EEE4
:1089D000E77AF0EE477A8B42E2EC017AEED1029B25
:1089E000002E4FEA83044FEA860A1DDB1AAB1819E2
:1089F00043AA7346191902EB0A0742ADF446B9F1CE
:108A0000000FDFED9D7A09DB02466346F3EC016A55
:108A100032ED017A8B42E6EE877AF7D1E5EC017A06
:108A2000BD4200F10400EAD1AAF1080306ADEB183B
:108A300004939FED939ADFED918A009605ABB346C0
:108A400074449A4442AF76464FEA8B0356AA1A44BE
:108A5000BBF1000F52ED146A16DD07EB8B022946BD
:108A600066EE897AB0EE667AFDEEE77A32ED016A5B
:108A7000F8EEE77ABA42A7EEE87A77EE866ABDEEBC
:108A8000C77AA1EC017AEBD1414616EE900A019328
:108A900000F0F8FB08EE100AF4EE007A68EE277A90
:108AA00017EE900A00F094FB07EE100AF2EE007A3F
:108AB000A7EE678AB8F1000F019BFDEEC89AF0EEB1
:108AC000487AB8EEE98A37EEC88A40F3C6800BF1DF
:108AD000FF3CC8F1080255F82C1041FA02F000FAE8
:108AE00002F2891A45F82C1019EE90CA8444C8F194
:108AF000070209EE90CA41FA02F2002A48DD19EE97
:108B0000901ABBF1000F01F1010109EE901A40F338
:108B10003682D5F800C0BCF1000F40F09B80BBF15D
:108B2000010F20D0AE4601205EF8041F00F1010CB9
:108B3000002900F09980E6468C467146CCF5807C91
:108B40008B4545F820C00CDD55F821002B4405EB82
:108B5000810100E00868C0F1FF0041F8040B994270
:108B6000F8D14FF0010CB8F1000F0EDDB8F1010F94
:108B700000F02E81B8F1020F07D10BF1FF3155F84B
:108B8000213003F03F0345F82130022A00F009812B
:108B9000B5EE408AF1EE10FA40F08680009B0BF1B2
:108BA000FF3C63450EDC0BF18041013905EB81018F
:108BB000002051F80439514540EA0300F9D100285A
:108BC00040F00F81009B013B55F82330002B40F013
:108BD000FC80049B4FF0010C53F804290CF1010CAC
:108BE000002AF9D0DC440BF1010EE64530DC039B92
:108BF000029A0EEB03015A4403EB0C0B1AAB01F182
:108C0000804103EB8202659B013903EB810107EB95
:108C10008E0E03EB8B0B51F8043F9FED177A07EE96
:108C2000903AF8EEE77A1046B9F1000FE0EC017ADD
:108C300009DB334601E072ED017AF3EC016AA342ED
:108C4000A6EEA77AF7D15945AEEC017A0246E2D1F9
:108C5000E346F9E60121002070E715D10BF1FF3260
:108C600055F82220121248E7E34560467FF45CAFD6
:108C70008C4678E7C0BB020800000000000080437B
:108C80000000803B0000C93FF6EE007AB4EEE78AB0
:108C9000F1EE10FA80F25D81B5EE408AF1EE10FA45
:108CA0004FF000023FF47AAFC8F1000118EE100A4D
:108CB0000192009E00F0E6FA5FED106A019A07EE5D
:108CC000100AB4EEE67AF1EE10FAC0F25B815FEDC5
:108CD000147A67EE277A0BF10103FDEEE77A08F1CB
:108CE0000808F8EEE77AA7EEE67AFDEEE77ABDEE41
:108CF000C77A17EE101A45F82B1017EE901A45F8A0
:108D0000231041464FF07E50CDE9002300F0BAFA1F
:108D1000019B009A002B07EE100AC0F24A819F00C7
:108D200042A907F1040E5FED2A6A0F44381D05EBD6
:108D30000E0171ED017AF8EEE77AA94267EE877AC3
:108D400027EE267A60ED017AF3D10DF1B8081FED18
:108D5000336AC44603F101090025002EC0F20481E4
:108D6000A24CDFEDA37A3846B0EE467A002103E04C
:108D7000A94208DCB4EC017AF0EC016A01318E42C0
:108D8000E6EE877AF4DA01354D45ECEC017AA7F18D
:108D90000407E2D16499032955D8DFE801F0CAB786
:108DA000B75DF7EE007A37EEC88ABCF1000F3FF4EA
:108DB000EFAE17EE900A4146019200F063FA07EE1B
:108DC000900A019A38EE678AE2E64FF0010C09E753
:108DD0000BF1FF3155F8213003F07F0345F82130C6
:108DE000D3E655F82C10009E6346A8F10808002928
:108DF00087D10CF18041013905EB810151F804095B
:108E0000013BA8F108080028F8D07AE7DFED787A6E
:108E1000002A40F0BF809DED2E7A0599002BC1ED10
:108E2000007A77EE677A0BDD2FA80121B0EC017A8A
:108E300001318B4277EE877AF8DA002A40F0B6806B
:108E4000059BC3ED017A19EE903A03F0070057B085
:108E5000BDEC048BBDE8F08F002B40F3C4809C0078
:108E600056A921440DF1B80803F1804051ED286A5C
:108E7000013808EB830171ED017A37EEA67A884557
:108E800077EEC77A81ED007A77EEA67AF0EE476A40
:108E9000C1ED017AEFD1012B40F3A58056AB1C4404
:108EA0008000031D54ED286A43442FA973ED017A15
:108EB00037EEA67A994277EEC77A83ED007A77EE9D
:108EC000A67AF0EE476AC3ED017AEFD10830DFED04
:108ED000487A08EB000308F1080833ED017A984559
:108EE00077EE877AF9D1DDED2E6A9DED2F7A2AB1E2
:108EF000F1EE666AB1EE477AF1EE677A059BC3ED53
:108F0000006A83ED017AC3ED027A9CE7002BFFF63D
:108F10007DAF2EA800EB8301DFED357A043131ED12
:108F2000017A884277EE877AF9D1002A3FF473AF4D
:108F300030E0DFED2F7AC6443EED017AF04577EE62
:108F4000877AF9D10AB1F1EE677A059BC3ED007A11
:108F500079E719EE902ABBF1000F02F1010209EE48
:108F6000902A3ADD0222D4E5DFED217A01354D4524
:108F7000ECEC017AA7F104077FF4EFAE0AE74FF0BB
:108F8000000CF0E5BDEEC77A5B4617EE101A45F807
:108F90002B10B6E6DDED2E6A0599B1EE677A002B4F
:108FA00076EEE77A81ED007A3FF73EAFF1EE677A31
:108FB00046E7649903293FF646AF01A050F821F037
:108FC000D18F02080D8F02080D8F0208598E0208FA
:108FD000DFED077A002AB6D1B7E7F7EE007A37EE71
:108FE000C88A0222D4E5DFED027A7CE798BB02084A
:108FF0000000000020F00043B3F1485F07EE900A44
:1090000006EE101A04DABDEEE77A17EE103A23B333
:1090100027EEA77A9FED174ADFED174A9FED175A03
:10902000DFED175ADFED176AE7EE044A27EE874AAD
:10903000A4EE875AE5EE075AE5EE876A82B166EE3E
:10904000C46AF6EE005AE6EE256ADFED0F5A96EE98
:10905000876AA4EE256A77EEC67A17EE900A704703
:109060009FED0A6AA7EE266AE6EE047A17EE900AEA
:10907000704700BFD3C92E2F342FD7B21BEF38361D
:10908000010D50B98988083CABAA2A3EABAA2ABE7A
:1090900041F0004101F58010C00F7047002070477B
:1090A00000200149704700BF0000F87F2DE9F04122
:1090B000C1F30A57A7F2FF35132D82B002460B46C3
:1090C0000C464FEAD178064633DC002D4EDB3C4996
:1090D000294103EA0100104326D049080B4052EA17
:1090E00003060CD04FF48023132D24EA010143FA28
:1090F00005F444EA01040CBF4FF000460026314954
:1091000001EBC8082346D8E90045324620462946E7
:10911000FDF7CEFBCDE9000122462B46DDE900013B
:10912000FDF7C4FB02460B461046194602B0BDE8E7
:10913000F081332D07DDB5F5806FF5D1FDF7B8FB74
:1091400002460B46F0E7A7F213474FF0FF31F94014
:109150000842E9D049080842D1D04FF0804320EAC4
:10916000010143FA07F741EA0706C8E721F0004189
:109170000143D9D0C3F3130101434E420E43114DB5
:109180005C0C360B640406F4002305EBC80243EACA
:109190000401D2E900450B46024629462046FDF768
:1091A00087FBCDE9000122462B46DDE90001FDF7F2
:1091B0007DFB21F00041024641EAC873B4E700BFDD
:1091C000FFFF0F00F0A0020820F00040704700BF32
:1091D00082B00190019A22F00041CB0D7F3B162B0B
:1091E00020DC002B10462EDB234919410A4224D0F3
:1091F000DFED227A9DED017A77EE277AF5EEC07ADF
:10920000F1EE10FA19DD002A04DA4FF4000242FAF6
:1092100003F3184420EA010307EE903A17EE900A90
:1092200002B07047B1F1FF4FDDED017AF6D377EE72
:10923000A77A17EE900A02B07047DDED017A17EEBB
:10924000900A02B07047DFED0D7A9DED017A77EE5E
:10925000277AF5EEC07AF1EE10FAEEDD002A02DB95
:10926000DFED077ADAE7FFEE007A002918BFB0EEEB
:10927000677AF0EE477AD1E7FFFF7F00CAF24971C3
:109280000000000000B52DED028B83B00190019B22
:1092900033F000421DD0B2F1FF4F0FD2B2F5000FF4
:1092A00020D3D20D0A44FE2A2CDC002A3DDD23F017
:1092B000FF4343EAC25307EE903A03E007EE900AF9
:1092C00077EEA77A17EE900A03B0BDEC028B5DF83B
:1092D00004FBDDED017A17EE900A03B0BDEC028BC2
:1092E0005DF804FB9DED017ADFED1B7A1B4B67EE09
:1092F000277A9942CDED017A10DB019BC3F3C75267
:10930000193ACFE79FED168A019918EE100A00F07E
:1093100035F807EE900A67EE887AD3E7DFED117A29
:109320009DED017A67EE277ACCE712F1160F06DA87
:109330004CF250339942E5DC9FED0A8AE4E719329A
:1093400023F0FF4343EAC2539FED077A07EE903ABA
:1093500067EE877AB6E700BF0000004CB03CFFFF25
:10936000CAF249716042A20D0000003303F00043CD
:1093700021F0004242EA0301704700BF01F00041C2
:1093800020F0004008437047014B1868704700BF49
:10939000340200208A892DE9F041054610070C4669
:1093A00058D44B68002B05DC0B6C002B02DC002032
:1093B000BDE8F081E66A002EF9D0002312F4805255
:1093C0002F68216A2B6032D0606DA3895A0705D5BA
:1093D0006368C01A636B0BB1236CC01A002302468A
:1093E000E66A216A2846B047431CA38906D129684A
:1093F0001D2948D8294ACA40D60744D500226260B0
:10940000D9042269226004D5421C01D12B6803B91A
:109410006065616B2F600029C9D004F14403994253
:1094200002D02846F3F7C2F900206063C0E70123A9
:109430002846B047411CC8D12B68002BC5D01D2B36
:1094400001D0162B01D12F60B1E7A38943F040036F
:10945000A381ADE70F69002FA9D093070E6808BF5D
:109460004B690F6018BF0023A6EB07088B60B8F1AB
:10947000000F9CDD43463A46216AA66A2846B0475B
:10948000002806DCA38943F04003A3814FF0FF309E
:109490008EE70744A8EB0008E9E700BF0100402081
:1094A00038B50B6905460C46DBB118B183690BB9B9
:1094B00000F05CF80C4B9C4209D16C68B4F90C309C
:1094C0007BB121462846BDE83840FFF763BF074B14
:1094D0009C4201D1AC68F1E7054B9C4208BFEC68A7
:1094E000ECE7002038BD00BFECBB02080CBC020852
:1094F000CCBB0208014620B9044B0549186800F0AE
:10950000CCB9044B1868FFF7CBBF00BF2CBC0208D6
:10951000A194020834020020002310B50446C0E9DB
:109520000033836081814366C281C0E90433836173
:10953000194608225C30F0F737FC054B6362054B97
:10954000A362054BE362054B2462236310BD00BF99
:109550005199020873990208AB990208CF99020841
:10956000014900F09AB900BFA1940208836910B5BF
:10957000044633BBC0E912330365124B124A1B6821
:109580008262984204BF0123836100F01FF860608B
:10959000204600F01BF8A060204600F017F80022DB
:1095A000E06004216068FFF7B7FF01220921A0688D
:1095B000FFF7B2FF02221221E068FFF7ADFF01239F
:1095C000A36110BD2CBC020861950208F8B51B4BC5
:1095D0001E68B369074613B93046FFF7C7FF483620
:1095E000D6E90134013B03D5336833B13668F7E778
:1095F000B4F90C506DB16834F4E70421384600F03A
:1096000036F930600028F1D10C233B600446204637
:10961000F8BD0B4B6566C4E90055A560C4E9033588
:10962000C4E905550822294604F15C00F0F7BCFBAB
:10963000C4E90D55C4E91255E9E700BF2CBC020886
:109640000100FFFF70B50D4E0D4CA41BA4100025AA
:10965000A54209D10B4E0C4C00F04EFAA41BA410ED
:109660000025A54205D170BD56F825309847013533
:10967000EEE756F8253098470135F2E70804002058
:10968000080400200804002018040020084B37B507
:109690001C68084D236A002B08BF2B460093134615
:1096A0000A460146204600F09EF903B030BD00BFD7
:1096B000340200209802002038B5074C05460846C1
:1096C0001146002222601A46F7F79AFF431C02D186
:1096D000236803B12B6038BDBC32002038B5064C7E
:1096E0000023054608462360F7F762FF431C02D1BA
:1096F000236803B12B6038BDBC32002038B5074C5D
:10970000054608461146002222601A46F7F7E6FF92
:10971000431C02D1236803B12B6038BDBC3200204A
:1097200038B5074C054608461146002222601A4605
:10973000F7F7A2FF431C02D1236803B12B6038BDA9
:10974000BC320020002815D0006041608260C360F8
:10975000046145618661C761444604624C464462C7
:10976000544684625C46C462644604636E46466343
:1097700074468463002906D0C46B043C0439256810
:109780000D60B442F9D1946BA646566BB546002BDA
:1097900006D0D46B043C043B1D682560B442F9D16B
:1097A000146BA446D46AA346946AA246546AA1469E
:1097B000146AA046D769966955691469D3685168D7
:1097C000106892687047006041608260C360046105
:1097D00045618661C761444604624C464462544612
:1097E00084625C46C462644604636E4646637446A3
:1097F0008463C46B043C043925680D60B442F9D11C
:10980000C769866945690469704700604160826084
:10981000C360046145618661C761444604624C4689
:109820004462544684625C46C462644604636C4687
:1098300044637446846304697047846BA646446B32
:10984000A546046BA446C46AA346846AA246446A39
:10985000A146046AA046C769866945690469C36868
:109860008268006841687047FEE7F7F791BF70B5FE
:109870004A1E682555430E4605F17401F2F790FF24
:10988000044640B10021C0E900160C30A06005F18B
:109890006802F0F789FA204670BD2DE9F84380464A
:1098A000894600F14804002614B93046BDE8F88323
:1098B000D4E90175013F01D52468F5E7AB89012B97
:1098C00007D9B5F90E30013303D029464046C847C1
:1098D00006436835EEE7D0F8EC00704782B001B976
:1098E00001A942B14BB113780B601278101C18BF5C
:1098F000012002B070471046FBE76FF00100F8E767
:1099000030B50024A24201D1002007E0035D0134FC
:109910000D1915F8015CAB42F4D0581B30BD8842DC
:1099200010B501EB020307D8421E99420AD011F884
:10993000014B02F8014FF8E78342F5D98118D21A9A
:10994000D34200D110BD13F8014D01F8014DF7E7E6
:1099500010B50C46B1F90E10FFF7E2FE0028ABBFC0
:10996000636DA3891B1823F48053ACBF6365A38187
:1099700010BD2DE9F0411F468B89DB0505460C46DD
:10998000164605D502230022B1F90E10FFF7B6FEE8
:10999000A389B4F90E1023F48053A38132463B46C9
:1099A0002846BDE8F041FFF787BE10B50C46B1F977
:1099B0000E10FFF7A3FE431CA38915BF606523F4B7
:1099C000805343F48053A38118BFA38110BDB1F924
:1099D0000E10FFF783BE034613F8012B002AFBD1BC
:1099E000181A013870472DE9F0478046894692469B
:1099F0001E460F463D46089815F8014BFFF76BFFD2
:109A00002044437813F0080332D12D2C32D17C78D6
:109A1000BD1C0122002E5DD0102E09D1302C07D1A3
:109A20002B7803F0DF03582B4FD16C7810260235CA
:109A3000002A14BF4FF000416FF000410027B1FB36
:109A4000F6FC384606FB1C1EA4F13003092B17D880
:109A50001C46A64223DD7B1C07D084451CD301D1C4
:109A6000A64519DB00FB0640012715F8014BEBE783
:109A70002F46BFE72B2C04BFBD1C7C781A46C9E7D4
:109A8000A4F14103192B01D8373CE2E7A4F16103AB
:109A9000192B04D8573CDCE74FF0FF37E5E77B1C78
:109AA00008D12223C8F800300846BAF1000F07D1C8
:109AB000BDE8F08702B14042BAF1000FF8D00FB113
:109AC00005F1FF39CAF80090F2E73024002EAFD13B
:109AD0000826ADE7302CA3D00A26A9E749B1FF2A12
:109AE00085BF8A2303600A704FF0FF3098BF0120C2
:109AF0007047084670470000F8B500BFF8BC08BCC6
:109B00009E467047F8B500BFF8BC08BC9E4670473B
:109B10000000000000000000000000000000000045
:109B20000108010842424242010801083ED8E98D7D
:109B30006D3501084536010889360108B13601083E
:109B4000E970010845780108D9660108C96A010869
:109B5000D56A0108ED6A01080D4D0108E16A0108A6
:109B60003D670108A96A0108055A0108254D010849
:109B700099500108C54F0108754F0108C9510108E6
:109B8000414A0108454C0108554C0108694C01083F
:109B9000854C01084D550108AD540108855A01084E
:109BA000DD5A01086D7A0108717A010818A20208CD
:109BB000E8A1020870A10208B8A1020848A20208A0
:109BC000B4A20208E4A20208DCA40208C5650108E8
:109BD000996701086D650108455D01088D7A0108E6
:109BE000857A0108897A0108B5580108E956010803
:109BF00059570108F94D01080D4E01082D4E010875
:109C0000BD4E0108D14E0108094F01089D480108C9
:109C1000B14C0108C54C0108C94C0108D14C0108E0
:109C2000DD4C0108E54C0108F54C0108FD4C01082C
:109C3000054D01089D560108CD5601088D670108A4
:109C4000996B0108C56B0108316C0108395D010889
:109C5000515D010835640108754601088146010817
:109C6000D9460108E1460108FD4B0108094C0108ED
:109C700051470108F9480108ED4A01080149010866
:109C80006D490108294A0108394A01087956010835
:109C9000155201083D52010865520108BD520108E4
:109CA000E95201089D50010895510108CD50010865
:109CB000FD500108255101084D5101086D51010861
:109CC000095801082D580108515801087558010814
:109CD000955801087D5601088D5601082D5501083B
:109CE0003D55010849530108914C01087153010881
:109CF000295401083D5401085154010865540108D4
:109D0000795401088D540108A14C0108A94C01089F
:109D1000757A01080D4D01081D4D0108254D0108FA
:109D20008D4D0108914D0108954D0108A94D01087F
:109D3000DD4D0108E14D0108F14D01081D4F0108FD
:109D4000294F01082D4F0108B5590108F95A01089A
:109D5000115B0108355B0108895B0108A95B0108FB
:109D6000C5360108D9360108ED360108013701086A
:109D700015370108293701083D3701085137010817
:109D8000816C0108A96C0108BD6C0108D16C010847
:109D9000E56C0108F96C01080D6D0108216D0108E1
:109DA000C9370108CD370108E5370108F93701083F
:109DB0001138010825380108A13B0108DD3C0108E4
:109DC000893801088D380108BD380108E9380108D3
:109DD0006939010875390108B93901082D3A0108B6
:109DE000453A01086D3A0108753A0108B565010860
:109DF000B9650108FD3C0108013D01080D3D010860
:109E0000113D0108153D01081D3D0108213D0108D6
:109E1000253D0108453D0108613D0108893D0108D6
:109E20008D3D0108953D0108A93D0108B53D01089A
:109E3000B93D0108356D0108A16D0108316E0108B9
:109E4000916E0108996E0108A16E0108B16E0108BA
:109E5000C16E0108B1680208017102083D71020873
:109E6000AD680208716E02081D6C0208E9700108F5
:109E700069740108097501081D7501085D750108FF
:109E8000657501087175010879750108817501080A
:109E90008975010891750108B1750108D975010826
:109EA000557601086D760108757601088D760108F2
:109EB0005D73010875730108857301088D730108CE
:109EC0009173010895730108E17301083174010869
:109ED0006577010891770108D577010801780108B5
:109EE000817801087179010899790108F1A90108BF
:109EF00019AA010839AA01085DAA0108A9AA01083E
:109F0000EDAA0108B9790108BD790108C1790108F4
:109F1000517A010869E5000821E60008617A010824
:109F2000AD9E01088D9F0108397E0108417E010820
:109F3000497E01084D7E0108617E0108E98A010819
:109F40006D7E01089D7E010815820108BD7E010815
:109F5000217F010895820108458401085D8401087C
:109F600085840108119B010891840108F18401088E
:109F700059990108E59B01083D8501083D860108C6
:109F8000719C010805990108C9980108F198010818
:109F90006D9D01086988010851890108318A01080D
:109FA000498A0108A59D0108919C0108BDAB0108E3
:109FB00019AC0108000000000100000000000000D2
:109FC0000A00000000000000640000000000000023
:109FD000E80300000000000010270000000000005F
:109FE000A08601000000000040420F0000000000B9
:109FF000809698000000000000E1F50500000000D8
:10A0000000CA9A3B0000000000E40B54020000006C
:10A0100000E87648170000000010A5D4E800000012
:10A0200000A0724E1809000000407A10F35A000098
:10A030004FBB610567ACDD3F182D4454FB21E93F60
:10A040009BF681D20B73EF3F182D4454FB21F93F4F
:10A05000E2652F227F2B7A3C075C143326A6813CD5
:10A06000BDCBF07A8807703C075C143326A6913C80
:10A07000000000000000E03F000000000000E0BF22
:10A080000000E0FE422EE63F0000E0FE422EE6BF6A
:10A09000763C7935EF39EA3D763C7935EF39EABDE2
:10A0A0000000000000000000000000000000008030
:10A0B00000000040FB21F93F000000002D44743EE9
:10A0C000000000809846F83C0000006051CC783BCE
:10A0D00000000080831BF0390000004020257A3802
:10A0E000000000802282E336000000001DF3693585
:10A0F000000000000000304300000000000030C3FA
:10A1000030313233343536373839616263646566ED
:10A11000000000006661696C6564207479706520D8
:10A12000636865636B20666F722025702040257020
:10A13000000000005654202570202D206F626A74A4
:10A1400079706520256420636C6173734E6F2025E0
:10A1500064000000756E68616E646C6564206578EB
:10A1600063657074696F6E2C2076616C75653A005A
:10A170000C0003F9000000000100000000000000D6
:10A18000BD430108055A010831420108A5430108F1
:10A1900071430108654301085943010885430108DB
:10A1A0006D697373696E672070726F706572747910
:10A1B000206F6E20257000000C0003F900000000E5
:10A1C0000100000000000000BD430108055A01081D
:10A1D00025420108114101081541010821410108EA
:10A1E00025410108294101080C0003F90000000085
:10A1F0000100000000000000BD430108055A0108ED
:10A200009D4301087940010881400108854001080B
:10A2100089400108CD4001080C0003F9000000004E
:10A220000100000000000000BD430108055A0108BC
:10A23000B543010859400108614001086540010823
:10A24000B9430108694001080C0003F9000000004F
:10A250000100000000000000BD430108055A01088C
:10A26000AD4301083141010841410108B1430108F2
:10A27000A9430108514101085B4E6174697665206C
:10A2800025705D005B5265664F626A656374207677
:10A29000743D257020636C3D256420737A3D2564F0
:10A2A0005D0000005B2573202570203D2025735D37
:10A2B00000000000080004F9000000000300000096
:10A2C00000000000BD430108055A0108000000001D
:10A2D00059410108000000000000000000000000DB
:10A2E000000000000C0002F9000000000200000065
:10A2F00000000000BD430108055A010800000000ED
:10A30000A143010800000000000000000000000060
:10A310000000000018A202080700626F6F6C656100
:10A320006E00000018A202080900756E6465666977
:10A330006E656400B4A20208000000000000000086
:10A3400018A202080000000018A2020808006675A2
:10A350006E6374696F6E000018A202080900756EC2
:10A36000646566696E65640018A202080800496E9B
:10A3700066696E697479000018A2020803004E61D4
:10A380004E00000018A2020809002D496E66696E91
:10A390006974790018A2020804006E756C6C0000E4
:10A3A00018A20208040074727565000018A2020861
:10A3B000050066616C73650018A2020808005B4F17
:10A3C000626A6563745D000018A202080A005B46B9
:10A3D000756E6374696F6E5D0000000018A202085C
:10A3E00006006E756D6265720000000018A202081A
:10A3F00006006F626A6563740000000018A202081C
:10A400000600737472696E67000000006763416C38
:10A410006C6F6328256429202825642F2564206615
:10A420007265653B202564206D617820626C6F63E6
:10A430006B29202D3E206E657720626C6F636B0068
:10A440002D2D4D41524B000052503A25702F25645E
:10A450000000000052473A25702F256400000000DC
:10A4600047432025642F256420667265653B2025BF
:10A4700064206D6178426C6F636B0000474320621B
:10A480006C6F636B20256462204020257000000003
:10A490005265665265664C6F63616C20257020764C
:10A4A0003D257000526566436F6C6C656374696F1F
:10A4B0006E2025702073697A653D256400000000D8
:10A4C0005265665265636F72642025702073697AE5
:10A4D000653D256420627974657300000C0005F900
:10A4E000000000000400000000000000D166010828
:10A4F000DD6501084165010889650108000000006B
:10A500000000000000000000000000007661726999
:10A51000616E74206E6F7420737570706F727465E5
:10A52000643A2025730000005265664D6170202555
:10A53000702073697A653D25640000005365676D7E
:10A54000656E743A2025702C206C656E6774683ACD
:10A550002025642C2073697A653A20256400000068
:10A560002D3E2025640000004572726F723A20254E
:10A5700064205B25645D0000526566416374696F09
:10A580006E2025702070633D25582073697A653DE3
:10A5900025640000140004F9000000000800000019
:10A5A00000000000D16501080D660108556501082D
:10A5B0009965010800000000000000000000000094
:10A5C00000000000080004F900000000070000007F
:10A5D00000000000D5660108FD6501084D65010811
:10A5E0009565010800000000000000000000000068
:10A5F000000000000C0004F900000000060000004C
:10A6000000000000C9650108C96901083965010831
:10A610008565010800000000000000000000000047
:10A6200000000000525325643A25702F2564000075
:10A63000756E6B6E6F776E000A444D4553473A0A4C
:10A64000000000000A0A00001E0000000A000000CE
:10A650000E0000000F000000080000001D000000B8
:10A660001F000000160000000D0000002E0000007A
:10A670001C00000012000000730000002F0000000A
:10A68000180000001100000010000000040000008D
:10A690007100000019000000070000000600000023
:10A6A00001000000000000007000000000030C0F1B
:10A6B00030333C3FC0C3CCCFF0F3FCFF001122335A
:10A6C000445566778899AABBCCDDEEFF5265664992
:10A6D0006D6167652025702073697A653D2564206A
:10A6E00078202564000000000C0004F90000000040
:10A6F0000500000000000000917A0108957A010829
:10A7000031650108816501080000000000000000BB
:10A71000000000000000000072756E6E696E672018
:10A72000666C6173682046532047433B206E656525
:10A730006465642025642C206C65667420256400A3
:10A74000474320646F6E653A202564206672656514
:10A75000000000006F7574206F6620737061636580
:10A7600021206E65656465643D256400666F726DC9
:10A77000617474696E672E2E2E0000006D6F756E09
:10A780007465642C20656E643D2578206D65746168
:10A790003D257820667265653D2578000000000043
:10A7A0000000000065A9010865A901086DA901085C
:10A7B00069A90108636C656172696E6720757365CC
:10A7C000722066696C657300666F6F62617200006B
:10A7D0000000000000000000C56E01088DB10108F6
:10A7E00091B1010895B10108C9B801089DB10108EE
:10A7F000B1B101087DCF01085DD301080000000060
:10A8000000000000C56E01088DB10108D1B3010838
:10A8100095B10108C9B8010829B201083DB2010883
:10A82000A5C9010815C901085DC9010819C90108B0
:10A83000E1B10108C5B30108E5CC01082A2A2A20A4
:10A84000434F44414C2050414E4943203A205B2520
:10A85000645D00000000000000000000B9B40108C1
:10A86000C1B4010825B50108E1B4010800000000E9
:10A870000000000039E40108A5E401080DE3010827
:10A8800069E5010825E3010871B5010891E30108B4
:10A89000A1E30108B1E30108BDE30108B9E501083E
:10A8A00059B40108CDE3010861B4010895E7010836
:10A8B000DDE301085DE8010869B4010871B401082D
:10A8C00079B4010849E7010881B40108B5E8010835
:10A8D000BDB40108D1B4010829E50108A9E70108C0
:10A8E000D5E7010831E6010885E6010835E70108EA
:10A8F00001E801080DE6010800000000000000006A
:10A90000C56E01088DB1010891B1010895B101082A
:10A91000C9B8010851B801088DB80108000000004D
:10A9200000000000B5BA010895BA0108ADBA0108E7
:10A9300085BA01088DBA0108A5BA01089DBA0108B7
:10A9400030780000444D455347206C696E65207493
:10A950006F6F206C6F6E67210A00000025000000F9
:10A960003F3F3F000D0A0000000000000000000013
:10A97000C56E01088DB1010891B1010895B10108BA
:10A98000C9B80108A5C80108BDC80108A1C80108C7
:10A990000000000000000000C56E01088DB1010834
:10A9A00091B1010895B10108C9B8010825C901088C
:10A9B0003DC90108A5C9010815C901085DC90108FB
:10A9C00019C901081DC901081DC90108E5CC010804
:10A9D0000000000000000000C56E01088DB10108F4
:10A9E00091B1010895B10108C9B801080000000043
:10A9F000000000007DCF01081917020800000000C8
:10AA000000000000000000000000000051D001081C
:10AA100051D00108191702080000000000000000D2
:10AA2000C56E01088DB1010891B1010895B1010809
:10AA3000C9B801082DD3010841D301087DCF010811
:10AA40005DD301080000000000000000C56E010891
:10AA5000F1D3010891B10108DDD40108C9B801089A
:10AA6000C1D30108D5D30108B9D3010835D50108F0
:10AA70000000000000000000C9D5010885B80108E9
:10AA8000ADBC0108D9D5010800000000000000009D
:10AA900059DB0108D5D601083DD60108DDD50108EE
:10AAA0006DD80108F9D80108F4FFFFFF000000008D
:10AAB000C56E01088DB1010891B1010895B1010879
:10AAC000C9B80108F1D801080DD90108000000003B
:10AAD00000000000C56E01088DB1010891B10108A8
:10AAE00095B10108C9B8010825DC010839DC010865
:10AAF000C9DB010800000000000000001DE20108A1
:10AB000061E201086DE2010829E2010841E2010861
:10AB100009EF010885F0010825EF0108A9EF0108F8
:10AB200065EF010845EF0108D1E1010879E201086C
:10AB3000FCFFFFFF000000007DF401082DF5010877
:10AB4000F5E10108A5E20108F5E3010815E40108B3
:10AB500021E40108000201000000000000000000E4
:10AB600039E40108A5E401080DE3010869E50108DD
:10AB700025E301083DE9010891E30108A1E301088B
:10AB8000B1E30108BDE30108B9E5010859B40108C2
:10AB9000CDE3010861B4010895E70108DDE3010890
:10ABA0005DE8010869B4010871B4010879B40108CD
:10ABB00049E7010881B40108B5E8010825E4010866
:10ABC00029E4010829E50108A9E70108D5E70108FA
:10ABD00031E6010885E6010835E7010801E80108CA
:10ABE0000DE60108000000000000000049EB01082C
:10ABF000CDFB01083DFC0108E1EA010869EB010811
:10AC00001DEB010831EB01081CFFFFFF00000000F5
:10AC100029EB010841EB010861EB010841F1010852
:10AC200099F10108FDEA01088DEB01080000000020
:10AC300000000000F9EB01080DEC01086DEC0108C3
:10AC40008DEC010899EC01080000000000000000F4
:10AC50007D6F01085972010855EC010861EC01088B
:10AC60009DEC010861ED01080000000000000000FB
:10AC7000E9EE0108F1EE0108F1EE0108F9EE010834
:10AC800001EF010809EF010885F0010825EF01082F
:10AC9000A9EF010865EF010845EF0108BDF10108C2
:10ACA000C1F10108C9F10108000000000000000026
:10ACB0007DF401082DF501083DF40108C9F40108EF
:10ACC0000000000000000000E1F7010811F8010891
:10ACD0004572726F7220696E697469616C697A6914
:10ACE0006E6720746865206D75746578206F626A80
:10ACF0006563740A000000000000000000000450BA
:10AD00000350000001000000000004500360000038
:10AD10000200000000000450037000000300000067
:10AD200000000450038000000400000000000450F4
:10AD300003900000050000000000045003A0000084
:10AD4000060000000000045003B0000007000000EF
:10AD50000000045003C00000100000000000045078
:10AD600003F0000011000000000004500300010087
:10AD7000FFFF0000FFFFFFFF00000000F0000000E9
:10AD80000000045003000100F10000000000045026
:10AD900003100100F2000000000004500320010035
:10ADA000FFFF0000FFFFFFFF0000000007000000A2
:10ADB000005C00400A04000009000000005400404C
:10ADC0000A04000016000000005400400A040000BD
:10ADD00016010000008400400A0500001800000071
:10ADE000005400400A0400001A010000005800400E
:10ADF0000A0400001A000000008400400A0300005A
:10AE00001D000000005800400A040000200000005F
:10AE1000005C00400A0400002001000000840040A3
:10AE20000A020000FFFF0000FFFFFFFF000000001C
:10AE30000A000000005400400A0400001400000052
:10AE4000005C00400A0400001700000000540040AD
:10AE50000A04000017010000008400400A050000F9
:10AE600019000000005400400A0400001B0100000B
:10AE7000005800400A0400001B000000008400404D
:10AE80000A0300001E000000005800400A040000F1
:10AE900021000000005C00400A04000021010000C5
:10AEA000008400400A020000FFFF0000FFFFFFFFD8
:10AEB000000000000000000000000040121100002F
:10AEC000010000000000004012210000020000000C
:10AED00000000040123100000300000000000040AC
:10AEE00012410000050000000000004012110000A7
:10AEF0000600000000440140121E00000700000090
:10AF0000002C01401211020008000000002C01403A
:10AF10001211000009000000002C01401221000065
:10AF20000A000000002C0140123100000B0000005C
:10AF3000002C01401241000010000000002C0140D4
:10AF40001221020011000000002C01401231020009
:10AF50001800000000440140121E00001A0000000A
:10AF600000000040123100001B0000000000004003
:10AF700012410000FFFF0000FFFFFFFF0000000084
:10AF80000600000000300140020500000B00000038
:10AF900000300140020500001400000000300140B4
:10AFA0000205000014010000003C00400206000001
:10AFB0001E000000003800400205000022000000D2
:10AFC00000380040020500002B000000003C00405B
:10AFD00002060000FFFF0000FFFFFFFF000000006F
:10AFE0000700000000300140020500000C000000D6
:10AFF0000030014002050000150000000030014053
:10B000000205000015010000003C0040020600009F
:10B010001F0000000038004002050000230000006F
:10B0200000380040020500002C000000003C0040F9
:10B0300002060000FFFF0000FFFFFFFF000000000E
:10B040000100000000300140020500000500000082
:10B0500000300140020500001300000000300140F4
:10B060000205000013010000003C00400206000041
:10B070001A00000000380040020500001D0000001A
:10B0800000380040020500002A000000003C00409B
:10B0900002060000FFFF0000FFFFFFFF00000000AE
:10B0A000040000000030014002050000040100001F
:10B0B000003C0040020600000F000000003001408C
:10B0C000020500000F010000003C004002060000E5
:10B0D00010000000003001400205000019000000CF
:10B0E00000380040020500001C000000003800404D
:10B0F00002050000FFFF0000FFFFFFFF000000004F
:10B1000001000000004C0040120800000300000095
:10B1100000440040120700000301000000800040CE
:10B12000120800000A000000003801401207000069
:10B130000F00000000440040120300001700000050
:10B1400000380140120700001A0000000080004093
:10B15000120800001B000000004800401207000019
:10B160002000000000800040120800002B000000BA
:10B1700000480040120700002B010000004C004076
:10B1800012080000FFFF0000FFFFFFFF00000000AB
:10B1900000000000004C0040120800000200000007
:10B1A000004400401207000002010000008000403F
:10B1B00012080000090000000038014012070000DA
:10B1C0001600000000380140120700001A000000BD
:10B1D00000480040120700001B00000000800040F3
:10B1E000120800002100000000800040120800004A
:10B1F0002400000000480040120700002A00000060
:10B2000000480040120700002A010000004C0040E6
:10B2100012080000FFFF0000FFFFFFFF000000001A
:10B22000525458206572726F7220636F64653A20C1
:10B230003078253038582C207461736B2049443A9B
:10B24000203078253038580A000000001002000035
:10B25000E803000004000000800F0020A00F002081
:10B26000B00F0020C00F0020050001000002000107
:10B27000B9250208020000000100000020030000C0
:10B28000F82900207F3801000000000000000000C5
:10B290001DFD0108CDFB01083DFC01086DFB010807
:10B2A00019FC01080000000000000000BDFE0108BC
:10B2B000E5FE010851FE010800000000000000004A
:10B2C00045FF01086DFF010839FF0108000000007B
:10B2D0000000000000000000000000001917020834
:10B2E00043616E6E6F7420696E697469616C697A0E
:10B2F00065204144430A000050696E6D617020650D
:10B3000072726F723A2077726F6E6720706F72740C
:10B31000206E756D6265722E00000000496E7465C6
:10B320007272757074496E206572726F723A207015
:10B33000696E206E6F7420737570706F72746564BF
:10B340002E0A0000000000000000000006000000BF
:10B3500000000000010000000700000000000000E5
:10B3600002000000080000000000000003000000D0
:10B370000900000000000000040000000A000000B6
:10B3800000000000050000001700000001000000A0
:10B39000050000001700000002000000050000008A
:10B3A0001700000003000000050000001700000067
:10B3B000040000000500000017000000000000006D
:10B3C0000600000028000000010000000600000048
:10B3D0002800000002000000060000002800000015
:10B3E0000300000006000000280000000400000028
:10B3F0000600000028000000050000000600000014
:10B4000028000000636F756C64206E6F7420706993
:10B410006E6F75740000000070696E6D6170206D54
:10B4200069732D6D617463680000000070696E6D52
:10B430006170206E6F7420666F756E6420666F7227
:10B44000207065726970686572616C0070696E6DFC
:10B450006170206E6F7420666F756E6420666F7207
:10B460002066756E6374696F6E0000003A25700087
:10B470004F70657261746F72206E6577206F75749E
:10B48000206F66206D656D6F72790D0A00000000F7
:10B4900098B40208E0230020C5670208D5670208B7
:10B4A0007168020889680208356802080100000016
:10B4B000020000000400000008000000100000006E
:10B4C000200000004000000080000000000100009B
:10B4D000000200000004000000080000001000004E
:10B4E00000200000004000000080000043616E6EFC
:10B4F0006F7420696E697469616C697A6520505750
:10B500004D0A0000556E6B6E6F776E2050574D20C0
:10B51000696E7374616E6365000000000000004096
:10B52000000000000004004000000000002C01406A
:10B530000100000000400140010000000044014003
:10B54000010000000000000002000000282400208C
:10B5500043616E6E6F7420696E697469616C697A9B
:10B560006520554152540A00434C4B3A20535049F0
:10B5700020696E7374616E6365206E6F74207365ED
:10B5800074000000040208000010101004101010D5
:10B59000021010100800000043616E6E6F74206985
:10B5A0006E697469616C697A6520535049000000C6
:10B5B00000000800100018002000280030003800AB
:10B5C0000000000000000000010203040607080953
:10B5D0000000000001020304A0860100400D0300EA
:10B5E000801A060000350C0040420F0080841E00C7
:10B5F00000093D0000127A000024F40000366E01BC
:10B600000048E801006CDC0261636F730000000019
:10B6100061636F73680000006173696E0000000071
:10B620006174616E68000000636F73680000000061
:10B6300065787000666D6F64000000006C6F6700D5
:10B640006C6F673130000000706F770073696E684F
:10B650000000000073717274000000007371727456
:10B6600066000000FB21F93FFB2109407CD9124014
:10B67000FB2119407A6A1F407CD92240BBFD25403E
:10B68000FB2129403A462C407A6A2F405C473140E2
:10B690007CD932409C6B3440BBFD3540DB8F37405A
:10B6A000FB2139401BB43A403A463C405AD83D4011
:10B6B0007A6A3F404C7E40405C4741406C104240BB
:10B6C0007CD942408CA243409C6B4440AC34454002
:10B6D000BBFD4540CBC64640DB8F4740EB5848405A
:10B6E000FB21494083F9A200444E6E00FC2915005D
:10B6F000D1572700DD34F50062DBC0003C9995008E
:10B70000419043006351FE00BBDEAB00B761C50052
:10B710003A6E2400D24D42004906E00009EA2E00AC
:10B720001C92D100EB1DFE0029B11C00E83EA700D1
:10B73000F535820044BB2E009CE98400B4267000DD
:10B74000417E5F00D6913900538339009CF4390063
:10B750008B5F840028F9BD00F81F3B00DEFF9700D7
:10B760000F980500112FEF000A5A8B006D1F6D0016
:10B77000CF7E360009CB2700464FB7009E663F00BC
:10B780002DEA5F00BA277500E5EBC7003D7BF100AD
:10B79000F739070092528A00FB6BEA001FB15F0085
:10B7A000085D8D00300356007BFC4600F0AB6B005B
:10B7B00020BCCF0036F49A00E3A91D005E61910021
:10B7C000081BE60085996500A0145F008D406800A5
:10B7D00080D8FF0027734D0006063100CA561500B9
:10B7E000C9A873007BE260006B8CC000000FC93FEA
:10B7F000000F494000CB9640000FC9400053FB406A
:10B8000000CB164100ED2F41000F4941003162414C
:10B8100000537B41003A8A4100CB9641005CA34132
:10B8200000EDAF41007EBC41000FC94100A0D541F1
:10B830000031E24100C2EE410053FB4100F20342FD
:10B84000003A0A420083104200CB164200141D4207
:10B85000005C234200A5294200ED2F42003636420B
:10B86000007E3C4200C74242000F4942A200000055
:10B87000F9000000830000006E0000004E00000090
:10B88000440000001500000029000000FC0000003A
:10B890002700000057000000D1000000F500000064
:10B8A00034000000DD000000C0000000DB000000EC
:10B8B0006200000095000000990000003C000000BC
:10B8C000430000009000000041000000FE00000066
:10B8D0005100000063000000AB000000DE0000002B
:10B8E000BB000000C500000061000000B7000000C0
:10B8F000240000006E0000003A000000420000003A
:10B900004D000000D2000000E00000000600000032
:10B91000490000002E000000EA00000009000000BD
:10B92000D1000000920000001C000000FE0000009A
:10B930001D000000EB0000001C000000B100000032
:10B9400029000000A70000003E000000E800000001
:10B950008200000035000000F50000002E0000000D
:10B96000BB0000004400000084000000E90000006B
:10B970009C0000007000000026000000B4000000E1
:10B980005F0000007E000000410000003900000060
:10B9900091000000D6000000390000008300000084
:10B9A0005300000039000000F40000009C0000007B
:10B9B000840000005F0000008B000000BD0000005C
:10B9C000F9000000280000003B0000001F000000FC
:10B9D000F800000097000000FF000000DE000000FB
:10B9E00005000000980000000F000000EF000000BC
:10B9F0002F000000110000008B0000005A00000022
:10BA00000A0000006D0000001F0000006D00000033
:10BA1000360000007E000000CF000000270000007C
:10BA2000CB00000009000000B70000004F0000003C
:10BA3000460000003F000000660000009E0000007D
:10BA40005F000000EA0000002D000000750000000B
:10BA500027000000BA000000C7000000EB00000053
:10BA6000E5000000F10000007B0000003D00000048
:10BA70000700000039000000F70000008A00000005
:10BA80005200000092000000EA0000006B0000007D
:10BA9000FB0000005F000000B10000001F0000007C
:10BAA0008D0000005D00000008000000560000004E
:10BAB000030000003000000046000000FC00000011
:10BAC0007B0000006B000000AB000000F0000000F5
:10BAD000CF000000BC000000200000009A00000021
:10BAE000F4000000360000001D000000A900000066
:10BAF000E300000091000000610000005E00000013
:10BB0000E60000001B0000000800000065000000C7
:10BB100099000000850000005F0000001400000094
:10BB2000A000000068000000400000008D00000040
:10BB3000FF000000D8000000800000004D00000061
:10BB40007300000027000000310000000600000024
:10BB5000060000001500000056000000CA000000AA
:10BB600073000000A8000000C90000006000000091
:10BB7000E20000007B000000C00000008C0000001C
:10BB80006B00000002000000030000000400000041
:10BB9000060000000000C93F0000F0390000DA375D
:10BBA0000000A2330000842E0000502B0000C227AA
:10BBB0000000D0220000C41F0000C61B0000441774
:10BBC0000400000007000000090000000000000061
:10BBD0000000000000000000000000000000000065
:10BBE0000000000000000000000000000000000055
:10BBF0000000000000000000000000000000000045
:10BC00000000000000000000000000000000000034
:10BC10000000000000000000000000000000000024
:10BC200000000000000000000000000038020020BA
:10BC3000CC0300000F0010014300504F534958003F
:10BC40002E00002020202020202020202828282806
:10BC500028202020202020202020202020202020DC
:10BC6000202020881010101010101010101010102C
:10BC7000101010040404040404040404041010103C
:10BC800010101010414141414141010101010101E8
:10BC90000101010101010101010101010101101076
:10BCA00010101010424242424242020202020202BC
:10BCB0000202020202020202020202020202101048
:10BCC0001010200000000000000000000000000034
:10BCD0000000000000000000000000000000000064
:10BCE0000000000000000000000000000000000054
:10BCF0000000000000000000000000000000000044
:10BD00000000000000000000000000000000000033
:10BD10000000000000000000000000000000000023
:10BD20000000000000000000000000000000000013
:10BD30000000000000000000000000000000000003
:08BD40000000000000000000FB
:08BD48002477FE7F01000000DA
:10BD500000000000A10D0C007F000000C032002098
:10BD600099FA010800000000010000000010000026
:10BD7000D00F0020D53302080100000010000000A1
:10BD800000093D003802002000000000ECBB020862
:10BD90000CBC0208CCBB0208000000000000000040
:10BDA0000000000000000000000000000000000093
:10BDB0000000000000000000000000000000000083
:10BDC0000000000000000000000000000000000073
:10BDD0000000000000000000000000000000000063
:10BDE0000000000000000000430000000000000010
:10BDF0000000000000000000000000000000000043
:10BE000000000000000000004300000000000000EF
:10BE10000000000000000000000000000000000022
:10BE200000000000000000004300000000000000CF
:10BE30000000000000000000000000000000000002
:10BE400000000000000000004300000000000000AF
:10BE500000000000000000000000000000000000E2
:10BE6000000000000000000043000000000000008F
:10BE700000000000000000000000000000000000C2
:10BE8000000000000000000043000000000000006F
:10BE900000000000000000000000000000000000A2
:10BEA000000000000000000043000000000000004F
:10BEB0000000000000000000000000000000000082
:10BEC0000000000000000000DD9A0208DD98020872
:10BED0000000000042BC020840BC020841BC02084D
:10BEE00041BC020841BC020841BC020841BC020836
:10BEF00041BC020841BC020841BC020841BC020826
:10BF0000FFFFFFFFFFFFFFFFFFFFFFFFFFFF00003F
:10BF100001004153434949000000000000000000B7
:10BF20000000000000000000000000000000000011
:10BF30000000415343494900000000000000000098
:10BF400000000000000000000000000000000000F1
:10BF50000000000000040100513401089D65010843
:10BF60009D720108F9FD01082D3401080000000050
:04000005080236A512
:00000001FF
