:020000040800F2
:10E0000000800220753502088D9702088D9702085E
:10E010008D9702088D9702088D9702080000000076
:10E0200000000000000000000000000099F101085D
:10E030008D970208000000003FF201089FF20108DE
:10E040008D9702088D9702088D9702088D97020818
:10E050008D9702088D9702088D9702088D97020808
:10E060008D9702088D9702088D9702088D970208F8
:10E070008D9702088D9702088D9702088D970208E8
:10E080008D9702088D9702088D970208A502020855
:10E09000910102088D970208A90202088D970208D3
:10E0A0008D9702088D9702088D9702088D970208B8
:10E0B0008D9702088D970208000000008D970208D6
:10E0C0008D9702088D9702088D9702088D97020898
:10E0D0008D9702088D9702088D9702088D97020888
:10E0E0008D9702088D9702080000000000000000D4
:10E0F0000000000000000000000000000000000020
:10E10000000000008D970208000000008D970208B3
:10E110008D970208000000008D97020800000000A3
:10E120008D9702088D9702088D9702088D97020837
:10E130008D9702088D9702088D9702080000000055
:10E140008D9702088D9702088D9702088D97020817
:10E150008D9702088D9702088D9702088D97020807
:10E160008D9702088D9702088D9702080000000025
:10E17000000000008D970208000000000000000071
:10E180008D9702088D9702088D9702088D970208D7
:10E190008D970208000000002DE9F04F85B0039133
:10E1A0000778A7F10903042B044607F07F0200F16A
:10E1B0000100F5D9202AF3D02B2F04BF677804463D
:10E1C0002D2F75D09FED427B8DED007B4FF0000829
:10E1D0004FF000099FB34FF0000C25464FF0000AA6
:10E1E000DFF8FCB0644619E018F080FC80468946F0
:10E1F000304618F011FC42464B4618F0C1FA524620
:10E20000804689465B46DDE900013CB318F098FD85
:10E21000CDE90001A44615F8017F7FB1A7F13006D2
:10E22000092E52465B4640464946DDD9CCB92E2FD1
:10E2300017D115F8017F0124002FEFD12C4642465B
:10E240004B46DDE9000118F051FC80468946039BEE
:10E25000404649461C6005B0BDE8F08F4FF0010C08
:10E26000D9E72C46BCF1000F29D042464B46DDE9E8
:10E27000000118F03BFC07F0DF07452F8046894678
:10E28000E5D10399681C0A221BF082F91449024661
:10E29000002018F08BFF02460B464046494618F016
:10E2A00025FC804689464046494605B0BDE8F08FCA
:10E2B0009FED097B67788DED007B013486E7DFF801
:10E2C00024904FF000084046494605B0BDE8F08F65
:10E2D000000000000000F03F000000000000F0BF60
:10E2E000000024400000F87F2DE9F0470023144689
:10E2F00000228046894618F06BFE28B109F10043E0
:10E3000099462D23237001340022002340464946BC
:10E3100018F054FE28B13022002322706370BDE84B
:10E32000F0874046494619F041FD18F08FFE73A36F
:10E33000D3E9002307464946404618F049FE002825
:10E340004ED170A3D3E900234046494618F05EFE43
:10E35000002845D10E2F07F1010540F3B980A7F140
:10E360000E0632460020624918F020FF02460B4696
:10E370004046494618F0E4FC00225E4B18F000FAD3
:10E3800018F050FF002DA7F10F0E4FF0010C4DDDDE
:10E39000594FDFF87881012245F6F3294FF02E0A14
:10E3A000494508BF40454FF030030AD3B0EB0800A1
:10E3B00061EB0901494508BF404503F10103F5D26E
:10E3C000DBB2237050EA010304F101084AD19542FF
:10E3D00052DD0132102A4FD0444677E90289DFE747
:10E3E000002F33DB3A460020414918F0DFFE024699
:10E3F0000B464046494618F0A3FC3BA3D3E9002353
:10E4000080468946012500264046494618F06EFBA5
:10E410000022384B18F0B4F918F004FF002DBC4668
:10E420004FF0FF3E37464FF00006B1DC2346302266
:10E430004FF02E0803F8022B84F80180FC4345D0EE
:10E440001C4403F8012BA342FBD1A1E77A42002030
:10E45000274918F0ABFE02460B464046494618F0E5
:10E4600045FBCAE7954202F1010204BF84F801A00E
:10E4700004F10208102AAFD16EB14246302102F8F1
:10E48000011BC2F1010373444344002BF7DC2EEA65
:10E49000EE7301339844BCF1010F12D0BCF1000FB0
:10E4A0004FF0650388F80030C5BF2B2388F8013092
:10E4B00008F1010108F102016046BDE8F0470DF0E6
:10E4C000CDB8002388F80030BDE8F0871C465FE730
:10E4D000C7F10E020020064918F068FE3E460246CB
:10E4E0000B46012790E700BF0000901EC4BCD64237
:10E4F000000024400000E03F20A102088DEDB5A0FF
:10E50000F7C6B03E50EFE2D6E41A4B4400407A1012
:10E5100070B54FF0FF3006F0D7F904466FF07F403A
:10E5200006F0D2F90646204618F066FA00220C4B97
:10E5300018F0DCFA044630460D4618F05DFA06A3E2
:10E54000D3E9002318F0FCFB02460B46204629467F
:10E5500018F016F970BD00BF0000E0DFFFFF6F4349
:10E560000000F03D000000002DE9F843044600F1F2
:10E570006C060CF069FE07460CF06CFE304611F09C
:10E580008FFC2368C51A304611F08AFC237DC11721
:10E59000C4E90001042B49D8DFE803F04F9C6A84EA
:10E5A000030003232846237518F036FA69A3D3E93C
:10E5B000002380468946E56818F028FD48B167A326
:10E5C000D3E900234046494618F002FD002840F0F8
:10E5D000AB8064A3D3E900234046494618F016FDFA
:10E5E00048B14046494661A3D3E9002318F0F0FC46
:10E5F000002840F0A08023690022013323612275A6
:10E60000202D15D1A3686FEA1322D2B2D9B291425C
:10E6100040F08D806FEA1362D2B2C3F30743934296
:10E6200040F0858084F8CC30A36998470023237597
:10E63000FB0700D462B6BDE8F883284618F0ECF971
:10E640004CA3D3E900238046894618F0DFFC00285C
:10E65000EED04046494649A3D3E9002318F0B8FC60
:10E660000028E5D0012200232275C4E90233DFE748
:10E67000284618F0D1F937A3D3E90023804689460C
:10E6800018F0C4FC40B14046494634A3D3E9002306
:10E6900018F09EFC0028CBD12369002201332361AE
:10E6A0002275C5E7284618F0B7F92AA3D3E9002355
:10E6B0008046894618F0AAFC0028EDD0404649461D
:10E6C00026A3D3E9002318F083FC0028E4D0042318
:10E6D0002375ADE7284618F09FF92AA3D3E9002354
:10E6E0008046894618F092FC38B128A3D3E900236C
:10E6F0004046494618F06CFC98B90022144B40463D
:10E70000494618F083FC0028C6D0404649460EA36F
:10E71000D3E9002318F05CFC0028BDD00223237548
:10E7200086E70323237583E70135E56068E72369FE
:10E73000013323617AE7A3680122AA40134301351C
:10E74000C4E902355CE700BF000000000018A540E6
:10E7500000209C409A99999999197C40333333331E
:10E76000331385409A99999999199540666666661A
:10E7700066A69F40000000000020BC400000000092
:10E780000018C540000000000020AC400000000060
:10E790000018B54000000000294B70B50646186807
:10E7A0000D4609F05DFE00283DDB08F0CFFF002E8E
:10E7B000044639DD234B186818F02EF91EA3D3E95F
:10E7C000002318F093F90022002317F0D9FF18F066
:10E7D0003DFC236820EAE071B1F5806FA8BF4FF4DB
:10E7E0008061DB682046984723681749D3F880305A
:10E7F00091FBF6F120469847002D14DDA5F1140693
:10E80000012EB8BF012630460DF00AFD23682046D0
:10E81000DB6800219847A81B0128B8BF0120BDE88C
:10E8200070400DF0FDBC70BD03680021DB68BDE8E1
:10E8300070401847AFF300801010101010101040F7
:10E84000300600200802002040420F0000000000B7
:10E8500038B5154B1B68002B04460CBF182005204B
:10E8600008F074FF0546204618F0D6F80CA3D3E94B
:10E87000002318F03BF90022002317F081FF18F065
:10E88000E5FB2B6820EAE071B1F5007FDB68A8BFEB
:10E890004FF4007128469847044B1C6038BD00BFF8
:10E8A0001010101010100040300600200802002048
:10E8B00030B52D4B8DB01A680092009A120205D423
:10E8C000009A42F400020092009A1A60274A284BEC
:10E8D000126801921B6802930EF068FA18F09CF817
:10E8E000CDE90401019B9BB20193029B9BB2029371
:10E8F000DDE904011AA3D3E9002318F0F7F81D4B52
:10E900000022CDE90401CDE906230298019BC01A3B
:10E9100018F072F8CDE90801DDE90445019818F016
:10E920006BF802460B462046294617F027FFCDE933
:10E930000A01DDE90601DDE90823DDE90A4518F0F1
:10E94000FFF922462B4618F0D1F800220A4B17F0A7
:10E9500017FF18F0A3FB039003980DB030BD00BF64
:10E960009A9999999999F13F08030450A875FF1F46
:10E97000CA75FF1F0000544000003E400000000028
:10E980002DE9F04F2DED028B044683B0C06818F0DE
:10E9900043F880462069894618F03EF8824660694F
:10E9A0008B4618F039F8024601F1004306460F463F
:10E9B0004046494619F0AEF818F090FBE062054673
:10E9C00018F060FF0190284618F010FF019B0546E3
:10E9D000184618F033F842464B4618F087F8804640
:10E9E0002846894618F02AF832463B4618F07EF849
:10E9F00002460B464046494617F0C0FE02460B460B
:10EA00005046594619F086F818F068FB002208EEC7
:10EA1000100A00233046394618F0F8FA28B3B5EE4C
:10EA2000C08AF1EE10FA1CDD11A7D7E9006718EED5
:10EA3000100A18F003F802460B463046394617F024
:10EA40009DFE32463B4617F09BFE18F047FBA06246
:10EA5000E38843F00203E38003B0BDEC028BBDE822
:10EA6000F08F05A7D7E90067E1E784ED0A8AEFE7B1
:10EA7000EA2E4454FB21F93FEA2E4454FB21F9BF0E
:10EA800008B50EF0C9F8DFED0C7A07EE100A67EE54
:10EA9000277A17EE900A17F0D1FF05A3D3E90023D8
:10EAA00018F04EF918F0D2FA08BD00BFAFF300809D
:10EAB000EA2E4454FB2119400000B443000000003A
:10EAC00008B50EF0BDF8DFED0C7A07EE100A67EE20
:10EAD000277A17EE900A17F0B1FF05A3D3E90023B8
:10EAE00018F02EF918F0B2FA08BD00BFAFF300809D
:10EAF000EA2E4454FB2119400000B44300000000FA
:10EB0000494A21F0004393422DE9704304460D46E3
:10EB100049DC464A93420E460EDC3FA3D3E900236C
:10EB200017F02EFE0022424B18F070FA00284AD04F
:10EB300020462946BDE870833E4A934239DCB3F152
:10EB4000804F40DD18F040FD2246804689462B4626
:10EB50002046294617F0CAFF0022354B17F010FE59
:10EB600019F0CEFB42464B4617F00AFE02460B4612
:10EB700000202F4918F0E4F8424604460D464B4663
:10EB80004046494617F0FCFD02460B462046294602
:10EB900017F0F6FD02F040F8002E08DC01F100430A
:10EBA0001946BDE8708302460B4617F0E9FDBDE843
:10EBB000708318F009FD02F02FF819A3D3E90023A0
:10EBC00017F0DEFDE8E722462B462046294617F0DF
:10EBD0008DFF804689462046294618F0F5FC002224
:10EBE00004460D46124B4046494617F0C9FD19F040
:10EBF00087FB00220E4B17F0C3FD02460B46404632
:10EC0000494618F09DF822462B4617F0B9FD00F052
:10EC1000A7FAC1E7AFF300809C7500883CE4377E1B
:10EC2000EF39FAFE422EE63FFFFFEF7FFFFF2F3E58
:10EC30000000F03F0000B0412DE9F84FBE4B21F03D
:10EC400000469E4204460D468A460EDDBB4B9E4260
:10EC500000F3B18000F0AC80BAF1000F40F3EA801D
:10EC600099A1D1E90001BDE8F88FB54B9E4200F3B0
:10EC7000BA80A3F1DE739E4240F3A5804FF0FF3BC4
:10EC800022462B462046294617F030FF02460B4607
:10EC90008046894617F02AFF8DA3D3E90023064654
:10ECA0000F4617F023FF8CA3D3E9002317F068FD6C
:10ECB00032463B4617F01AFF89A3D3E9002317F029
:10ECC0005FFD32463B4617F011FF87A3D3E90023CF
:10ECD00017F056FD32463B4617F008FF84A3D3E9F0
:10ECE000002317F04DFD32463B4617F0FFFE82A38E
:10ECF000D3E9002317F044FD42464B4617F0F6FED9
:10ED00007FA3D3E90023804689463046394617F071
:10ED1000EDFE7DA3D3E9002317F030FD32463B46DC
:10ED200017F0E4FE7AA3D3E9002317F027FD32465B
:10ED30003B4617F0DBFE78A3D3E9002317F01EFD56
:10ED400032463B4617F0D2FE75A3D3E9002317F0F5
:10ED500015FD32463B4617F0C9FE02460B464046BB
:10ED6000494617F00DFD22462B4617F0BFFEBBF1BA
:10ED7000FF3F02460B4661D0724B734E4FEACB0BFE
:10ED80005B44D3E9002317F0F9FC22462B4617F029
:10ED9000F5FCB34402460B46DBE9000117F0EEFC3C
:10EDA000BAF1000F0DDA01F100431946BDE8F88F02
:10EDB00000283FF451AF22462B462046294617F043
:10EDC000DFFCBDE8F88F58A3D3E9002317F0D8FC87
:10EDD00000225E4B18F01AF900283FF44FAF20468E
:10EDE0002946BDE8F88F18F0EFFB594B9E420446C8
:10EDF0000D4629DCA3F550239E424EDC02460B460D
:10EE000017F0BEFC0022514B17F0B8FC002206465A
:10EE10000F464FF080432046294617F0B1FC0246CA
:10EE20000B463046394617F08BFF4FF0000B044677
:10EE30000D4625E73EA1D1E90001C2E7204629465B
:10EE400017F09CFCBDE8F88F424B9E421ADC002272
:10EE5000414B17F093FC002206460F463E4B2046DE
:10EE6000294617F043FE0022384B17F089FC024672
:10EE70000B463046394617F063FF4FF0020B04464D
:10EE80000D46FDE602460B460020344917F058FFB8
:10EE90004FF0030B04460D46F2E600222B4B17F011
:10EEA0006DFC002206460F46284B2046294617F0E7
:10EEB00067FC02460B463046394617F041FF4FF0DB
:10EEC000010B04460D46DBE6182D4454FB21F93FA7
:10EED00011DA22E33AAD903FEB0D76244B7BA93F4C
:10EEE000513DD0A0660DB13F6E204CC5CD45B73F1A
:10EEF000FF8300922449C23F0D5555555555D53FC6
:10EF00002F6C6A2C44B4A2BF9AFDDE522DDEAD3FB9
:10EF10006D9A74AFF2B0B33F711623FEC671BC3F59
:10EF2000C4EB98999999C93F9C7500883CE4377E59
:10EF3000182D4454FB21F9BFFFFF0F440000F07F60
:10EF4000FFFFDB3F48A1020828A102080000F03FB4
:10EF5000FFFFF23FFF7F03400000F83F0000F0BFDB
:10EF60002DE9F041C1F30A57A7F2FF35132D0246F0
:10EF70000B460C468846064620DC002D4ADB364F01
:10EF80002F4101EA070C5CEA000C1CD030A3D3E946
:10EF9000002317F0F5FB0022002318F037F848B1E2
:10EFA000002C04DD4FF4801343FA05F5A84428EA49
:10EFB0000704002621463046BDE8F081332D06DDEA
:10EFC000B5F5806F38D010461946BDE8F081A7F23C
:10EFD00013474FF0FF3C2CFA07F70742F3D01CA36E
:10EFE000D3E9002317F0CCFB0022002318F00EF821
:10EFF0000028DFD0002C09DD142D22D00123C5F11B
:10F00000340503FA05F5AE1928BF984426EA070629
:10F010004446CFE70EA3D3E9002317F0B1FB00224B
:10F02000002317F0F3FF0028C4D0002C0CDB26438C
:10F0300005D00026094CBDE717F0A2FBC5E7344612
:10F04000B8E704F10108E1E700264FF00044B1E71A
:10F050009C7500883CE4377EFFFF0F000000F03F06
:10F060002DE9F041C1F30A57A7F2FF35132D0246EF
:10F070000B460C46884606461DDC002D3CDB364F11
:10F080002F4101EA070C5CEA000C19D030A3D3E948
:10F09000002317F075FB0022002317F0B7FFC8B359
:10F0A000002C04DA4FF4801343FA05F5A84428EA4B
:10F0B000070400262EE0332D06DDB5F5806F2DD038
:10F0C00010461946BDE8F081A7F213474FF0FF3C08
:10F0D0002CFA07F70742F3D01DA3D3E9002317F05A
:10F0E0004FFB0022002317F091FF98B1002C21DB89
:10F0F00026EA070644460DE015A3D3E9002317F0DE
:10F100003FFB0022002317F081FF18B1002C08DB21
:10F110000026344621463046BDE8F08117F030FB2A
:10F12000D0E724F000430D4A1E43002E18BF1446BA
:10F130000026EFE7142D08D00123C5F1340503FAAA
:10F1400005F5AE1928BF9844D2E704F10108CFE7CE
:10F150009C7500883CE4377EFFFF0F000000F0BF85
:10F160002DE9F04FD84B994287B08046894643DD60
:10F17000D64B99420E4600F3F480D54B994240F3AA
:10F180002D819FEDBB7B8DED047B4FEA215A044618
:10F19000AAF2FF3ACF4BC6F313069E4246F07F55C4
:10F1A00000F3128145F44015204629460022CA4B3F
:10F1B00017F0E4FA002204460D46C84B17F096FCFF
:10F1C00022462B4617F092FCA046CDE90201A94643
:10F1D000CDE90001002E3AD1002200232046294625
:10F1E00017F0ECFE002800F01B81BAF1000F40F090
:10F1F000858100200021B8E0B94B21F000449C42F9
:10F200000A460FDD0022B74B17F0D8FE002800F0A9
:10F21000AF80002200230020B34917F091FD07B012
:10F22000BDE8F08FB14B9C4240F3AF80B04B1A4425
:10F230009A4240F2D3800022A84B17F057FC424676
:10F240004B4617F053FCCDE900014FF0000A0022B5
:10F250004FF080434046494617F092FA02460B466B
:10F260004046494617F06CFD02460B4606460F46DF
:10F2700017F03CFC80A3D3E9002304460D4617F0A9
:10F2800035FC7FA3D3E9002317F07AFA22462B46F8
:10F2900017F02CFC7CA3D3E9002317F071FA224667
:10F2A0002B4617F023FC7AA3D3E9002317F068FA62
:10F2B00022462B4617F01AFC77A3D3E9002317F058
:10F2C0005FFA22462B4617F011FC75A3D3E9002301
:10F2D00017F056FA22462B4617F008FC72A3D3E922
:10F2E000002317F04DFA22462B4617F0FFFBDDE90D
:10F2F000002317F045FA32463B4617F0F7FB044669
:10F300000D46BAF1000F00F0A880504617F084FBBC
:10F3100067A3D3E9002382468B4617F0E7FB66A379
:10F32000D3E9002306460F465046594617F0DEFB48
:10F33000DDE9042317F024FA22462B4617F020FAC1
:10F3400002460B46DDE9000117F018FA42464B462B
:10F3500017F014FA02460B463046394617F00EFAFB
:10F3600003E002460B4617F00BFA07B0BDE8F08F3A
:10F3700042464B464046494617F000FA02460B46C5
:10F3800017F0DEFC07B0BDE8F08F0022594B17F0F4
:10F39000F7F90022002317F039FE10B1564B9C42BA
:10F3A00062DD42464B464046494617F09FFB00222D
:10F3B0004A4B17F09BFB02460B464046494617F066
:10F3C000DDF907B0BDE8F08F45F40015C6F58016ED
:10F3D00020462946B6100AF1010AE7E600223E4B14
:10F3E0004046494617F0CCF94FEA215AAAF2FF3AB3
:10F3F000BAF1000F04460D460E4640F3BD8042466A
:10F400004B4617F0BBF902460B460020324917F075
:10F41000B5F922462B4617F093FCCDE90401B9E675
:10F4200027A3D3E900232046294617F05FFB0246B5
:10F430000B460020284917F0A1F9DDE9022317F057
:10F4400055FB06460F46BAF1000F75D102460B4632
:10F450002046294617F092F987E702460B46DDE978
:10F46000000117F08BF9A6E7404649467DE700BF4B
:10F47000000000000000000044523EDF12F1C23FD5
:10F480009FC678D0099AC33FDE03CB966446C73F38
:10F49000AF788E1DC571CC3F599322942449D23F39
:10F4A00004FA97999999D93F935555555555E53F84
:10F4B0000000E0FE422EE63F763C7935EF39EA3D2A
:10F4C000555555555555E53F7982DA3FFFFFEF7F9A
:10F4D000FFFF3F439DA006000000F03F0000E03F1B
:10F4E000FFFFEF3F0000F0BF000050C3FFFF1F3ED3
:10F4F0003C412D4000005043FFFF8F3C504617F029
:10F500008BFA24A3D3E9002306460F4617F0EEFA40
:10F51000DDE9042317F034F920A3D3E900230446DE
:10F520000D463046394617F0E1FA02460B462046B2
:10F53000294617F025F918E7504617F06DFA17A37A
:10F54000D3E9002382468B4617F0D0FA11A3D3E902
:10F550000023804689465046594617F0C7FADDE930
:10F56000042317F00DF902460B463046394617F0D2
:10F5700005F922462B4674E70022054B17F0FEF8EA
:10F5800002460B464046494617F0F8F841E700BFEF
:10F590000000F03F763C7935EF39EA3D0000E0FEAF
:10F5A000422EE63F0000000008B518F081FB04A3DE
:10F5B000D3E9002317F0C4FB08BD00BFAFF3008000
:10F5C000EF39FAFE422EE63F2DE9F043DFF8B48032
:10F5D0008BB004460D4601F0F7F898F9003001337E
:10F5E00006460F462CD022462B462046294617F0C9
:10F5F00017FD814620BB2046294617F0E5FF1FA3D3
:10F60000D3E9002317F002FDD0B1194A98F9003070
:10F61000CDF820900321CDE90445CDE90245CDE99F
:10F62000001293B113490020022BCDE9060111D13C
:10F6300019F012FE22230360089B9BB9DDE90667DF
:10F64000304639460BB0BDE8F0830B4B4FF06042BB
:10F65000CDE90623684619F089FC0028E8D0089B0C
:10F66000002BEBD019F0F8FD089B0360E6E700BF24
:10F6700074B602080000F07FFFFFEF477DF8B98FF6
:10F68000CE338640060400202DE9F043DFF8E48005
:10F690008BB004460D4601F047F998F9003001336C
:10F6A00006460F4633D02046294619F059FC70B360
:10F6B0002CA3D3E900232046294617F0A7FC814656
:10F6C00050BB2AA3D3E900232046294617F080FC2B
:10F6D000E8B198F90030204ACDF8209000200021B0
:10F6E0000426022BCDE90445CDE902450096CDE97B
:10F6F0000601019229D0684619F038FC28B3089B0E
:10F700001BB119F0A9FD089B0360DDE906673046CF
:10F7100039460BB0BDE8F0830F4A98F900300192EA
:10F7200003210022CDE90445CDE90245009108926C
:10F730002BB90A4B4FF06042CDE90623DBE70849BD
:10F740000020022BCDE90601D5D119F085FD222339
:10F750000360D4E7AFF300807CB60208FFFFEF47F9
:10F760000000F07FEF39FAFE422E864051302DD551
:10F77000104987C0060400202DE9F04FDFF82C93D4
:10F780008DB006460F4614461D4601F09DFC99F9C2
:10F790000080B8F1FF3FCDE9000136D022462B466C
:10F7A0002046294617F03CFC834670BB32463B4658
:10F7B0003046394617F034FC8246002840F0A280DB
:10F7C000304639460022002317F0F8FB10B3002220
:10F7D00000232046294617F0F1FB8346002867D016
:10F7E0009FEDA77B0122AC4BCDF828A00292CDE97A
:10F7F0000467CDE906458DED087B0393B8F1000F52
:10F8000041D09FEDA17B8DED007BDDE900010DB0C6
:10F81000BDE8F08FDDE9000119F0A2FB8046002869
:10F8200000F08D804FF0000A4FF0000BDDE9000181
:10F8300052465B4617F0C2FB0028E6D030463946F8
:10F8400019F08EFB0028E0D02046294619F088FBED
:10F850000028DAD099F900308F4A0392042100225F
:10F86000022BCDE90467CDE90645CDE908AB02914D
:10F870000A9203D002A819F079FB50B919F0ECFCF8
:10F880002223036005E002A819F070FB002800F0B5
:10F890009B800A9B1BB119F0DFFC0A9B03609DED66
:10F8A000087B8DED007BDDE900010DB0BDE8F08F38
:10F8B0002046294619F054FB0028A6D00022002338
:10F8C0002046294617F084FB00289ED0724A99F9F9
:10F8D0000030CDF828B00121CDE90467CDE9064517
:10F8E000CDE90212002B74D06C490020022BCDE927
:10F8F000080172D119F0B0FC212303600A9B002B90
:10F90000CDD0C8E7002200232046294617F056FB39
:10F9100000283FF47AAF624B5F49CDF828B000224F
:10F920000120B8F1020FCDE904670290CDE9064548
:10F93000CDE908230391A6D1CDE9002365E7304640
:10F94000394619F00DFB00283FF46CAF20462946DC
:10F9500019F006FB00283FF465AFDDE900231046EF
:10F96000194617F05DFB99F900A000286BD103231D
:10F97000DFF824C10A902946204602930022494B11
:10F98000CDF80CC0CDE90645CDE9046717F0AEF817
:10F9900004460D46BAF1000F25D1DFF814B14FF03F
:10F9A000604A0022002330463946CDE908AB17F003
:10F9B0000FFB38BB02A819F0D9FA00289ED119F024
:10F9C0004BFC2223036099E719F046FC21230360D6
:10F9D0005FE79FED2B7B8DED087B02A819F0C6FA3F
:10F9E00000288BD186E79FED2A7B0022002330463A
:10F9F00039468DED087B17F0EBFAA0B9BAF1020F8A
:10FA0000DDD0D7E72046294619F0B8FA22462B4622
:10FA100017F0D4FAA0B9244B99F900A04FF0604236
:10FA2000CDE90823EAE72046294619F0A7FA22463D
:10FA30002B4617F0C3FA18B9184B0022CDE908235A
:10FA400099F900A0DAE70122134BCDF82880029241
:10FA5000CDE90467CDE906450393BAF1000FB8D0AC
:10FA6000002200231046194617F06AF9BAF1020F76
:10FA7000CDE908013FF43EAFAFE700BFAFF3008030
:10FA80000000000000000000000000000000F03F47
:10FA9000000000000000F07F94B602080000F0FFB4
:10FAA0000000F03F0000E03FFFFFEFC7060400202A
:10FAB000FFFFEF47000000002DE9F84FC44E21F092
:10FAC0000043B34204460D460DDD03F1404303F508
:10FAD0008013034340F0B980002940F340810020A7
:10FAE0000021BDE8F88FBB4EB34208DCBA4A93420E
:10FAF00000F3B5809CA1D1E90001BDE8F88F002991
:10FB0000C0F2708102460B460020B44916F036FE62
:10FB10000022B34B16F0EAFF04460D4618F0F0FB46
:10FB200093A3D3E90023894680462946204616F050
:10FB3000DDFF91A3D3E9002316F022FE22462B46D7
:10FB400016F0D4FF8EA3D3E9002316F017FE224649
:10FB50002B4616F0CBFF8CA3D3E9002316F010FE42
:10FB600022462B4616F0C2FF89A3D3E9002316F0E4
:10FB700005FE22462B4616F0B9FF87A3D3E90023E2
:10FB800016F0FEFD22462B4616F0B0FF84A3D3E903
:10FB9000002382468B462046294616F0A7FF82A303
:10FBA000D3E9002316F0EAFD22462B4616F09EFF0D
:10FBB0007FA3D3E9002316F0E3FD22462B4616F07F
:10FBC00095FF7DA3D3E9002316F0D8FD22462B46EE
:10FBD00016F08CFF0022814B16F0D2FD02460B4638
:10FBE0005046594617F0ACF842464B4616F07EFF99
:10FBF000002682468B4632464B463046494616F032
:10FC000075FF02460B462046294616F0B7FD3246E0
:10FC100004460D464B464046494616F0B1FD0246A5
:10FC20000B462046294617F08BF802460B465046F5
:10FC3000594616F0A5FD32464B4616F0A1FD024688
:10FC40000B4616F09DFDBDE8F88F02460B4616F0F8
:10FC500095FD02460B4617F073F8BDE8F88F024693
:10FC60000B4616F043FF42A3D3E9002306460F4696
:10FC700016F03CFF40A3D3E9002316F081FD324685
:10FC80003B4616F033FF3EA3D3E9002316F076FD82
:10FC900032463B4616F02AFF3BA3D3E9002316F079
:10FCA0006FFD32463B4616F021FF39A3D3E900230E
:10FCB00016F064FD32463B4616F018FF36A3D3E932
:10FCC000002316F05DFD32463B4616F00FFF34A3CD
:10FCD000D3E90023804689463046394616F006FFB0
:10FCE00031A3D3E9002316F049FD32463B4616F016
:10FCF000FDFE2FA3D3E9002316F042FD32463B461A
:10FD000016F0F4FE2CA3D3E9002316F037FD32469B
:10FD10003B4616F0EBFE0022304B16F031FD02465A
:10FD20000B464046494617F00BF822462B4616F084
:10FD3000DDFE02460B4622A1D1E9000116F01EFDB0
:10FD400002460B462046294616F018FD02460B4691
:10FD500005A1D1E9000116F011FDBDE8F88F1AA147
:10FD6000D1E9000179E700BF182D4454FB21F93F88
:10FD700009F7FD0DE13D023F88B20175E0EF493F13
:10FD80003B8F68B52882A43F5544880E55C1C93FB2
:10FD90007D6FEB0312D6D43F555555555555C53F8C
:10FDA00082922EB1C5B8B33F59018D1B6C06E63F58
:10FDB000C88A599CE52A00404B2D8A1C273A0340EB
:10FDC000075C143326A6913C182D4454FB210940AE
:10FDD000FFFFEF3FFFFFDF3F0000603C0000F03F10
:10FDE0000000E03F00225C4B16F0CAFC00225B4B97
:10FDF00016F07CFE40A3D3E9002304460D4616F01E
:10FE000075FE3FA3D3E9002316F0BAFC22462B4629
:10FE100016F06CFE3CA3D3E9002316F0AFFC22469B
:10FE20002B4616F063FE3AA3D3E9002316F0A8FC94
:10FE300022462B4616F05AFE37A3D3E9002316F0CC
:10FE40009DFC22462B4616F051FE35A3D3E9002334
:10FE500016F096FC22462B4616F048FE8046894650
:10FE60002046294618F04CFA2FA3D3E90023064672
:10FE70000F462046294616F039FE2DA3D3E900236C
:10FE800016F07CFC22462B4616F030FE2AA3D3E95E
:10FE9000002316F075FC22462B4616F027FE28A3F9
:10FEA000D3E9002316F06AFC22462B4616F01EFE0C
:10FEB0000022294B16F064FC02460B464046494698
:10FEC00016F03EFF32463B4616F010FE1EA3D3E965
:10FED000002316F053FC32463B4616F051FC024616
:10FEE0000B4616F04DFC02460B4619A1D1E9000164
:10FEF00016F044FCB1E600BF09F7FD0DE13D023FFD
:10FF000088B20175E0EF493F3B8F68B52882A43F76
:10FF10005544880E55C1C93F7D6FEB0312D6D43FBF
:10FF2000555555555555C53F82922EB1C5B8B33F6D
:10FF300059018D1B6C06E63FC88A599CE52A004092
:10FF40004B2D8A1C273A0340075C143326A6913CAC
:10FF5000182D4454FB2109400000F03F0000E03F11
:10FF6000414A91422DE9F84304460D4637DD3F4AA8
:10FF700091420B4608DD02F1795291423DDD024685
:10FF800016F0FEFBBDE8F88301F1404202F5801255
:10FF900002432ED0B1F1804F37DC0022344B16F0F3
:10FFA000EDFB02460B4604460D4616F0E9FB2246E1
:10FFB00006460F462B462046294616F097FD024678
:10FFC0000B463046394616F0DBFB18F099F922460D
:10FFD0002B4616F0D5FBBDE8F843FFF7C1B8024643
:10FFE0000B4616F0CBFB02460B4616F0A9FEBDE809
:10FFF000F88300200021BDE8F88300F00DFE18A36F
:020000040801F1
:10000000D3E9002316F0BCFBF1E7024616F06EFDC3
:100010000022174B16F0B2FB18F072F92246804608
:1000200089462B462046294616F0AAFB224606465C
:100030000F462B464046494616F0A2FB02460B46A9
:1000400000200B4916F07CFE0B460246394630462E
:1000500016F094FBBDE8F84300F0DEBDAFF300807E
:10006000EF39FAFE422EE63FFFFFEF3FFFFFAF41C1
:100070000000F03F000000002DE9F04FAE4B21F0F2
:1000800000479F4287B004460D4611DD07F1404707
:1000900007F5801703463B4321D002460B4616F076
:1000A0006DFB02460B4616F04BFE07B0BDE8F08F25
:1000B000A24B9F420E4629DCB7F1795F80F2468160
:1000C00081A3D3E9002316F05BFB00229C4B16F0C2
:1000D0009DFFD8B12046294607B0BDE8F08F7CA32C
:1000E000D3E9002316F002FD7BA3D3E900230646E3
:1000F0000F462046294616F0F9FC02460B463046CC
:10010000394616F03DFB07B0BDE8F08F2046294682
:1001100017F05AFA02460B460020894916F02EFBCA
:100120000022884B16F0E2FC6DA3D3E900230446BD
:100130000D4616F0DBFC6CA3D3E9002316F020FB80
:1001400022462B4616F0D2FC69A3D3E9002316F011
:1001500015FB22462B4616F0C9FC67A3D3E9002302
:1001600016F00EFB22462B4616F0C0FC64A3D3E922
:10017000002316F003FB22462B4616F0B7FC62A3C1
:10018000D3E9002316F0FCFA22462B4616F0AEFC0B
:100190005FA3D3E90023CDE900012046294616F0EC
:1001A000A5FC5DA3D3E9002316F0E8FA22462B460E
:1001B00016F09CFC5AA3D3E9002316F0E1FA22467C
:1001C0002B4616F093FC58A3D3E9002316F0D6FA79
:1001D00022462B4616F08AFC594B002216F0D0FA24
:1001E00082468B4620462946CDE902AB18F088F8B6
:1001F000554B9F428046894600F3198102460B46C3
:1002000016F0BEFADDE90223CDE90401DDE90001C3
:1002100016F096FD02460B46DDE9040116F066FC79
:100220004FF0000ACDE9000152464B465046494680
:1002300016F05CFC02460B462046294616F09EFA54
:10024000524604460D464B464046494616F098FA3B
:1002500002460B462046294616F072FD02460B4622
:1002600016F08EFA02460B461BA1D1E9000116F0EA
:1002700085FA02460B46DDE9000116F07FFA524688
:1002800004460D464B465046494616F079FA02465A
:100290000B4627A1D1E9000116F070FA02460B4681
:1002A0002046294616F06AFA02460B4620A1D1E9FB
:1002B000000116F063FA002E3FF7F7AE01F100439C
:1002C0001946F2E6AFF300809C7500883CE4377E67
:1002D000182D4454FB21F93F075C143326A6913CAA
:1002E00009F7FD0DE13D023F88B20175E0EF493F9E
:1002F0003B8F68B52882A43F5544880E55C1C93F3D
:100300007D6FEB0312D6D43F555555555555C53F16
:1003100082922EB1C5B8B33F59018D1B6C06E63FE2
:10032000C88A599CE52A00404B2D8A1C273A034075
:10033000182D4454FB21E93FFFFFEF3FFFFFDF3F54
:100340000000F03F0000E03F3233EF3F02460B4633
:1003500016F0CCFB4BA3D3E9002306460F4616F05C
:10036000C5FB4AA3D3E9002316F00AFA32463B46FE
:1003700016F0BCFB47A3D3E9002316F0FFF9324681
:100380003B4616F0B3FB45A3D3E9002316F0F8F97A
:1003900032463B4616F0AAFB42A3D3E9002316F0EF
:1003A000EDF932463B4616F0A1FB40A3D3E900230A
:1003B00016F0E6F932463B4616F098FB3DA3D3E92A
:1003C0000023804689463046394616F08FFB3BA312
:1003D000D3E9002316F0D2F932463B4616F086FBED
:1003E00038A3D3E9002316F0CBF932463B4616F08A
:1003F0007DFB36A3D3E9002316F0C0F932463B4615
:1004000016F074FB00221E4B16F0BAF902460B469A
:100410004046494616F094FC22462B4616F066FBF1
:1004200022462B4616F0ACF907B0BDE8F08F5246D5
:100430005B46DDE9000116F083FC42464B4616F0B0
:1004400055FB42464B4616F09BF902460B4616F00A
:1004500097F907A3D3E9002316F090F902460B465B
:1004600005A1D1E9000116F089F924E7AFF3008076
:10047000075C143326A6913C182D4454FB21F93F08
:100480000000F03F09F7FD0DE13D023F88B2017524
:10049000E0EF493F3B8F68B52882A43F5544880E62
:1004A00055C1C93F7D6FEB0312D6D43F5555555505
:1004B0005555C53F82922EB1C5B8B33F59018D1B2A
:1004C0006C06E63FC88A599CE52A00404B2D8A1CE1
:1004D000273A0340000000002DE9F84F1D46534223
:1004E000134325F00049DFF8C8C149EAD3736345D7
:1004F000144606460F4626D8C0F1000848EA000810
:1005000021F0004A4AEAD878E04503468B461AD8DB
:1005100005F1404808F5801858EA0208AE4643D075
:100520004FEAA57808F002085AEA030348EAD178AE
:1005300011D1B8F1020F55D0B8F1030F09D14AA17A
:10054000D1E9000105E032463B462046294616F037
:1005500017F9BDE8F88F59EA020329D0E1452ED0FA
:10056000E24525D0AAEB09094FEA2959B9F13C0F18
:100570003CDC002D3EDA19F13C0F3BDA0020002173
:10058000B8F1010F4ED0B8F1020F3ED0B8F1000F14
:10059000DFD037A3D3E9002316F0F0F836A3D3E970
:1005A000002316F0EBF8D4E7BDE8F84FFEF744BBA4
:1005B000BBF1000F12DB32A1D1E90001C9E7CA4546
:1005C00034D0B8F1020F0DD0B8F1030FB7D0B8F1A5
:1005D000010F4FF0000036D00021BAE72AA1D1E97F
:1005E0000001B6E724A1D1E90001B2E724A1D1E9D5
:1005F0000001C5E722462B463046394616F0A0FBDF
:1006000016F0E2FFFEF718FBBAE719A3D3E90023BF
:1006100016F0B4F802460B4617A1D1E9000116F016
:10062000ADF896E701F10043194692E7B8F1020FE1
:1006300014D0B8F1030F0DD0B8F1010F06D014A1FA
:10064000D1E9000185E74FF0004182E712A1D1E92D
:1006500000017EE712A1D1E900017AE712A1D1E9F8
:10066000000176E7AFF30080182D4454FB2109C048
:10067000075C143326A6A13C182D4454FB210940E5
:10068000182D4454FB21F93F182D4454FB21F9BF88
:10069000182D4454FB21E93F182D4454FB21E9BF98
:1006A000D221337F7CD902C0D221337F7CD9024052
:1006B0000000F07F0000000043422DE9F0470343B3
:1006C00021F000463C4A46EAD373934204460D4665
:1006D0002AD8964240D0394B9E428A462EDD384B6E
:1006E0009E4235463FDD33460246314616F048F815
:1006F000224606460F462B4600202F4916F03EF8AC
:1007000002460B463046394616F01AFBFEF728FD26
:1007100000222C4B16F0EAF9BAF1000F0CDA01F1C5
:1007200000431946BDE8F08702460B4616F026F84E
:1007300002460B4616F004FBBDE8F0871CA3D3E984
:10074000002316F01DF80022002316F05FFC48B1CC
:1007500020462946BDE8F0870022002316F0F0FA73
:10076000BDE8F087354622462B462046294616F03E
:1007700007F822462B4606460F4616F0B7F92246E2
:10078000804689462B4600200B4915F0F7FF0246AC
:100790000B464046494616F0D3FA32463B4615F022
:1007A000EFFFFEF7DDFC0022064B16F09FF9B3E7E2
:1007B0009C7500883CE4377E0000F03FFFFF2F3E31
:1007C000FFFFDF3F0000E03F2DE9F8434E4B21F0F3
:1007D00000449C4206460F461BDC4C4B9C4222DDEB
:1007E0004B4B9C4254DD4B4B9C4246DD4A4B9C425A
:1007F0006FDD01339C4269D041A3D3E90023104649
:10080000194616F073F906460F4630463946BDE8DC
:10081000F88302460B4616F069F906460F46304645
:100820003946BDE8F88316F0CFFE02F04DFC0022F9
:100830003A4B8046894615F0A3FFB4F1725F064635
:100840000F46ECDB42464B464046494616F04EF911
:1008500032463B4604460D463046394615F090FF79
:1008600002460B462046294616F06AFA00222B4B18
:1008700015F086FF06460F46D1E716F0A5FE00F0FC
:1008800053F80022264B16F031F906460F46C6E70C
:1008900016F09AFE00F048F80022214B06460F465B
:1008A00016F024F9324604460D463B4600201C490A
:1008B00016F046FA02460B462046294615F060FF20
:1008C00006460F4630463946BDE8F883154B984238
:1008D00092D83046394616F077FE0022104B16F0BB
:1008E00005F900F021F8002204460D460C4B16F0E5
:1008F000FDF822462B4616F0F9F806460F468EE71D
:100900009C7500883CE4377EFFFFEF7F422ED63F88
:10091000FFFF3540412E8640CD3386400000F03F3A
:100920000000E03F7DF8B98F2DE9F047B04F21F08E
:100930000042BA4284B004460D464FEAD17610D93F
:10094000AC4FBA4240F28A80C1F31303034302461C
:1009500040F0F180002E7ED00020002104B0BDE8E0
:10096000F087A54B9A4200F2B680A44B9A4240F21F
:10097000D1804FF0000A22462B462046294616F029
:10098000B5F885A3D3E9002306460F4616F0AEF866
:1009900083A3D3E9002315F0F1FE32463B4616F05F
:1009A000A5F881A3D3E9002315F0EAFE32463B46C1
:1009B00016F09CF87EA3D3E9002315F0DFFE324643
:1009C0003B4616F093F87CA3D3E9002315F0D8FE3C
:1009D00032463B4616F08AF802460B462046294628
:1009E00015F0CCFE02460B4606460F462046294629
:1009F00016F07CF880468946BAF1000F00F0AB8013
:100A000032463B4600204FF0804115F0B7FE0246CB
:100A10000B464046494616F093F902460B46DDE97F
:100A2000020115F0ABFEDDE9002315F0A7FE0B4631
:100A300002467349002015F0A1FE6FF47F739A45BA
:100A400080F2A3800AF57A7A01EB0A5100224FF076
:100A5000B87316F04BF804B0BDE8F08758A3D3E99B
:100A6000002316F0D3FA00286BD157A3D3E9002353
:100A70002046294616F0ACFA00287FF46DAF614994
:100A800053A3D3E9002301EBC6062046294616F0FE
:100A90002DF8D6E9002315F073FE16F0D7FA82463A
:100AA00015F0BAFF4CA3D3E9002306460F4616F013
:100AB0001DF802460B462046294615F05FFE48A366
:100AC000D3E90023CDE900013046394616F00EF88F
:100AD000CDE9020115E04C4B9A42D0D84B4BF400C3
:100AE0002344D3E9002315F049FE494B234493EDF9
:100AF000007BCDE900018DED027BC6F1010AAAEB76
:100B0000060ADDE90223DDE9000115F037FE04469F
:100B10000D4630E734A3D3E9002315F031FE00225F
:100B2000374B16F073FAA8B3204629460022344BFF
:100B300015F026FE8FE70B4615F022FE04B0BDE847
:100B4000F08729A3D3E900231046194615F0CEFFFC
:100B500004B0BDE8F0873046394600224FF08043AC
:100B600015F00CFE02460B464046494616F0E8F8E2
:100B700022462B4615F002FE02460B460020204975
:100B800015F0FCFD04B0BDE8F08701EB0A5104B09C
:100B9000BDE8F0878246EEE6D0A4BE726937663EB5
:100BA000F16BD2C541BDBB3E2CDE25AF6A56113F6D
:100BB00093BDBE166CC1663F3E5555555555C53F54
:100BC000EF39FAFE422E864051302DD5104987C0AC
:100BD000FE822B654715F73F0000E0FE422EE63F00
:100BE000763C7935EF39EA3D9C7500883CE4377EE8
:100BF000412E8640FFFFEF7F422ED63FFFFF2F3E64
:100C00000000F03F68A10208B1A2F03F78A10208FD
:100C100088A10208000000002DE9F04FB1F5801F07
:100C200085B006460F460B4680F2D08021F0004288
:100C3000024300F0DA800029C0F2E9800022D64B9E
:100C400015F054FFD54A0B46934206460F466FF007
:100C5000350E00F3C180C3F3130505F5152C0CF612
:100C6000647C0CF4801C8CF07F5282F440121C15C2
:100C700042EA0507A4F2FF3474440022C84B304610
:100C8000394604EB1C5415F079FDAB1CC3F3130378
:100C9000022B82468B464FF0000240F3AF804FF0AC
:100CA000804315F06DFD02460B465046594616F03E
:100CB00047F8064620460F4615F0AEFE3246CDE90F
:100CC00002013B4630463946CDE9006715F00EFF7C
:100CD00002460B468046894615F008FF9AA3D3E9E1
:100CE000002306460F4615F001FF99A3D3E9002320
:100CF00015F046FD32463B4615F0F8FE96A3D3E9C3
:100D0000002315F03DFD32463B4615F0EFFE94A35F
:100D1000D3E9002315F034FD42464B4615F0E6FEBC
:100D200091A3D3E90023804689463046394615F021
:100D3000DDFE8FA3D3E9002315F022FD32463B46AA
:100D400015F0D4FE8CA3D3E9002315F019FD32462B
:100D50003B4615F0CBFE0B4602464946404615F091
:100D60000FFDA5F5C223C5F5D725A3F27A4351356A
:100D70001D43002D06460F4640F387800022894B15
:100D80005046594615F0B2FE52465B4615F0AEFE8F
:100D900002460B46804689463046394615F0F0FC3F
:100DA000DDE9002315F0A2FE06460F46002C40F0B8
:100DB000818002460B464046494615F0DFFC02465C
:100DC0000B465046594615F0D9FC0BE0734A934246
:100DD0004FF0000E7FF73FAF32463B463046394674
:100DE00015F0CEFC05B0BDE8F08F002200230020F6
:100DF0006D4915F0A5FF05B0BDE8F08F002316F092
:100E0000DDF860B1002C7CD100200021EAE7024629
:100E100015F0B4FC0022002315F092FFE2E758A37E
:100E2000D3E900235046594615F060FE02460B46B2
:100E300000205C4915F0A2FC524606460F465B4670
:100E40005046594615F052FE02460B46304639468A
:100E500015F04CFE06460F462CB3204615F0DCFD7F
:100E600049A3D3E900238046894615F03FFE48A3F5
:100E7000D3E9002304460D464046494615F036FEA8
:100E800002460B46304639462CE002460B46504699
:100E9000594615F073FCDDE9002315F027FE0646E0
:100EA0000F46002C47D132463B465046594615F076
:100EB00065FC97E734A3D3E90023DDE9020115F0CF
:100EC00015FE33A3D3E9002304460D46DDE90201F4
:100ED00015F00CFE32463B4615F052FC02460B461E
:100EE0004046494615F04AFC52465B4615F046FC22
:100EF00002460B462046294615F040FC05B0BDE8E9
:100F0000F08F204615F088FD1FA3D3E90023064685
:100F10000F4615F0EBFD1EA3D3E9002304460D4652
:100F20003046394615F0E2FD02460B46204629467A
:100F300015F026FC56E7DDE9028913A3D3E9002367
:100F40004046494691E700BF44523EDF12F1C23F9E
:100F5000DE03CB966446C73F599322942449D23F7F
:100F6000935555555555E53F9FC678D0099AC33FCF
:100F7000AF788E1DC571CC3F04FA97999999D93FE6
:100F8000555555555555D53F0000E0FE422EE63FDC
:100F9000763C7935EF39EA3D00005043FFFFEF7FA3
:100FA0000000F03F0000E03F000050C300000000E0
:100FB000B1F5801F2DE9F84304460D460B4619DABA
:100FC00021F00042024359D000295FDB00223A4B56
:100FD00015F08CFD394A0D462B46934204466FF0BE
:100FE00035010CDD22462B462046294615F0C8FB6C
:100FF000BDE8F883314A93424FF00001F2DC181546
:10100000A0F2FF3008444FEAD0794844C3F31308F4
:1010100015F002FDC9F57F73033348EA0355064610
:101020000F4620462946FFF7F7FD1DA3D3E900230D
:10103000804689463046394615F058FD1AA3D3E953
:10104000002304460D464046494615F04FFD024632
:101050000B462046294615F093FB15A3D3E9002340
:1010600004460D463046394615F040FD02460B4613
:101070002046294615F084FBBDE8F88300220023B2
:1010800000200F4915F05CFEBDE8F883024615F01C
:1010900075FB0022002315F053FEA9E7AFF3008093
:1010A000362BF111F3FE593D0EE526157BCBDB3FC8
:1010B00000609F501344D33F00005043FFFFEF7F79
:1010C000000050C3000000002DE9F04F23F0004560
:1010D00055EA020493B00DD06B4E21F00044B442A7
:1010E0000F4682460BDD04F1404404F5801454EAB7
:1010F0000A0350D16549002013B0BDE8F08F9B462C
:10110000944647D0B542EEDC5F4EB5425DD0002F2D
:1011100080468946CDE900235BDB0026BCF1000F49
:101120000ED1594B9D423FD0584B9D4200F08880D4
:10113000BBF1804F00F09C80554B9B4500F0B8837D
:101140004046494616F040FABAF1000F06D1002C8D
:1011500059D04E4B27F040429A4254D0FF0F013FE6
:1011600056EA070373D04B4B9D4240F39B8003F13B
:1011700004739D4240F33E84474B9C4272DDBBF1B9
:10118000000F72DD3EA3D3E900231046194615F087
:10119000ADFCB1E728B1414813B0BDE8F04F17F0FE
:1011A000E7BEA542F7DCAFE704F1404303F5801347
:1011B00053EA0A039ED0384B9C4240F38383BBF131
:1011C000000F52DBDDE9000196E7BCF1000F9ED075
:1011D00089E7334B9D4231DCA3F154739D429CDD82
:1011E0002B15A3F2FF33142B40F3A583C3F1340373
:1011F0002CFA03F202FA03F363458ED102F00102E6
:10120000C2F102068AE7BBF1000F05DA02460B467F
:1012100000201E4915F094FD002FBFF66DAF04F1BC
:10122000404404F5801454EA060300F03F84012E84
:101230007FF462AF01F1004319465DE702266DE7D6
:10124000BBF1000FC0F248834046494654E742468E
:101250004B461046194615F091FA02460B4615F01A
:101260006FFD49E7BBF1000F8CDB0020002143E755
:1012700042464B464046494615F038FC3CE700BF25
:101280009C7500883CE4377E0000F07F0000F03F52
:101290000000E03F0000E041FFFFEF3FD8B402084C
:1012A000FFFF3F43B4F5801F80F261830022D24BE1
:1012B00015F01CFC6FF0340C0C462315CF4DC4F315
:1012C0001302A3F2FF3342F07F546344AA420B930C
:1012D00044F4401440F33F83C94B9A4240F30484E2
:1012E0009FEDAF7B8DED087B8DED107B9FEDAE7B91
:1012F0000B9B8DED067B01330B93A4F58014002529
:10130000DDE906232146824615F038FAA346DDE9D9
:1013100006238046894650462146CDE90CAB15F0A0
:101320002FFA02460B460020B64915F009FD0A4681
:101330000146CDE90E12134649460246404615F0D5
:10134000D5FB631043F0005382468B4603F5002320
:101350008C46CDE904AB5919D3460023CDE902BC34
:101360000293DDE902AB002004460D4602460B461F
:101370005046594615F0BAFB02460B4640464946D0
:1013800015F0FCF9DDE9062380468946204629460A
:1013900015F0F4F902460B46DDE90C0115F0EEF903
:1013A00052465B4615F0A2FB02460B4640464946B4
:1013B00015F0E4F9DDE90E2315F098FBDDE90445AD
:1013C000CDE9060122462B462046294615F08EFB24
:1013D00077A3D3E9002304460D4615F087FB76A3D7
:1013E000D3E9002315F0CCF922462B4615F07EFBFD
:1013F00073A3D3E9002315F0C3F922462B4615F059
:1014000075FB71A3D3E9002315F0BAF922462B46E8
:1014100015F06CFB6EA3D3E9002315F0B1F9224659
:101420002B4615F063FB6CA3D3E9002315F0A8F954
:101430002246804689462B462046294615F056FB13
:1014400002460B464046494615F050FB52460446BC
:101450000D465B46DDE9040115F092F9DDE906234E
:1014600015F044FB22462B4615F08AF95246804679
:1014700089465B465046594615F038FB0022624BC0
:10148000CDE90C0115F07CF942464B4615F078F990
:1014900002980D46044622462B465046594615F002
:1014A00025FB002282468B46574B2046294615F0E5
:1014B00065F9DDE90C2315F061F902460B4640465B
:1014C000494615F05BF9DDE9042315F00FFB2246D0
:1014D000804689462B46DDE9060115F007FB0246EA
:1014E0000B464046494615F04BF980468946024670
:1014F0000B465046594615F043F9029838A3D3E9F4
:10150000002304460D4615F0F1FA5246CDE90401D8
:101510005B462046294615F031F902460B46404607
:10152000494615F02BF930A3D3E9002315F0DEFA74
:101530002FA3D3E90023804689462046294615F08B
:10154000D5FA02460B464046494615F019F9DDE941
:10155000102315F015F980460B98894615F05CFAB2
:10156000424682468B464B46DDE9040115F008F9F8
:10157000DDE9082315F004F952465B4615F000F941
:10158000029852465B4604460D4615F0F7F8DDE931
:10159000082315F0F3F8DDE9042337E0AFF300800A
:1015A0000000000000000000000000000000F03F0C
:1015B000EF4E454A287ECA3F65DBC9934A86CD3F38
:1015C00001411DA96074D13F4D268F515555D53F1E
:1015D000FFAB6FDBB66DDB3F033333333333E33FB6
:1015E000000000E009C7EE3FFD033ADC09C7EE3F0B
:1015F000F5015B14E02F3EBE000040438E980300CF
:1016000079B60B000000F03F0000084015F0B6F876
:101610000B4602464946404615F0B0F8013E56EAF0
:10162000070382468B4600F05E819FEDD37B8DEDF4
:10163000047BDDE9001200230E461746CDE9026760
:101640000293DDE9026708463B461146324615F033
:1016500095F822462B4615F049FADDE9002380462D
:1016600089465046594615F041FA02460B46404617
:10167000494615F085F83246804689463B46204665
:101680002946CDE9008915F031FA0B460246064697
:101690000F464046494615F073F8D14B994204462F
:1016A0000D468A4640F3248101F13F4303F5E003F0
:1016B000034340F0FF81B2A3D3E90023DDE9000139
:1016C00015F05EF83246804689463B46204629465C
:1016D00015F054F802460B464046494615F096FC74
:1016E000002840F0E781A8464FEA2853A3F2FE32D3
:1016F0004FF4801313415344C3F30A52B94DA2F27D
:10170000FF321541C3F3130423EA05010020C2F19F
:10171000140B44F48014BAF1000F02460B4644FA4D
:101720000BFB30463946B8BFCBF1000B15F026F85D
:1017300006460F463246DDE900013B4615F020F82B
:101740004FEA0B5A0D4600248FA3D3E9002320460D
:10175000294615F0CBF93246804689463B4620465D
:10176000294615F00BF802460B46DDE9000115F09D
:1017700005F887A3D3E9002315F0B8F986A3D3E9C8
:10178000002306460F462046294615F0AFF90246CB
:101790000B463046394614F0F3FF06460F46024624
:1017A0000B464046494614F0EBFF42464B46044682
:1017B0000D4614F0E3FF02460B463046394614F05E
:1017C000DDFF2246804689462B462046294615F0F5
:1017D0008DF973A3D3E9002306460F4615F086F969
:1017E00071A3D3E9002314F0C9FF32463B4615F03C
:1017F0007DF96FA3D3E9002314F0C2FF32463B46C4
:1018000015F074F96CA3D3E9002314F0B7FF324646
:101810003B4615F06BF96AA3D3E9002314F0B0FF3F
:1018200032463B4615F062F902460B4620462946F1
:1018300014F0A4FF06460F4602460B4620462946F2
:1018400015F054F90022CDE900014FF080433046F5
:10185000394614F093FF02460B46DDE9000115F00E
:101860006FFA424606460F464B462046294615F07B
:101870003DF942464B4614F083FF02460B46304684
:10188000394614F07BFF22462B4614F077FF0246C0
:101890000B460020544914F071FF8A44BAF5801FAA
:1018A000C0F232815146DDE9042315F01FF923E42B
:1018B000002FFFF645AC4046494613B0BDE8F04F57
:1018C00016F01EBDBBF1000FBFF6CFACDDE9003452
:1018D000184604F100410FE442464B4600204249BD
:1018E00015F02EFA08E49FED387B8DED047BA0E621
:1018F0003E4B21F00048984540F3EA803C4B0B44B6
:1019000003430AD132463B4614F038FFDDE9002399
:1019100015F072FB00283FF4E7AEDDE904012CA3CB
:10192000D3E9002315F0E2F829A3D3E9002315F049
:10193000DDF8FFF7E1BBBCF1000F40F0D280C3F14E
:10194000140345FA03F202FA03F3AB4200F0E0801D
:101950006646FFF7E9BB9FED207B8DED087B8DEDA3
:10196000107B9FED057B00258DED067BC8E44FF0D5
:10197000000CA2E4AFF30080000000000000F03F84
:10198000FE822B654715973C00000000432EE63F82
:10199000EF39FAFE422EE63F396CA80C615C20BE9E
:1019A000D0A4BE726937663EF16BD2C541BDBB3E65
:1019B0002CDE25AF6A56113F93BDBE166CC1663F43
:1019C0003E5555555555C53F000000000000F0BF7D
:1019D00059F3F8C21F6EA5010000000000000000CE
:1019E000FFFF8F40FFFF0F000000F03FFFCB904054
:1019F00000346F3F5A4B9C427FF734AC594B9C42AA
:101A00003FF7BDAB0022574B14F0B8FE44A3D3E917
:101A1000002304460D4615F069F843A3D3E90023DB
:101A200082468B462046294615F060F80022CDE913
:101A300002014D4B2046294615F058F802460B4648
:101A40003BA1D1E9000114F099FE22462B4615F086
:101A50004DF802460B460020444914F08FFE224602
:101A6000804689462B462046294615F03FF8024617
:101A70000B464046494615F039F82FA3D3E9002319
:101A800015F034F802460B46DDE9020114F076FE4B
:101A900002460B46804689465046594614F070FE71
:101AA000002004460D4652465B46AFE502460B4613
:101AB000FFF7CFBBDDE9040121A3D3E9002315F033
:101AC00015F81FA3D3E9002315F010F8FFF714BB96
:101AD000264B98453FF708AEDDE902239246934630
:101AE00031E60026FFF72CBB9FED177B8DED087BC1
:101AF0009FED177B8DED107B9FED177B4FF48025BD
:101B00008DED067BFFF7FCBB5A4601F029FDCAE6C6
:101B100002F00102C2F10206FFF706BBAFF300803C
:101B2000000000604715F73F44DF5DF80BAE543E00
:101B3000555555555555D53FFE822B654715F73FF1
:101B40009C7500883CE4377E0000004003B8E23F0B
:101B500006D0CF43EBFD4C3E000000000000F83FF4
:101B6000FEFFEF3F0000F03F0000D03F0000E03FED
:101B70002DE9F047CA4B21F000479F4290B08046C4
:101B8000894640F38F80C74B9F420C46924626DC25
:101B90000029B9A3D3E9002340F38F8014F0EEFDB0
:101BA000C14B9F4204460D4600F04781B4A3D3E9E0
:101BB000002314F0E3FD02460B46CAE90023204649
:101BC000294614F0DBFDAEA3D3E9002314F0D6FDC3
:101BD0000125CAE90201284610B0BDE8F087B34BE1
:101BE0009F4240F38980B24B9F4200F31C813D1518
:101BF000A5F21645A7EB055319461F46064615F0F4
:101C000025FA14F009FF8046894642464B46304685
:101C10003946CDE90A8914F0B1FD0022A54B14F034
:101C200065FF8946804615F011FA14F0F5FE064668
:101C30000F4632463B4640464946CDE90C6714F014
:101C40009DFD00229B4B14F051FF00220023CDE9A3
:101C50000E0115F0B3F9002800F060810023304632
:101C60003946002215F0AAF9002814BF01230223E7
:101C7000914A019202212A4600910AA8514600F099
:101C800087FB002C054614DADAF80420DAF80C3069
:101C900002F1004203F100434542CAF80420CAF8A9
:101CA0000C3006E000200021C2E90089C2E90201EF
:101CB0000025284610B0BDE8F08714F061FD7A4B8E
:101CC0009F4204460D4600F00B816DA3D3E900232B
:101CD00014F056FD02460B46CAE900232946204669
:101CE00014F04CFD66A3D3E9002314F049FD4FF036
:101CF000FF35CAE90201DCE715F066FC62A3D3E90F
:101D000000238046894614F0F1FE00226B4B14F04C
:101D100037FD15F09BF9054614F07EFE56A3D3E976
:101D20000023CDE9060114F0E1FE02460B464046D1
:101D3000494614F023FD52A3D3E900238046894687
:101D4000DDE90601CDE9028914F0D0FE1F2D02461F
:101D50000B46CDE9042340F3B380DDE90423DDE93C
:101D6000020114F00BFD804689463F15C9F30A5362
:101D7000FB1A102B40F3B18045A3D3E90023DDE922
:101D8000060114F0B3FE8046894602460B46DDE9A3
:101D9000020114F0F3FC02460B46DDE90201CDE935
:101DA000082314F0EBFC42464B4614F0E7FC3AA340
:101DB000D3E9002380468946DDE9060114F096FE4A
:101DC00042464B4614F0DAFC0B46CDE904010246CC
:101DD000DDE9080114F0D2FCC1F30A53FF1A312FD8
:101DE0008046894600F39C809DED087BCAE9008906
:101DF0008DED027B42464B46DDE9020114F0BEFC4C
:101E0000DDE9042314F0BAFC002CCAE90201BFF694
:101E100050AF09F1004401F100436D42CAE900846A
:101E2000CAE9020345E702460B4614F0A7FC002569
:101E3000CAE90201CAE900013BE715A3D3E900237F
:101E400014F09CFC14A3D3E900230D46044614F0BF
:101E500095FC02460B46CAE900232946204614F0A9
:101E60008DFC0DA3D3E9002314F088FC0125CAE9F9
:101E700002011EE7AFF3008000004054FB21F93F50
:101E80003163621A61B4D03D83C8C96D305FE43FED
:101E90000000601A61B4D03D7370032E8A19A33B11
:101EA000FB21E93F7BD90240FB21F93FFB2139416E
:101EB000FFFFEF7F0000704130B702080000E03FF5
:101EC0004046494614F05AFC394B6A1E804653F886
:101ED0002230BB4289463FF448AFCAE9008989E70E
:101EE0002BA3D3E9002314F04BFC2BA3D3E900234D
:101EF0000D46044614F044FC02460B46CAE9002392
:101F00002946204614F03AFC23A3D3E9002314F019
:101F100037FC4FF0FF35CAE90201CAE60323A7E602
:101F20001FA3D3E90023DDE9060114F0DFFD064617
:101F30000F4602460B46DDE9080114F01FFC8046FF
:101F4000894602460B46DDE90801CDE9028914F015
:101F500015FC32463B4614F011FC13A3D3E90023D1
:101F600006460F46DDE9060114F0C0FD32463B4649
:101F700014F004FC02460B4640464946CDE90423D2
:101F800014F0FCFB80468946A7E700BFAFF3008052
:101F90000000601A61B4D03D7370032E8A19A33B10
:101FA0000000002E8A19A33BC14920259A837B3962
:101FB000B0B6020800000000574A2DE9F84F21F0A2
:101FC0000048904506460F462CDC544B0029B4BF10
:101FD000534D544D98454FF0000411DC524B984539
:101FE00026DC4BA3D3E9002314F0CAFB00224F4B9D
:101FF00015F00CF8002840D030463946BDE8F88F7F
:102000004B4B984530DD4B4B984568DD0133984587
:1020100062D0304639463EA3D3E9002314F066FD72
:10202000BDE8F88F02460B4614F0AAFBBDE8F88F16
:1020300015F0CAFA01F048F83F4B984506460F469E
:1020400023DD0022394B14F09BFB02460B46304641
:10205000394614F075FE32463B4614F091FB224699
:102060002B4614F043FDE1E715F0AEFAFEF75CFCF9
:1020700022462B4614F03AFDD8E73046394615F093
:10208000A3FA01F021F806460F4632463B46304699
:10209000394614F075FB324682468B463B46304645
:1020A000394614F023FD0022804689461F4B3046F6
:1020B000394614F065FB02460B464046494614F08B
:1020C0003FFE02460B465046594614F057FB224647
:1020D0002B4614F00BFDA9E7184B984299D83046CF
:1020E000394615F071FA00220E4B14F0FFFCFEF792
:1020F0001BFC06460F4602460B462046294614F0B6
:10210000F5FC32463B4614F0F1FC8FE7AFF300805C
:102110003374AC3C1F7BAC7FFFFFEF7FFFFF35408C
:102120000000E0BF0000E03FFFFF2F3E0000F03F57
:10213000412E8640CD338640FFFFEF3F7DF8B98FBB
:102140002DE9F04F21F00048B8F1795F85B00646DF
:102150000F4692469B466BDA14F078FF002800F099
:10216000E18032463B463046394614F0BFFC74A34A
:10217000D3E9002304460D4614F0B8FC72A3D3E95A
:10218000002314F0FDFA22462B4614F0AFFC70A396
:10219000D3E9002314F0F2FA22462B4614F0A6FCF1
:1021A0006DA3D3E9002314F0EBFA22462B4614F07A
:1021B0009DFC6BA3D3E9002314F0E0FA22462B46E2
:1021C00014F094FC68A3D3E9002314F0D9FA224652
:1021D0002B4614F08BFCCDE900010022664B204613
:1021E000294614F083FCDDE9002380468946204619
:1021F000294614F07BFC524604460D465B463046A9
:10220000394614F073FC02460B462046294614F06A
:10221000B5FA02460B464046494614F0AFFA02466C
:102220000B460020554914F0A9FA05B0BDE8F08F1F
:1022300002460B4614F05AFC41A3D3E9002304469E
:102240000D4614F053FC40A3D3E9002314F098FA90
:1022500022462B4614F04AFC3DA3D3E9002314F098
:102260008DFA22462B4614F041FC3BA3D3E9002310
:1022700014F086FA22462B4614F038FC38A3D3E932
:10228000002314F07BFA22462B4614F02FFC36A3D1
:10229000D3E9002314F074FA2B46224614F026FCEE
:1022A000374B9845CDE9000197DD364B98453EDC2C
:1022B000A8F500130022002030499046994614F0FA
:1022C0005DFACDE9020100222B4B2046294614F08D
:1022D0000DFC42464B4614F051FADDE900238046DE
:1022E00089462046294614F001FC524604460D4614
:1022F0005B463046394614F0F9FB02460B46204651
:10230000294614F03BFA02460B464046494614F073
:1023100035FA02460B46DDE9020114F02FFA05B04A
:10232000BDE8F08F1549002005B0BDE8F08F9FEDA6
:10233000107B4FF000088DED027BDFF84C90C2E778
:10234000D43888BEE9FAA8BDC4B1B4BD9EEE213E22
:10235000AD529C804F7E923E9015CB19A001FA3E63
:102360007751C1166CC1563F4C5555555555A53F33
:10237000000000000000E73F0000E03F0000F03FE9
:102380003233D33F0000E93F0000D23F000000009D
:102390002DE9F04FADF5197DBE4CA29EBE4D54F80F
:1023A00026600793D41E85FB0475E417C4EBA504CF
:1023B00024EAE4741D46631CA3EB8303013D02EB96
:1023C000C3030593731904960994019503900B9127
:1023D000A4EB05071AD43B44002400255E1C0DF134
:1023E0008008DDF88C9208E059F8270014F014FBFF
:1023F0000137B742E8E8020108D0002FF4DA0137CC
:1024000020462946B742E8E80201F6D1049B002B9A
:10241000079B4FEAC30302932ADB039A20A902EB2E
:10242000030801EB0309049B72AA02EBC30B0DF531
:10243000E07A019B002B4FF000064FF0000711DB04
:10244000039C4D4675E90223F4E8020114F04EFBAB
:1024500002460B463046394614F092F9444506468A
:102460000F46EFD1EAE80267DA4509F10809E0D141
:10247000DDE90204049920448B0082460BA8A3F1F5
:102480000802C31808930CAB13440A938B4698AB0D
:1024900003EBCB03BBF1000F53E9284529DD70ABFB
:1024A00003EBCB080DF1300900227C4B2046294676
:1024B00014F01CFB14F0CAFD14F0AEFA0022784BA5
:1024C00006460F4614F012FB02460B4620462946EC
:1024D00014F054F914F0BAFD78E9022349F8040B1A
:1024E0003946304614F04CF970AB984504460D4619
:1024F000DAD1DDF81490204629464A4601F030F83A
:1025000000224FF07F5304460D4614F0EFFAFCF71B
:10251000A7FD0022634B14F0E9FA02460B46204661
:10252000294614F02BF90D46044614F08FFD804621
:1025300014F072FA0B4602462946204614F01EF9A2
:102540004B46002B06460F4640F3E1800BF1FF326D
:102550000CA9C9F1180351F8225045FA03F101FA08
:1025600003F30CA8EB1A40F82230C9F11705884490
:1025700043FA05F5002D2CDDBBF1000F08F1010831
:1025800040F381820C9C002C40F0A780BBF1010F2E
:102590000AD00CA9012251F8044F531C002C40F022
:1025A0009E809B451A46F6D1059B002B0EDD012B24
:1025B00000F0D980022B09D10BF1FF320CAB0CA932
:1025C00053F82230C3F3150341F82230022D00F0F6
:1025D000AF80002200233046394614F0EFFC00287B
:1025E00000F05382049B0BF1FF394B4510DC0BF1DB
:1025F00080430CAA013B089802EB8303002253F8A6
:102600000419834242EA0102F9D1002A40F0B6805F
:10261000049B0CAA013B52F82330002B40F0A18010
:102620000A9A012352F8041901330029FAD05B44B5
:102630000BF10109994506934CDC099A079909EBBE
:10264000020801EB0B0508F1804802EB030BA39B8A
:1026500008F1FF3803EB880870AB03EBC909A39BB3
:1026600020A903EB8B0301EBC505029358F8040F77
:1026700014F0D2F90B4601990246002905F1080B26
:10268000C5E900234FF000064FF000071CDB039C58
:102690000CE000BFD0BB0208ABAAAA2A0000703E23
:1026A000000070410000204075E90223F4E80201B7
:1026B00014F01CFA02460B463046394614F060F816
:1026C000544506460F46EFD1029B9845E9E802675C
:1026D0005D46CBD1DDF818B0D9E6012300220CA964
:1026E000C4F180749B4541F822400EDD51F823204F
:1026F00001EB8B0001EB83036FF07F4100E01A6870
:102700008A1A43F8042B8342F9D101244CE706D1FD
:102710000BF1FF330CAA52F82350ED152AE70022E3
:102720007B4B14F069FC002840F0A381054650E77C
:1027300032463B460020774914F020F806460F4603
:10274000002C3FF446AF059A7249002000F008FFC4
:1027500002460B463046394614F010F806460F463E
:1027600037E7012363E70BF1FF320CAB0CA953F8F9
:102770002230C3F3160341F8223027E70CAB059A49
:1027800053F82930183ACDE9068505926BB909F15D
:102790008043013B0CA901EB830353F8041909F1B1
:1027A000FF39183A0029F8D00592059A59490020B6
:1027B00000F0D6FEB9F1000F04460D46C0F2C0810C
:1027C0004FEAC90370AA02EB030808930CAB03EBB2
:1027D0008906DFF844B14FF0000A08F10807043613
:1027E00056F8040D14F018F922462B4614F07EF921
:1027F0005B4667E9020152462046294614F076F905
:102800000CAB9E4204460D46EAD148AB03930193BC
:10281000CDF8149009F10103DDF810900293C3463E
:102820004FF0000AB9F1000FC0F22A81DFF8EC8006
:102830005D4635A3D3E9002300260027002403E0EA
:10284000544510DCF8E80223F5E8020114F04EF9D3
:1028500002460B463046394613F092FF0134A1453B
:1028600006460F46ECDA019BE3E802670193029B00
:102870000AF1010A9A45ABF1080BD3D1A29BDDF80E
:102880001490032B39D8DFE813F0D90006000600B6
:102890004D0048AB0393B9F1000F4FF000004FF02B
:1028A000000109DB039D05EBC904083474E9022328
:1028B00013F066FFA542F9D1079B002B40F01E8163
:1028C0000B9BC3E900010B4603990246D1E90001C5
:1028D00013F054FFB9F1000F0CDD4AAD01240134AF
:1028E000F5E8022313F04CFFA145F8DA079B002B13
:1028F00040F014810B9BC3E90201069B03F0070023
:102900000DF5197DBDE8F08F00000040FB21F93F77
:102910000000E03F0000F03F0000703EB0A1020860
:1029200048AB0393B9F1000F40F32781039ACDF828
:1029300010904FEAC9030193D318D3E900AB09F112
:102940000053013B02EBC9080293914678E9026704
:1029500052465B463046394613F012FF04460D4698
:1029600002460B463046394613F008FF52465B4696
:1029700013F006FFC145A246AB46C8E90201C8E90B
:102980000045E3D1DDF81090B9F1010F40F3F58077
:10299000019B039A02991344C900D3E9006701F12E
:1029A000080A019192440DF5947B7AE90289324636
:1029B0003B464046494613F0E3FE04460D460246B8
:1029C0000B464046494613F0D9FE32463B4613F0CB
:1029D000D7FED34526462F46CAE90201CAE900457B
:1029E000E3D1019C039B1034002000211C4403F11F
:1029F000100574E9022313F0C3FEA542F9D1039C2C
:102A0000079ED4E90023D4E90245002E00F08A8015
:102A100003F1004701F100430B99C1E90403069B50
:102A20002646944605F1004403F00700C1E900C7BB
:102A3000C1E902640DF5197DBDE8F08F089C039D86
:102A40000834002000212C4474E9022313F098FE7E
:102A5000A542F9D1079B13B101F1004319460B9B25
:102A6000C3E90001069B03F007000DF5197DBDE8E1
:102A7000F08FBBF1000F08F1010874DD022581E53C
:102A800000260027EFE600248EE5CDE90685059DAA
:102A9000304639466A4200F063FD0022384B064654
:102AA0000F4614F0A9FA00B30022364B30463946DF
:102AB00014F01CF814F0CAFA044613F0ADFF00221B
:102AC0002F4B14F013F80B4602463946304613F0EC
:102AD00055FE14F0BBFA0BF101090CAB183543F8A5
:102AE0002B00059543F829405FE63046394614F03F
:102AF000ADFA0CABD94643F82B0056E60B9C01F11E
:102B00000043C4E900030B4603990246D1E90001E2
:102B100013F034FEB9F1000F3FF7DFAE01F10043CF
:102B20001946E7E60B9EC6E90023069BC6E90401A9
:102B300003F00700C6E902450DF5197DBDE8F08FE9
:102B4000A29B032B3FF6D9AE01A252F823F000BF9F
:102B5000612B010893280108932801082129010805
:102B60000020002176E732463B460020064913F05C
:102B700005FE022506460F462BE5002000213EE714
:102B8000000070410000703E0000F03F00000000B7
:102B90002DE9F04F21F00046B6F1795F85B004468B
:102BA0000D469046994604DA14F050FA002800F0D9
:102BB000858022462B462046294613F097FF06467D
:102BC0000F4602460B462046294613F08FFF41A3CD
:102BD000D3E9002382468B463046394613F086FF00
:102BE0003EA3D3E9002313F0C9FD32463B4613F060
:102BF0007DFF3CA3D3E9002313F0C2FD32463B46E0
:102C000013F074FF39A3D3E9002313F0B7FD324664
:102C10003B4613F06BFF37A3D3E9002313F0B0FD5D
:102C20000E9BCDE900019BB30022294B404649464B
:102C300013F05CFFDDE90023CDE90201504659465F
:102C400013F054FF02460B46DDE9020113F096FD36
:102C500032463B4613F04AFF42464B4613F08EFD88
:102C600019A3D3E9002306460F465046594613F0F0
:102C70003DFF02460B463046394613F081FD0246C1
:102C80000B462046294613F079FD05B0BDE8F08FCC
:102C900002460B463046394613F028FF0AA3D3E913
:102CA000002313F06BFD52465B4613F01FFF2246D4
:102CB0002B4613F065FD05B0BDE8F08F2046294690
:102CC00005B0BDE8F08F00BF495555555555C53F76
:102CD0000000E03F7CD5CF5A3AD9E53DEB9C2B8AEA
:102CE000E6E55A3E7DFEB157E31DC73ED561C119E9
:102CF000A0012A3FA6F810111111813F0000000029
:102D00002DE9F04FC04C21F0004687B0A642824624
:102D10008B460F46CDE900231ADC14F097F9002802
:102D20003FD1109B524601331343334300F0B78128
:102D3000109B012B00F0C0815B460020B34913F0CB
:102D4000FFFF04460D462046294607B0BDE8F08F38
:102D5000AF4B9E4225DD002909DADDE90045224618
:102D600005F10043CDE900230BF100418B465246AB
:102D70005B4685A1D1E9000113F000FDDDE90023E8
:102D800004460D4682A1D1E9000113F0F7FC9FED46
:102D9000827B22462B468DED007B13F0F1FC8246B0
:102DA0008B4652465B465046594613F09FFE0246FC
:102DB0000B468046894613F099FE424604460D466E
:102DC0004B465046594613F091FE75A3D3E90023B4
:102DD000CDE902012046294613F088FE72A3D3E90B
:102DE000002313F0CDFC22462B4613F07FFE70A388
:102DF000D3E9002313F0C4FC22462B4613F076FEE1
:102E00006DA3D3E9002313F0BBFC22462B4613F03D
:102E10006DFE6BA3D3E9002313F0B2FC22462B46D0
:102E200013F064FE68A3D3E9002313F0A9FC424623
:102E30004B4613F05BFE66A3D3E90023CDE9040102
:102E40002046294613F052FE63A3D3E9002313F072
:102E500097FC22462B4613F049FE61A3D3E90023D9
:102E600013F08EFC22462B4613F040FE5EA3D3E9FE
:102E7000002313F085FC22462B4613F037FE5CA39B
:102E8000D3E9002313F07CFC22462B4613F02EFEE0
:102E900059A3D3E9002313F073FC02460B46DDE986
:102EA000040113F06DFCDDE9022313F01FFEDDE9E0
:102EB000004522462B4613F063FC42464B4613F076
:102EC00015FE22462B4613F05BFC4DA3D3E90023ED
:102ED00004460D46DDE9020113F008FE22462B46AA
:102EE00013F04EFC0B460246804689465046594632
:102EF00013F046FC464B9E4204460D4600F38C8080
:102F0000109B012B3BD002460B4600203F4913F09B
:102F100017FF002406460F462046294652465B46C8
:102F2000CDE90067CDE90201009413F027FCDDE94B
:102F300000AB02460B464046494613F01FFC524682
:102F40005B4613F0D3FD524604460D465B46DDE971
:102F5000020113F0CBFD00222E4B13F011FC0246B0
:102F60000B462046294613F00BFC32463B4613F035
:102F7000BDFD52465B4613F003FC04460D46204659
:102F8000294607B0BDE8F08F182D4454FB21E93FD6
:102F9000075C143326A6813C0000000000000000FE
:102FA000D47ABF74702AFB3EE9A7F0320FB8123F03
:102FB00068108D1AF726303F1583E0FEC8DB573FB7
:102FC00093846EE9E326823FFE41B31BBAA1AB3F77
:102FD000735360DBCB75F3BEA69237A0887E143F97
:102FE0000165F2F2D844433F280356C9226D6D3F74
:102FF00037D60684F464963F7AFE10111111C13F52
:10300000635555555555D53FFFFF2F3E0000F0BF86
:103010002794E53F0000F03F109813F0FDFC224696
:10302000CDE900012B462046294613F05FFDDDE97E
:103030000023CDE902012046294613F0A1FB0246F8
:103040000B46DDE9020113F07BFE42464B4613F0CE
:1030500095FB02460B465046594613F08FFB02463D
:103060000B4613F08DFB02460B46DDE9000113F021
:1030700085FB0446B81700F00200C0F101000D46C0
:1030800013F0CAFC02460B462046294613F02EFDDB
:1030900004460D462046294607B0BDE8F08F50464D
:1030A000594614F091FA02460B460020044913F0E9
:1030B00047FE04460D4662E754465D465FE700BFA3
:1030C0000000F03F000000002DE9F04FCC4A21F055
:1030D0000043934285B082468B460C4620D9C94AAC
:1030E000934200F2D780002C80F2A481ACA3D3E9F4
:1030F00000235046594613F043FB0022002313F0EF
:1031000067FF002840F0D180A7A3D3E900235046F1
:10311000594613F0EBFC02460B460020BA4994E1F5
:10312000BA4A934200F2E580B94A934240F22E81B6
:10313000002301930022B74B5046594613F0D6FCAA
:1031400006460F4602460B465046594613F0CEFC43
:1031500097A3D3E9002304460D4613F0C7FC96A3BA
:10316000D3E9002313F00CFB22462B4613F0BEFCE0
:1031700093A3D3E9002313F001FB22462B4613F05F
:10318000B5FC91A3D3E9002313F0FAFA22462B46AB
:1031900013F0ACFC8EA3D3E9002313F0EFFA224620
:1031A0002B4613F0A3FC00229B4B13F0E9FA804658
:1031B000894602460B463046394613F097FC0246D4
:1031C0000B460020954913F0D9FA064602460B46F5
:1031D0000F464046494613F0D1FA324680468946AA
:1031E0003B465046594613F081FC02460B460020F0
:1031F0008B4913F0C3FA02460B464046494613F08A
:103200009FFD22462B4613F071FC019E02460B46A1
:10321000002E4DD0DDE9026732463B4613F0AEFA90
:1032200052465B4613F062FC32463B4613F0A6FA68
:103230002B46224613F0A2FA019B013306460F46A5
:1032400000F02381019B012B7BD0019A531C392B69
:103250004FEA025500F22881019A132A40F3558162
:10326000019BC3F57F7403340022230513F088FA11
:1032700002460B465046594613F080FA0022664B30
:1032800013F07EFA824605EB010B5046594605B015
:10329000BDE8F08F634A93421BD9C1F31303034384
:1032A000024640F012810029EFDA00205E490DE06D
:1032B0005046594613F01AFC22462B4613F05EFA8C
:1032C00002460B465046594613F058FA05B0BDE881
:1032D000F08F41A3D3E9002313F098FE00283FF4B8
:1032E00002AF3FA3D3E900231046194613F0FEFBBB
:1032F000ECE74E4A934200F2EC8000293AA3D3E96E
:10330000002339DA13F03CFA39A7D7E900674FF008
:10331000FF3380468946019332463B464046494644
:1033200013F02CFA02460B4682468B46404649462D
:1033300013F024FA32463B4613F020FACDE902019D
:10334000F8E600223A4B5046594613F041FE002859
:1033500000F0CC805046594600222E4B13F010FA54
:1033600002460B463046394613F008FA00224FF069
:10337000404313F0BBFBA9E713F000FA012380469A
:10338000894601931CA7D7E90067C5E714A3D3E9D1
:10339000002313F0F5F902460B468FE7AFF30080E8
:1033A00059F3F8C21F6EA501FE822B654715F73F42
:1033B0002DC3096EB7FD8ABE3952E686CACFD03E0C
:1033C000B7DBAA9E19CE143F8555FE19A0015A3FBE
:1033D000F41011111111A13FEF39FAFE422E86406F
:1033E0009C7500883CE4377E0000E0FE422EE63FFC
:1033F000763C7935EF39EABD763C7935EF39EA3DEF
:1034000079684340412E86400000E0BF422ED63FFF
:10341000FFFF8F3C0000E03F0000F03F000008404D
:1034200000001840FFFFEF7F0000F0BFB1A2F03FA7
:103430000000D0BF44A3D3E900235046594613F0FF
:1034400055FB02460B460020414913F099F913F051
:10345000FDFD019013F0E0FA37A3D3E900230646FF
:103460000F4613F043FB02460B465046594613F0F5
:1034700085F933A3D3E9002380468946304639468F
:1034800013F034FB06460F4646E702460B4650460D
:10349000594613F073F900222D4B13F027FB00223D
:1034A0002B4B13F06BF911E752465B4613F066F9AC
:1034B00002460B460020274913F060F96B181946A5
:1034C0000022244B13F05AF900E70B4613F058F989
:1034D000FCE61DA3D3E9002313F008FB002C0246F1
:1034E0000B464FF00000AFDA1B49AEE732463B46D1
:1034F0005046594613F042F902460B4613F040F984
:103500000022144B13F03CF9E0E64FF4001343FAA9
:1035100002F452465B4613F031F9C4F17F5700269E
:1035200007F5401702460B463046394613F026F998
:10353000A8E600BFAFF300800000E0FE422EE63FA9
:10354000763C7935EF39EA3DFE822B654715F73F2A
:103550000000E03F0000F03F0000E0BF000000007E
:10356000F8B5C1F30A5304460D460E4617460BBB89
:1035700021F00046034633431BD0354B002213F0A5
:10358000B5FA344B9F4204460D4635DBC1F30A536E
:103590000E46363B3B4440F2FE72934232DC002B37
:1035A00011DD26F0FF4626F4E00646EA03552046E4
:1035B0002946F8BD40F2FF729342EBD102460B461A
:1035C00013F0DEF8F8BD13F1350F28DA4CF2503362
:1035D0009F4222462B460ADD19A1D1E9000115F0D0
:1035E0002DFE17A3D3E9002313F080FAF8BD16A12E
:1035F000D1E9000115F022FE13A3D3E9002313F053
:1036000075FAF8BD22462B460DA1D1E9000115F04F
:1036100015FE0BA3D3E9002313F068FAF8BD26F0DA
:10362000FF4626F4E006363346EA0355204629468F
:103630000022094B13F05AFAF8BD00BFAFF3008027
:103640009C7500883CE4377E59F3F8C21F6EA501D3
:1036500000005043B03CFFFF0000903C10B5054C0B
:10366000237833B9044B13B10448AFF3008001232E
:10367000237010BDA80400200000000090BD0208C7
:1036800008B5034B1BB103490348AFF3008008BDE5
:1036900000000000AC04002090BD0208154B002B78
:1036A00008BF134B9D46A3F5803A00218B460F4679
:1036B0001348144A121A07F0ABF80F4B002B00D036
:1036C00098470E4B002B00D09847002000210400A3
:1036D0000D000D48002802D00C480DF0B1FF15F088
:1036E00019FF200029000DF08BFF0DF0A5FF00BF92
:1036F000000008000080022000000000F115020810
:1037000020040020083300204116020800000000B9
:10371000F0B5214D2C6883B014B1204603B0F0BD44
:103720004FF49C700DF08EFF4FF0FF3104460320E4
:1037300001F010FC00B204F009F84FF0FF3106462A
:10374000022001F007FC00B204F000F83146024606
:1037500020460AF00BFD04F1DC0600231A46304631
:1037600001210AF07BFB4FF0FF31012001F0F2FB59
:1037700000B203F0EBFF98274FF0050C02463346EA
:10378000214604F1E400CDE9007C07F09FFC2046CF
:103790002C6003B0F0BD00BFC40400202DE9F0414F
:1037A00004460F46FFF7B4FF00F1E405064628463D
:1037B00007F0AAFC082C19D0A4F10903012B07D9A2
:1037C0003A46214610230D20BDE8F04103F0AABE81
:1037D000D6F8E43028469B6A98470528F0DCD6F8EE
:1037E000E43028465B6A08219847E9E7D6F8E430D8
:1037F00028469B6A98470228E2DCD6F8E43028463F
:103800005B6A04219847DBE710B52DED028BFFF7CB
:103810007FFF00F1E404204609F0D4F907EE900A96
:103820002046F8EEE78A09F0DBF907EE900A204619
:10383000B8EEE78A09F0E2F968EE087A07EE100AB6
:10384000E8EEA87AB8EEC77AE7EE077AF5EE407AA6
:10385000F1EE10FAB1EEE78A06D4FDEEC87ABDECBF
:10386000028B17EE900A10BD17EE900A14F0E2FBDF
:10387000F3E700BF08B503281CD8DFE800F0140DFB
:103880000602BDE80840FFF7BFBFFFF741FFBDE8F4
:103890000840E43009F0B2B9FFF73AFFBDE808404C
:1038A000E43009F09DB9FFF733FFBDE80840E4308C
:1038B00009F088B9002008BD08B550B1012806D12B
:1038C000FFF726FFBDE80840E430FBF7F9B8002019
:1038D00008BDFFF71DFFBDE80840E430FBF7D0B896
:1038E00010B50446FFF714FF2146E430BDE8104050
:1038F00008F080BF08B501F055FCFBF755FEBDE8A8
:10390000084001F0B5B900BF08B501F04BFCFBF76A
:10391000BBFEBDE8084001F0ABB900BF08B501F03F
:1039200041FC13F0C7FEBDE8084001F0A1B900BF9B
:1039300008B501F037FC14F0B9FABDE8084001F011
:1039400097B900BF08B501F02DFCFBF73DFEBDE8BF
:10395000084001F08DB900BF08B501F023FC14F058
:10396000DBF8BDE8084001F083B900BF08B501F0FD
:1039700019FCFBF7C5F8BDE8084001F079B900BFB4
:1039800008B501F00FFC14F01DF8BDE8084001F087
:103990006FB900BF70B5049E96420C4624DB1546F5
:1039A0006BB9042A19D0022A02D110F0010310D0F9
:1039B00001462A46204605F0A3FD002070BD1044B4
:1039C0000D4410F8013D01F8013B8D42F9D1002072
:1039D00070BD02880A80184670BD10F00303E7D15D
:1039E00002680A60184670BD0846002106F010FF04
:1039F0004FF0FF3070BD00BF0830704740B1002964
:103A000005DB43688B4202DD0844007A70470020E2
:103A1000704700BF30B1002904DB43688B42C4BF4C
:103A200040180272704700BF40B1002905DB4368AF
:103A3000994202DA0844007A70470020704700BFBC
:103A4000830704D1030F0CBF012000207047012021
:103A5000704700BF30B1002904DB43689942BCBF06
:103A600040180272704700BFF8B5002B20DB002918
:103A70001EDB46688E421BDB5468761AE51AB54297
:103A8000A8BF3546002D13DB824202F108070C4621
:103A900000F108062A4605D0F918301905F030FD66
:103AA0000020F8BDF118381915F08EFF0020F8BD80
:103AB0004FF0FF30F8BD00BF4068704710B4141ECF
:103AC00010DB4268A2420DDB33EA230328BF134612
:103AD000121B08309A422044A8BF1A465DF8044BD6
:103AE00006F096BE5DF8044B704700BF10B4436803
:103AF0008B4200F108041846A8BF084632EA2201AA
:103B000028BF19461B1A99422044A8BF19465DF8E0
:103B1000044B00F0A5BE00BF70B5002BBCBF4368CE
:103B20009B1A002A0E4620DB44689918A1421CDC2F
:103B300091421ADBCBB136F0004116D05942B14266
:103B400014DAB34212DD0830002E00EB020515DB5B
:103B50009C1B2246A919284615F036FF3246281923
:103B60000021BDE8704006F053BE70BD0022114632
:103B70004FF0FF33BDE87040FFF7A0BF74429A19C1
:103B80002946281915F020FF224628460021BDE8C5
:103B9000704006F03DBE00BF03460830596800F093
:103BA000DBBD00BF70B5054600206968490000F024
:103BB00059FD6B68002B14DD0A4EEB1D02465C7844
:103BC0002411991F345D94715C7804F00F04491B33
:103BD000345DD4716C688C4202F1020203F101037E
:103BE000EDDC70BDF8A10208002BBCBF43689B1A36
:103BF000002A30DB70B445689C18AC4229DC944242
:103C000027DB33B331F0004423D00029B8BF01EBE8
:103C1000032191FBF3F403FB1411002900F10800C8
:103C2000B8BFC918024411448A42134411D00C464B
:103C300004E08A4204460FD094420AD02046157808
:103C400010F8016B02F8016B83422570F1D10C462C
:103C5000F2E770BC704770470146EDE700B583B0EE
:103C60004FF0FF3300930023FFF7FEFE03B05DF833
:103C700004FB00BF10B50C1E0EDD4168083002F0D9
:103C8000B9F81F2C07DC0123A34020FA04F4013B00
:103C9000444004EA030010BD002010BD014600208E
:103CA00000F0DEBD38B50021054600F083FD014679
:103CB000002000F0D5FD044600F10801284600F080
:103CC00079FD204638BD00BF30B5013A83B00446C7
:103CD0000D460F2A13D8DFE802F014140808611407
:103CE000141B1B734A2554675A38184601F0ECFA26
:103CF000012D04DD80B2E20754BF2080208003B094
:103D000030BD184601F0E0FA002DF8DD2070F6E72E
:103D1000184601F0D9FA012DF1DDC0F307236070D8
:103D20002370ECE7184601F065FA032D0090E6DDFC
:103D30009DF800009DF801109DF802209DF80330C9
:103D40002370E070A1706270D9E7184601F02AFA7A
:103D5000072DCDE90001D2DD0DF1FF3204F108039A
:103D600012F8011F03F8011D9C42F9D1C7E718465C
:103D700001F040FA032DC2DDA3070CBF20602060D4
:103D8000BDE7184601F038FB032DF5DCB7E7184610
:103D900001F032FB032D0090CADCB0E7184601F0B9
:103DA00093FA032DE8DCAAE7184601F0FBF9072D8A
:103DB000CDE90001A3DD6B4603CB206061609EE787
:103DC000184601F081FA032D0090B1DC97E700BF9F
:103DD00030B4141E07DB456808300A462044291B0E
:103DE00030BCFFF771BF30BC704700BF00B5013A6F
:103DF00085B00F2A00F28880DFE802F01623303DFC
:103E00004A56595C5F626571748083080091012392
:103E100008220DEB0201FFF7BDFDDDE9020100F014
:103E200027FF05B05DF804FB00910023012202A9E1
:103E3000FFF7B0FD9DF9080001F024F805B05DF82A
:103E400004FB00910023012202A9FFF7A3FD9DF8C6
:103E5000080001F017F805B05DF804FB009100239D
:103E6000022202A9FFF796FDBDF9080001F00AF849
:103E700005B05DF804FB00910023022202A9FFF7C0
:103E800089FDBDF8080000F0FDFF05B05DF804FBFA
:103E900000910023042202A9FFF77CFD029800F0A4
:103EA000F1FF05B05DF804FB01230091BEE701239B
:103EB0000091C8E700910123D2E700910123DCE7DC
:103EC00000910123E6E700910023042202A9FFF7F5
:103ED00061FD029800F0E0FF05B05DF804FB009181
:103EE0000123F2E700910023042202A9FFF752FD0B
:103EF000029800F0BFFF05B05DF804FB00910023BD
:103F000086E700910123EFE700208AE7131E09DB13
:103F100010B4446808300A461844E11A5DF8044BAE
:103F2000FFF764BF002000F0ADBF00BF03F004BA8C
:103F300008B503F005FA20F0404008BD03F0F2BADE
:103F400007F08EB9C11703F063B900BF03F06EB973
:103F500003F07EB900B583B003F0EAF902AB63E980
:103F600002010821184601F045FF20F0404003B04F
:103F70005DF804FB00B583B003F0DAF902AB63E946
:103F800002010821184600F06BFC03B05DF804FB49
:103F900081B138B50B680C4608461B6A9847236800
:103FA00005465B6A2046984701462846BDE83840EA
:103FB00003F058BD704700BF01F03CBE012002F085
:103FC00029B900BF08B5022002F024F940F293306D
:103FD000BDE8084007F056B9014B1860704700BFB4
:103FE000C8040020704700BF00207047002A2DE958
:103FF000F04340F3B38000252E464FF0ED0CDFF880
:10400000BCE11CE003F0E004C02C2AD003F0F00473
:10401000E02C3FD003F0F804F02C5AD001350236E2
:1040200058B19F09044667F03F0704F8027B03F08C
:104030003F0363F07F034370204695420EDA4B5DE9
:104040001C06DFD47F2B05F10105E8D801360028D6
:10405000F3D09542037000F10100F0DB3046BDE87B
:10406000F0836C1C9442D1DA4F197F7807F0C008B6
:10407000B8F1800FCAD14FEA831807F03F0708F460
:10408000F86848EA07077F2F6CDC023625460028CF
:10409000C7D1D4E7AC1C9442BCDA4C19677807F05E
:1040A000C008B8F1800FB5D194F8028008F0C004C0
:1040B000802CAFD11C0308F03F08BF01A4B207F465
:1040C0007C6744EA08043C43B4F5006FA6DB033583
:1040D0002DE0EC1C9442A1DA4C19677807F0C00877
:1040E000B8F1800F9AD194F8028008F0C009B9F1B4
:1040F000800F93D194F8039009F0C004802C8DD1E7
:104100009C0409F03F093F0304F4E01407F47C37F2
:104110004FEA881844EA09043C4308F47C6844EAFE
:104120000804A4F5803777453FF678AF0435B4F539
:10413000803F1AD2033600283FF47FAF270BC4F329
:10414000851304F03F0467F01F0763F07F0364F0FA
:104150007F0407704370847003306EE7002630469A
:10416000BDE8F0833B46023559E7063600283FF4A8
:1041700064AFA4F58034A70AC4F3090407F55847CF
:1041800004F55C43C7F38518C3F3851407F03F07B4
:1041900003F03F0368F07F0867F07F0764F07F0457
:1041A00063F07F0380F800C080F803C080F80180CE
:1041B00087700471437106303FE700BFFFFF0F00B7
:1041C00003781A0601D41846704703F0E002C02AAB
:1041D00010D003F0F002E02AF5D14278817818037C
:1041E000930103F47C6380B2184301F03F0303435F
:1041F0001846704740789B0100F03F0003F4F863D5
:1042000003431846704700BFC3888B423AD370B44B
:104210001B095B000C0986884ABB8568EA184CB10B
:1042200004F10040013835F81030F61AB6B21A44DD
:1042300001F00F010024234602E001339E4213DB0C
:104240000134A14202EB0300D55C0EDB2806F4D555
:1042500005F0E000C02805F0F00511D0E02D08BF02
:10426000023301339E42EBDA002070BC704700F14C
:1042700008021A44002CDDD000EB4400C388D4E7C8
:104280000133DAE70020704780880A3080087047E1
:10429000063070478088704783888B4226BF06307F
:1042A00040180020704700BF80880A30800870479F
:1042B00006307047808870478188E1B130B4841D32
:1042C0000020034602E00133994210DDE25C15064E
:1042D00000F10100F7D502F0E005C02D02F0F00278
:1042E00007D0E02A08BF023301339942EEDC30BC2C
:1042F00070470133E7E70846704700BF70B40022FB
:104300008688851D134602E001339E4213DB01328D
:10431000914205EB0300EC5C0EDB2006F4D504F0C3
:10432000E000C02804F0F00408D0E02C08BF0233FD
:1043300001339E42EBDA002070BC70470133E3E7A3
:1043400003207047C38880681B0900EB4300704757
:1043500080887047C08870470022FFF755BF00BFB4
:10436000C38880881B0900EB43000C30800870472D
:10437000C38800F108021B0902EB4300704700BF2D
:104380000122FFF741BF00BF40680B308008704733
:104390002DE9F041C4888588240907460B4664004E
:1043A000002A44D000F10808444421B12A4620469E
:1043B00005F0A6F800236355FE88360986B3A8F1F8
:1043C000020808EB460625442746281B1DD4227800
:1043D0001021002307E00133984204EB030C14DBA7
:1043E0000139E25C20D012F0800FF4D002F0E00C32
:1043F000BCF1C00F02F0F00214D0E02A08BF023373
:104400000133984204EB030CEADA4FF45C7006F0D7
:1044100039FF00231C46DB1B28F8023F4645D4D158
:10442000BDE8F0810133D6E764466346F3E71646FC
:104430008268144429B96155C6883609D7F80880BE
:10444000BCE72A46204605F05BF86655FE8836092B
:10445000F4E700BF806808B101F0C2BD704700BF3B
:1044600010B50446406801F0E7FDA068BDE81040C3
:1044700001F0E2BD2DE9F04F404DA98883B082469E
:10448000002957D13D48DFF8F890524600270646EC
:10449000B84602F0A3FA0DE002F0B8FA03684B4503
:1044A00004465FD09B6A9847236880445B6A204635
:1044B00098470744AB883046002BEDD14FEA1814DB
:1044C0006400781C204402F0AFF8A98801900444ED
:1044D000002935D129485246814602F07FFA14E07E
:1044E00002F094FA264B02689A4283462ED0526A12
:1044F0009047DBF800200646136A58469847324634
:104500000146204604F0FCFF3444AA884846002AAD
:10451000E6D101991B4BCAF8081050461146AAF87B
:104520000470AAF80680CAF8003003B0BDE8F04F66
:10453000FFF72EBF40F2713006F0A4FEA988A1E774
:1045400040F2713006F09EFEA988C3E78268A98810
:10455000484602F043FADBF80420A988484602F0F6
:104560003DFAD2E78268A988304602F037FA6268DD
:10457000A988304602F032FA9CE700BFD004002040
:1045800068A20208B0A2020810B50446FFF772FF45
:10459000E08810BD10B50446FFF76CFFA08810BD81
:1045A00010B50446FFF766FFE388A0681B0900EB1F
:1045B000430010BD38B50D460446FFF75BFF2946A2
:1045C00020460022BDE83840FFF71EBE704700BFFE
:1045D0000320704703207047C0887047704700BFB2
:1045E00080887047704700BF80887047704700BF61
:1045F000084B1B685BB15A68904201D0002AF8D181
:104600004A1C04D09A68914201D0002AF1D1184680
:10461000704700BFCC0400202DE9F041104F3B68EB
:1046200013B90AE01B6843B15C688442FAD19C6804
:104630008C42F7D1DA60BDE8F08104461020904644
:104640000D4602F003F83B6844600646856003604F
:10465000012140F80C8F02F051F83E60BDE8F08176
:10466000CC0400202DE9F0410C1E07461FDB1CB3D3
:10467000A6B22FB37B1E191913F9012F002A27DBCD
:104680009942F9D1DFF8C880E01D01F021FF05460D
:1046900008B1C0F80080AE8039462246A81D04F05B
:1046A0002FFF2C440023A3712846BDE8F08115F0AC
:1046B00011FA0446002CDBD1234D2846BDE8F081D9
:1046C000E01D01F005FF0546002839D1BE80E8E76E
:1046D000132C02DCDFF87C80D6E70020034602E0E2
:1046E00001339C4210DDFA5C110600F10100F7D5A0
:1046F00002F0E001C02902F0F0021FD0E02A08BF5A
:10470000023301339C42EEDC1FFA80F80028B8BF68
:104710000F300011093404EB400001F0D9FE0546CA
:1047200008B10A4B03602846AE80A5F806803946DA
:104730000122FFF72DFE2846BDE8F0810133CFE7C7
:10474000034B86800360ACE738A4020840A302084C
:1047500010A30208E0A20208F8B50C1E054603DB10
:104760003CB9134C2046F8BD15F0B4F90446002CB2
:10477000F7D0224629460020FFF738FC844206463F
:1047800010D001F063FF224607462946FFF72EFCB2
:1047900031463846FFF766FF0446384601F084FE8E
:1047A0002046F8BD21462846BDE8F840FFF75ABF2D
:1047B00038A402082DE9F047036804461B6A8846BE
:1047C0009847236806465B6A20469847074680B1AB
:1047D00000242546335DED2B06EB04000BD0B8F129
:1047E000000F01D008F8053001350134BC42F1D387
:1047F0002846BDE8F08704F10509B945EFD2FFF777
:10480000DFFC8246E01C3044FFF7DAFCAAF558438F
:10481000B3F5806FE9D2A0F55C42B2F5806FE4D2C7
:10482000B8F1000F19D000F5105000EB8323991454
:1048300061F00F0108F8051008EB0502C3F305301D
:10484000C3F3851103F03F0360F07F0061F07F0147
:1048500063F07F0350709170D37004354C46C4E709
:1048600070B50D1E12DD064605F1080001F030FEA0
:10487000044608B1094B0360656004F108002A464C
:10488000314636B104F03CFE204670BD044C204653
:1048900070BD05F0BDFF204670BD00BFACA302088F
:1048A0002CA40208014B1860704700BF04020020CE
:1048B000034A044B116803FB00F048401060704746
:1048C00004020020CB5725CA30B40E4D2A68044696
:1048D00021460020930983EAD273534083EA1213DE
:1048E00083EA92035208534042EAC37202F0010382
:1048F000490843EA4000EDD18442E9D32A6030BC44
:10490000704700BF040200200048704738A4020826
:1049100000B583B27F2B83B029DD00F03F00B3F5F3
:10492000006F40F0800043F3871213DB1B1302F08B
:104930003F0263F01F0362F07F028DF8060003213F
:1049400001A88DF804308DF80520FFF78BFE03B029
:104950005DF804FB62F03F028DF80500022101A81A
:104960008DF80420FFF77EFE03B05DF804FB012103
:1049700001A88DF80430FFF775FE03B05DF804FB65
:104980002DE9F0470E4600286FD004464A4B002917
:1049900042D0984279D09E426CD02368474DAB42BA
:1049A00077D05B6A20469847336880465B6A30461A
:1049B000984700EB0805322D81466DD823682046C4
:1049C0001B6A9847336882461B6A304698472946D7
:1049D00006460020FFF746FE03681B6A0746984715
:1049E00042460446514604F08BFD4A46314604EBEC
:1049F000080004F085FD65B194F90030002B3DDB23
:104A00002919601C03E010F9013B002B36DB8842BA
:104A1000F9D13846BDE8F087984234D00368274D75
:104A2000274EAB42BDD1A0680368AB4234D05B6A6D
:104A30009847336807465B6A3046984738443228BF
:104A40002AD80C2001F044FD074600B10560384625
:104A500001F06EFE63687B603146A068FFF790FF4F
:104A6000B860384601F072FED3E7154C01B3124B23
:104A70009E4292D127463846BDE8F087114B3B60F5
:104A80003846BDE8F0870E4FC3E70F463846BDE80D
:104A9000F0873368AB42C6D10C2001F019FD074600
:104AA00008B1064B0360C7E901463846BDE8F08708
:104AB000054B264675E700BF38A4020868A2020825
:104AC0008CA40208E0A2020810A30208884228D0A1
:104AD000F8B503680C465B6A0546984723680746A5
:104AE0005B6A204698472B6806461B6A284698470B
:104AF000236805461B6A20469847BE4228BF3E46AB
:104B0000401B2B461978C25C914204D02CBF012077
:104B10004FF0FF30F8BD01335A1BB242F2D90020EA
:104B2000F8BD0020704700BF03689B6A184700BFAC
:104B3000F8B5161E2DDD03689B6A0C46054698479E
:104B4000002CBCBF241824EAE474001BB04212DD20
:104B50002B682146DB6A284698472B68A11907462F
:104B6000DB6A28469847044648B1E11B3846BDE851
:104B7000F840FFF777BD00280BDD0646E8E740F276
:104B8000723006F07FFBE11B3846BDE8F840FFF7C6
:104B900069BD0148F8BD00BF38A40208002858D0FC
:104BA000002956D02DE9F047036805461B6A1446D4
:104BB0000E4698472B6824EAE4718046DB6A284653
:104BC00098472B6804465B6A284698473368A4EBED
:104BD0000805451B5B6A3046984707469CB38542EB
:104BE00031D3336830461B6A9847814690F800A05D
:104BF00002E0BD42344626D32378534505F1FF3504
:104C000004F10106F5D13A464946204614F0CDFE9E
:104C10000028EED1A4EB0804002C16DD034602E0C8
:104C200001339C4211DD18F80320110600F1010048
:104C3000F6D502F0E001C02902F0F00207D0E02A28
:104C400008BF0233ECE74FF0FF30BDE8F0870133D7
:104C5000E6E74FF0FF30704708B5FFF79FFF0130E0
:104C600018BF012008BD00BF80F00100704700BFE1
:104C70000A1E38B511D138B302460B4604460D461C
:104C800012F0CEF9002841D10C2001F021FC08B12E
:104C90001F4B0360C0E9014538BDC2F30A54A4F2BA
:104CA000FF331D2B12D8142B054618DC0028E3D146
:104CB000A4F2F33412FA04F4DED1D002C3F11F03DC
:104CC00040F00040D8401AE0012038BD1E2BD3D15F
:104CD0000028D1D10F4B9A42CED10F4838BDA4F253
:104CE000134410FA04F4C7D1D002C3F11F0140F0FD
:104CF0000040C3F13403C84025FA03F31843002AE7
:104D0000B8BF4042400040F0010038BD0E2038BD21
:104D1000DCA302080000D0C1010000802DE9F041B1
:104D2000036882B01B6A984701A9F9F735FA002297
:104D3000002306460F4612F041F960BB27F00045FC
:104D4000304629464FF0FF321F4B34464FF00108E2
:104D500012F066F938B94FF0FF321B4B3046294646
:104D600012F054F9F0B118F0FF0F1FD100224FF4E8
:104D70008013204629464FF0010812F051F938B946
:104D80002046294600224FF4801312F021F9B0B1D9
:104D900018F0FF0F0AD130463946FFF769FF02B01D
:104DA000BDE8F081804618F0FF0FDFD0074F0026E6
:104DB00030463946FFF75CFF02B0BDE8F08180461F
:104DC00018F0FF0FE7D0F1E7FFFFEF7F0000F87F5B
:104DD00008B511F021FEBDE80840FFF749BF00BF4C
:104DE000F8B50368DB6A04469847A0B10646FFF7AA
:104DF000E7F9074688B9236820461B6A9847236865
:104E000005465B6A204698472844864203D03B46C5
:104E100043F00100F8BD0E20F8BD4300B0EB630F76
:104E2000F6D0BDE8F840FFF7D3BF00BF08B1FFF7E9
:104E3000D7BF0E20704700BF70B110B5FFF7D0FF8D
:104E40000E28044606D0C30708D56010BDE8104000
:104E5000FFF75EBD064810BD0548704740F271304F
:104E600006F010FA6010BDE81040FFF751BD00BF1A
:104E700038A4020808B511F0E1FDBDE80840FFF7CD
:104E8000F7BE00BF4300B0EB630F01D0FFF7A0BF38
:104E900043F00100704700BFB0F1804F08B503D266
:104EA000400040F0010008BD11F0A6FDBDE808403B
:104EB000FFF7DEBE002814BF42200A20704700BF63
:104EC00008B5F9F725FBBDE80840FFF7D1BE00BFE4
:104ED00001FB00F0704700BF90FBF1F0704700BF8E
:104EE00010B50C2001F0F4FA044608B101F092FE6E
:104EF000204610BD00897047043001F0FDBD00BFA1
:104F000003460A460430198901F0D6BD043001F089
:104F100003BE00BF03894268994234BF52F82100A2
:104F200000207047043001F0C7BD00BF043001F01D
:104F300001BE00BF043001F021BE00BF024B1B6860
:104F4000588CC000704700BF10050020704700BF9C
:104F50000020704738B5184B1B688BB15C6A7CB178
:104F60002368984225D05BB1002300E042B10233B0
:104F700054F823208242F9D101339B00E05838BD18
:104F80000D460446FFF7E4FF78B103689C420ED05B
:104F90005BB1002300E042B1023350F82320A2426B
:104FA000F9D101339B00C05838BD284638BD0423D1
:104FB000F9E70423E2E700BF1005002040687047CE
:104FC0004160704710B5082001F082FA044608B12C
:104FD00001F028FE204610BD70B50C1E0546164691
:104FE0000EDB83889C420BDA05EB8404E36823B173
:104FF0000B2140F2863001F071FEE660284670BD5C
:105000000A2140F2863001F069FEEDE706F03AB978
:1050100018B1024B984208BF0020704738A402081C
:10502000003018BF0120704710B5142001F050FA6D
:10503000044608B101F0FEFD204610BD10B504463F
:1050400001F002FE002806DB238AE268984202D2C1
:1050500052F8200010BD002010BD00BF224B1B687D
:105060002DE9F041DE6AB3683468834204F1FF350C
:1050700006F104061ED856F8253083421AD3002DB7
:1050800014DD641056F82430984210D0012203E059
:1050900056F8243083420AD098428CBF621C04F137
:1050A000FF355419AA424FEA6404F1DD002420467A
:1050B000BDE8F081002DF9DD07464FF0010806E05C
:1050C000B4BF04F1010804F1FF354545EEDB08EB00
:1050D00005046410394656F82400FFF7F7FC002851
:1050E000EED12046BDE8F08110050020034B1B687F
:1050F0000131DB6A53F82110FFF7A0BF1005002033
:10510000F8B504460F46164601F09EFD011E04F157
:105110000C0505DB32462846BDE8F84001F0CCBC62
:105120003A462189201D01F0C7FC3246218A2846D3
:10513000BDE8F84001F0C0BC034B1B680131DB6ADD
:1051400053F82110FFF7DCBF10050020014B186851
:10515000704700BF0C050020704700BF820708B5EC
:1051600008D130B1036823F00103DA78F92A13D1AA
:10517000987808BD0028FCD0C3070FD40E280DD0A6
:1051800042280DD00A280BD0062805D040F2213045
:1051900006F078F8042008BD042008BD022008BDF0
:1051A000012008BD0E281FD010B5044670B915E0C7
:1051B000FFF7D4FF0346022B204612D0032B0DD15C
:1051C000FFF7ACFD0E28044608D03CB1A3072046EB
:1051D000EED000F00FF811F01FFC10BD00200449C4
:1051E00010BDD4E9010110BD00200149704700BF86
:1051F0000000F87FC107034651D4820704D59B09FC
:1052000014BF01200020704700284AD02DE9F0414A
:10521000FFF7C8FF21F000450F464FF0FF32294647
:10522000274B064604464FF0010811F0F9FE40B93D
:105230004FF0FF32224B3046294611F0E7FE00B90D
:10524000804618F0FF0F2ED100224FF48013204625
:1052500029464FF0010811F0E3FE40B920462946E7
:1052600000224FF4801311F0B3FE00B9804618F00D
:10527000FF0F18D13046394612F08CFA0022114B3C
:1052800012F0B6FC0022002304460D4611F0A0FEE9
:1052900060B92046294611F001FFBDE8F0814010B9
:1052A0007047002070470020BDE8F0812046294665
:1052B0000022044B11F064FA04460D46E9E700BFF2
:1052C000FFFFEF7F0000F041FFF794BF38B50D46B8
:1052D000FFF790FF04462846FFF78CFF00F01F0001
:1052E00004FA00F04300B0EB630F03D0BDE8384090
:1052F000FFF76EBD43F0010038BD00BF38B50D4665
:10530000FFF778FF04462846FFF774FF00F01F0000
:1053100044FA00F04300B0EB630F03D0BDE838401F
:10532000FFF756BD43F0010038BD00BF38B50D464C
:10533000FFF760FF04462846FFF75CFF604043002C
:10534000B0EB630F03D0BDE83840FFF741BD43F039
:10535000010038BD38B50D46FFF74CFF044628461E
:10536000FFF748FF20434300B0EB630F03D0BDE8D5
:105370003840FFF72DBD43F0010038BD08B5FFF7F9
:1053800039FFC0434300B0EB630F03D0BDE80840D2
:10539000FFF71EBD43F0010008BD00BF38B50D4644
:1053A000FFF728FF04462846FFF724FF204043006C
:1053B000B0EB630F03D0BDE83840FFF709BD43F001
:1053C000010038BD38B50D46FFF714FF04462846E6
:1053D000FFF710FF00F01F0024FA00F0B0F1804F3B
:1053E00003D2400040F0010038BD11F005FBBDE8DC
:1053F0003840FFF73DBC00BF0E2816D008B5034665
:10540000C0B19B0708D0FFF7F5FE07EE900AF8EE53
:10541000E77A17EE900A08BDFFF7C4FE11F05EFEB2
:1054200007EE900A17EE900A08BDDFED057A17EE39
:10543000900A7047DFED027A17EE900A08BD00BFB0
:105440000000C07F70B50E46FFF7ACFE0446304644
:105450000D46FFF7A7FE02460B462046294611F0EF
:105460008FF9BDE87040FFF703BC00BF70B50E4672
:10547000FFF798FE044630460D46FFF793FE0246BE
:105480000B462046294611F079F9BDE87040FFF738
:10549000EFBB00BF01F00103184203D0C313013377
:1054A000012B12D9D0B50C46FFF77CFE06462046EC
:1054B0000F46FFF777FE02460B463046394611F09D
:1054C00015FBBDE8D040FFF7D3BBCB130133012B55
:1054D000E8D84310481000FB03F04300B0EB630F23
:1054E00002D143F001007047FFF772BC032912D0CC
:1054F000D0B50C46FFF756FE064620460F46FFF78E
:1055000051FE02460B463046394611F019FCBDE803
:10551000D040FFF7ADBB7047F8B50C46C107034656
:1055200003D5E20701D5620811D11846FFF73AFE0C
:10553000064620460F46FFF735FE0B460246394623
:10554000304612F055FBBDE8F840FFF791BBFFF77E
:1055500051FE05462046FFF74DFE95FBF0F303FB99
:1055600010504300B0EB630F03D0BDE8F840FFF7E5
:105570002FBC43F00100F8BD70B50E46FFF712FED8
:10558000044630460D46FFF70DFE02460B46204608
:105590002946FAF7F1F8BDE87040FFF769BB00BF94
:1055A000C2072DE9F8430C460BD5CB0709D54010AF
:1055B0004C10844241DB3DD1640044F00100BDE861
:1055C000F883FFF7EFFD064620460F46FFF7EAFD9A
:1055D00004460D4602460B463046394611F016FD8C
:1055E00090B922462B463046394611F0E7FC28B1E7
:1055F00030463946BDE8F843FFF73ABB22462B4612
:1056000034463D4616461F46F8F782FF224680463E
:1056100089462B463046394611F0B0F842464B4693
:1056200011F064FA22462B4611F0AAF8BDE8F843BF
:10563000FFF71EBB234604461846001BFFF744F93C
:1056400020444400B0EB640F02D144F00100B6E7FF
:10565000BDE8F843FFF7BCBB08B5FFF7A3FD12F0A8
:1056600027FBBDE80840FFF703BB00BF08B5FFF705
:1056700099FD12F09BFBBDE80840FFF7F9BA00BFA7
:1056800008B5FFF78FFDF9F7EBFCBDE80840FFF721
:10569000EFBA00BF08B5FFF785FDF9F761FCBDE87B
:1056A0000840FFF7E5BA00BF08B5FFF77BFD12F031
:1056B00071F8BDE80840FFF7DBBA00BF08B5FFF797
:1056C00071FD054B002211F05BF8F9F7C9FCBDE84C
:1056D0000840FFF7CDBA00BF0000E03F0E280BD016
:1056E0000E2909D08842F8B5044607D001F001021E
:1056F000104205D00020F8BD002070470120F8BD01
:105700000D46FFF72BFD06462846FFF727FD86428C
:10571000F0D144EA05039B07ECD1032E15D0022EED
:10572000E8D12046FFF73EFD064628460F46FFF724
:1057300039FD0B4602463946304611F03FFC4FF02A
:10574000010300B90346D8B2F8BD29462046FFF749
:10575000BDF9B0FA80F04009F8BD00BF08B5FFF709
:10576000BDFF002814BF42200A2008BD08B5FFF77E
:10577000B5FF00280CBF42200A2008BD0E281AD011
:105780000E29F8B50C4614D00628054615D0422837
:105790003FD00A281CD00629034600F08380422C03
:1057A00011D00A2C37D09C4210D004F001031D42C6
:1057B00011D00020F8BD00207047062906D0422CE9
:1057C0004FF00003EDD10322934204D10120F8BD34
:1057D0000123062CE3D12846FFF7C0FC06462046ED
:1057E000FFF7BCFC032E22D003282FD0012E14D0AB
:1057F000012821D08642DCD145EA04039B07D8D199
:10580000032847D0022828D0601BB0FA80F0400956
:10581000F8BD0323DDE70122D6E7062D33D0422D64
:105820004FF0020634D00A2DE2D10125E0E702282C
:1058300013D00328DCD1DFE7062C4FF0020020D084
:10584000422C23D00A2CD5D10124D3E7022E04D038
:10585000012EAED1062DE2D1ABE72846FFF7A2FC20
:10586000064620460F46FFF79DFC02460B46304693
:10587000394611F0A3FB4FF0010400B90446E0B231
:10588000F8BD0024B6E702260025B1E70324B1E7FE
:105890000325ADE721462846FFF718F9B0FA80F056
:1058A0004009F8BD00228FE7FFF768BF08B5FFF792
:1058B00065FF002814BF42200A2008BD08B5FFF785
:1058C0005DFF00280CBF42200A2008BDF8B50789FB
:1058D00045687FB10E46043D002402E00134A74232
:1058E00008D0314655F8040FFFF748FF0028F5D0DF
:1058F0002046F8BD4FF0FF30F8BD00BF10B50022C4
:105900000446FFF7E3FF011E04DB201D01F012F93E
:10591000012010BD002010BD38B58307044608D112
:1059200048B1FFF71BFC032812D0022815D0012034
:1059300038BD0A2801D1002038BD0028FBD00E2830
:10594000F9D00628F7D010F1FF3018BF012038BD7C
:105950000C48201A18BF012038BD2046FFF722FC52
:1059600002460B4604460D4611F05AFB0028E2D1D0
:10597000204629460022002311F020FBB0FA80F0D7
:10598000400938BD38A40208422805D00A2801D0B1
:10599000FFF7C2BF00207047012070470E2847D094
:1059A0000E2945D0F8B50C460546FFF7D7FB06464D
:1059B0002046FFF7D3FB032E2CD0A54228D0284643
:1059C000FFF7F0FB064620460F46FFF7EBFB32469B
:1059D00004460D463B463046394611F021FB08BBD4
:1059E00022462B462046294611F01AFBD0B9224602
:1059F0002B463046394611F0EBFAB0B922462B4619
:105A00003046394611F002FB003018BF0120F8BDC6
:105A10000020F8BD0328D0D121462846BDE8F84033
:105A2000FFF754B86FF00100F8BD4FF0FF30F8BD3C
:105A30006FF00100704700BF38B501F0010313EAB1
:105A4000000404D08842ACBF0020012038BDFFF71D
:105A5000A5FF831C14BFC00F204638BD10B501F050
:105A60000104204203D0884207DC422010BDFFF72A
:105A700095FF831C01D00028F7DD0A2010BD00BF70
:105A800010B501F00104204203D0884207DA422019
:105A900010BDFFF783FF831C01D00028F7DB0A202D
:105AA00010BD00BF10B501F00104204203D08842B0
:105AB00005DB422010BDFFF771FF0028F9DA0A204C
:105AC00010BD00BF10B501F00104204203D0884290
:105AD00005DD422010BDFFF761FF0028F9DC0A2038
:105AE00010BD00BFF0B591B00446FFF737FB0328A7
:105AF0003DD002280FD0052848D0002C4CD00A2CCD
:105B000042D00E2C45D0422C55D02C4B2C48062C84
:105B100008BF18462CE0E3072CD40E2C39D02046C1
:105B2000FFF740FB21F000450F464FF0FF322946BA
:105B3000244B064611F074FA38B9304629464FF026
:105B4000FF32204B11F04EFA40B332463B4630460E
:105B5000394611F065FAE0B9304639466A46F8F739
:105B6000C3FB68464FF0FF31FEF77CFD00E02046A6
:105B700011B0F0BD6946601005F070FD68464FF049
:105B8000FF31FEF76FFDF3E70F48F1E70F4811B063
:105B9000F0BD0F4811B0F0BD0E48E9E700233046D4
:105BA0003946002211F014FA0B4C0C4B002814BF9C
:105BB00020461846DCE70A48DAE700BF8CA4020852
:105BC000B0A40208FFFFEF7FA4A40208C0A402084B
:105BD00070A402081CA402087CA4020860A40208A5
:105BE00098A4020808B5FFF7B9FA052810D8DFE82D
:105BF00000F0030507090B0D084808BD084808BD5B
:105C0000084808BD084808BD084808BD084808BD40
:105C100040F2223005F036FB002008BD50A40208F7
:105C20000CA40208D4A40208F4A40208E4A4020804
:105C300040A4020870B50446FFF790FA042813D177
:105C400064B1A3070AD12168164821F00102536903
:105C5000834220D02046BDE87040184721461248B4
:105C6000BDE8704005F050BF2046FFF73BFF0546FA
:105C70002046FFF7B7FF03681B6A98472B68064664
:105C80001B6A284698472246034631460748BDE826
:105C9000704005F039BF138805481289BDE870408F
:105CA00005F032BF355C010870A302089CA302080E
:105CB0007CA3020810B504460A461248214605F0A6
:105CC00023FF7CB1A30705D1216821F00101CB7826
:105CD000F92B10D0062C05D140F2DD30BDE8104084
:105CE00005F0D0BA2046FFF739FABDE8104000F5BC
:105CF000757005F0C7BA0B898A78034805F004FF70
:105D0000E8E700BF0CA202082CA2020808B5014671
:105D1000044805F0F9FE4FF46470BDE8084005F052
:105D2000B1BA00BF98A2020810B501F00BFB0446FF
:105D3000102000F08BFC22690260206110BD00BFC2
:105D400038B501F0FFFA0469054634B123682B61C8
:105D50002046BDE8384000F0A7BB40F2533005F0C4
:105D600091FAF3E7F0B585B0074601F0EBFA046964
:105D700006468CB194E80F006D46306185E80F004F
:105D8000204600F091FB0A4B77611B68284631469C
:105D90009B6B984705B0F0BD064805F0B5FE384648
:105DA000FFF748FF40F2E73005F06CFAE2E700BF8A
:105DB000100500204CA2020810B501F0C3FA446996
:105DC00012239C42436101D0204610BD40F2533063
:105DD00005F058FA204610BD08B501F0B3FA436942
:105DE000122B05D0FFF7E8FFBDE80840FFF7BABF68
:105DF00008BD00BF79B110B4084B094C014410F83C
:105E0000012B04FB03F3884283EA0203F7D118460F
:105E10005DF8044B7047014B18467047C59D1C81C7
:105E20009301000138B5046834F00304054611D02D
:105E3000A30F14D12846E3699847054625B1B5F567
:105E4000004F05D9002C03DB40F2493005F01AFA67
:105E5000284638BD40F2513005F014FAEAE7C4F3A1
:105E60009905EBE738B5144B9A881B6892B1551E1B
:105E700053F8251088421AD0023A03EB82032A46CF
:105E800002E0216881420BD0013A511C1C46A3F16B
:105E90000403F6D14FF45270BDE8384005F0F2B972
:105EA000954204D0044800F0B1FD206038BD02489E
:105EB000BDE8384000F0AABDE4040020F8B54FF476
:105EC000804006F04BFB43F6F87304460246194641
:105ED000002520486360A56105F016FE62689307FF
:105EE0002ED11D491D4F4D6888681D4ED31C23F0CF
:105EF0000043104423F00303013543F00043C1E99C
:105F000001503968A360E16004F108031548316865
:105F10003B6003EB9203036079B18C420DD30A68B6
:105F2000A2B1944203D211E09C4203D31A461368F3
:105F3000002BF9D123601460F8BD21603460F8BDF6
:105F40004FF4527005F09EF96268CAE713460A469C
:105F5000F0E700BF74A50208EC040020080500204B
:105F6000D8040020E004002018210148FEF778BC86
:105F7000EC040020036823F00103188880087047B0
:105F800030B338B5C5680446A5B155E90132686833
:105F9000A96862605A0F032AC4E9020105D040F2E1
:105FA000493005F06FF955F8043C43F0004345F8DB
:105FB000043C38BD50F8043C5A0F032A09D143F081
:105FC000004344F8043C0020BDE8384001F0C2B969
:105FD000704740F2493005F055F954F8043CEEE7BB
:105FE00038B550F8043CDB070546A0F104041CD486
:105FF000104B1B6873B103F108029442F9D359683E
:106000000A449442F5D255F8043C43F0010345F8A4
:10601000043C38BD40F24A3005F034F955F8043CF0
:1060200043F0010345F8043C38BD40F24F3005F021
:1060300029F9DDE7D8040020830709D140B1030F17
:1060400006D00168114B194202D1CB78F92B00D050
:1060500070470F4B10B504461B688BB103F1080263
:106060009442F9D3586802449442F5D2094841F069
:106070000101216022468188BDE8104000F0AEBCDD
:1060800040F24A3005F0FEF82168EFE703000040D7
:10609000D8040020D004002000294DD02DE9F84F6D
:1060A0000F468046DFF89CB0DFF89CA0DFF88C90AC
:1060B000061F002502E00135AF423BD056F8044FE1
:1060C000A307F8D1002CF6D0230FF4D0206810EAF3
:1060D0000B0FF0D1C378F92BEDD1DAF8003053B1C2
:1060E00003F108018C4203D35A680A44944207D34F
:1060F0001B68002BF4D140F24A3005F0C3F8206849
:10610000B9F8041040F00100206022460B4800F06E
:1061100065FCB9F80430642BCDD90C2006F01EFACA
:106120000135074A08EB85037D1BC0E9013511687D
:1061300001601060BDE8F88F704700BFD0040020F8
:10614000DC04002003000040D804002038B50568B6
:106150004DB104462846FFF743FFA1882846BDE815
:106160003840FFF799BF38BD830709D140B1030F0D
:1061700006D00168234B194202D1CB78F92B00D00D
:106180007047214B2DE9F04104461B68002B33D0AA
:1061900003F108029442F8D3586802449442F4D2BE
:1061A00021F0030341F001019B6921600BB12046FE
:1061B0009847164D164C2F46AB8883B9236818466E
:1061C000C3B1D3E90026D3F80880226006F0ECF9C9
:1061D00041463046FFF760FFAB88002BEED03846D3
:1061E00000F014FC036823F003039B69002BE3D049
:1061F0009847E1E7BDE8F08140F24A3005F042F807
:106200002168CDE703000040D8040020D00400201E
:10621000DC0400202DE9F04F954B1B7885B09C07DE
:10622000039005D54FF4527005F02CF8904B1B7875
:106230008F49904A43F002030B70039B14689588C2
:1062400013F0020640F0F7806DB104EB850554F8B9
:10625000040B20F0010310F0010F18BF1868FFF7BE
:1062600083FFA542F3D1844C039801F079F82368A9
:10627000B3B1824B1B68B3F82A8000F049FD256852
:10628000A0EB080705EB8805002E40F0E4803FB145
:106290000024013455F8040BFFF766FFA742F8D13C
:1062A000774A784B16781D683EB10024013455F8C2
:1062B000040BFFF759FFA642F8D17349734A0B68E4
:1062C000176801330B60724B00221A60002F00F038
:1062D000CB80CDE90122904691467B68029A07F176
:1062E00008059B0805EB83061A44B54202924AD280
:1062F0002B6813F0010140F086801A0F062A00F087
:106300008280AE4240F28F80AA4601E0DAF8003087
:10631000002B4FEA13720FDBD80714D4062A12D0D1
:10632000590009D4DB78F92B40F2493001D004F050
:10633000A9FF504600F03CFB5046FFF773FD0AEB07
:10634000800A5645E2D8AAEB05044FEAA40CE045C2
:106350004FEA8C024FF0FF01284642F0004BB8BFD5
:10636000E046E14404F054FA042CC5F800B053DDD3
:1063700000236B60019B002B50D0019B01955D6059
:106380005546AE42B4D83F68002FA6D1414D029B7E
:106390002A684FEA890101EB09179C007F004FEA48
:1063A00088039AB13A4A12684FEA590972B11068E3
:1063B000C0F39906B14506D246E01068C0F39900D3
:1063C0000644B14541D35268002AF6D12E484269AD
:1063D000C0E90313A2B18A4212D8039AD20703D5A7
:1063E00022462D4805F090FBBC4201D3FFF766FD25
:1063F0001F4A137823F00203137005B0BDE8F08F35
:10640000214A5161E9E723F001032B602846FFF799
:1064100009FD05EB8005B4E75546B2E71C4B019535
:106420001D605546ADE74FF00043B8F1000F2B60FB
:10643000A7DA8846A5E7194805F066FB2A462146F3
:10644000174805F061FBFFE630464844801B02EB2D
:1064500080022A60BAE73A462946124805F054FB02
:10646000002F7FF415AF1BE73B463C463946ADE7AE
:106470008E270020E40400200C05002010050020D9
:106480008F27002004050020EC040020D804002001
:1064900008050020E004002058A5020838A50208DD
:1064A00040A502084CA5020850F8043C5A0F032AE4
:1064B00010B5044605D040F2493004F0E3FE54F82C
:1064C000043C43F0004344F8043C204610BD00BFA8
:1064D0002DE9F04F85B0C51CB0F5003F03904FEAA1
:1064E000950500F389804A4BDFF834815B68C3F37C
:1064F0000803002B61D198F800301A075DD143F0F2
:10650000010388F8003000F01DFF10B14368002B34
:1065100079D0DFF810913F4F0024D9F800B0BBF1DB
:10652000000F51D0002603E05E468B4600294BD079
:1065300040F2513014B93A685A454DD31BF0030F5D
:1065400002D15FEA1B7301D104F09CFEDBF800A0CE
:10655000BAF1000F40F24B3001DB04F093FECAF3B6
:106560009902521B002ADBF80410DDDB0AD09000F0
:1065700040F000404BF825000BEB8505012A1CBFBD
:1065800069602946002E3BD071600022CBF80020C4
:1065900049B14A683AB1930701D1130F03D14FF4BF
:1065A000547004F06FFE98F80020584622F0010263
:1065B00088F8002005B0BDE8F08F40F2923004F07A
:1065C00061FE98F800309AE734B1012C08D015200C
:1065D00004F058FE0134A0E70020FFF71BFEF9E7A6
:1065E0000D490E48D1E9023209690091039905F07D
:1065F0008BFAFFF763FCEDE7162004F043FE72E729
:10660000C9F80010C1E740F24E3004F03BFE80E7CD
:1066100000ED00E0E0040020EC04002004A50208E6
:106620008E27002008050020033010B520F0030459
:10663000201DFFF74DFFE31D23F0804323F00303EC
:1066400043F0804340F8043B10BD00BF08B538B1AB
:10665000FFF7EAFF50F8043C43F0005340F8043CD5
:1066600008BD00BFF8B5214B5B68C3F308030646BD
:106670000F46002B34D100F065FE1D4D1D4AF31B63
:106680009B102B7004461760A8B10C20FFF7CCFFBD
:1066900050F8043C6268026043F00053A26840F87E
:1066A000043CE368C0E90123E0600023A6602B708E
:1066B00063602046F8BD1820FFF7B6FF0E4A50F879
:1066C000043C1268026043F00053122240F8043C7C
:1066D00000234261C0E90333044600F03BFEE4E7D7
:1066E00040F2923004F0CEFDC5E700BF00ED00E0BF
:1066F0008F270020040500200C05002061B101292E
:1067000038B50ADD4C1E013C0121051DFFF7F6FFDF
:10671000631C2846F7D138BD7047044B40F0010296
:1067200099881846BDE8384000F058B9E4040020C4
:10673000830702D108B1030F00D17047024B024614
:106740009988184600F04AB9E404002082070346FD
:1067500002D108B11B0F00D17047FFF783BB00BF08
:106760004068FFF769BC00BF0430FFF7EFBC00BF13
:1067700003460C309988FFF78FBC00BF4068FFF7D5
:106780005BBC00BF10B504460430FFF7DFFC04F12A
:106790000C00BDE81040FFF7D9BC00BF50F8043B27
:1067A00023F00103198804398908FFF775BC00BF7D
:1067B0000320704703207047808880000F308008D6
:1067C000704700BF02207047052070470349044A04
:1067D0000023C1E90033C2E900337047E40400201C
:1067E000D004002000F016BD002801DB00F00EBD33
:1067F000704700BF704700BF0023C0E901337047F6
:106800000023C0E90133C0E903337047054B10B4DE
:106810001A68846883880146A21A03485DF8044B0D
:1068200005F072B91005002070A602080146426802
:10683000014805F069B900BF88A502080146028930
:10684000014805F061B900BF20A602082DE9F04714
:10685000C4888C4205460E462FD24FEA8408D0F8F1
:106860000090002C39D03F2C35DDB4F5007F3DDBA6
:1068700004F580774FF6FE724FF6FF73974288BF9C
:106880001F46B742B8BF3746B80005F067FE8246DC
:106890001CB14246494602F033FE3A1B92000021E9
:1068A0000AEB080003F0B4FF484605F07DFEC5F88A
:1068B00000A0EF80AE80BDE8F08782889142F9D2D7
:1068C0000068521A00EB81009200002103F0A0FF43
:1068D000AE80BDE8F0876700D3E704290F46B8BF54
:1068E0000427B80005F03AFE8246D6E7034B08EBD2
:1068F0000407A3FB07377F08C3E700BFABAAAAAA18
:10690000704700BF704700BF0B6823F0010370B5EC
:106910001B89042B0C46054602D16DB9204670BD7B
:106920001048012240F2853105F0EEF840F2853042
:1069300004F0A8FC002DF1D0E81C8000FFF7C8FD92
:10694000064608B1084B0360A368B360AAB2B580DD
:106950009200002106F10C00344603F059FF204656
:1069600070BD00BF60A60208D4A5020838B5026950
:106970000D4B9A42054609D00C4803224FF4627130
:1069800005F0C2F84FF4627004F07CFC2888FFF731
:106990009FFD044600B105602A880021043A201DAD
:1069A00003F036FF204638BDF567010860A60208EF
:1069B000036823F001031B69184700BF036823F035
:1069C00001031B69184700BF036823F00103014658
:1069D0001A88014805F098B8B8A502084FF6FE736A
:1069E00099420AD883888B4270B5054616460C46F4
:1069F00004D92B6843F8246070BD70470131FFF75C
:106A000025FF2B6843F8246070BD00BF83884BB11D
:106A1000013B9BB202688380002152F8230042F8B8
:106A20002310704718467047C38870B54BB33F2B8F
:106A30000FDDB3F5007F2CDB03F580744FF6FE729B
:106A4000944223D8A4B28C4238BF0C46A34207D349
:106A500070BD5C00A4B28C4238BF0C46A342F7D292
:106A60000546A000FFF7E0FDEB880646E3B9E21A11
:106A7000920006EB8300002103F0CAFE2E60EC803A
:106A800070BD042938BF04210C46E7E74FF6FF74B8
:106A9000E4E7084A03EB8304A2FB0424C4F34F0495
:106AA0008C4238BF0C46D9E79A00296802F028FDCD
:106AB000EB88DCE7ABAAAAAA30B5C3888B4283B0C7
:106AC00005460C4609D9036843F82120AB889C424F
:106AD00024BF0134AC8003B030BD4FF6FE73994241
:106AE000F9D8013189B20192FFF79EFF2B68019A14
:106AF00043F82420EAE700BF38B5C3888B42044638
:106B00008DB201D2AB4201D9A58038BD2946FFF72D
:106B10008BFFA58038BD00BF83884BB1013B9BB282
:106B200002688380002152F8230042F82310704746
:106B300018467047F8B583888B421DD905684A1CF2
:106B40008F009342044655F8216005EB070007D8F3
:106B5000013B9BB20022A38045F823203046F8BDBC
:106B60005A1A02F18042013A391D2944920012F06A
:106B70002BFFA3882568EBE70026EFE783888B428D
:106B80001CD970B50E461546591CC28889B28A4276
:106B900004460FD9701C216880009B1B061F9A00B9
:106BA0000844314412F010FFA38822680133955144
:106BB000A38070BDFFF738FFA388EBE7FFF77CBF2A
:106BC00070B505460A48EB88AA88296804F09CFF3E
:106BD000EB885BB1074E00242B68304653F8241035
:106BE00004F092FFEB880134A342F5D870BD00BFDA
:106BF00034A6020858A6020810B5014604460289C8
:106C0000034804F081FF201DBDE81040FFF7D8BF06
:106C10009CA50208024A02600022C0E901227047D6
:106C2000ECA60208024A026000224260704700BFE0
:106C3000BCA60208034A02600022C0E90122C0E9A2
:106C4000032270478CA602082DE9F843068947689D
:106C50000C46002E34D03B6899423AD03B46002087
:106C600003E053F8042FA24225D00130B042F8D1FE
:106C7000236820465B6A9847236880461B6A204643
:106C80009847043F8146002457F8045F2B68284644
:106C90005B6A98478045284608D12B681B6A98474D
:106CA00042460146484612F080FE30B10134B442FB
:106CB000EAD14FF0FF30BDE8F8832046BDE8F88305
:106CC0000B6808465B6A9847236820461B6A98470A
:106CD000EFE70020EFE700BF704700BF10B50446A4
:106CE0000A460448214604F00FFF2046BDE8104044
:106CF00004F0C8BA60A60208014B1B681869704707
:106D000010050020014B1B68986970471005002092
:106D1000014B1B68188C704710050020014B1B6845
:106D2000D86B7047100500200268F8B544F21023B4
:106D30009A4200D0FEE741681B4B0A681B4F9A42FB
:106D40000446396013D0088C194E8000FFF77EFC92
:106D50003B6830601A8C0021920003F059FD3D68B9
:106D6000144B2A6831689A420E600AD0FEE7124836
:106D7000103104F0C9FE40F29F30BDE8F84004F045
:106D800081BAA3682A699A42F0D100F065FA3A689C
:106D90000023146B05F140001A461946A047BDE8D0
:106DA000F84000F031BA00BF718E3B921005002010
:106DB0000C050020708E3B9204A602080148FFF7E4
:106DC000B3BF00BF209C020848B110F0030207D1F6
:106DD000036823F00103D978F92903D010467047DE
:106DE000002070471889A0F10600B0FA80F0400931
:106DF000704700BF70B505460C20FFF769FB0446DD
:106E000020B1154B03600023C0E901333DB1AB074E
:106E100005D12B6823F00103DA78F92A01D0204646
:106E200070BD0E4A9342FAD12E89002EF7D020462B
:106E3000FFF77EFC63899E4203D93146201DFFF790
:106E4000F3FDB20069682681606802F059FB2046B4
:106E5000FFF77CFC204670BDECA602088CA6020859
:106E600038B50D46044608B1830714D040F29B3074
:106E700004F008FA29462046FFF7E6FE051E08DB67
:106E80002946201DFFF756FE294604F10C00FFF7A6
:106E900051FE422038BD036823F00103DA78F92A55
:106EA000E4D1024A9342E5D0E0E700BF8CA6020895
:106EB00070B50E46FEF776F9044630460D46FEF7ED
:106EC00071F902460B462046294610F023FEBDE824
:106ED0007040FDF7CDBE00BF08B5FEF763F910F0B6
:106EE000BBFBBDE80840FDF7C3BE00BF08B5FEF719
:106EF00059F910F06DFBBDE80840FDF7B9BE00BFC1
:106F000008B5FEF74FF910F017FBBDE80840FDF794
:106F1000AFBE00BF08B5FEF745F9F7F78DFEBDE837
:106F20000840FDF7A5BE00BF08B5FEF73BF910F01D
:106F30009FFDBDE80840FDF79BBE00BF08B5FEF70A
:106F400031F910F0EDFCBDE80840FDF791BE00BF3F
:106F500008B5FEF727F911F00FF8BDE80840FDF776
:106F600087BE00BF2DE9F04100F57A6682B0074682
:106F700030460D4600F0F0FB044618B1204602B042
:106F8000BDE8F08105F0F003102B1DD0202B16D1A9
:106F90004FF00208384600F0D9FB074618200AF0E7
:106FA00051FB05F00F053946CDE90058B2B2012377
:106FB000044606F01FFA204602B0BDE8F0812A2000
:106FC000A04604F05FF9E5E74FF00108E2E700BFF3
:106FD00038B50D464FF0FF31FDF7BCFF04460130D8
:106FE00005D029462046BDE83840FFF7BBBF2A2020
:106FF00004F048F929462046BDE83840FFF7B2BF03
:107000002DE9F041884617461D46064600F0A4FBD0
:1070100018B104462046BDE8F08129464046FFF7F6
:10702000A1FF294680463846FFF79CFF0546102001
:107030000AF008FBB3B2AA88B8F80410044606F0B8
:10704000CBFE4046002106F009FA2846002106F052
:1070500005FA2046012106F061FE2046BDE8F081D8
:1070600070B54FF0FF3104460420FDF773FF4FF079
:10707000FF3105460520FDF76DFF20210646CA2099
:10708000FDF768FF5CB1012C14D0022C0DD1034632
:10709000324629460320BDE87040FFF7B1BF0146E4
:1070A0002846BDE87040FFF75DBF2A2004F0EAF8EB
:1070B000002070BD01463046BDE87040FFF752BF6A
:1070C000007C2021FFF74EBF8088102300F02ABAF1
:1070D00008B50368DB699847003018BF012008BD78
:1070E00008B505F05DFB003018BF012008BD00BFEA
:1070F000808870470048704716FCFFFF054B1A68F0
:1071000010B4146B0023A4461A4619465DF8044BCC
:10711000604700BF1005002070B584B06C4684E85D
:107120000F0094E80F00BDF80260154CBDF8005048
:1071300084E80F0031462846FDF75AFA04463046E7
:10714000FDF7A0FE06463CB10E4BE0681A6800232E
:10715000146B31461A46A04728460021FDF748FA2D
:1071600058B1084BC0681A68146B002331461A46A0
:10717000A44604B0BDE87040604704B070BD00BFD5
:10718000900400201005002005F0E0B808B5064E78
:10719000054632680023146B19461A462846A04754
:1071A000142005F03DF8F4E71005002038B5054639
:1071B0000B4B45F8443B04460A4B4364284608F011
:1071C000A1FDA36E1BB104F15C009B6898472846A3
:1071D00008F0B6FE204605F085FF204638BD00BF0A
:1071E0009CAC0208F8B2020810B5044604F078FD21
:1071F000034638B100200CB144F820301B6A01303E
:10720000002BF8D110BD00BF05F0A0B805F008B8FC
:107210000AF0BEBA20B10146024A034804F0F2BEA9
:10722000704700BF81C301088D71010850B108B5D6
:107230000146054A054804F0E5FE0120BDE8084086
:1072400004F0EEBF704700BF89710108FD700108AE
:1072500089B280B205F00AB8F0B583B000F06CFBDB
:10726000284B1B681F8D5FB3274E002404E0B542F6
:1072700012D041D82C602C46042005F06FF9019003
:10728000019B5B070546F2D505F08EF9082005F055
:1072900065F90546B542ECD1284605F085F9384632
:1072A00005F05CF9854203D040F2E73003F0EAFFD5
:1072B00034B1256820462C4605F076F9002CF8D12B
:1072C000124C1348134E04F05FFD04F5807501E085
:1072D000AC420AD054F8040F0028F9D003681B68A8
:1072E000B342F5D09847AC42F4D100F0B9FB03B0FB
:1072F000BDE8F04000F016BB40F2E73003F0C2FFFB
:10730000B8E700BF10050020001000203C0A002054
:1073100014050020F5700108044B10B51C68FDF73A
:107320000DFEFF34204420F0FF0010BD10050020AA
:1073300000200021704700BF08B505F0D5FE08BD4C
:1073400005F0E2BE024B186800B1406A704700BF0A
:10735000440F0020014B1B6858627047440F002007
:107360002DE9F04FDFF81C91D9F8003087B0002BE1
:1073700070D0824604F0B4FC0346002874D0002488
:107380001B6A0134002BFBD1A500284605F0E6F866
:107390000390FFF729FFA04257D1002C41DD039B4A
:1073A000A3F1040B0AF0020302930BEB0503009315
:1073B0004FF000085BF8047F7E6A7EB37069FEF7C9
:1073C000D3FEDDF808A0CDF804B00436D9F80030BB
:1073D00034689F422BD03868BD6803F06FFFD9F83E
:1073E0000030281A9F420444756807D03868D7F8DF
:1073F00008B003F063FFABEB00000544BAF1000FE7
:1074000019D1A54205D954F8040BFEF7ADFEAC42E4
:10741000F9D3B668002ED9D1DDF804B0009B5B45E6
:10742000C8D1039807B0BDE8F04F05F0BDB8756846
:10743000BAF1000FE5D02B1B41469B1022461048A5
:1074400004F062FB08F10108DBE74FF44B7003F036
:1074500019FFA2E7012005F081F80590059807B013
:10746000BDE8F04F05F0A0B805F078F80390FFF7FD
:10747000BBFE0028D5D04FF44B7003F003FFD0E7DC
:107480001CA70208440F002038B505460D4B45F8EF
:10749000443B04460C4B4364284608F033FCA36E7F
:1074A0001BB104F15C009B689847284608F048FD32
:1074B000204605F017FE2046702112F068F920469C
:1074C00038BD00BF9CAC0208F8B2020870B50D4E82
:1074D0000D4D0E4C304607F0C9FB2A460C4930468C
:1074E0000AF0A8F80B4806F05DFD204606F05EF9AC
:1074F0002A46204608490AF09DF8084B084A1A60B7
:1075000070BD00BF200400200002002014050020F0
:10751000AD7101089004002005D701083C0500204A
:1075200070A902082DE9F04182B016461F460446B4
:107530000D46FDF75DF838B132462946204602B0C7
:10754000BDE8F041FDF768B80F2CBFB201D1C02FE4
:10755000F2D128200AF076F8A1B280460097094BB4
:10756000AAB205F075F84146074805F0FFFF00286C
:10757000E2D0404605F084F84046282112F007F991
:10758000DAE700BF197101081405002000B585B0C5
:107590008AB2012381B2684606F0E4FC05B05DF8CA
:1075A00004FB00BF4FF0FF310148FDF7D5B800BF25
:1075B00028A7020808B506F04BFA08BD704700BFBF
:1075C000704700BF014820F06040704700800220F3
:1075D00070B54FF0FF311920FDF7BCFC00B200F090
:1075E000B5F84FF0FF3105461820FDF7B3FC00B2A7
:1075F00000F0ACF80646DC200AF024F832462946B2
:10760000044606F0B3FD014B1C6070BD4005002030
:107610002DE9F041114F3B6882B004460E4690467A
:107620009BB1304600F0B2F8054638686100046846
:10763000CDF8008089B23346246A05F10802A047DC
:1076400030B9284602B0BDE8F081FFF7C1FFE8E796
:10765000284604F0A9FF0025F3E700BF40050020FD
:1076600070B50C4E346884B00D465CB126686B680A
:107670000092400081B2B669204605F10802B04789
:1076800004B070BDCDE90202FFF7A2FF3468DDE966
:107690000202EBE7400500202F282DE9F0470446C1
:1076A0003DD8214E214D335D28688BBB204F397862
:1076B0000131890004F0A8FF28601C2009F0C2FFF6
:1076C000DFF870C040F2DF312CFA04F9C4F1200C6D
:1076D00001FA0CFC49EA0C09A4F1200C21FA0CFC7B
:1076E00049EA0C09002309F0010213430CBF0123EE
:1076F0000323E2B204F16401804603F08BFF397882
:1077000028684A1CD2B240F82180325513463A709C
:1077100003F18043013B50F82300BDE8F0872A20A5
:1077200003F0B0FDBDE700BF440500207405002054
:1077300090270020FF9F03F408B54FF0FF31FDF7BD
:1077400009FCBDE80840FFF7A7BF00BF002801DB28
:10775000FFF7A2BF002070470B4B10B403F58074F5
:1077600001E0A3420AD053F8042B002AF9D09188F3
:107770008142F6D110465DF8044B70470022104656
:107780005DF8044B704700BF400A0020014600200E
:10779000FDF766B8014B9868704700BF9004002061
:1077A00003685B69184700BF0368DB68184700BFC0
:1077B00003685B68184700BF03681B68184700BF71
:1077C00070B5036804460D4616461B6D03219847A5
:1077D0003246294620891023BDE87040FFF7A2BE3B
:1077E00070B58C1E012C00D970BD03680546164685
:1077F0000C461B6D022198473246214628891023EA
:10780000BDE87040FFF78EBE2DE9F047A1F1040AF4
:1078100004461646D71705F077FCBAFA8AFA4FEAFB
:107820005A1A8046894609E005F06EFCB0EB080262
:1078300061EB09039F4208BF964220D3236820468C
:107840005B68984750450546EED105F05DFC8246E1
:1078500009E005F059FCB0EB080261EB09039F4217
:1078600008BF96420BD3236820465B689847854241
:10787000EFD005F049FCA0EB0A00BDE8F08700203E
:10788000BDE8F08731B1036801290CBF0221002156
:107890001B6C1847036801211B6C18470368D3F859
:1078A00080301847026810B4146940F2DC53A446D3
:1078B0004FF4FA625DF8044B604700BF0368DB6F6A
:1078C000184700BF70B5154C257882B01DB1144B18
:1078D000187802B070BD1F20FFF738FF0368064616
:1078E0005B689847336830461B6C012198470195C7
:1078F000019B632B05DC019B01330193019B632BEF
:10790000F9DD336830465B689847054A003018BF98
:10791000012001231070237002B070BD9127002058
:107920009227002008B50348FCF7BCFFBDE80840DB
:10793000FFF7C8BFA10D0C00704700BFF8B54FF0AE
:10794000FF311320FDF706FB00B2FFF7FFFE4FF0FB
:10795000FF3105461220FDF7FDFA00B2FFF7F6FEF3
:107960004FF0FF3106461720FDF7F4FA00B2FFF79B
:10797000EDFE0746E82009F065FE3B463246294603
:10798000044607F063F8024BE4341C60F8BD00BF06
:107990007805002010B5094C236882B0014633B148
:1079A0001A689268184602B0BDE81040104701906E
:1079B000FFF7C4FF23680199F2E700BF78050020B4
:1079C00070B50F4E356884B00C469DB178B14268F1
:1079D00000F108014CB104F10803646828680094C0
:1079E000C4682846A04704B070BD2346F6E70246A7
:1079F0000146EFE70390FFF7A1FF35680398E5E73D
:107A00007805002010B5094C236882B0014633B1D7
:107A10001A681268184602B0BDE81040104701907D
:107A2000FFF78CFF23680199F2E700BF780500207B
:107A300010B50A4C236882B0014643B11A685468F5
:107A400018460822234602B0BDE8104018470190AE
:107A5000FFF774FF23680199F0E700BF7805002065
:107A6000704700BF024B1B6803B11847704700BF47
:107A70007C05002010B50A4C23687BB10821094819
:107A8000984709482368016843B104309847236840
:107A900023B102210548BDE81040184710BD00BFC2
:107AA0007C05002030A70208400B00203CA70208FC
:107AB0002DE9F043354B1A789BB00446894692B3C2
:107AC000FFF700FF20B9422C56D91BB0BDE8F08368
:107AD000B9F1000FF9D02E4AE31782FB0412C3EB71
:107AE000620303EB830203EB43039F00A41A7D1C94
:107AF00004EB44040C37A600BD4206F1230806F14E
:107B00002E06E2DAB04508DA44460122204629462C
:107B1000144402F0DDFEB442F7D10135BD42F1D18B
:107B20001BB0BDE8F08301251D70FFF7CBFE0028D8
:107B3000C6D13220FFF76AFB0920FFF707FE036872
:107B4000144E1B68294698476422134901A801F086
:107B5000D7FC6D460DF16408182009F073FD55F847
:107B6000042F0123D2B20021074606F0F5FE454559
:107B700046F8047FF0D1A3E7084B53F824000368CC
:107B80001B6849461BB0BDE8F04318479327002007
:107B9000676666667C05002040A702088005002015
:107BA00038B5054602F088FE0024631901219B794F
:107BB000204603B919460134FFF77AFF192CF4D196
:107BC000BDE8384002F09ABE10B502F075FE002400
:107BD000204600210134FFF76BFF192CF8D1BDE8D6
:107BE000104002F08BBE00BF704700BF704700BF5F
:107BF000014B01221A70704794270020F8B5D0E994
:107C00000023934211D0094F054600243B6852F8E7
:107C100024001E6B00231A461946B047D5E90023FD
:107C200001349B1AB4EBA30FF0D3F8BD100500206C
:107C300038B50D4B00220546D0201A7009F002FD20
:107C400029B2044600F074FB084A094B0948146045
:107C5000A36108F0EDF80849084804F0C5F9084B9D
:107C600064221A7038BD00BF94270020E40500206C
:107C7000F17B0108F00500204DC3010811800108C7
:107C8000E8050020014B1878704700BFE805002088
:107C9000014B64221A707047E805002099B170B555
:107CA00006460C463046E168FFF7F8FF6369A568B1
:107CB00018460BB109F0D4FC204609F0D1FC2C4643
:107CC000002DEFD170BD704710B581680446FFF7F5
:107CD000E5FF204610BD00BF71B170B506460C46E9
:107CE000E1683046FFF7F8FFA568204609F0B8FCC8
:107CF0002C46002DF4D170BD704700BF10B58168CF
:107D00000446FFF7E9FF204610BD00BF2DE9F04F04
:107D1000D0E9005AAAEB05039B1083B006468846BB
:107D2000A1EB050B33D05F00BB4233D96FF00307E3
:107D30003846019209F086FCD6E9005A019A81463C
:107D40000744A8EB050419EB0B0F1CBF136849F897
:107D50000B30A84504D022462946484611F034FE8F
:107D6000231DC2454B44AAEB080405D018464146E2
:107D7000224601F0C5FB03461C4415B1284609F014
:107D80006FFCC6E90094B76003B0BDE8F08F01272F
:107D9000BF00CDE7B7F1804FC8D2002FF8D1B94668
:107DA0005C46D0E738B51D460446031D41B10120AD
:107DB000294611F045FD636901332846636138BDEA
:107DC0009A42F4D0286911698842ACBF0020012092
:107DD000EEE700BF2DE9F0418C6807469046C4B13C
:107DE000166800E01C462569AE42B5BFA368E3688B
:107DF00001200020002BF5D160B92346AE42CBBF55
:107E000000220023C7E90023C7E900433846BDE844
:107E1000F0810C1DCB68A34208D0204611F00EFD66
:107E20002346D8F8006005690446E7E70023C7E960
:107E300000343846BDE8F0812DE9F04F164605467E
:107E400083B018208A4609F0FDFB326805F1040969
:107E5000176807610023D1450446436100F1100B08
:107E600037D0DAF810804745564615DAEB685345A7
:107E700045D0504611F0E2FC03699F4202462EDDD8
:107E8000C368002B3BD1914517D0D2F810804745ED
:107E9000ACBF0020012011E02ADD2A695245F4D050
:107EA000504611F0B7FC03699F42024617DADAF830
:107EB0000C3033B30646002EE5D001204B46214658
:107EC00011F0BEFC6B69204601336B6103B0BDE865
:107ED000F08F6B691BB12A6913699F42D3DC5A4644
:107EE00029466846FFF776FFDDE90062002AE2D105
:107EF000204609F0B5FB304603B0BDE8F08F3246AE
:107F0000D9E75246C3E700BF2DE9F0418C68074628
:107F10009046C4B1166800E01C462569AE42B5BF64
:107F2000A368E36801200020002BF5D160B9234647
:107F3000AE42CBBF00220023C7E90023C7E90043BC
:107F40003846BDE8F0810C1DCB68A34208D020461E
:107F500011F074FC2346D8F8006005690446E7E791
:107F60000023C7E900343846BDE8F0812DE9F0412F
:107F700014460A1D94420E4605461F4623D0D3F8E8
:107F80000080236998450FDACB68A34236D020469B
:107F900011F054FC036998451CDDC3688BB3C5E937
:107FA00000442846BDE8F0811CDD0B69A3421FD0C8
:107FB000204611F02FFC036998450BDAE3681BB3E8
:107FC000C5E900000BE04B6923B10B693A681969F8
:107FD00091420DDB3A4631462846FFF795FF284689
:107FE000BDE8F0810023C0E900432846BDE8F081E8
:107FF0000022C5E900232846BDE8F081C0E900332E
:10800000EDE7C5E90030EAE7C5E90034E7E700BF7E
:108010002DE98048604EDFF89481604DDFF898913B
:1080200089B0B34608F1040A2B782BB93220FFF748
:10803000EDF82B78002BF9D0594A002359461068E7
:108040002B7000F04DF9574807F03AFFD8F8083088
:10805000554904463078C9F80040029063B11A6966
:108060009042D6BF1946DB689B68002BF7D151457B
:1080700002D00B69984207DA08AA02AB4B4842F8D3
:108080000C3DFFF7D9FE01464B69E41A322CCBD9DF
:10809000D8F8083034780294434963B11A6994429D
:1080A000D6BF1946DB689B68002BF7D1514502D03B
:1080B0000B699C4208DA08AA02AB3C4842F80C3D26
:1080C000FFF7BAFE34780146394BD9F800209B6897
:1080D0004A6138496BB11A69A242AABF1946DB68E6
:1080E0009B68002BF7D1334B994202D00B69A34216
:1080F0001BDD2020019109F0A5FA019904610746D2
:108100004FF0000C0A4600F110032949C7F81CC0C3
:1081100003A8C7E905CCFFF729FFDDE903129AB3ED
:108120003B462348FFF73EFE0146D1E905200023E8
:10813000841ACDE905330793A31008BF27460BD057
:10814000B3F1804F26D22046019109F07BFA0199C4
:108150000346D1E90520871A1C4490420794CDE9D3
:10816000053305D0114618463A4611F02DFC03465A
:108170003B4405A80693FFF741FD059800283FF40E
:1081800053AF09F06DFA4FE73846019109F068FAEC
:108190000199CAE711F0B6FBE805002094270020FA
:1081A000E4050020F00500201C0600201806002031
:1081B0000006002004060020EC05002070B5254CC8
:1081C00084B0A36801910546002B40D0211D0C46C8
:1081D0001A69AA42AABF1C46DB689B68002BF7D12C
:1081E0008C4202D02369AB4218DD202009F02AFA24
:1081F00006460561224600F1100300241549F4618A
:1082000002A8C6E90544FFF7B1FEDDE9024282B1EA
:10821000214633460F48FFF7C5FD0446D4E906134F
:1082200099420DD009B1019B0B600431A16104B0EA
:1082300070BD304609F014FAD4E906139942F1D121
:1082400004F1140001AAFFF761FD04B070BD04340D
:10825000CBE700BF0006002038B50F4B0F4D10498B
:1082600000241A1DC3E903221C712A469C605C612C
:10827000184609F0DFF90B4B0B491C712A461D1DEE
:1082800018469C605C61C3E9035509F0D3F90748BF
:10829000BDE8384007F02EBE000600200002002096
:1082A000C97C010818060020FD7C0108F0050020AB
:1082B00010B4D0E901345910DB07026848BF635895
:1082C00004EB010048BF9A585DF8044B104700BF0B
:1082D000034610B107C983E807007047704700BF25
:1082E00070B50D46064602F0AFFF044602F0B2FF3D
:1082F00096F8CC302B70E30700D462B670BD00BF97
:1083000038B500F16C050446284607F0B9FD28464B
:1083100007F0E2FD284607F08BFD00232846237571
:10832000C4E9023307F0BCFDC117C4E9000138BD40
:1083300070B500F11C0584B00446284607F0BEF96C
:1083400004F16C0007F0D6FD04F17C0007F0E4FDB9
:1083500000261E4BE367C4F8A06004F1A40007F0F8
:10836000DBFD1B4BC4F8A4302046C4F8C860FFF7FF
:10837000C7FF08F08DFF174B019628466946164E39
:1083800000930294039607F01DFA039B13B19B68B8
:108390006846984708F090FF08F07AFF00230F4ADC
:1083A00001936946284602940396009207F054FA16
:1083B000039B13B19B686846984708F07DFF2846E9
:1083C000012107F0EFF9204604B070BDF8B20208B1
:1083D0000CB30208FD830108A4A70208E183010889
:1083E00038B5054602F030FF044602F033FF284658
:1083F000F6F7BAF8E30700D462B638BD30B583B0FB
:10840000054602F021FF044602F024FF002328461F
:108410000193F6F7A9F8019B01330193E30700D418
:1084200062B603B030BD00BF10B5044682B008206C
:10843000FFF78CF9002301930CB1022301930199FA
:10844000036800291B68D4BF0021012102B0BDE8E8
:108450001040184708B5FEF7B1FC002008BD00BF6A
:1084600008B5072824D8DFE800F01E09070B0D1215
:108470001704FFF727FAD8B9032008BD052008BD67
:10848000022008BDFFF71EFA90B1012008BDFFF7DA
:1084900019FA68B1092008BDFFF714FA002814BFC3
:1084A0000A20052008BDFFF70DFA08B1182008BD05
:1084B0004FF0FF3008BD00BF024B1A68824218BF60
:1084C0001860704730060020014B1868704700BFE5
:1084D00008020020704700BF704700BF024B1B68B6
:1084E00003EB4000704700BF10050020704700BF3D
:1084F000704700BF704700BF704700BF4268014629
:1085000093890248528903F0FFBA00BFD0A702083E
:1085100043685889884207DD002A05DB9889824232
:10852000ACBF0020012070470020704770B50646A0
:108530004068457A012D82B000F110040ED0042D60
:1085400027D183899B001F335B119B0001FB0344F0
:10855000C2B9207800F00F0002B070BD83890733E4
:10856000DB1001FB03440AB104EBE2040123217890
:1085700002F0070203FA02F20A4214BF1846002072
:1085800002B070BD5310E05CD307E3D5001102B018
:1085900070BD40F23530CDE9001202F073FE009953
:1085A0007368019A5B7A641A32B1012BDCD0042B18
:1085B000E8D0002002B070BD042BCAD0012BF8D146
:1085C000D4E700BF70B506464068447A012C84B0F9
:1085D00000F1100513D0042C29D1808980001F30B0
:1085E0004011800001FB00519ABB91F9000020F07E
:1085F0000F0003F00F0303430B7004B070BD8089BC
:108600000730C01001FB00510AB101EBE20101206B
:1086100002F0070200FA02F2087823B920EA020009
:10862000087004B070BD1043087004B070BD40F213
:108630003530CDE90223019102F024FEDDE9022369
:1086400001997068691A407A82B10128DDD0042846
:10865000D3D101EB6201D20791F90000C7D500F038
:108660000F0040EA03130B7004B070BD0428BCD0A7
:108670000128CCD004B070BD2DE9F84F0A9FBF1A75
:1086800048BF7F42A3EB01094CBF4FF0FF3B4FF0C7
:10869000010B7F008B42A7EB09050C469846164656
:1086A00082464FEA49090EDB324621460B9B504673
:1086B0000134FFF787FF002DC4BFA5EB09055E4419
:1086C000A0453D44F0DABDE8F88F00BF2DE9F84F32
:1086D000DDF828805B1A48BF5B42A8EB02094CBF5B
:1086E0004FF0FF3B4FF0010B5F009045A7EB0905F2
:1086F00014460E4682464FEA49090EDB22463146B1
:108700000B9B50460134FFF75DFF002DC4BFA5EB66
:1087100009055E44A0453D44F0DABDE8F88F00BF8E
:10872000D0E90132013282609A0701D11A0F08D1D3
:1087300010B50446596803F10800FCF791F8606031
:1087400010BD704730B445680B68688923EAE3744C
:10875000431EA342A8BF23460B60AB891168013BAF
:1087600021EAE1718B42A8BF0B46136030BC704711
:1087700038B5FCF775F80546FDF7DAFF0C20FDF774
:10878000A7FE044628B10A4A4560002302608360C0
:1087900025B12846FDF7DAFF204638BD40F23530D6
:1087A00002F070FD2846FDF7D1FF204638BD00BF1E
:1087B000ECA70208B0F5FA6F24D8B1F5FA6F21D80A
:1087C000012A70B518D0042A1ED18B001F335C110A
:1087D000830003FB04F308330D46044619460020CA
:1087E0001646FFF7C5FF4368872100225E725C8151
:1087F0009D811972DA8170BDCB1DDB1000FB03F384
:108800000833E9E700207047002070BD38B14368A5
:10881000082B02DD027A872A02D0002070477047B9
:10882000427A012A0FD0042AF7D182894089920026
:108830001F325211800000FB02F00830181AB0FA03
:1088400080F040097047828940890732D21000FBCE
:1088500002F00830F2E700BF48B14268042A04DDA4
:10886000037AE12B14D0E42B02D00020704770472C
:10887000817A437A1F2000EB81009B00401103FBAB
:1088800000F30833181F801AB0FA80F040097047CF
:10889000817A437AC81DC01003FB00F30833F1E767
:1088A00043685889704700BF43689889704700BF84
:1088B0000120704743689A0704D11B0F0CBF0120A9
:1088C00000207047012070478068003018BF0120E9
:1088D000704700BF2DE9F0410D1E04DB04461F4622
:1088E000FFF716FE08B9BDE8F08116462046FFF7EF
:1088F00017FF3B46324629462046BDE8F041FFF7C8
:1089000061BE00BF70B50C1E04DB25460446FFF7B0
:10891000FFFD08B9002070BD29462046BDE8704023
:10892000FFF704BE4068437A042B00D070474389A8
:108930008B42FBD970B4848955685E1AA30004FB8E
:1089400006F4AC4203F11F034FEA6313A8BF2C46A1
:108950009B001030641001FB030112D0013C081988
:108960000A32013911F8013F03F00F0302F8023C0B
:108970000B7881424FEA231302F8013C02F1020214
:10898000F0D170BC704700BF2DE9F04143685D7ABB
:10899000042D01D0BDE8F081B3F80A808845F9D9EB
:1089A000044617469D890E46FFF7BAFE63685A7A59
:1089B000012A03F1100424D0042A26D199898900C0
:1089C0001F31491189007B68A8EB060805FB08F0F8
:1089D0009842A8BF1846401001FB0641DAD007F1C3
:1089E0000A02084412F8023C12F8014C03F00F038B
:1089F00043EA041301F8013B814202F10202F1D182
:108A0000C8E799890731C910DDE740F2353002F037
:108A100039FC4FF0FF31D6E72DE9F04786B0CDE9BC
:108A200002210BB10E9D15B906B0BDE8F08745686F
:108A30006E89B1420446F7DAAD89AA42F4DA013907
:108A40000B440E99013A0A44002BCDE90432EBDBCA
:108A5000002AE9DB05AA04A9FFF774FE02AA03A90C
:108A60002046FFF76FFE6168DDE90475DDE902234A
:108A70008889013701354607A7EB0307A5EB0205F7
:108A800005D123B91AB94B899F4200F0CA8020460C
:108A9000FFF746FE61684B7A012B00F09380042BB0
:108AA00040F0C780B1F80CE00F984FEA8E0E0EF13F
:108AB0001F0E00F00F06DDE902324FEA6E1E06EBD4
:108AC00006164FEA8E0E5FFA86FA01F11008B1F829
:108AD0000CC04FEA8C0C0CF11F0C4FEA6C1C4FEAD7
:108AE0008C0C02FB0C8C002B40F09880002F07F1BF
:108AF000FF3106DC98E7042B2FD001394B1CF444DE
:108B000092D063685B7A012BF5D1029A002D02F0B6
:108B1000070203FA02F3F0DDE046002205E03843E5
:108B200088F8000001329542E7DDB3F5807F0BD075
:108B3000DFB25B000F9E98F80000002EEFD120EA14
:108B4000070088F80000EDE708F10100AB1A072BD9
:108B500080462FDC02230127ECE7029B13F0010F74
:108B600014BFF0270F27002DC7DDE04600200DE0E1
:108B7000FAB23F0198F8003083EA0A0902EA0902D2
:108B800001305340854288F80030B6DDB7F5706F8C
:108B9000EED108F101022B1A012B9046A3F102033A
:108BA00002DCF0270F22E5E70230854202F801AB34
:108BB000F2DCA2E70832954200F801ABA3F108030A
:108BC000C5DC9AE7B1F80CE00EF1070E4FEAEE0EA5
:108BD000F446DDE9023201F110080CFB028C0F9A19
:108BE00042F300065FFA86FA002B3FF47FAF0CEBEE
:108BF000E30C7BE740F23530CDE9003202F042FB76
:108C0000019A009BA8EB020CA3B36268527A012A76
:108C10004FF0FF3EEBD0042A7FF468AF0CEB630CFF
:108C200064E785427FF433AF20460F9900F026F8C1
:108C3000FAE640F2353002F025FB6168487A0128F7
:108C400008D1B1F80CC00CF1070C4FEAEC0C4FF056
:108C5000FF3EBEE70F9B03F00F0606EB0616042847
:108C60005FFA86FADDE9023201F11008C2D14FF055
:108C7000FF3E2CE74FF0FF3E38E700BF30B505461A
:108C800083B00C4619B1436899894A072DD128460B
:108C9000FFF746FD69684A7A01F110034968012A25
:108CA000E4B218BF04F00F04A1F108010CBF44F3B3
:108CB000000404EB04140329E2B20ED998070DD185
:108CC00002EB022021F0030400EB00401C4443F8B7
:108CD000040BA342FBD101F0030121B119441A7026
:108CE00001339942FBD103B030BD00225B89009172
:108CF00001941146FFF790FE03B030BD10B5141477
:108D000082B0CDE9004313B20A1409B2FFF784FE22
:108D100002B010BD2DE9F04784B0CDE900210BB1C0
:108D20000C9C14B904B0BDE8F08745686E89B14267
:108D30008246F7DAAE89B242F4DA6D7A042DF1D1C7
:108D40000D9C65680F2DEDDD01390B440C99013A3E
:108D50000A44002BCDE90232E4DB002AE2DB03AA5D
:108D600002A9FFF7EFFC6A4601A95046FFF7EAFCAB
:108D7000DDE90223DDE90061013201335046A2EB57
:108D800001089E1BFFF7CCFCDAF804700D9A7B7A81
:108D9000012B02F1080544D0042B53D1B7F80CC0C5
:108DA0004FEA8C0C0CF11F0C4FEA6C1CDDE90049FA
:108DB0004FEA8C0C1037634603FB0977002C61D116
:108DC000B8F1000F08F1FF34ACDD009B002E03F07A
:108DD00001021FDD3B7838460AB301220EE04378DA
:108DE0000132084603F00F0103F0F003695C01F063
:108DF0000F010B43964203700CDD0132191103F091
:108E00000F0315F801E0014643EA0E13964201F8FC
:108E1000013BE4DC013C631C6744D6D182E70122BC
:108E2000E0E7B7F80CC0DDE900490CF1070C4FEAA8
:108E3000EC0C1037634603FB0977002CC0D007EB1E
:108E4000E407BDE740F2353002F01CFADAF80430EE
:108E5000DDF804905A7A009C012A03F1100714D01F
:108E6000042A1BD040F2353002F00CFAA7EB0907B8
:108E70008CB1DAF804305B7A012B4FF0FF3CDED086
:108E8000042B9DD107EB64079AE79B890733DB101E
:108E90004FF0FF3CCFE74FF0FF3C91E79B899B00F1
:108EA0001F335B119B004FF0FF3C85E710B5141496
:108EB00082B0CDE9004313B20A1409B2FFF72AFFCA
:108EC00002B010BD81B108B54068496842684B687E
:108ED0009A4201D0002008BD0831083010F065FD2D
:108EE000B0FA80F0400908BD084670474068416804
:108EF0000830FFF73DBC00BF2DE9F0410746FFF702
:108F00000FFC7B685A892AB300269C89013C002CFF
:108F10001CDD00252A4631463846FFF707FB22466E
:108F2000804631463846FFF701FB2A460346314664
:108F30003846FFF747FB013522464346314638465F
:108F4000013CFFF73FFBA542E4DB7B685A89013611
:108F50009642DADBBDE8F08170B5436805465A7A7F
:108F600059899889FFF726FC6B685A890646B2B181
:108F700000249A897AB1214600222846FFF7D6FAC2
:108F80002246034600213046FFF71CFB6B689A8996
:108F90000134002AEFD15A8901349442E9DB30468A
:108FA00070BD00BF2DE9F043436899897E2983B0E5
:108FB0005ADC81465A7A58894900FFF7FBFBD9F8F9
:108FC00004304268597A5F890129804602F1100411
:108FD0003FD0042957D19E89B6001F367611B600BE
:108FE000517A01293CD0042944D19589AD001F351F
:108FF0006D11AD00D9F804202848517A284A01297A
:1090000008BF10460FB303F10F0E4FF0000905F132
:10901000FF3C002D14DD7146002311F8012F02F0F2
:109020000F026345825C227008BF013405D00A78C4
:1090300012110234825C04F8012C0233AB42ECDBE7
:1090400009F10109B945B644E3D1404603B0BDE892
:10905000F0839E89517A073601294FEAE606C2D18C
:1090600095890735ED10C5E74FF00008404603B07D
:10907000BDE8F08340F2353001934FF0FF3502F048
:1090800001F9019BB6E740F2353001934FF0FF360E
:1090900002F0F8F8D8F80420019BA1E7C0A7020865
:1090A000B0A70208F8B543685B7A042B00D0F8BD7E
:1090B00002F00F068E42FAD005460F46FFF730FB4E
:1090C0006B6817B99A89520721D15A68082A03F1A7
:1090D0001001ECD01144340109390F3364B213F894
:1090E000010F00F00F02BA4204BF20F00F0030431E
:1090F000B7EB101F03D100F00F002043C0B299421C
:109100001870ECD1F8BD9A8901379742CFDA5A89A5
:10911000002AF8D0002404E06B685A890134944294
:10912000F1DA3A4621462846FFF700FA0028F3D143
:1091300033463A4621462846FFF744FAECE700BF9B
:109140002DE9F0411C4684B08C420746DDE90A5304
:1091500006DB8BE02E46204615460C46324601467D
:10916000A142F7DBB2EB0508A1EB040610D1002EFB
:109170006CD04FF0010C0B932A4606EB0C032146F2
:109180003846CDF828C004B0BDE8F041FFF744BC34
:109190007EB9B8F1000F64DD08F10102CDE90A23C0
:1091A0002A4621463846012304B0BDE8F041FFF7C6
:1091B00033BC002952DBD7F804C0BCF80A00A04237
:1091C0004CDD002C05DA04FB08F494FBF6F42D1BAF
:1091D0000024884207DC0138411A08FB01FE0146E1
:1091E0009EFBF6F002449542BCF80C0045DB82423F
:1091F00034DA002D32DB002A05DA06FB02F292FB9C
:10920000F8F2891A0022854207DB0138451B06FB6C
:1092100005FC05469CFBF8F004443846CDE90223E2
:109220000191FFF77DFAB8F1000FDDE90112039B10
:109230003ADB4645CDE90A2338460B462A46214605
:109240003CDC04B0BDE8F041FFF740BA2A462146B5
:10925000384604B0BDE8F041FFF73CBB04B0BDE8C0
:10926000F081C8F10101CDE90A139AE716460846D4
:109270002A4621463546044674E78542EEDA002A3E
:10928000ECDB002D05DA06FB05F595FBF8F5641B14
:1092900000258242C1DB0138821A06FB02FC02462D
:1092A0009CFBF8F00144B8E7C8F1000846450B9371
:1092B00009DD0A920B462A462146384604B0BDE82D
:1092C000F041FFF7D9B90A9523463846B9E700BF00
:1092D00010B5141482B0CDE9004313B20A1409B2D8
:1092E000FFF72EFF02B010BDF8B50F1E16DB1446B7
:1092F00000221E460546FFF70BF978B1069B002BAE
:109300000CDB002219462846FFF702F930B1079B13
:10931000002B03DD6B685A7A042A00D0F8BD72680E
:10932000517A0429FAD19889558981001F31491150
:109330001033890007FB0137079B1E198642A8BF1F
:109340000646002C4FEA054595FBF3F52FDB01D0CF
:1093500007EB64070021938906989B001F335B117C
:109360009B00A64200FB03F302F11002D6DD02EBE4
:10937000030C4B14CA031CF803304CBF1A1103F042
:109380000F0297F9003014F0010F03F00F0004BF33
:1093900023F00F03134340EA021004F1010414BF49
:1093A00007F8010B3B70B4422944E2D1F8BD05FB3C
:1093B00004F149420024CEE730B51D1483B01CB23D
:1093C000CDE9004513460A1409B2FFF78DFF03B03B
:1093D00030BD00BF2DE9F04F89B05C000594C4F1A9
:1093E000010403945C1E53D4012306928B468246EB
:1093F00007930493002507E0049A013C02321344CA
:10940000A5420492039343DC069E129B4FEA450952
:10941000A6EB050809F10109CDE9009342460123B5
:109420000BEB04015046FFF7F7FA6700129B013778
:10943000361BCDE90073324601230BEB0501504684
:10944000FFF7EAFA129B019342460123ABEB0401BA
:109450005046CDF80090FFF7DFFA129B0193324699
:1094600001230097ABEB05015046FFF7D5FA039BAC
:10947000059A002BA3EB0203BEDC039A079B11465F
:1094800001351944A54203F1020303910793BBDDA3
:1094900009B0BDE8F08F00BF10B582B00C46009354
:1094A00009B213462214FFF795FF02B010BD00BFAA
:1094B00010B50422FFF77EF90446D8B143685A6814
:1094C000083A032A03F110030BD913F0030009D162
:1094D00022F00301194443F8040B8B42FBD102F044
:1094E00003022AB11A440021197001339342FBD1BF
:1094F000204610BD40F2913001F0C4FE204610BD60
:10950000032A70B40FD940EA01039B0710D0034629
:109510001A440C78E4B21C700133934201F101014A
:10952000F7D170BC70470346002AF1D170BC704778
:1095300022F00303CE18041F51F8045B44F8045FC3
:10954000B142F9D102F003020344002AE0D1EDE771
:1095500070B54A68436855895E89AE4200D070BDD7
:1095600096899D89AE42FAD1527A5B7A9A42F6D1B7
:109570000D460446FFF7D4F8696860684A68103001
:10958000083A1031BDE87040FFF7BABF2DE9F04F3F
:10959000D1F804C0BCF80A5005EB0209B9F1000F7C
:1095A0008BB058DD4468B4F80AB05A45074652DA21
:1095B000BCF80C001E18002E03964CDDB4F80C808D
:1095C000434548DA002BC0F2C880A8EB030E86455D
:1095D0007646A8BF06460696667A0296149E9CF8C2
:1095E00009A016F1020F02D1002A00F09980BAF109
:1095F000010F00F03281BAF1040F40F01C868000A8
:109600001F304011800004900298012800F0198159
:10961000042840F02186B4F80CC048684FEA8C0C4E
:109620000CF11F0C4FEA6C1C4FEA8C0610300196AF
:109630001034059043B17868407A012800F08A80A0
:10964000042801D104EB63040298042800F08A8006
:109650000299012903D000200BB0BDE8F08FBAF1C8
:10966000010FF8D17968487AB1F80CA001F110081F
:10967000A8EB040101280AF1FF3A069100F0CC851D
:10968000042840F01786BAF1000F40F026860699AC
:109690000791002DDFD003990198059ECDF8089021
:1096A00003F0070A5144089100FB0244A1F10808A5
:1096B000059307E0049B1E44019B1C44029B01325E
:1096C0009A42C8D05A45F5D2069B059F03EB040E7B
:1096D000079B4745B446254603EB040980F2A7855E
:1096E0000021039207E001432970474505F1010578
:1096F000194680F2C0801CF8013BAE4507F108070F
:1097000003FA0AF3F1D843EA2121A945C9B2ECD3FF
:10971000149A28780132E6D10142E6D001209BE775
:10972000002B7FF464AF029EB2457FF460AF5D45CD
:109730007FF45DAF40457FF45AAF38460193FFF7A1
:1097400007FF019B184687E7002B00F0EC854FF0E0
:10975000FF30019004EBE30476E74645A8BF464698
:10976000069639E7BAF1040F00F0A880BAF1010FAC
:109770007FF471AF002B51DB002D3FF46CAF059DE2
:10978000594203F00100002B01F007014FF00103E3
:1097900005F1010A019D03FA01F3149905FB024446
:1097A000069DB4BF002001230901054406934BB276
:1097B0000390AE46029307E0049B01329A44019B5A
:1097C0004A451C443FF447AF5A45F5D2039B1AF86B
:1097D00001CC73452546D046EEDA0699059210E095
:1097E00095F90000029A00F00F071743149A20F031
:1097F0000F001043002E3CD02F700135013373450C
:109800005AD0B1F5807F2DD0084649001CEA000FE0
:1098100003F00106E4D1002EF0D0EEE74868467A66
:109820001030012E0590C3F1000400F05D85042E78
:1098300040F06085059901EB640105917C68103466
:109840009AE7B4F80CC048680CF1070C4FEAEC0634
:109850001030019610340590ECE60730C0100490EB
:109860000298D2E698F800C0022108F10108012010
:10987000CCE72870C2E7039A0899CF1B002F7FF727
:1098800019AFAE453FF616AFA945FFF413AF9CF8EC
:109890000010287801FA0AF141EA2323C7F10807EA
:1098A000FF2141FA07F714993B400131DBB200F088
:1098B000FC8403432B70FDE6059A7DE7049989102B
:1098C000002D3FF4C8AE0398DDF814A0CDF80C903D
:1098D0004045A8BF404606460198059300FB024458
:1098E000A6F1080006908800029003F00100A8F19C
:1098F000080704908C465A4580F0EA8014980028A6
:1099000051462346C0F2FB80DDE90430251DE646C2
:10991000002B40F0AE81904667E0B84203F00F02A2
:1099200000F3E0803AB115F8049C29F00F0949EAE8
:10993000020205F8042C13F0F00F09D015F8049C6E
:1099400023F00F0209F00F0949EA020205F8042C7E
:10995000C3F30329B9F1000F07D015F8032C22F047
:109960000F0242EA090205F8032C4FEA133919F0F5
:109970000F0F07D015F8032C02F00F0242EA09126C
:1099800005F8032CC3F30349B9F1000F07D015F80C
:10999000022C22F00F0242EA090205F8022C4FEADB
:1099A000135919F00F0F07D015F8022C02F00F020F
:1099B00042EA091205F8022CC3F30369B9F1000F5A
:1099C00007D015F8012C22F00F0242EA090205F82F
:1099D000012C1B0F07D015F8012C02F00F0242EAF0
:1099E000031305F8013C083004351EF1FF3EC0F0BA
:1099F0002682002851F8043B8FDA13F0F00F0DD0C7
:109A0000421C0BD4964209DD15F8049C23F00F028A
:109A100009F00F0949EA020205F8042CC3F30322F6
:109A200062B110F1020909D44E4507DD15F8039C17
:109A300029F00F0949EA020205F8032C1A0B12F06B
:109A40000F0F0CD010F1030909D44E4507DD15F8AE
:109A5000039C09F00F0949EA021205F8032CC3F32D
:109A6000034262B110F1040909D44E4507DD15F82F
:109A7000029C29F00F0949EA020205F8022C1A0D8E
:109A800012F00F0F0CD010F1050909D44E4507DD77
:109A900015F8029C09F00F0949EA021205F8022C98
:109AA000C3F3036262B110F1060909D44E4507DD24
:109AB00015F8019C29F00F0949EA020205F8012C6A
:109AC0001B0F90D0C21D8ED496428CDD83E74A4690
:109AD000029B9A44019B1C44039B01329A427FF4EF
:109AE0000AAFB8E5002A88D0B04286DA15F8049C9F
:109AF00029F00F0949EA020205F8042C7DE71498C1
:109B00000230049800F09D81059B251D002840F03F
:109B100031828646914649E09F4200F00F02C0F232
:109B20009E8022B115F8042C12077FF4F7AD10F0D7
:109B3000F00F05D015F8042C12F0F00F7FF4EEAD05
:109B400010F4706F04D015F8032C12077FF4E6AD03
:109B500010F4704F05D015F8032C12F0F00F7FF4BD
:109B6000DDAD10F4702F04D015F8022C12077FF42D
:109B7000D5AD10F4700F05D015F8022C12F0F00FCF
:109B80007FF4CCAD10F0706F04D015F8012C1207E3
:109B90007FF4C4AD020F05D015F8012C12F0F00FC0
:109BA0007FF4BCAD0EF1010E08330435E6458ED0CE
:109BB000002B51F8040BAFDA10F0F00F09D05A1C4B
:109BC00007D4964205DD15F8042C12F0F00F7FF44F
:109BD000A5AD10F4706F08D09A1C06D4964204DD2F
:109BE00015F8032C12077FF499AD10F4704F09D0CB
:109BF000DA1C07D4964205DD15F8032C12F0F00F9D
:109C00007FF48CAD10F4702F09D013F1040806D442
:109C1000464504DD15F8022C12077FF47FAD10F4E1
:109C2000700F09D05A1D07D4964205DD15F8022C95
:109C300012F0F00F7FF472AD10F0706F08D09A1D23
:109C400006D4964204DD15F8012C12077FF466ADA8
:109C5000020FA7D0DA1DA5D49642A3DD9CE7002A07
:109C6000AAD09E42A8DD15F8042C12077FF456AD49
:109C7000A2E7914664E0874203F00F02C0F2D2806F
:109C80003AB115F8042C02F00F0242EA031205F86B
:109C9000042CC3F30318B8F1000F07D015F8032CF8
:109CA00022F00F0242EA080205F8032C4FEA1328BB
:109CB00018F00F0F07D015F8032C02F00F0242EA3C
:109CC000081205F8032CC3F30338B8F1000F07D0CE
:109CD00015F8022C22F00F0242EA080205F8022CC5
:109CE0004FEA134818F00F0F07D015F8022C02F0B6
:109CF0000F0242EA081205F8022CC3F30358B8F128
:109D0000000F07D015F8012C22F00F0242EA0802DA
:109D100005F8012C4FEA136818F00F0F07D015F85B
:109D2000012C02F00F0242EA081205F8012C1B0F69
:109D300004D02A7822F00F0213432B700830043528
:109D40001EF1FF3EFFF4C3AE002851F8043B92DA47
:109D5000C3F3031262B110F1010809D4464507DDCF
:109D600015F8038C28F00F0848EA020205F8032CC6
:109D70001A0A12F00F0F0CD010F1020809D4B045E6
:109D800007DA15F8038C08F00F0848EA021205F804
:109D9000032CC3F3033262B110F1030809D4B045B8
:109DA00007DA15F8028C28F00F0848EA020205F8D5
:109DB000022C1A0C12F00F0F0CD010F1040809D469
:109DC000B04507DA15F8028C08F00F0848EA0212CD
:109DD00005F8022CC3F3035262B110F1050809D44F
:109DE000464507DD15F8018C28F00F0848EA020205
:109DF00005F8012C4FEA136818F00F0F0BD0821DE5
:109E000009D4964207DD15F8012C02F00F0242EA50
:109E1000081805F8018C1B0F90D0C21D8ED49642F5
:109E20008CDD86E7002A93D0864291DD15F8042C5C
:109E300002F00F0242EA031205F8042C88E74246BA
:109E400046E6002840F0488105980792E64610E073
:109E5000069A82427FDB4FEA15294FEA154803F83C
:109E6000045C2D0E03F8039C03F8028C03F8015CDC
:109E700008301EF1FF3E7BD3002803F1040351F8A4
:109E8000045BE5DA10F101080BD4464509DD13F84F
:109E9000048C25F00F0908F00F0848EA090803F8B8
:109EA000048C10F102080BD4464509DD13F8038C2D
:109EB000C5F3032928F00F0848EA090803F8038CC2
:109EC00010F103080BD4464509DD13F8038C4FEA63
:109ED000153908F00F0848EA091803F8038C10F147
:109EE00004080BD4464509DD13F8028CC5F3034979
:109EF00028F00F0848EA090803F8028C10F1050859
:109F00000BD4464509DD13F8028C4FEA155908F0C9
:109F10000F0848EA091803F8028C10F106080BD460
:109F2000464509DD13F8018CC5F3036928F00F08D5
:109F300048EA090803F8018C10F1070898D446454F
:109F400096DD13F8018C2D0F08F00F0848EA05156F
:109F500003F8015C8CE7864294DD13F8048C05F06D
:109F60000F0928F00F0848EA090803F8048C89E76C
:109F7000079AADE54FF0000E914648E09F4200F091
:109F80000F02C0F29E802AB115F8042C12F0F00FD7
:109F90007FF4C4AB10F0F00F04D015F8032C1207B7
:109FA0007FF4BCAB10F4706F05D015F8032C12F0E1
:109FB000F00F7FF4B3AB10F4704F04D015F8022CFF
:109FC00012077FF4ABAB10F4702F05D015F8022CFC
:109FD00012F0F00F7FF4A2AB10F4700F04D015F85C
:109FE000012C12077FF49AAB10F0706F05D015F8B2
:109FF000012C12F0F00F7FF491AB020F03D02A78FE
:10A0000010077FF48BAB0EF1010E08330435E645E3
:10A010003FF45DAD002B51F8040BAFDA10F0F00FF8
:10A0200008D05A1C06D4964204DD15F8032C1207FA
:10A030007FF474AB10F4706F09D09A1C07D4964269
:10A0400005DD15F8032C12F0F00F7FF467AB10F468
:10A05000704F08D0DA1C06D4964204DD15F8022CA5
:10A0600012077FF45BAB10F4702F0AD013F10408D1
:10A0700007D4464505DD15F8022C12F0F00F7FF4E9
:10A080004DAB10F4700F08D05A1D06D4964204DD73
:10A0900015F8012C12077FF441AB10F0706F09D056
:10A0A0009A1D07D4964205DD15F8012C12F0F00F29
:10A0B0007FF434AB020FA6D0DA1DA4D49642A2DD01
:10A0C0009DE7002AAAD09E42A8DD15F8042C12F0C4
:10A0D000F00FA3D0FFF722BB05980792E6461FE0DA
:10A0E000069A8242C0F28D8013F8049C93F8008097
:10A0F00009F00F0928F00F0849EA051948EA157810
:10A1000003F8049C83F800804FEA15194FEA1538CC
:10A110002D0D03F8039C03F8028C03F8015C083052
:10A120001EF1FF3EFFF424AF002803F1040351F8B1
:10A13000045BD5DA10F101080BD4464509DD13F8AC
:10A14000038CC5F3031928F00F0848EA090803F83F
:10A15000038C10F102080BD4464509DD13F8038C7B
:10A160004FEA152908F00F0848EA091803F8038C8C
:10A1700010F103080BD4464509DD13F8028CC5F332
:10A18000033928F00F0848EA090803F8028C10F197
:10A1900004080BD4464509DD13F8028C4FEA154933
:10A1A00008F00F0848EA091803F8028C10F10508B6
:10A1B0000BD4464509DD13F8018CC5F3035928F08B
:10A1C0000F0848EA090803F8018C10F106080BD4BF
:10A1D000464509DD13F8018C4FEA156908F00F08B0
:10A1E00048EA091803F8018C10F1070897D446458E
:10A1F00095DD93F8008028F00F0848EA15751D706A
:10A200008DE7864296DD13F8048C08F00F0848EAC3
:10A21000051803F8048C8DE7BAF1000F3FF437AA54
:10A2200008EBEA08A8EB04010791FFF732BA059F93
:10A230000023FFF721BB40F23530079305920191CF
:10A2400001F020F87C68059A607A01994FF0FF339D
:10A250000493079BFFF7D9B940F23530CDE90723C6
:10A26000019101F00FF87C68019994F809C04868E1
:10A27000BCF1010F00F11003059304F11004DDE9B6
:10A2800007233FF461AABCF1040F46D040F23530F9
:10A29000CDE90823079100F0F5FF4FF0FF3301935C
:10A2A0000799DDE90823FFF7C5B903423FF402AA85
:10A2B000FFF734BA40F235300793029200F0E2FF24
:10A2C000029A079BBAF1000F3FF4E1A97968497A35
:10A2D0000129A5D004297FF4DAA908EB6A08A8EBC4
:10A2E00004010791FFF7D5B9059901EBE401059148
:10A2F000FFF7A4BA40F23530CDE90212079300F01F
:10A30000C1FF0299039A4968079B497A0129EBD05A
:10A3100004297FF493AAFFF78DBA23B14FF0FF30E1
:10A320000190FFF78FB94FF0FF300190FFF78CB924
:10A330002DE9F04182B00E461746984605460124A5
:10A34000FEF7EEF943463A46314628460094FFF7B9
:10A350001DF902B0BDE8F08110B582B04FF0FF34B6
:10A360000094FFF713F902B010BD00BFF0B504462A
:10A3700083B00D4616461F46FEF7D2F963686A6839
:10A380005B7A042B02D1537A042B15D00021538918
:10A3900001919289009231463A462046FEF73CFBF5
:10A3A0004FF0010C3B46324629462046CDF800C00E
:10A3B000FFF7ECF803B0F0BD6FF0010CF2E700BF5F
:10A3C0002DE9F047814688461546FEF7A9F9D9F8E8
:10A3D0000400437A012B58D0042B40F0AD808489CF
:10A3E000A4001F346411A400002D53D1B8F1000F54
:10A3F00047891DDB1AD0B84500F1100579DB04FB55
:10A4000007F4032C0BD915F0030209D124F0030340
:10A410002B4445F8042B9D42FBD104F003042CB1DE
:10A420002C4400232B700135A542FBD1BDE8F087F9
:10A43000C8F1000ABA4500F11006437A3BDB012B54
:10A4400053D0042B40F08180828992001F32521138
:10A45000920004FB07F4032C05FB02630BD913F0F5
:10A4600003010AD124F003021A4443F8041B934267
:10A47000FBD104F00304002CD8D01C4400221A7035
:10A480000133A342FBD1BDE8F08784890734E4108F
:10A49000002DABD041680830FEF76AF90021044670
:10A4A0004846FEF7EBFB2B46424621464846BDE8B0
:10A4B000F047FFF75BBF012B38D0042B56D18189C1
:10A4C00089001F31491189000AFB01F108EB0705DA
:10A4D0003144304604FB05F20FF076FAD9F8040057
:10A4E0005746437A00F11006A9E782890732D21055
:10A4F000AFE7437A012B14D0042B2DD18089800043
:10A500001F30401180002946A7EB080200FB0850CD
:10A5100004FB02F20FF058FAD9F804504746103500
:10A520006DE780890730C0102946EDE78189073142
:10A53000C9100AFB01F1C9E740F2353000F0A2FE74
:10A540004FF0FF34D9F804004EE740F2353000F008
:10A5500099FE4FF0FF327CE740F2353000F092FE7A
:10A56000D9F804104FF0FF301031CDE740F235300C
:10A5700000F088FE4146A9E72DE9F843054600AF03
:10A58000FEF7CEF86C68637A012B2FD0042B37D1FD
:10A59000A589B4F80A80AD001F356D11AD002E46B7
:10A5A00008F1FF3810342B46073308FB064623F02A
:10A5B0000703ADEB030DA642E84614D9C5F1000927
:10A5C00021462A464046FEF79BFF31462A46204652
:10A5D000FEF796FF2C4430462A4641464E44FEF78D
:10A5E0008FFFB442ECD3BD46BDE8F883A589B4F82B
:10A5F0000A800735ED102E4608F1FF381034D2E7F7
:10A6000040F2353000F03EFE6B685A7A5E89012ACE
:10A6100006F1FF3803F110040AD0042A0ED040F2EC
:10A62000353000F02FFE4FF0FF331D461E46BBE7CE
:10A630009B890733DE104FF0FF35B4E79B899B0001
:10A640001F335B119E004FF0FF35ACE72DE9F0475B
:10A6500043685A897E2A33DC0446998950005A7A25
:10A66000FEF7A8F8636845685A7A5E89012A0746AA
:10A6700005F1100503F110081ED0042A24D19C898D
:10A68000A4001F346411A4009EB14FEA440A4FF0A5
:10A690000009414622462846FEF732FF09F101092A
:10A6A000414628192246FEF72BFF4E45A04455444B
:10A6B000EFD13846BDE8F0879C890734E410E3E722
:10A6C00000273846BDE8F08740F2353000F0DAFD6B
:10A6D0004FF0FF34D8E700BF38B5FFF7B7FF0446A7
:10A6E000FCF726F82046FEF75DFC05462046FCF701
:10A6F0002DF8284638BD00BF38B50546FEF786F868
:10A70000A8B10C20FBF7E4FE044628B10B4A4560D3
:10A710000023026083605DB12046FCF709F8204603
:10A72000FFF7DAFF05462046FCF710F8686838BDE9
:10A7300040F2353000F0A6FDEEE700BFECA70208BE
:10A74000F8B50446FEF762F870BB07462046FEF7F0
:10A7500083F8002839D0616838460431FAF780F868
:10A7600087230372237A03F00F034372637A4381D2
:10A77000A37A8381C781626804F10C01043A05461B
:10A780001030FEF7BDFE2846FBF7D2FF0C20FBF78A
:10A790009FFE064618B1C0E901570D4B03602846DD
:10A7A000FBF7D4FF3046F8BD0C20FBF791FE0646C0
:10A7B00058B1074A4460002302608360002CF1D145
:10A7C00040F2353000F05EFDECE700263046F8BD83
:10A7D000ECA70208F0B50C4683B0064615461F46A6
:10A7E000FDF79EFF2046FFF7ABFF18B143685B7A89
:10A7F000012B01D003B0F0BD0146009730462B1469
:10A800002AB2FEF7C3FE03B0F0BD00BFFFF798BF4A
:10A81000032A19D9830721D130B422F0030301EBB5
:10A82000012505EB05450344044644F8045B9C42BE
:10A83000FBD102F003022AB1C9B21A4419700133E4
:10A840009A42FBD130BC7047034632B1C9B21A44B8
:10A85000197001339A42FBD1704770470346F5E700
:10A8600070B5144D2C680CB1204670BD4FF49D603E
:10A8700006F0E8FE4FF0FF3104460320FAF76AFBCA
:10A8800000B2FCF763FF4FF0FF3106460220FAF7F3
:10A8900061FB00B2FCF75AFF31460246204603F046
:10A8A00065FC214604F1DC00782200F003F92C60FD
:10A8B000204670BD34060020044B002103F5806261
:10A8C00003F8011F9342FBD1704700BF37060020F9
:10A8D000094B03EBC00009B100EBE100012301F0DB
:10A8E000070103FA01F1037812B10B4303707047BB
:10A8F00023EA0103037070473806002008B5FFF70C
:10A90000AFFF0349DC30BDE8084000F045BB00BFA5
:10A9100038060020002868D0F8B5476807F1100213
:10A9200007F58057103711464FF6FF7341F22104A7
:10A9300011F8016B082583EA06231E044CBF84EA44
:10A9400043035B00013D9BB2F7D1B942F0D12749E7
:10A950000C889C4248D0264E0B8006F5806C01275F
:10A96000002307E00A4301338EF80020402B4268A1
:10A9700019D010325119EBB15A108C5CDA071ED580
:10A98000241106EBE30E03F0070207FA02F19EF82A
:10A990000020002CE6D122EA010201338EF80020CB
:10A9A000402B4268E5D10836B44505F1200509D0B1
:10A9B0001032D5E7545DB64604F00F04E3E704F027
:10A9C0000F04DEE75389802B02D19389402B03D0FB
:10A9D00040F28A3000F056FCFFF742FF0449DC30B9
:10A9E000BDE8F84000F0D8BAF8BD70478C270020C9
:10A9F00038060020704700BF38B50C4D2C680CB1EC
:10AA0000204638BD182006F01DFE4FF0FF310446E9
:10AA10001B20FAF79FFA00B2FCF798FE08220146C5
:10AA2000204600F00DFB2C60204638BD380A00207F
:10AA30002DE9F04190461E4605460C46FFF7DCFF27
:10AA40000368DB6907469847B8F1000F0AD004EBAA
:10AA5000840463000C49A3F5A07381FB0321DC1778
:10AA6000C4EBA104012DA1B2384609D002F0FCF9D3
:10AA700032462946B8881023BDE8F041FCF752BDA4
:10AA800002F00CFAF4E700BF398EE33810B5044643
:10AA9000FFF7B2FFF3F70CFF4CB100EBC000044B23
:10AAA000400083FB0023C017C0EBA300203010BD83
:10AAB000676666662DE9F043016093B000210C469D
:10AAC00005460123A0F8082412220CA803F044FF35
:10AAD0000B940B990CA803F0FBFB322006F076FEDA
:10AAE00001230B930B990CA803F0F2FB322006F024
:10AAF0006DFEAE238DF827309DF8273028688DF83D
:10AB000028408DF829300368B5F8081400949E6930
:10AB10000AAA0223B0478DF826409DF826302868FF
:10AB20008DF828408DF829300368B5F80814009492
:10AB30009E690AAA0223B04710238DF825309DF89C
:10AB4000253028688DF828408DF829300368B5F83D
:10AB50000814009440269F690AAA0223B8478DF87A
:10AB600024609DF8243028688DF828408DF829301D
:10AB70000368B5F8081400949F690AAA0223B8472D
:10AB800081238DF823309DF8233028688DF82840E4
:10AB90008DF829300368B5F8081400949F690AAA53
:10ABA0000223B847CF238DF822309DF82230286841
:10ABB0008DF828408DF829300368B5F80814009402
:10ABC0009F690AAA0223B847A1238DF821309DF876
:10ABD000213028688DF828408DF829300368B5F8B1
:10ABE000081400949F690AAA0223B847A6238DF887
:10ABF00020309DF8203028688DF828408DF82930C5
:10AC00000368B5F8081400949F690AAA0223B8479C
:10AC1000A8238DF81F309DF81F3028688DF8284034
:10AC20008DF829300368B5F8081400949F690AAAC2
:10AC30000223B8473F238DF81E309DF81E30286848
:10AC40008DF828408DF829300368B5F80814009471
:10AC50009F690AAA0223B847D3238DF81D309DF8B7
:10AC60001D3028688DF828408DF829300368B5F824
:10AC7000081400949F690AAA0223B8478DF81C4063
:10AC80009DF81C3028688DF828408DF8293003681D
:10AC9000B5F8081400949F690AAA0223B847D5237F
:10ACA0008DF81B309DF81B3028688DF828408DF8F2
:10ACB00029300368B5F8081400949F690AAA022392
:10ACC000B84780238DF81A309DF81A3028688DF81F
:10ACD00028408DF829300368B5F8081400949F695E
:10ACE0000AAA0223B847D9238DF819309DF81930E4
:10ACF00028688DF828408DF829300368B5F80814C5
:10AD000000949F690AAA0223B847F1238DF81830EE
:10AD10009DF8183028688DF828408DF82930036890
:10AD2000B5F8081400949F690AAA0223B847DA23E9
:10AD30008DF817309DF8173028688DF828408DF869
:10AD400029300368B5F8081400949F690AAA022301
:10AD5000B84712238DF816309DF8163028688DF804
:10AD600028408DF829300368B5F8081400949F69CD
:10AD70000AAA0223B847DB238DF815309DF8153059
:10AD800028688DF828408DF829300368B5F8081434
:10AD900000949F690AAA0223B8478DF814609DF8B1
:10ADA000143028688DF828408DF829300368B5F8EC
:10ADB000081400949F690AAA0223B8478D238DF8CE
:10ADC00013309DF8133028688DF828408DF829300D
:10ADD0000368B5F8081400949F690AAA0223B847CB
:10ADE00014238DF812309DF8123028688DF8284011
:10ADF0008DF829300368B5F8081400949F690AAAF1
:10AE00000223B847AF238DF811309DF81130286820
:10AE10008DF828408DF829300368B5F8081400949F
:10AE20009F690AAA0223B847C8238DF810309DF8FD
:10AE3000103028688DF828408DF829300368B5F85F
:10AE4000081400949F690AAA0223B84720238DF8AA
:10AE50000F309DF80F3028688DF828408DF8293084
:10AE60000368B5F8081400949F690AAA0223B8473A
:10AE70008DF80E409DF80E3028688DF828408DF82A
:10AE800029300368B5F8081400949F690AAA0223C0
:10AE9000B84721238DF80D309DF80D3028688DF8C6
:10AEA00028408DF829300368B5F8081400949F698C
:10AEB0000AAA0223B8478DF80C409DF80C30286888
:10AEC0008DF828408DF829300368B5F808140094EF
:10AED0009F690AAA0223B8477F238DF80B309DF89B
:10AEE0000B3028688DF828408DF829300368B5F8B4
:10AEF000081400949F690AAA0223B84722238DF8F8
:10AF00000A309DF80A3028688DF828408DF82930DD
:10AF10000368B5F8081400949F690AAA0223B84789
:10AF20008DF809409DF8093028688DF828408DF883
:10AF300029300368B5F8081400949F690AAA02230F
:10AF4000B84707238DF808309DF8083028688DF839
:10AF500028408DF829300368B5F8081400940AAA2F
:10AF6000D3F8189005F10608022340F20147C847BC
:10AF700021463A464046FFF74BFC2868AE7106680A
:10AF8000B5F80814009442463B46B469A0472846E9
:10AF900013B0BDE8F08300BF2DE9F041002782B077
:10AFA0004FF0010E4FEAC70C00240137E310CA1816
:10AFB00007EBC313034412F80C809D7904F00702D9
:10AFC0000EFA02F218EA020FD6B246EA050204F1BE
:10AFD00001040ABFB5439A719D71402CE6D1802FC0
:10AFE000E0D10246B0F8081452F8060B00240368BA
:10AFF00000949C6940F20143A04702B0BDE8F08193
:10B00000704700BF704700BF0048704716FCFFFF45
:10B0100010B5034B0360044602F0D4F8204610BD7F
:10B0200024A8020810B5054B0360044602F0CAF8D4
:10B03000204618210EF0ABFB204610BD24A80208C4
:10B0400010B5044602F0E2F8014B2360204610BD23
:10B0500024A8020870B5436C84B04FF40872ADF8B0
:10B060000C20C3B11A68B0F84C10002504460095B6
:10B0700018469669022303AAB047606C40F2071392
:10B08000ADF80C3038B10368B4F84C1000959C69E9
:10B0900003AA0223A047002004B070BD10B5034BE3
:10B0A0000360044601F08AFB204610BD50A8020848
:10B0B00010B5054B0360044601F080FB2046542187
:10B0C0000EF065FB204610BD50A80208F8B50446F6
:10B0D0000F4616461946BDF81C20BDF8185001F061
:10B0E000D1FB084A2260002384F84E306764A664CE
:10B0F000A4F84C5001F0F8FF20652046FFF7AAFFA6
:10B100002046F8BD50A80208F0B5474A474B1268E0
:10B110009A4285B0044613D094F84E306BB9636CF4
:10B120005BB101F0E1FFB0F16405226D41F1FF3642
:10B130000023B34208BFAA4208D3002005B0F0BDE7
:10B1400000F088F83A4B1B689847E5E7606CB4F864
:10B150004C1003680126CDE900660D225D6A03AB41
:10B16000A847606CB4F84C1003689DF80C50CDE90A
:10B1700000660F225F6A03ABB847606CB4F84C10EE
:10B180000268CDE9006603AB9DF80C60576A112296
:10B19000B8479DF80C30274A21687F2DC8BFA5F518
:10B1A00080757F2EC8BFA6F580767F2BC8BFA3F51C
:10B1B0008073AD0248BF3F35B6024FEAA51548BFC0
:10B1C0003F369B024FEAA61648BF3F33B5F5806F66
:10B1D0004FEAA310A8BF4FF48065B6F5806FA8BFF3
:10B1E0004FF48066B0F5806FA8BF4FF48060964240
:10B1F000B8BF16469542B8BF15469042B8BF104634
:10B200006B42764201252062C4E9066320464B6BFF
:10B2100084F84E50984701F067FF00232065002016
:10B2200084F84E3005B0F0BD9401002034CD12AB4F
:10B230000464000800FCFFFF08B5FFF765FF00206D
:10B2400008BD00BFFFF760BFEFF31080704700BF7D
:10B2500062B6704772B6704720BF704706F0B6BA44
:10B26000BFF34F8F0549064BCA6802F4E0621343EF
:10B27000CB60BFF34F8F00BFFDE700BF00ED00E0E4
:10B280000400FA0508B5014672B6024800F03CFC1D
:10B29000FEE700BF88A80208024BD3E90330184438
:10B2A000704700BF10020020402001F057B900BFD6
:10B2B0008163704741637047C1637047C06B7047DB
:10B2C000EFF30980704700BF406B7047C0E9001280
:10B2D000836070476FF47D70704700BF6FF47D70BE
:10B2E000704700BF6FF47D70704700BFC1600020E1
:10B2F000704700BF6FF47D70704700BF38B50368BA
:10B300009B6904460D46984778B1236820465B68E0
:10B310009847B5FA85F35B09984206D12368294618
:10B320001B6820469847002038BD014838BD00BF43
:10B3300012FCFFFF704700BF704700BF10B510211F
:10B3400004460EF024FA204610BD00BF10B51C21A3
:10B3500004460EF01CFA204610BD00BF70B50E4C1E
:10B36000206818B1BDE8704004F0DEBA0B4D4FF014
:10B37000FF31286806F072FF23683BB1286806F0A9
:10B3800077FF2068BDE8704004F0CEBA261D304635
:10B3900004F0ACFA2660F1E7780F0020382A00208C
:10B3A00070B5104C206828B14FF0FF31BDE87040F7
:10B3B00004F0B6BA0C4D4FF0FF31286806F04EFF8E
:10B3C00023684BB1286806F053FF20684FF0FF3127
:10B3D000BDE8704004F0A4BA261D304604F086FA99
:10B3E0002660EFE7780F0020382A00202DE9F84387
:10B3F00003799A0740F1E480C3885B07044624D5AB
:10B400008669371D227C3368F12A9B687A4A3FD0CF
:10B41000934259D1794D2B68002B6CD028684FF09E
:10B42000FF3104F07DFA384604F012FE3368744AA6
:10B43000DB68934204464AD1704D2868002849D001
:10B4400004F072FAA011BDE8F88303686B4D9B6DA0
:10B450009847102006F0F6F806462868694B3360D6
:10B4600094F81090002867D04FF0FF31371D04F09A
:10B4700057FA3846494604F07BFD286800284AD030
:10B4800004F052FAE388A66143F00403E380B9E7CD
:10B49000934266D1594D2868002865D04FF0FF319E
:10B4A00004F03EFA384604F0D3FD3368544ADB68B2
:10B4B0009342044651D1514D2868002864D004F0CD
:10B4C00033FA2046BDE8F88330469847ABE730466C
:10B4D0009847B7E7DFF834814FF0FF31D8F8000024
:10B4E00006F0BCFE2B68002B6CD0D8F8000006F0EC
:10B4F000BFFE2868A4E7DFF814814FF0FF31D8F8C9
:10B50000000006F0ABFE2B68002B61D0D8F80000DD
:10B5100006F0AEFE82E7DFF8F4804FF0FF31D8F896
:10B52000000006F09BFE2B68002B5DD0D8F80000D1
:10B5300006F09EFE2868A3E7DFF8D0804FF0FF31C9
:10B54000D8F8000006F08AFE2B68002B46D0D8F809
:10B55000000006F08DFE286886E7304698472046B2
:10B56000B0E7304698479DE7DFF8A0804FF0FF3105
:10B57000D8F8000006F072FE2B68DBB1D8F80000A6
:10B5800006F076FE286889E7DFF880804FF0FF310B
:10B59000D8F8000006F062FE2B682BB1D8F8000046
:10B5A00006F066FE28688AE72E1D304604F09EF9F4
:10B5B0002E60F3E72C1D204604F098F92C60DDE79F
:10B5C000114840E72E1D304604F090F92E608CE7BC
:10B5D0002C1D204604F08AF92C6097E72F1D384671
:10B5E00004F084F92F60B2E7DFF82490484604F0B5
:10B5F0007DF9C5F8009099E7A1B30108780F002004
:10B600005DB30108A8A8020816FCFFFF382A002035
:10B610007C0F002010B5044603F09EF9034B236015
:10B6200000236371E380A361204610BDC0A8020817
:10B6300088B110B504460EF04DFA0138204484421A
:10B6400007D22378027804F8012B00F801398442EC
:10B65000F7D3002010BD6FF47A707047F8B549B386
:10B6600080EAE074C4EBE0744F1E0025DFF84CC0A4
:10B6700000E01D468CFB0423E217C2EBA30202EBA1
:10B680008203C4EB43033033564207F8013F1446AC
:10B690006B1C002EEDD1002801EB030203DA2D22F2
:10B6A0000235CA544A19002308461370FFF7C0FF39
:10B6B0003046F8BD6FF47A76FAE700BF67666666D3
:10B6C000014B1860002070473C0A00200A4B0360C1
:10B6D00010B40A4C0023C380224602E00133402B01
:10B6E00006D052F8041B8842F8D1002244F82320E7
:10B6F0005DF8044B704700BF4CA90208400A0020C7
:10B700000048704716FCFFFF10B504460B4B0C4871
:10B7100023600023E380024602E00133402B06D081
:10B7200052F8041B8C42F8D1002240F82320204616
:10B7300008210EF02CF8204610BD00BF4CA90208CD
:10B74000400A0020013908B503290AD8DFE801F0D2
:10B750000B0B02020368084ADB68934201D0002108
:10B760009847002008BD0368034ADB689342F8D07D
:10B7700001219847F5E700BF09B0010870B584B012
:10B7800004AC04E90F00BDF80230012B18D0022BE5
:10B7900014D1154C154E04F5807501E0AC420DD066
:10B7A00054F8040F0028F9D0C3885B04F6D5036869
:10B7B0009B68B342F2D09847AC42F1D104B070BD5F
:10B7C000094C0B4E04F5807501E0A542F6D054F803
:10B7D000040F0028F9D0C3889A04F6D503685B6883
:10B7E000B342F2D09847F0E73C0A002005B00108C8
:10B7F00001B001082DE9F041324C82B0224600230D
:10B8000002E00133402B05D052F8041B0029F8D187
:10B8100044F823002C4C237813F001030BD12B4D5B
:10B820002A6842B10093102201234FF47A6000216C
:10B8300001F07AFC10B102B0BDE8F0812820D5F803
:10B840000080234E05F0FEFEC02300930122214B11
:10B850001021074600F0FCFED8F800305B68B342C8
:10B8600024D1384600F00CFF384628210DF08FFF18
:10B8700028202F6805F0E6FEC02300930222154B16
:10B880000F21054600F0E4FE3B685B68B34213D12C
:10B89000284600F0F5FE284628210DF078FF237891
:10B8A00043F00103237002B0BDE8F0814046394601
:10B8B00098470028DCD0D4E7384629469847002826
:10B8C000EDD0E5E7400A002095270020740F002006
:10B8D00001B701087DB7010810B4084C00232246C7
:10B8E00002E00133402B06D052F8041B8142F8D10C
:10B8F000002244F823205DF8044B7047400A0020E2
:10B900000048704728A7020800200021704700BFA8
:10B91000084600F085BC00BF084600F009BF00BF24
:10B920000846FFF7AFBC00BF0846FFF797BC00BF53
:10B93000FFF796BCF8B51B4D0E460446FFF78AFC90
:10B9400028688319B3F5806F374616D2043028442F
:10B95000731E2EB35E1CA119431E14F8012B03F8AD
:10B96000012FA142F9D13044002303702B683B44DE
:10B970002B60BDE8F840FFF76BBC0B4B6B6040F2EF
:10B98000FA3304229E422A6005DD084C1527142351
:10B9900005F10800DEE708202844731E002ED9D1E7
:10B9A0003746E1E7400B00202E2E2E0A90A9020810
:10B9B00030B587B062B901AC2146FFF74FFE204693
:10B9C0000EF088F801462046FFF7B4FF07B030BDFF
:10B9D000054600241C220CE08BB902B334B10846A2
:10B9E000303006AB2344013403F8140C043A131D21
:10B9F0000AD025FA02F303F00F030029ECD0092B3B
:10BA000058B2EDDD3730ECE706AB1C44002304F8F8
:10BA1000143C0221034801ACFFF78CFFCFE710462E
:10BA2000DEE700BF8CA902082DE9F047DFF8D480DB
:10BA3000324F82B081460E46151F494602E0252A44
:10BA4000194612D00B460C4613F8012B002AF6D1EA
:10BA5000A1EB09014846FFF76DFF1EB102212848FE
:10BA6000FFF768FF02B0BDE8F0876FEA09031944E9
:10BA70004846FFF75FFF637855F804AFCDF804A0A0
:10BA8000642B04F102091DD00CD9732B28D01FD9C7
:10BA9000752B17D0782B0BD1504601220021FFF7D0
:10BAA00087FFCAE7582B15D0632B06D0252B1FD054
:10BAB00003214046FFF73EFFBFE7012101A8FFF742
:10BAC00039FFBAE7002250461146FFF771FFB4E78D
:10BAD000702BEDD1012250461146FFF769FFACE70C
:10BAE00050460DF0F7FF01465046FFF723FFA4E74D
:10BAF00001213846FFF71EFF9FE700BFA8A90208F3
:10BB0000B0A90208ACA902080FB400B583B004AA1A
:10BB1000012152F8040B0192FFF786FF03B05DF894
:10BB200004EB04B0704700BF0048704716FCFFFFED
:10BB300010B50446FFF78EFBE3696BB1A2699A6109
:10BB4000A3690BB1E269DA610023C4E906336361DA
:10BB5000BDE81040FFF77CBBD4E905321A60EFE77F
:10BB600038B50D460446FFF775FB2A6865610AB9CA
:10BB70000AE01A469369002BFBD19461C4E90632AE
:10BB8000BDE83840FFF764BBC4E906222C60BDE87D
:10BB90003840FFF75DBB00BF2DE9F04184B004AC35
:10BBA00004E90F00114B1C68DDE902014FF47A72C1
:10BBB00000230BF0E3FAB4B1DFF8348006460F46F9
:10BBC000E268A56900239F4208BF964208D36369D3
:10BBD00020460BB1FFF7ACFF20464146FFF7C0FF00
:10BBE0002C46002DECD104B0BDE8F0814C0F0020B4
:10BBF000540F00202DE9F04FDFF8E08093B0D8F823
:10BC0000005004AC84E80F00002D32D02F4BBDF85B
:10BC100010401A68BDF81260AAB12D4F4FF0000A0B
:10BC200040F2FE3540F2FF39D368D2F818B0190C53
:10BC3000AC429BB288B21FD0002B33D09C4231D093
:10BC40005A46002AF0D1A4F2FE33012B11D9D8F8BC
:10BC50000050204B10273246214608A8009700F0DC
:10BC6000F7FC2B681C4A9B6893422AD108A800F075
:10BC700007FD13B0BDE8F08F4B45DDD109B1B042EF
:10BC8000DED1BAF1000FDBD1536923B11046039224
:10BC9000FFF74EFF039A10463946FFF761FF4FF05A
:10BCA000010ACDE709B1B042CAD1536923B11046A8
:10BCB0000392FFF73DFF039A10463946FFF750FF06
:10BCC000BEE7284608A99847D0E700BF640F0020C8
:10BCD000540F0020F5BB010829BB0108480F0020C4
:10BCE000014B1868704700BF580F002038B5FFF7A8
:10BCF000B1FA164B1C68D4B1636913B12046FFF743
:10BD000017FFFFF7A5FA0023236163622568FFF799
:10BD1000C3FA01462846FFF7CFFAFFF79BFA0C4B10
:10BD20001A6822621C60FFF793FA204638BD28206B
:10BD300005F088FC282200210446FEF769FDFFF784
:10BD4000B3FA0023C4E90003A360DAE75C0F002024
:10BD5000580F002038B50A4B1C682369DB0707D54C
:10BD6000084D286830B1636A436200236362044669
:10BD7000204638BDFFF7BAFF28600028F8D0F2E768
:10BD8000440F0020500F00202DE9F041484D2A7843
:10BD900012F0010482B002D002B0BDE8F081454E3D
:10BDA000454F3060FFF7A2FF444B45491860FFF74D
:10BDB000D7FEFFF79BFF3860D0F80080FFF76CFAE2
:10BDC000011F4046FFF776FA3B683E491868FFF7C7
:10BDD0006FFA3768002F51D0282005F033FCC023BC
:10BDE0002246009340F2FF31374B384C804600F03A
:10BDF0002FFC3B685B68A34247D1404600F040FC03
:10BE0000404628210DF0C3FC2820D6F8008005F01C
:10BE100019FCC023009300222B4B40F2FE31074651
:10BE200000F016FCD8F800305B68A34239D13846E0
:10BE300000F026FC384628210DF0A9FC00230F2233
:10BE4000002100934FF47A60012301F06DF928205E
:10BE5000376805F0F7FBC023009301221C4B0F212C
:10BE6000064600F0F5FB3B685B68A34213D1304601
:10BE700000F006FC304628210DF089FC2B7843F0B9
:10BE800001032B7002B0BDE8F08138464146984767
:10BE90000028B9D0B1E73846314698470028EDD0A0
:10BEA000E5E74046394698470028C7D0BFE700BFBE
:10BEB00096270020480F0020600F0020440F00202C
:10BEC000540F00205DC40108F5BB010801B701084B
:10BED00099BB0108024B187800F00100704700BFC1
:10BEE00096270020F0B5204F3B6883B0002B38D058
:10BEF0001E4B1B78DB0734D50E460446FFF72AFF9E
:10BF0000436944EA06420546C2600BB1FFF710FEE2
:10BF100028461749FFF724FEA4F2FE33012B17D958
:10BF200028203F6805F08EFBC0233246009321464F
:10BF3000104B054600F08CFB3B680F4A5B68934250
:10BF400009D1284600F09CFB284628210DF01FFC53
:10BF5000002003B0F0BD3846294698470028F7D0A6
:10BF6000EFE70648F5E700BF480F002096270020BE
:10BF7000640F0020F5BB010801B7010816FCFFFFA4
:10BF80002DE9F04128B321B30546984617460E46E1
:10BF9000FFF7ACFE0446E0B132463B462946006856
:10BFA000FFF794F92568FFF777F9011F2846FFF797
:10BFB00081F90A4B0A492068B8F1000F18BF1946E9
:10BFC000FFF776F920460749FFF7CAFD2046BDE88E
:10BFD000F08100242046BDE8F08100BF35C401088F
:10BFE00061C30108540F0020054B1B7813F00103B7
:10BFF00003D000231A46FFF7C3BF1846704700BF9F
:10C0000096270020074B1B7813F0010308D010B4CB
:10C01000144601230A4621465DF8044BFFF7B0BFE2
:10C020001846704796270020024B1868B0FA80F037
:10C0300040097047540F002030B50F4D2B789A07F8
:10C0400085B004D50D4B1B6873B105B030BD43F00E
:10C050000204022201230F2168462C7001F082FFA6
:10C06000064B1B68002BF0D12B7823F002032B70BA
:10C0700000F060FB05B030BD96270020540F002073
:10C080002DE9F0415B4D2C682369D90747D45A4EFE
:10C090005A4F32683968002A31D06069B04200F0E6
:10C0A0009A802A608A422BD0944271D08C4271D0FF
:10C0B000534B62699A426DD02068FFF7FFF806463D
:10C0C000FFF7FEF8D4E90131301ACA1A90426AD952
:10C0D00000F120012F682C6021F01F06002B40F09A
:10C0E0008480304600F03AFA3118C4E901012F602B
:10C0F0002068BB683A68BDE8F0410DF0A5BA296038
:10C100001B0757D52C60FFF797FF3368002BFAD039
:10C110009C422B603CD039688B42C7D14DE0394EF0
:10C120002068326843F0020323611369146843F006
:10C1300004031361FFF7C8F801462046FFF7BCF877
:10C1400037683868FFF7BAF80446FFF7B9F8D7E957
:10C150000123201A9B1A98420FD92030D5F800806D
:10C160002F6020F01F04002A3BD1204600F0F6F992
:10C170000444C7E90104C5F8008033689968186869
:10C180000DF0A3FA2B681A690021920731600CD4D4
:10C19000BDE8F0812A680021936812680846BDE86E
:10C1A000F0410DF051BA2F68A2E71868BDE8F041E0
:10C1B0000DF0C5BA2B689C42EAD01E68FFF76CF8F8
:10C1C000011F3046FFF776F83B680F491868FFF704
:10C1D0006FF839686AE7A069002818BF02462A602C
:10C1E00060E7104600F0E0F9BFE7184600F0DCF920
:10C1F00077E700BF440F0020540F0020600F00209D
:10C200005C0F0020500F00205DC40108034B1B7819
:10C21000DB0701D5FFF734BF704700BF962700202A
:10C2200070B5104D2A78D20714D50446FFF792FD59
:10C23000064600F059FF73692044F06013B13046A0
:10C24000FFF776FC30460849FFF78AFC2B78DB07BE
:10C2500004D470BDBDE87040FFF700B8BDE8704081
:10C26000FFF70EBF962700204C0F002000B583B0CB
:10C27000FFF738FE18B9074B1B78DB0702D403B071
:10C280005DF804FB0190FFF7FBFE019803B05DF839
:10C2900004FB00BF9627002038B5284D2868436965
:10C2A00013B1FFF745FC2868254C2146FFF758FCE1
:10C2B00024684CB1A369002223B11C460132A36952
:10C2C000002BFAD1032A22DC2B6800221A611C6899
:10C2D000FEF7E2FF01462046FEF7EEFFFEF7BAFF4B
:10C2E000184B29681A688A4225D04AB1136A9942C4
:10C2F0001DD02BB11A6A91421AD01346002BF9D1E6
:10C30000FEF7A6FF104B1B78DB070CD438BDE269A3
:10C310002068936100F048F9606800F045F9204614
:10C3200000F042F9D0E7BDE83840FFF7A9BE134658
:10C330000A6A1A62E4E7126A1A60E1E7440F002011
:10C340005C0F0020580F002096270020034B1B781D
:10C35000DB0701D5FFF7A0BF704700BF962700207D
:10C3600010B50C468047A047044B1B78DB0700D470
:10C3700010BDBDE81040FFF78FBF00BF962700201B
:10C38000034B1B78DB0700D47047FFF785BF00BF66
:10C3900096270020002842D02DE9F041DFF8908058
:10C3A00098F80030DC0782B032D51E4F3B680A4651
:10C3B00019694907054601D15C6A44B12846012341
:10C3C0001949FFF7DDFD002002B0BDE8F0811868D3
:10C3D00001920DF09CF93968019A0B6913F002067D
:10C3E00018D143F0010310460B61A8473B68186958
:10C3F0005E6220F0010210F004001A61E4D098F8A7
:10C40000000010F00100DFD0FFF746FF3046DBE709
:10C410000648D9E723F003030B612046D4E76FF405
:10C420007A707047440F002081C3010816FCFFFF9B
:10C430009627002038B50346144610460D46984707
:10C440002046A847044B1B78DB0700D438BDBDE865
:10C450003840FFF721BF00BF9627002008B5044CE5
:10C46000FFF7EAFD2378DB07FAD5FFF709FEF7E7C8
:10C4700096270020024B1878C0F38000704700BF59
:10C4800096270020F8B50C4C05460E462778FEF797
:10C49000E1FE0A4A731B02EBC7019B0843F000430D
:10C4A00042F837504E602B60237801332370FEF73B
:10C4B000CFFE0020F8BD00BF98270020680F0020A5
:10C4C000F8B583074FEA90063BD188B10D46FEF7D9
:10C4D000C1FED5E90045771CA54206D92368002B8B
:10C4E00007DB04EB8304A542F8D8FEF7B1FE002079
:10C4F000F8BD23F00043990054F82320002A04EBF0
:10C5000001000DDB0EE022F00042134443F0004234
:10C51000226054F823209900002A04EB010001DA7C
:10C520008542F0D89F4201D90C44D5E702369E429D
:10C5300009D3236823F000432360FEF789FE201D02
:10C54000F8BD0136C2E704EB8606B542F1D9DB1B24
:10C5500043F0004346F8043C2760EEE738B5044654
:10C5600040B10C4D2B783BB120460B49FFF7A8FF9B
:10C57000044658B1204638BD0849094A08680949A7
:10C580001370FFF77FFF01232B70EDE71420FEF7F8
:10C5900079FEEFE797270020680F00200C020020AB
:10C5A0009827002000700220A0B10E4B1A6882422A
:10C5B0000DD25B6883420AD950F8043C002B10B5B9
:10C5C000044608DD43F0004344F8043C10BD1E203F
:10C5D000FEF758BE70471E20FEF754FE54F8043C88
:10C5E000F0E700BF680F002038B501FB00F52846D2
:10C5F000FFF7B4FF044628B101232A460360002157
:10C60000FEF706F9204638BD70B5044608460E46CA
:10C61000FFF7A4FF054664B158B154F8042C92000A
:10C62000B242A8BF32462146FCF76AFF2046FFF718
:10C63000BBFF284670BD00BF08B50846FFF78EFF58
:10C6400008BD00BF08B50846FFF7AEFF08BD00BF34
:10C650002DE9F04104461030884617461E46BDF8C5
:10C66000185001F09FFC0020E060C4E90800A4F825
:10C6700000806780A660A5802046BDE8F08100BFED
:10C6800083889B0710B5044603D5182180680DF0F8
:10C690007EF8204610BD00BF82B070B586B00AA9F2
:10C6A00081E80C00036A4BB31C696CB1012200E005
:10C6B0001C4623690132002BFAD1092A05DD06B098
:10C6C000BDE8704002B070471C460AAB0FCB02AD0C
:10C6D00085E80F00182004F0B5FF06AB064613E905
:10C6E000030095E80C008DE80300304601F080FC63
:10C6F000266106B0BDE8704002B0704704460FC91D
:10C7000002AD85E80F00182004F09CFF06AB06463A
:10C7100013E9030095E80C008DE80300304601F0B2
:10C7200067FC266206B0BDE8704002B0704700BFEB
:10C73000FEF7C6BFFEF790BD0020704710B5044B52
:10C74000036000230446C380FFF7C6F8204610BDEF
:10C750004CA9020810B5064B036000230446C380B1
:10C76000FFF7BAF820460C210DF011F8204610BD55
:10C770004CA9020838B50446074B03600025456004
:10C78000FFF738F8E388054A258143F48053226097
:10C79000E380204638BD00BF4CA90208BCA90208AE
:10C7A0000346002200891A81704700BF0089704744
:10C7B000807A70470048704716FCFFFF10B5044BA5
:10C7C000036000230446C380FFF786F8204610BDAF
:10C7D0004CA9020810B5064B036000230446C38031
:10C7E000FFF77AF8204644210CF0D1FF204610BD17
:10C7F0004CA9020838B5036881720D4DDA6AAA4265
:10C80000044608D19B6A0B4A0B4D93420AD1A07A89
:10C81000A072284638BD90472368064A9B6A934217
:10C820000546F4D020469847A072284638BD00BF80
:10C83000B5C70108B1C7010816FCFFFF38B503688A
:10C840000D4DDA6A0181AA42044608D11B6A0B4ADF
:10C850000B4D93420AD120892081284638BD90474C
:10C860002368064A1B6A93420546F4D0204698473F
:10C870002081284638BD00BFB5C70108ADC70108F3
:10C8800016FCFFFFF8B504460025154B0360456014
:10C890000E461746FEF7AEFF94F8363066624FF04C
:10C8A0000112C4E90E22022103F0F90365F3C30368
:10C8B0000C4E2563142084F84050A1722081E5605D
:10C8C000C4E90455C4E906552562A780E580A5861C
:10C8D000A4F8425084F8363026602046F8BD00BFE8
:10C8E0004CA90208E4A90208C16811F5C87FF0B498
:10C8F00080F2848090F8363013F0020340F0868096
:10C90000046914F5C87F66DA90F8362012F0040244
:10C9100069D1456915F5C87F31DA90F8362012F0F3
:10C92000080234D0B2FA82F390F8366090F84020D2
:10C930005B0963F3C30680F83660032A08D8013226
:10C94000D2B2012A80F8402000F08B80042A77D0F0
:10C95000B0F8423090F8366001339BB216F0010710
:10C96000A0F8423062D01D2B17D900236FF30006C8
:10C9700080F83660A0F8423080F840300DE0B5F520
:10C98000C87F04DD90F8362012F00802CAD090F873
:10C990004020002BD1D1002ADAD104FB04F301FBA3
:10C9A0000133334A05FB053393423CD911F5487FE7
:10C9B00051DBB1F5487F51DC14F5487F54DBB4F509
:10C9C000487F3BDC15F5487F50DBB5F5487FD4BF89
:10C9D0000020062028E0B4F5C87F9ADD90F83620C4
:10C9E00012F0040295D1B2FA82F390F836205B0976
:10C9F00063F3820280F8362001238AE7B1F5C87F0D
:10CA00000FDD90F8363013F002030AD190F836208B
:10CA1000B3FA83F35B0963F3410280F83620012304
:10CA20006EE700236CE70720F0BC7047092BB4D9F0
:10CA3000013A80F84020A0F84270AEE70120F3E709
:10CA400090F83630002243F0010380F83630A0F829
:10CA500042200B20E8E70320F0BC70470420F0BC24
:10CA60007047A0F8422098E70220DDE70520DBE7C9
:10CA7000FF700200D0E9033230B502FB02F24569D3
:10CA800003FB032305FB0535B5F5800F85B0044690
:10CA900016D9038F002B4DD0B5F5100F25D80123E3
:10CAA00084F831302046FFF71FFF0B2814D0A38EE7
:10CAB000834231D00023A08684F8303005B030BDE9
:10CAC00090F83130042B56D90023C0E90E332046AC
:10CAD000FFF70AFF0B28EAD16086024601230D21E9
:10CAE000684601F03FFA05B030BD638F002B39D0A6
:10CAF000B5F1107FD3D9A38F5BB3B5F1806FCED9D9
:10CB0000E38F002BCBD101230A220D21684601F0CF
:10CB100029FA0123E387C2E794F83030628E042BB0
:10CB200014D80133DBB2904284F83030C6D0052BE4
:10CB3000D2D0C3E701230C220D21684601F012FA7E
:10CB40000123B5F5100F2387A9D9CEE79042C3D1B1
:10CB5000B4E7012309220D21684601F003FA0123FD
:10CB6000A387CAE7012308220D21684601F0FAF9DC
:10CB700001236387BCE70133DBB291E730B5D0E92D
:10CB800008218BB002AD009200F1180304460CCBD3
:10CB9000284601F0B5F995E80700E38804F10C0593
:10CBA00023F0020385E80700E3802046FFF762FFD9
:10CBB0000123A1881A4606A801F0D4F900200BB081
:10CBC00030BD00BF0368054A1B6B934210B5044695
:10CBD00001D1E06810BD9847E06810BDB5C70108F5
:10CBE0000368054A1B6B934210B5044601D12069C6
:10CBF00010BD9847206910BDB5C701080368054AF4
:10CC00001B6B934210B5044601D1606910BD984773
:10CC1000606910BDB5C701080368084A1B6B9342E1
:10CC200010B5044607D1E3889B0702D42046F1F7EC
:10CC3000A7FEA06A10BD9847F5E700BFB5C7010879
:10CC40000368084A1B6B934210B5044607D1E3887A
:10CC50009B0702D42046F1F793FEE06A10BD984787
:10CC6000F5E700BFB5C70108016882B08DE80C0088
:10CC7000CB6902B0184700BF82B070B50C4684B0D3
:10CC800005464968206802AC03C4039908AC481003
:10CC900084E80C00CB0745BF2A58029B029CD4585D
:10CCA0000AAB2E1893E803008DE8030008AB0CCB09
:10CCB0003046A04704B0BDE8704002B0704700BFE6
:10CCC0002DE9F043334D0560002685B046601546DA
:10CCD00004460F469846FEF78DFD2F4BA78040F285
:10CCE000FF32D3F800902D4B23609542A8BF154624
:10CCF0006581B9F1000F2FD0282004F0A3FC054670
:10CD0000103001F04FF903232F806B80182004F0BE
:10CD100099FC234ACDE90226074602AA034603CA24
:10CD200047F80C4BDE607E6058609960D9F80020AF
:10CD3000EE6052681B49AB60C220A8808A421A4844
:10CD40005861C5E908661FD12846FFF799FC2846B7
:10CD500028210CF01CFDA788B8F1000F0ED01FFA97
:10CD600088F000210023A4F808803A4600930323AA
:10CD700000F0F4F9204605B0BDE8F0834FF4FA70F6
:10CD800000214FF4FA78EDE74846294690470028FD
:10CD9000E1D0D9E74CA90208740F002024AA0208A8
:10CDA00069CC010801B7010879CC0108008A7047F5
:10CDB00010B5C38803F01202102A84B0044617D0BD
:10CDC00003F00C03082B01D004B010BD228AE389C4
:10CDD0009A42F9D801231A46A188684601F0C2F8A0
:10CDE000E38823F0020343F00403E38004B010BDA2
:10CDF000018A82899142E3D3012381880222684615
:10CE000001F0B0F8E38823F0040343F00203E38069
:10CE1000D6E700BF036810B504461B6A9847E3884D
:10CE2000DA0718D5A388082B0FD06189238AC1F5AA
:10CE30007F7200FB01F0033202FB0300800A2082B4
:10CE40002046BDE81040FFF7B3BF20822046BDE872
:10CE50001040FFF7ADBF43F001032082E38020467E
:10CE6000BDE81040FFF7A4BF08B5C388DA0602D5B5
:10CE700082898A420FD023F0020242F010021B077F
:10CE80008181C28007D5C38901399942A8BF19465B
:10CE900089B200F003F8002008BD00BF08B5C388C0
:10CEA0001A0702D5C2898A420FD023F0040242F049
:10CEB0000802DB06C181C28007D58389013199420E
:10CEC000B8BF194689B2FFF7CFFF002008BD00BFE9
:10CED00010B5044B036000230446C380FEF7FCFC3E
:10CEE000204610BD4CA90208002070470B4A0C4B8D
:10CEF00010B502600A220446C2620121F0201C60C3
:10CF0000FFF772FB002200230021C4E90901C4E9F4
:10CF10000423C4E90623204610BD00BF50AA02081E
:10CF2000700F00202DE9F0471646C26ABDF8208038
:10CF3000BDF824909DF828A0002A11DD446A1F4600
:10CF4000238A054683B104F11803002102E033F877
:10CF5000080C48B1013191421C4603F11803F6D187
:10CF60006FF47B70BDE8F0872B6828461B699847F3
:10CF7000D5E90623901943EB0701BAF1000F1BD046
:10CF80000B9BA4F81080C4E90201C4E90067A4F86F
:10CF900012906361FEF75EF9A96A39B1D4E9022300
:10CFA000D1E902018B4208BF824200D2AC62FEF797
:10CFB0004FF90020BDE8F08700260027E0E700BF1A
:10CFC0002DE97003C66A436A00229642826211DD2F
:10CFD000198A013251B1816A39B1D3E90245D1E9E7
:10CFE00002894D4508BF444500D28362B24203F135
:10CFF0001803EDD1BDE87003704700BF2DE9F04F75
:10D00000036883468BB01B699847DBF82C20DBF85C
:10D010002440002A49DD0025AA461CE0D4E9006727
:10D0200056EA0701628A46D1DBF828000021A042B7
:10D03000218247D001210291CDE90089194606A835
:10D0400000F0A0FFDBF82C200AF1010A0135AA420A
:10D0500004F1180426DD238A002BF7D0D4E902015D
:10D06000DBE90689894508BF8045CDE90401D5D2B1
:10D070006369DB07EAD5FFF7FDF960B1DBE906017B
:10D08000174ED4E9022336184FF000074F41BB4238
:10D0900008BFB24219D3DBF82C200135AA4204F1B3
:10D0A0001804D8DCBAF1000FB1D15846FFF788FF59
:10D0B0000BB0BDE8F08FDDE9040180197941C4E9C6
:10D0C0000201B7E7CBF82810B4E70123CDE900014E
:10D0D0000293052240F2FF3106A800F053FFDAE781
:10D0E000A0860100704700BF064B10B51C6834B124
:10D0F000236820461B699847D4E9040110BD00202D
:10D10000002110BD700F0020064B10B51C6834B113
:10D11000236820461B699847D4E9060110BD00200A
:10D12000002110BD700F002070B50A4C266884B035
:10D1300076B11D4614460B4602460121089803901D
:10D14000CDE9004530460291FFF7ECFE04B070BD1A
:10D150000148FBE7700F002016FCFFFF2DE9F04FA0
:10D16000144C266885B016B39C4644014B01241A22
:10D1700043EAD06565EB01058946A300A90017467F
:10D1800041EA94711A1841EB0903D90041EA52713E
:10D19000D00002460B460E9803900121CDE9007C99
:10D1A00030460291FFF7BEFE05B0BDE8F08F0248A1
:10D1B000FAE700BF700F002016FCFFFF6FF47D70D0
:10D1C000704700BF10B5034B03600446FFF780FEB5
:10D1D000204610BD6CAA020810B5054B036004463A
:10D1E000FFF776FE204618210CF0D1FA204610BD3C
:10D1F0006CAA02084069044A03685B69934202D141
:10D200006FF47D7070471847BDD1010838B50446EA
:10D210000D464FF4FA7311464FF45972FFF750FD63
:10D22000A388064A6561082B08BFF12322602046C7
:10D2300008BF2B74FFF7EEFD204638BD6CAA02082C
:10D240006FF47D70704700BF6FF47D70704700BF52
:10D25000C08800F00100704710B5034B036004461E
:10D26000FFF76CFA204610BD98AA020810B5054BCE
:10D2700003600446FFF762FA204618210CF087FA93
:10D28000204610BD98AA0208C388DB0400D470476A
:10D290002DE93048036888B01B6A04469847227C11
:10D2A000E38878B10B2A04D80132D2B2082A22745A
:10D2B0000ED9D9071ED503F00305012D2CD008B0D7
:10D2C000BDE8308832B1013AD2B2082A2274F0D8CF
:10D2D000012AF0D8DA07EED523F00303E380022217
:10D2E0000123A188684600F03DFE657C012D2CD00D
:10D2F000E388E0E743F001020123E280A1881A46B7
:10D3000004A800F02FFE238901332381FFF7ECFEF0
:10D31000227CE388E060DBE7FFF7E6FEE368B0EB42
:10D32000030B61F1000C002340F2DB52634508BFA0
:10D330005A45C4D2E288A18842F00202E2802B461C
:10D34000052204A800F00EFEB9E7FFF7CDFEE36862
:10D35000B0EB030B61F1000CBCF1000F08BFBBF593
:10D360007A7F2B462CBF04220322A18804A800F058
:10D37000F9FDBDE710B5044684B0E9B94269D28829
:10D38000930502D4002004B010BD03681B6A9847BF
:10D390000028F7D0E288A188012342F0010203208F
:10D3A000E28020741A46684600F0DCFD01232381E8
:10D3B000FFF79AFEE060E5E7C288002122F0030251
:10D3C000C28001810174002004B010BD10B5044674
:10D3D0004069074A03685B68934207D16FF47D7028
:10D3E000A37C181AB0FA80F0400910BD9847F7E7FF
:10D3F00041D201082DE9F84304460D469DF820600E
:10D400009DF8247091469846FFF7B4F900222274E3
:10D41000A4F80490EB880F49E260012E0CBF43F49E
:10D42000807323F48073656184F81180A674216091
:10D43000EB802B68084A1B6C934206D1E38843F4C7
:10D440000053E3802046BDE8F883394628469847D4
:10D45000F4E700BF98AA020849D201084174704756
:10D4600082B08DE80C00014802B0704716FCFFFF47
:10D47000002070470029806905DD08B904E010B17B
:10D480000139406AFBD17047704700BF82B070B568
:10D490000C4684B005464968206802AC03C4039971
:10D4A00008AC481084E80C00CB0745BF2A58029B03
:10D4B000029CD4580AAB2E1893E803008DE80300B1
:10D4C00008AB0CCB3046A04704B0BDE8704002B0BA
:10D4D000704700BF002943D02DE9F0418469002C3A
:10D4E0003BD00D460646DFF88080002705E0A268A5
:10D4F000AB689A420DD0646ADCB1AA88A388534015
:10D500009907F8D49207F2D5A968A06800F09CFDAD
:10D51000A8B12B88BBB96B88DBB9B3680BB12046C7
:10D520009847A38843EA0803A380646A0137002C64
:10D53000E3D1002FC8BF20460FDDBDE8F081AB88E6
:10D540009B07D8D4D3E722889A42D4D16B88002B8A
:10D55000E3D062889A42CED1DFE76FF47A70ECE7CD
:10D560006FF47A70704700BF0080FFFF002971D010
:10D57000F0B5846985B00D4606463CB966E0A388DF
:10D58000980708D5914219D0646A14B3AB88216812
:10D590002A689F07F3D49142F6D1A268AB689A42F9
:10D5A000F2D1EA68E3689A42EED1A3881A0402D560
:10D5B000C3F30E03A380294805B0F0BDA968A06895
:10D5C00000F042FD0028DFD0EA68E3689A42DBD130
:10D5D000EBE7D6F818C02A88BCF1000F2ED06046C1
:10D5E000634600E00B461C88944211D2596A1846E3
:10D5F0000029F7D163451DD0596A69625D62012334
:10D6000040F2FD31684600F0ADFC002005B0F0BDF1
:10D610001ED16F885988B94204D319E04888B842AE
:10D62000E8D20B46596A0029E4D00888A042F5D018
:10D630006345E1D119888A4202D26B62B561DEE7A7
:10D64000DAD1588869888842D6D9F6E70A88F5E79A
:10D650000346CFE76FF47A70704700BF16FCFFFFF8
:10D660002DE9F04183885F0782B0064603D59D0609
:10D670002ED4DC0639D443F00403B38006F1100540
:10D6800006F1180816E0F368009395E80F00A0472C
:10D69000B388DA0619D5346ABCB194E80F0027695B
:10D6A00085E80F002046182137620CF070F8FEF76D
:10D6B000ADFDB388B46898070DD4D907E3D495E8D5
:10D6C0000F00A047B388DA06E5D423F00403B38043
:10D6D00002B0BDE8F08198E8030095E80C008DE801
:10D6E0000300204600F098FCD2E700F1180393E80D
:10D6F00003008DE8030006F110030CCB3046FEF763
:10D70000CBFFE5E770B51C4B8CB003F10802283362
:10D7100004460260C36006A800F044FC0F231820F2
:10D72000029303F08FFF0025144A009206460195EC
:10D730006A46034603CA46F80C4B114ADD6004935F
:10D7400075605A6158609960204602A91223ADF8AD
:10D750000C300595CDE90A55FFF7BCFE02A8FEF78F
:10D760008FFF084B658204F10C00E360FEF7B4F80C
:10D7700020460CB070BD00BFD4AA020809DA010827
:10D780008DD401084CA90208A0F10C00FFF7BABF24
:10D7900010B50446FFF7B6FF204628210BF0F7FF2F
:10D7A000204610BDA0F10C00FFF7F2BFF0B5264BEC
:10D7B000264A02600025044683B0C0E90253056191
:10D7C0000C30FEF717F8224B236003F12002E260D1
:10D7D000A561C4E90755E584282003F033FF064618
:10D7E000103000F0DFFB1B4B3360182003F02AFFE2
:10D7F000194ACDE9002507466A46034603CA47F899
:10D800000C4B164ADD604FF0C20C7D605860996089
:10D81000204631465A61C6E90235C6E90855A6F8E0
:10D8200004C0FFF7A3FE30B90D4B1A6802B91C60A3
:10D83000204603B0F0BD3046FEF722FF30462821D7
:10D840000BF0A5FFF0E700BF4CA90208C4AA02082C
:10D85000DCAA02080F00020009DA01088DD40108D1
:10D86000740F002038B50446FDF7F4FCE5692DB1CE
:10D870002B69E36133B1E38C013BE384FDF7E8FC02
:10D88000284638BD2362F6E72DE9F041846914B3D8
:10D89000A388656A00271A0480463E4606D42646B9
:10D8A0009DB12C46A388656A1A04F8D55B07F6D4A7
:10D8B00076B17562656A2046FEF7E2FE20462821B1
:10D8C00001370BF064FF002DEBD13846BDE8F08145
:10D8D000C8F81850EFE727463846BDE8F08100BF8A
:10D8E0002DE9F0418469002C44D016460D46DFF83E
:10D8F0008C8001270CE0A38803F0C003A3F1C003D0
:10D90000B3FA83F35B09B34215D00027646A4CB3C2
:10D9100023882988994201D0002BF7D163886A882F
:10D920009A4201D0002BF1D1FEF7D4FA0028E2D1BF
:10D930000123B342E9D1B4F804E01EF4004FE4D16E
:10D9400095E80F0004F1100C1EF0400F8CE80F005A
:10D9500002D1FEF7BFFA40B92046FFF781FE646AA4
:10D96000002CD5D13846BDE8F08121464046FEF76F
:10D9700011FDCBE701273846BDE8F08161D60108EB
:10D98000F0B5012287B00446066A0D46FFF7A8FFEE
:10D9900010B9E38C092B01D907B0F0BD95E80F0051
:10D9A00002AD85E80F00182003F04CFE06AB0746D9
:10D9B00013E9030095E80C008DE80300384600F0F9
:10D9C00017FBFDF747FC66B133693B6137613B6983
:10D9D0005BB1E38C0133E38407B0BDE8F040FDF7B1
:10D9E00037BCE3693B61E761F2E72762F1E700BF1B
:10D9F00082B008B502A9C1E90023FFF7C1FFBDE865
:10DA00000840002002B0704782B038B5054604A92E
:10DA100081E80C00FFF738FF2846FFF723FF98B195
:10DA2000044604E02846FFF71DFF044660B10022CB
:10DA300021462846FFF754FF204618210BF0A7FE89
:10DA4000FEF7F2FA0028EDD1BDE8384002B0704789
:10DA5000024B1888421C1A80704700BF0404002043
:10DA6000C08800F00300A0F10300B0FA80F0400984
:10DA7000704700BF82B070B50C4684B00546496857
:10DA8000206802AC03C4039908AC481084E80C0079
:10DA9000CB0745BF2A58029B029CD4580AAB2E18CC
:10DAA00093E803008DE8030008AB0CCB3046A04799
:10DAB00004B0BDE8704002B0704700BF10B5034B22
:10DAC00003600446FEF73AFE204610BD20AB020874
:10DAD00010B5054B03600446FEF730FE20461021CA
:10DAE0000BF055FE204610BD20AB020882B070B589
:10DAF00088B00CA981E80C004289BDF83050BDF80F
:10DB00003230954204460BD0022B27D0052B00F073
:10DB10008680012B78D008B0BDE8704002B0704715
:10DB20008189022B0E461AD0052B5AD0012BF2D137
:10DB3000C3888D4243F00103C38068D0A9426AD0F4
:10DB400003F00203002BE6D001231A46A18804A8A3
:10DB500000F008FA238901332381DCE71646B2423C
:10DB600017D0A189B14265D0954267D0A3899D4263
:10DB7000194600F09C80A17B012900F0C1809D42E4
:10DB800000F0AE809542C6D1E38823F01003E38015
:10DB9000C1E7E38803F00103002BE5D00123022253
:10DBA000A188684600F0DEF963899D4200F090800C
:10DBB000A289A188AA4250D00123032204A800F020
:10DBC000D1F96289B24203D1E38843F01003E380C4
:10DBD000A389B34200F08F80954266D09D429AD1CE
:10DBE00068E0C3888D4243F00403C3801AD0A94281
:10DBF0001CD003F00803002B8DD0A188012305223F
:10DC000004A800F0AFF986E78689B54203D1E3881E
:10DC100043F00203E380E38803F0010392E786897F
:10DC2000B54203D1E38843F00803E380E38803F0BF
:10DC30000403E0E7E38803F00203ADE7E088C606EB
:10DC40001FD5A38920F0010189B29D42E18028D02F
:10DC50002A4621F00401E18091E7E28802F0080001
:10DC60000028A9D0B34238D0A389B342A4D102F08E
:10DC70000802002AA0D00123042204A800F072F9AF
:10DC80009FE7A37B012B3ED100F00403002B37D08C
:10DC900001230422294604A800F064F96289A389BB
:10DCA0009AE720F0030189B2D2E7E088CAE7E38867
:10DCB00098062BD5E38823F0020189B29542E180D2
:10DCC0002AD023F00A039BB223F02003E38022E74B
:10DCD000E288A18802F00400C2E702F00402C8E76B
:10DCE000E18821F008039BB29542E38004BF21F054
:10DCF00018039BB2E8E7E18841F02001E1806BE77F
:10DD000001230322C6E7A1890B4665E7A07B012812
:10DD1000FAD103F00803B9E72B469AE781737047FD
:10DD20002DE9F04F83B0DDE90C9ABDF83870002B77
:10DD300041D0B9F1000F3BD00F2901D1C02F3AD10A
:10DD4000804628201D460E46934603F07BFC044681
:10DD5000103000F027F918202680A4F802B003F054
:10DD600071FCCDE9009A06466B46024603CB46F8A5
:10DD70000C5B0023D8F80050D360E3607360506000
:10DD800091606D6811491248A26047F002078D4208
:10DD9000A780C4E90833506110D12046FEF770FC1B
:10DDA000204628210BF0F3FC0A4803B0BDE8F08FB1
:10DDB0001AF0010FC0D16FF47A70F6E740462146A1
:10DDC000A8470028E9D103B0BDE8F08F01B70108EA
:10DDD00075DA010816FCFFFF2DE9F0471C4F0446D9
:10DDE00088B0884616461D46FEF7C4FC3A681949B5
:10DDF000A5800025A4F80A80A6812160A57312B32E
:10DE0000DFF854A0CDE904A504AB93E803004FF07C
:10DE1000C0098DE80300234641461046CDF808901E
:10DE20002A46FFF77DFFCDE906A508AB13E90300FD
:10DE30003F68CDF808908DE803002A46234638460F
:10DE40003146FFF76DFF204608B0BDE8F08700BF00
:10DE5000740F002020AB0208EDDA010810B4017045
:10DE6000427043605DF8044B704700BF82B030B42D
:10DE700002AC84E80C000D46034694E807009DF8C8
:10DE8000144083E80700B4B1687818B1494252429F
:10DE9000C3E901126A68022A11D0032A2AD0012A92
:10DEA00022D0012C15D0022C05D1D3E90112494210
:10DEB0005242C3E9011230BC184602B07047D3E9A0
:10DEC0000012012CC1F10001C2F10002C3E90012ED
:10DED000E9D130BCD3E900109A6818605242184664
:10DEE000C3E9011202B07047D3E900215242196020
:10DEF0005A60D6E7D3E90012524259601A60D0E75F
:10DF000082B010B582B004AC84E80C000B78069C9B
:10DF1000019304AB0CCB00940446FFF7A7FF204607
:10DF200002B0BDE8104002B0704700BF30B50B4BE7
:10DF30001C6883B024B12268094B15689D4201D149
:10DF400003B030BD00F10802034692E803008DE8FB
:10DF5000030020460CCBA84703B030BD740F00204F
:10DF600061D4010838B50180428004461D46FFF7A0
:10DF7000CBF8C4E9020115B12046FFF7D7FF2046D0
:10DF800038BD00BFD0B5DDE904679DF818300180C9
:10DF90000446C0E9026742800BB1FFF7C7FF204685
:10DFA000D0BD00BF10B5002303600446FFF7ACF8F6
:10DFB000C4E90201204610BD30B50B4B1C6883B08C
:10DFC00024B12268094B15689D4201D103B030BDD0
:10DFD00000F10802034692E803008DE803002046A2
:10DFE0000CCBA84703B030BD740F002061D40108EA
:10DFF00082B038B5002504A90560044681E80C000C
:10E00000FFF782F804AB0FCB256184E80F002046B0
:10E01000BDE8384002B0704782B070B582B00446A7
:10E0200008A906A880E80C0003C9266865698DE880
:10E03000030006AB0CCB3046211DA84702B0BDE85B
:10E04000704002B0704700BF08B502680B689A4282
:10E0500001D0002008BD0431102204300BF0A5FCD3
:10E06000B0FA80F0400908BD064B074A10B50360BE
:10E070004369044640F8042F13B104309B68984765
:10E08000204610BD48AB0208FCAC020803460269FA
:10E09000064910B5064C40F8044C041F43F8041B15
:10E0A00012B1926818469047204610BDFCAC020899
:10E0B00048AB020808B5043001F00EFA002008BD94
:10E0C00008B5043001F030FA024B0028B4BF1846FE
:10E0D000002008BD0EFCFFFF08B5B1FA81F1490927
:10E0E000043001F049FA034B30EA200028BF1846FB
:10E0F00008BD00BF0EFCFFFF08B5043001F06CFA4C
:10E10000002008BD08B5043001F086FA002008BDE3
:10E11000084B094A10B503604369044640F8042FD0
:10E1200013B104309B6898472046DC210BF02FFB8D
:10E13000204610BD48AB0208FCAC02080346026949
:10E14000084910B5084C40F8044C041F43F8041B60
:10E1500012B19268184690472046DC210BF017FB5D
:10E16000204610BDFCAC020848AB0208F8B50E46CC
:10E170001746051D044600F029FF3A7C317C2846ED
:10E1800001F068F9054B064903F1080244332846BB
:10E19000C4E9002301F0A0F92046F8BD40AB020815
:10E1A000A086010010B5036804461B6C98472368DD
:10E1B00020465B68BDE81040184700BFF0B4047902
:10E1C000A40728D5002922DB002A20DD002B1EDD34
:10E1D000B4294FF47A74A8BFB42104FB01F10F4FA6
:10E1E00005680F4EED6F8908A7FB017102EBD2772E
:10E1F000A3EB670304FB03F3890802FB013286FBF0
:10E200000231D2172B46C2EBA111F0BC18476FF4B4
:10E210007A70F0BC70470348FBE700BF176CC1166B
:10E22000D34D621016FCFFFFC08800F005000030DF
:10E2300018BF0120704700BFC08800F00A000030FE
:10E2400018BF0120704700BFC08810F0030018BF3E
:10E2500001207047C08800F00C00003018BF01207A
:10E26000704700BF03684FF47A72D3F8803002FB26
:10E2700001F1184708B503689B6B9847024BA3FB55
:10E280000030800908BD00BFD34D621010B4D0E942
:10E2900001345910DB07026848BF635804EB0100E2
:10E2A00048BF9A585DF8044B104700BF034610B1B1
:10E2B00007C983E807007047704700BF704700BF79
:10E2C00010B5182104460BF062FA204610BD00BFBD
:10E2D000F8B50379DB072CD5012927D8C58815F0B7
:10E2E000020504460F460AD0466933681FB9F26832
:10E2F00038461360F8BDB26800201360F8BD0368AB
:10E300009B6D98471C2003F09DF9217C8561C0E935
:10E310000055C0E90255C0E90455064603F028F847
:10E32000E388666143F00203E380DEE76FF47A700E
:10E33000F8BD0148F8BD00BF16FCFFFF0379DB07FD
:10E3400038D5C38870B513F0610605460BD013F0BD
:10E35000600F446929D1D4E9003212681A4214BF0F
:10E360000120002070BD03689B6D98476B79022BDC
:10E3700098BF114A4FF01C0098BFD65C03F062F9B9
:10E380000023C0E90033C0E90233C0E904338361EC
:10E39000297C3246044602F0BBFFEB886C6143F0F7
:10E3A000010313F0600FEB80D5D02046BDE870402C
:10E3B00001F0F0B901487047A0AB020816FCFFFF5E
:10E3C00038B5C3881B07044611D4236820469B6DCB
:10E3D0009847202003F036F9217C054600F08EFC9A
:10E3E000E388656143F00803E380002038BD40699D
:10E3F00000F0AEFC237C9842E7D1002038BD00BF7E
:10E400000279D2071DD5B1F5806F17D238B50368F0
:10E410005B6E04460D46984708B1002038BD07EEF4
:10E42000905A9FED097A6069F8EEE77ABDE83840C6
:10E43000C7EE877A17EE901A00F072BC6FF47A700C
:10E4400070470248704700BF00C07F4416FCFFFFC2
:10E450000379DB0722D570B5C38813F0100582B0AD
:10E46000044607D046693368DB69304602B0BDE830
:10E470007040184703689B6D9847182003F0E2F836
:10E4800022890123CDE9005521460646FEF7B2FF59
:10E49000E388666143F01003E380E4E700487047D7
:10E4A00016FCFFFF38B50D46C18811F0080104467F
:10E4B00003D10368DB68984728B929466069BDE83D
:10E4C000384000F04BBC38BD2DE9D04B044685B038
:10E4D0008AB2002321896846FFF744FD6069DDE9BF
:10E4E000026700F0FFFA8046894658EA09030CD01B
:10E4F000DDE90223B2EB080263EB010393469C467D
:10E500006846CDE902BCFFF757FD32463B466069DD
:10E5100000F0E4FA05B0BDE8D08B00BFF0B5C388C9
:10E5200013F0600685B004460D460CD023F060035E
:10E53000022D9BB240D0032D08BF43F040030020C2
:10E54000E38005B0F0BD03689B6D9847582003F049
:10E5500079F8217C074600F0B3FA63796761022BF2
:10E5600096BF184A3146D15C174E384601F01AF969
:10E570000123682260690193694602940092039620
:10E5800001F020F9039B13B19B686846984701236B
:10E590006C2260690193694602940396009201F02F
:10E5A0005BF9039B13B19B6868469847E388022D8B
:10E5B00023F060039BB2BED143F020030020E38030
:10E5C00005B0F0BDA0AB020894AB020808B5C38843
:10E5D00003F0700313B103689B6D9847002008BDDA
:10E5E00000B583B004291BD8DFE801F0111A0A0A2C
:10E5F000030003689B6A9847002003B05DF804FBA2
:10E6000003685B6F9847002003B05DF804FB036864
:10E6100001919B6F98470199084603B05DF804FB90
:10E620006FF47A7003B05DF804FB00BFC3881B076A
:10E6300002D5406900F090BB0048704716FCFFFF10
:10E6400010B5C3885A0684B0044604D50368052172
:10E650001B6F9847E3889B0605D521890123022279
:10E660006846FFF77FFC04B010BD00BF10B5C3883B
:10E670005A0684B0044604D5036804211B6F9847EA
:10E68000E3889B0605D52189012303226846FFF70D
:10E6900069FC04B010BD00BF0279930770B521D5A5
:10E6A000002921DB03685B6E04460D469847064649
:10E6B00010B10026304670BD606900F04DFB44F695
:10E6C000206188420AD1646902F0E2FD20462946B1
:10E6D00003F044FB02F0F0FD304670BD606900F0CD
:10E6E0003DFBF0E7024EE5E76FF47A76E2E700BF24
:10E6F00016FCFFFF38B5C388417113F0010210D03A
:10E70000022998BF0F4B446994BF5D5C002502F05D
:10E71000BFFD2046294601F08BFE02F0CDFD002012
:10E7200038BD13F0600F0AD0022998BF054B40692D
:10E7300094BF595C114601F035F8002038BD0248FD
:10E7400038BD00BFA0AB020816FCFFFFC388D90785
:10E7500010B5044633D49A072BD458070AD56069FC
:10E7600040B103681A4A5B6893422ED110210BF026
:10E770000EF8E388190713D4DA0605D5606958B195
:10E7800003689B699847E38813F0600F04D06069C1
:10E7900010B103685B68984700236361E38010BD94
:10E7A000606900F0BBFA202160690AF0F0FFE3889D
:10E7B000E2E71C2160690AF0EAFFE388CDE71C214B
:10E7C00040690AF0E4FFE388C5E79847E388D1E7AA
:10E7D0003DB301082DE9F84303799A0740F19E8083
:10E7E000C3885B07044621D54669544A33689B6851
:10E7F000934206F104073FD1514D2868002841D0CB
:10E800004FF0FF3101F08CF8384601F021FC3368FD
:10E810004C4ADB689342044631D1494D28680028B0
:10E8200040D001F081F8A010BDE8F8830368444DA2
:10E830009B6D9847102002F005FF06462868424B62
:10E84000336094F8109000284CD04FF0FF31371D02
:10E8500001F066F83846494601F08AFB286888B31B
:10E8600001F062F8E388666143F00403E3803368F3
:10E87000324A9B689342BFD030469847C4E730463F
:10E880009847D0E7DFF8C8804FF0FF31D8F8000094
:10E8900003F0E4FC2B68ABB3D8F8000003F0E8FC0D
:10E8A0002868ADE7DFF8A8804FF0FF31D8F8000006
:10E8B00003F0D4FC2B685BB3D8F8000003F0D8FC5D
:10E8C0002868AEE7DFF888804FF0FF31D8F8000005
:10E8D00003F0C4FC2B681BB3D8F8000003F0C8FC9D
:10E8E0002868BDE7DFF868804FF0FF31D8F80000F6
:10E8F00003F0B4FC2B68DBB1D8F8000003F0B8FCDF
:10E900002868A2E72C1D204600F0F0FF2C60C3E72A
:10E910002E1D304600F0EAFF2E60CDE70B4883E75E
:10E92000DFF83090484600F0E1FFC5F80090D3E7EB
:10E930002F1D384600F0DAFF2F60DDE7A1B3010894
:10E94000780F00205DB30108A8A8020816FCFFFF9D
:10E95000382A00207C0F002030B4064D01810021B0
:10E96000056002740371C1604171C180416130BCB6
:10E97000704700BFACAB0208D0F8D030044A10B5E5
:10E98000044640F8C42B0BB19B689847204610BD45
:10E99000DCB2020850F8143C054A10B540F8E42CEB
:10E9A000A0F1E40413B120389B689847204610BDBD
:10E9B000DCB2020808B501F0E7F8002008BD00BF8E
:10E9C000A0F1E400FFF7F6BF08B513460A46194662
:10E9D00001F0C2F8002008BDA0F1E400FFF7F4BF89
:10E9E00008B501F0E7F8034B30EA200028BF1846CD
:10E9F00008BD00BF0AFCFFFFA0F1E400FFF7F0BF75
:10EA0000D0F8D030064A10B5044640F8C42B0BB1FC
:10EA10009B6898472046E8210AF0B9FE204610BDC1
:10EA2000DCB2020850F8143C074A10B540F8E42C58
:10EA3000A0F1E40413B120389B6898472046E821F0
:10EA40000AF0A5FE204610BDDCB2020810B582B067
:10EA50004FF0FF341B7C127C097C0094044601F0CB
:10EA6000BFF8094B094903F108022C332260C4F8AE
:10EA7000E430204601F088F820460022082101F009
:10EA80006BF8204602B010BD30AC020840420F00C7
:10EA900010B5034B0360044600F0EEFD204610BDA8
:10EAA00080AC020810B5054B0360044600F0E4FD9D
:10EAB000204658210AF06BFE204610BD80AC0208AB
:10EAC00010B5044600F0FAFD034B2360002200233A
:10EAD000C4E91423204610BD80AC0208C0E9142309
:10EAE000704700BFD0E91401704700BFC36EDB0759
:10EAF00000D462B600207047EFF31083C36672B68D
:10EB00000020704710B4D0E901345910DB070268C7
:10EB100048BF635804EB010048BF9A585DF8044BA6
:10EB2000104700BF034610B107C983E807007047CC
:10EB3000704700BF2DE9F04B0546044655F8343BBD
:10EB4000DB689847284601F0ABF90646284601F0F5
:10EB5000C3F9D4E90601226A0E4B10EB060B3244CE
:10EB600041EBE67CD4E90467A3FB02539B094FF415
:10EB70007A7116EB030801FB13232268236247F125
:10EB80000009C4E906BCC4E9048920469368BDE8CD
:10EB9000F04B1847D34D6210F0B585B01449826E22
:10EBA000144B009100210446029000F14406076BCB
:10EBB000019100F15C05039322B1936828469847C0
:10EBC000039B23B15B68284669469847039BA3666D
:10EBD0003946304601F0E8F8039B13B19B6868465C
:10EBE000984720460021FEF709FA05B0F0BD00BFA6
:10EBF00099EB010888AC0208F0B500F1440685B035
:10EC000005461C463046174601F07CF8002C154B93
:10EC1000154A039308BF202FAB6E009228BF3846D9
:10EC20004FF0000238BF202002950192044605F102
:10EC30005C07ABB19B6838469847039B23B15B6880
:10EC4000384669469847039BAB662146304601F03B
:10EC5000ABF8039B13B19B686846984705B0F0BDBD
:10EC6000004BECE788AC020899EB0108F0B50546CB
:10EC700085B00446FEF73AF91C4B45F8343B04F1E5
:10EC80004406284601F036F9304601F045F9184BA4
:10EC90006364002742F2107328462363A76601F0DD
:10ECA000C7F8A26E1349144B0091CDE9017404F129
:10ECB0005C05276B039322B1936828469847039B12
:10ECC00023B15B68284669469847039BA36639468B
:10ECD000304601F069F8039B13B19B68684698477A
:10ECE000EFF310832046E36605B0F0BD9CAC02084C
:10ECF0000CB3020899EB010888AC020838B5044649
:10ED00000D4602F0C5FA2046294602F0AFFF02F098
:10ED1000D3FA0023A361204638BD00BF02F072BEC3
:10ED200007EE901AF5EEC07AF1EE10FA0DD438B570
:10ED300005460C4602F0ACFA2846214602F068FE71
:10ED400002F0BAFAEC61002038BD6FF47A707047B7
:10ED5000B0F90400704700BF8069704738B50446B9
:10ED60000D4602F095FA2946204602F0A9FE02F06F
:10ED7000A3FAE1692046FFF7D3FFA561002038BD63
:10ED80006FF47D70704700BF6FF47D70704700BFF7
:10ED90006FF47D70704700BF6FF47D70704700BFE7
:10EDA00010B584B004AB046803F8012D0022009272
:10EDB000A4691A460123A04704B010BD10B584B061
:10EDC00004688DF80C20002200928DF80D30A469A3
:10EDD000022303AAA04704B010BD00BF10B5012351
:10EDE00084B00468CDE900330DF10F03646AA047D5
:10EDF00008B99DF80F0004B010BD00BFF0B585B094
:10EE000004469DF82C508DF80F201F4602680E46D0
:10EE100085B10123009395690DF10F02A84738B918
:10EE2000236800901D6A0A9B3A4631462046A8474F
:10EE300005B0F0BD53699DF80F209847EFE700BF7C
:10EE40002DE9F04F83B09DF83090002A5DD0002B63
:10EE50001F465ADD056892466B682D4A9342064666
:10EE60003CD1EB682B48834240D1012F46D0023F72
:10EE7000DFF8A4800AEB070B0AF1FF3405E00B2052
:10EE800004F8010FA3450BD035682D694545F6D030
:10EE900000213046A847C0B204F8010FA345F3D1C2
:10EEA00001373568BA442B69434512D10B208AF8E3
:10EEB0000000B9F1000F03D0002003B0BDE8F08FCF
:10EEC0003368134A9B6893421BD1484603B0BDE8A0
:10EED000F08F012130469847C0B2E8E7019198478A
:10EEE00035680C48EB6801998342BED041F00101BE
:10EEF000C9B230469847012F3568B8D1DFF818807D
:10EF0000D1E7304698474846D7E76FF47A70D4E7A0
:10EF100089ED010891ED010899ED01082DE9F84FFF
:10EF20009DF82890002A49D0002B47DD174602683B
:10EF30001E460C46536823498B4280462FD1D56824
:10EF4000DFF884B05D4523D1013E07EB060A7C1E45
:10EF500004E0A2450DD0D8F80030DD6814F8011F98
:10EF6000E31B9E4223D05D45F3D04046A847A2450F
:10EF7000F1D1B9F1000F02D00020BDE8F88FD8F828
:10EF80000030104A9B6893420DD14846BDE8F88F87
:10EF9000E1B24046A847D8F80030DD68D4E798478A
:10EFA000D8F80020CBE7404698474846E5E75D455E
:10EFB000CFD041F47F414046A847CAE76FF47A704A
:10EFC000DBE700BF89ED010891ED0108014B03600B
:10EFD000704700BFBCAC02082DE9F84FDDF828905F
:10EFE0004A45904638BFC846B8F1000F1BD09B4633
:10EFF0008A4605461746002406E0A14588BF0BF85F
:10F000000400013444450ED02B68A74288BF1AF88B
:10F0100004109E6898BF00212846B0470028ECDA0B
:10F020000248BDE8F88F0020BDE8F88F0AFCFFFF1A
:10F0300030B583B00468069D0095E468A047044A93
:10F040000446DDE90701FCF7DDFF204603B030BDD3
:10F0500081C30108036818470B680360704700BF4D
:10F06000704700BF254BF0B5866AD3F800E0076B08
:10F07000B60808BFCEF38D0607EB86056B0748BFC1
:10F08000043D4FF0807345E90213A5F1400CA5F152
:10F090004403A5F10C04002243F8042FA342FBD142
:10F0A000C36945F8203C1EF0805F6346C0F82CC061
:10F0B000416320D0112E1ED9103E7608012E12D0A9
:10F0C0006FF03702A2EBC60215444FF0CC3243F882
:10F0D000042C43F8082DAB42F9D1C6EB46760CEB75
:10F0E000C60303F1080CACF104039F423CBF4FF090
:10F0F000CC334CF8043C024B3B60F0BDB8B2020884
:10F10000A52E5AE290F82520C36A12B16033196027
:10F11000704720331960704710B490F82540C36AD7
:10F120002CB16033C3E900125DF8044B7047203303
:10F13000C3E900125DF8044B704700BF80F30988F3
:10F140007047EFF309807047684680F309885A4892
:10F150000078C00714BF0220032080F31488704792
:10F16000DFF858C1EFF305831B0618BF6047EFF3C4
:10F170001483DB0708BF604700DF7047DFF840C13A
:10F18000EFF305831B0618BF6047EFF31483DB071B
:10F1900008BF604700DF7047EFF30980816911F80D
:10F1A000021CE1BB90E80F1010B5E047BDE810402D
:10F1B000EFF3098C8CE80700424B93E8060091427C
:10F1C00008BF704741B91EF0100F16D13E490868BC
:10F1D00020F00100086010E01EF0100F06BF2CEDBB
:10F1E000108A0120002081F825002CE9F00FC1F8D9
:10F1F0002CC00CB403F0A6FD0CBC1A60D2F82CC0D5
:10F20000BCE8F00F92F8250000280EBF6FF0020E48
:10F210006FF0120EBCEC108A8CF30988704710B5A1
:10F220002A4A1268914209D8294C54F8214090E8A2
:10F230000F10A047EFF3098C8CE80F0010BD10B53C
:10F2400003F000FDBDE810401E4B93E8060091421C
:10F2500008BF7047EFF3098C1EF0100F06BF2CEDAE
:10F26000108A0120002081F825002CE9F00FC1F858
:10F270002CC00CB403F066FD0CBC1A60D2F82CC094
:10F28000BCE8F00F92F8250000280EBF6FF0020EC8
:10F290006FF0120EBCEC108A8CF30988704710B521
:10F2A00003F032FDFFF7CEBF10B503F02BFD03F0E6
:10F2B0002BFDFFF7C7BF000083BC0208DD29020851
:10F2C000F92902081C32002034EF00E000000000A1
:10F2D000FCFFFFFF0369054A10B50446026013B145
:10F2E0009B6804309847204610BD00BFFCAC020864
:10F2F00050B1D2E9003223B100EB6200D20706D44C
:10F30000184712F0010F00D1704700EB620002684D
:10F31000D358184770B5104C206828B1BDE870402C
:10F320004FF0FF3100F0FCBA0C4D4FF0FF31286870
:10F3300002F094FF23684BB1286802F099FF20681F
:10F340004FF0FF31BDE8704000F0EABA261D3046AC
:10F3500000F0CCFA2660EFE7940F0020382A002056
:10F360000369064A10B50446026013B19B68043075
:10F370009847204602F074F9204610BDFCAC020804
:10F3800070B50E4C206818B1BDE8704000F0CCBAE2
:10F390000B4D4FF0FF31286802F060FF23683BB14E
:10F3A000286802F065FF2068BDE8704000F0BCBA34
:10F3B000261D304600F09AFA2660F1E7940F0020EF
:10F3C000382A002070B50E4C206818B1BDE8704096
:10F3D00000F0AABA0B4D4FF0FF31286802F03EFF53
:10F3E00023683BB1286802F043FF2068BDE8704005
:10F3F00000F09ABA261D304600F078FA2660F1E750
:10F40000940F0020382A002070B5104C206828B1D5
:10F41000BDE870404FF0FF3100F082BA0C4D4FF064
:10F42000FF31286802F01AFF23684BB1286802F008
:10F430001FFF20684FF0FF31BDE8704000F070BA48
:10F44000261D304600F052FA2660EFE7940F0020A8
:10F45000382A0020F0B5002383B0CDE900330D46F3
:10F4600002A9044611E9030004F11807154E2660AD
:10F47000DFF860C02361164687E80300124AC4F82B
:10F4800020C048F207016162E362A46227636263FD
:10F49000BFF36F8FBFF34F8F04F13C0784F8383010
:10F4A000194638469822FBF7B3F9084BC4F8D43014
:10F4B00038463246294601F03FFC054B20461C6089
:10F4C00003B0F0BDFCAC0208F1F20108A086010017
:10F4D000B00F002001A090E80368104A1B68934217
:10F4E00070B504460D4613D1FFF78EFF2946C4F8C8
:10F4F000D45004F13C0001F04DFB2368084A5B68DE
:10F50000084993420C6005D1BDE87040FFF738BF51
:10F510009847EBE72046BDE87040184715F301080F
:10F52000C5F30108B00F002030B50368104A1B680E
:10F5300083B093420446019111D1FFF765FF019911
:10F5400004F13C0001F01EFE23680A4A5B68934206
:10F55000054607D1FFF714FF284603B030BD984792
:10F560000199EDE720469847284603B030BD00BF1B
:10F5700015F30108C5F3010838B50368144A1B6880
:10F58000934204460D4620D1FFF73EFF75B100219E
:10F5900004F13C0001F098FD23680E4A5B68934239
:10F5A00005460ED1FFF7ECFE284638BD012104F1D7
:10F5B0003C0001F089FD2368064A5B6893420546DA
:10F5C000F0D020469847284638BD9847DEE700BF70
:10F5D00015F30108C5F3010803680D4A1B6893423F
:10F5E00010B504460ED1FFF70FFF04F13C0001F007
:10F5F00085FC2368074A5B68934205D1BDE810404B
:10F60000FFF7BEBE9847F0E72046BDE81040184718
:10F6100015F30108C5F3010803680D4A1B689342FE
:10F6200010B504460ED1FFF7EFFE04F13C0001F0E7
:10F6300069FC2368074A5B68934205D1BDE8104026
:10F64000FFF79EBE9847F0E72046BDE810401847F8
:10F6500015F30108C5F30108704700BF012906D062
:10F66000022903D1C36C40301B6818477047C36B35
:10F6700030301B68184700BF10B50A4B044640F8ED
:10F68000203B01F073F8E36C1BB19B6804F1400070
:10F690009847E36B1BB19B6804F130009847204604
:10F6A00010BD00BF14AD020810B50446FFF7E4FF1B
:10F6B000204601F0D5FF204610BD00BF2DE9F04FD8
:10F6C000054685B02F4B45F8043B044600F1200861
:10F6D0006E4630300023DFF8B8A0DFF8B0906360EA
:10F6E000B042C5E90133C5E90333C5E905330F4627
:10F6F0002362CDF800A0C8E90133C8F80C30CDF87A
:10F700000C90E363E36404F1400B32D0B9F1000FD5
:10F710002DD03146FFF7A0FC039BE36313B19B6838
:10F7200030469847B345CDF800A0CDF80C9022D0D4
:10F73000E36C23B39B6858469847039BEBB15B6827
:10F74000584631469847039BE36413B19B683046A3
:10F7500098470D4A23463946404600F04DFF28465B
:10F76000394601F0C3FD204605B0BDE8F08F4B4699
:10F77000D3E74B46D2E7054BE7E7E364E9E7034B02
:10F78000DCE700BF14AD02085DF60108E8AC020832
:10F7900059F60108D0E9013212681A4214BF01205B
:10F7A0000020704710B582B00446019101F070FD51
:10F7B0000199201D00F03CFE02B0BDE8104001F0B0
:10F7C0007BBD00BF70B50D4686B0044601F060FDFC
:10F7D000EB68D3B104F13006AE420CD0E26B22B13B
:10F7E000936830469847EB6823B15B6830462946FA
:10F7F0009847EB68E363012204F12000114600F012
:10F800009DFE01F059FD06B070BDE26B1049114B31
:10F810000291059304F1300022B19368019098475A
:10F82000059B019893B15B6802A99847059BE36328
:10F8300013B19B6802A8984704F12000002201211F
:10F8400000F07CFE01F038FD06B070BDE363F3E725
:10F8500059F60108E8AC020870B50D4686B00446BA
:10F8600001F016FDEB68D3B104F14006AE420CD0B6
:10F87000E26C22B1936830469847EB6823B15B682D
:10F88000304629469847EB68E36404F120000122E2
:10F89000022100F053FE01F00FFD06B070BDE26CD6
:10F8A0001049114B0291059304F1400022B1936875
:10F8B00001909847059B019893B15B6802A998470E
:10F8C000059BE36413B19B6802A8984704F12000EC
:10F8D0000022022100F032FE01F0EEFC06B070BD05
:10F8E000E364F3E759F60108E8AC020838B500F123
:10F8F00008050446102200212846FAF789FF204611
:10F9000040F8045F02F080FC206008B1204638BD5A
:10F91000024801F0E5FC204638BD00BF1CAD0208DE
:10F92000006802F09BBC00BF006802F0A1BC00BFF1
:10F9300008B50C4802F068FC0B4B02460B481A60F5
:10F9400002F062FC0A4B02460A481A6002F05CFCB4
:10F95000094B186009F0DEFD0021BDE808400846AB
:10F9600001F04EBEB0B20208382A0020ACB2020844
:10F97000BC0F0020A8B20208B40F002003F094BC12
:10F9800000B583B0019002F023FB019902460348C1
:10F9900003B05DF804EB01F0A3BC00BF6CB2020839
:10F9A00000F098B90B4A0C4B0C4830B41A60C2F105
:10F9B000005303F50233B3F5806F1946084D094C27
:10F9C00028BF4FF480615B1A2B60134423600160F1
:10F9D00030BC70470833002024240020C00F0020D2
:10F9E00020240020C40F002002F0A6FCFFF7DAFF5D
:10F9F0000348002102F056FB02F06AFAFEE700001D
:10FA000010020020D0F8D030044A10B5044602603D
:10FA100013B19B68C4309847204610BDDCB2020881
:10FA200050B1D2E9003223B100EB6200D20706D414
:10FA3000184712F0010F00D1704700EB6200026816
:10FA4000D358184710B5044650B1036D13B19B68E5
:10FA500044309847636A1BB19B6804F118009847CB
:10FA6000204610BD70B5104C206828B1BDE870402C
:10FA70004FF0FF31FFF754BF0C4D4FF0FF312868B6
:10FA800002F0ECFB23684BB1286802F0F1FB206820
:10FA90004FF0FF31BDE87040FFF742BF261D3046F2
:10FAA000FFF724FF2660EFE77C200020382A0020A3
:10FAB000D0F8D030064A10B50446026013B19B68F6
:10FAC000C4309847204601F0CBFD204610BD00BF52
:10FAD000DCB2020870B50E4C206818B1BDE8704069
:10FAE000FFF722BF0B4D4FF0FF31286802F0B6FB45
:10FAF00023683BB1286802F0BBFB2068BDE870407A
:10FB0000FFF712BF261D3046FFF7F0FE2660F1E733
:10FB10007C200020382A002030B503680D4D5B683A
:10FB200083B0044698472B68A3420CD0D4E9361220
:10FB3000201D0023019006F053FC0198D4F8E0103A
:10FB400006F07CFC2C6023689B68204603B0BDE86F
:10FB50003040184798200020036870B55B68044661
:10FB60000E4615469847074B2046C4E936650022E5
:10FB70001A60FFF7D1FF236820469B68BDE87040FC
:10FB8000184700BF98200020036870B55B680446E2
:10FB90000D469847064BC4F8E050204600221A60F4
:10FBA000FFF7BAFF236820469B68BDE870401847FE
:10FBB0009820002030B5036883B004465B6801914B
:10FBC00098472046FFF7A8FF0199201D06F062FC28
:10FBD000236805469B6820469847284603B030BDF9
:10FBE0002DE9F04306460446254846F8040B87B045
:10FBF00000250F46904630469C2200210393BDF914
:10FC00003890FAF705FECDE9045506AB13E9030079
:10FC100004F1A40282E80300DFF868E0DFF868C0BE
:10FC2000C4F8ACE048F20701C4F8B010C4F8B8500A
:10FC3000C4F8B440C4F8BC20C4F8C0C0BFF36F8F90
:10FC4000BFF34F8FDFF844C0039BC4F8D0504FF090
:10FC5000080E84F8D450C4F8DC504246CDF8009029
:10FC600039463046C4F8D8E0C4F8E0C006F010FBCE
:10FC70002046FFF751FF204607B0BDE8F08300BFE4
:10FC8000DCB2020801A090E821FA010840420F000E
:10FC900038B50D4C20460025294640F8045B282243
:10FCA000FAF7B6FD2946282204F13000E562FAF79A
:10FCB000AFFDA5652046E565044A84F86050044917
:10FCC000BDE8384001F0B6BC18200020000200203A
:10FCD00045FA0108024B1B6803B11847704700BF83
:10FCE0009C20002002F0F8B94369416810B5044631
:10FCF000194400F033F9636A04F118001B68BDE889
:10FD00001040184710B5044686B001F0C1FA2046ED
:10FD100000F02AF9636A00220592A3B19B6804F1FE
:10FD2000180001909847059B6BB15B68019802A988
:10FD30009847059B636213B19B6802A8984701F03E
:10FD4000BBFA06B010BD0023636201F0B5FA06B03D
:10FD500010BD00BF10B5084B03600446FFF7D2FF8B
:10FD6000636A1BB19B6804F118009847204600F0B5
:10FD7000E7F8204610BD00BFF8B2020810B5094BE5
:10FD800003600446FFF7BEFF636A1BB19B6804F182
:10FD900018009847204600F0D3F8204601F060FC98
:10FDA000204610BDF8B2020838B504460D4601F0F1
:10FDB0006FFA204600F0D8F82069656101F0DAFC9E
:10FDC0004119204600F0CAF8BDE8384001F074BA85
:10FDD000034618305B6A1B68184700BF10B5084B14
:10FDE00003600446FFF78EFF636A1BB19B6804F152
:10FDF00018009847204600F0A3F8204610BD00BF29
:10FE0000F8B2020810B5094B03600446FFF77AFF09
:10FE1000636A1BB19B6804F118009847204600F004
:10FE20008FF8204601F01CFC204610BDF8B20208F5
:10FE300010B5044601F02CFA23681BB1BDE8104050
:10FE400001F03ABAE06801F095FC0123C4E9003002
:10FE5000BDE8104001F030BA38B5044601F018FA98
:10FE600025681DB901F028FA284638BDE06801F080
:10FE700081FC6568451B01F01FFA284638BD00BFAC
:10FE800010B5044601F004FA2046FFF7E5FFA36829
:10FE900000221844A0602260BDE8104001F00CBAB6
:10FEA00030B5044683B001F0F3F92046A568FFF7AA
:10FEB000D3FF2844019001F0FFF9019803B030BD51
:10FEC00008B5FFF7EDFF034B83FB0023C017C0EB22
:10FED000A31008BDD34D621010B5044601F0D8F947
:10FEE000E06801F047FC0023C4E90103BDE81040CD
:10FEF00001F0E2B9002310B5C0E900338360044685
:10FF000001F03CFCE0602046FFF7E6FF204610BD14
:10FF100003689B68184700BF074B10B503600023B8
:10FF2000C0E90133C360044601F028FC03492061A5
:10FF300001F09AFB204610BD20B3020811FF010812
:10FF400010B50146044B41F8043B0446006901F03A
:10FF5000E7FB204610BD00BF20B3020803460A4657
:10FF6000011D006901F0B0BB011D006901F0D8BBA3
:10FF700070B54FF0FF33EF2982B005460C460360A1
:10FF800016DC2D49204601F033FA2B492860204623
:10FF900001F04AFA28490646204601F0F5F9274AB9
:10FFA000AC801368C6F30436AE6063B102B070BDB6
:10FFB0002349204601F01CFA21492860204601F01F
:10FFC00033FA0646EBE71F492E681F4801241460E8
:10FFD000CA6C42F40052CA64CA6C836002F40052D4
:10FFE0000192019AD1F88820C36042F04052C1F8D2
:10FFF00088204FF4802504214FF480520383C0E908
:020000040802F0
:10000000094306600361C46180F82030C36280F850
:10001000303080F8383045604161426303F0F4FAD3
:1000200030B909487F2102B0BDE8704003F01CBF21
:10003000064801F055F9F4E744AD0208A02000207D
:10004000C8AD020800100240683100202CB302083D
:1000500030B53B4A83680168116087B00546122BB2
:100060006BD8DFE803F02E3134373A3D4043464940
:100070004C4F5255585B5E610A00324B0093062488
:10008000072069467F2204230194029000242C4813
:100090000594CDE9032303F0EBFB294803F070FE40
:1000A00027480A2103F090FB002840D0AB68204687
:1000B000112B04D0C0F3032343EA001080B207B031
:1000C00030BD214B0093DAE7204B0093D7E7204B5C
:1000D0000093D4E71F4B0093D1E71F4B0093CEE76B
:1000E0001E4B0093CBE71E4B0093C8E71D4B0093BC
:1000F000C5E71D4B0093C2E71C4B0093BFE71C4BA9
:100100000093BCE71B4B0093B9E71B4B0093B6E78A
:100110001A4B0093B3E71A4B0093B0E7194B0093C7
:10012000ADE7194B0093AAE7184B0093A7E70448E3
:1001300003F09AFBAB6880B2BAE70020BAE700BFD1
:1001400068310020000084CB0100008002003004F0
:10015000040060080800900C1000C0102000F0148B
:10016000400020198000501D000180210002B025B0
:100170000004002A0008302E001060320020903663
:100180000040C03A0080F03E00002143000052C70A
:100190003D4B5A692DE9F0413C4CD50723601DD5F4
:1001A0009D683B489F683B4A9E683B493A4005EA48
:1001B0000007A84304BF01209860364B9A4201EA29
:1001C000060159D0344B99424ED0314B9F4243D017
:1001D000304B9A4240D0304B99423DD02A4BDA689E
:1001E0005969900701D089072ED49A6959695869CD
:1001F000920701D58F051DD49A6959695869550729
:1002000001D5490502D45B69BDE8F081020406D539
:10021000224A234B10681B680721984723685B69B3
:100220001B04F1D51D4A1E4B10681B68BDE8F04148
:10023000022118470604DFD5184A194B10681B68BD
:10024000052198472368D7E7144A154B10681B68A7
:10025000002198472368C8E7104A114B10681B68B3
:10026000012198472368BAE7074B4FF48030986024
:10027000074B9F42ACD1EFE7034B4FF4807098607F
:10028000054B9942A1D1EFE700640040A420002073
:10029000030000040003000800000310E420002015
:1002A000E8200020FFF774BFFFF772BF104B30B497
:1002B0009C689A68B2F1006F05D02346103030BCBC
:1002C00043F8201070470B4D4FF08053E21802F1B5
:1002D0007042126843F8042BAB42F7D14FF08053C1
:1002E000034A1030936030BC43F82010704700BFC1
:1002F00000ED00E08C01001000B587B0072813D88E
:10030000DFE800F019283644521212042D4B2E4813
:10031000DA6C42F08002DA64DB6C03F08003059350
:10032000059B07B05DF804FB284800F0D9FF0020CA
:1003300007B05DF804FB234BDA6C42F00102DA648B
:10034000DB6C03F001030093009B4FF0904007B07B
:100350005DF804FB1B4B1E48DA6C42F00202DA64C3
:10036000DB6C03F002030193019B07B05DF804FB13
:10037000144B1848DA6C42F00402DA64DB6C03F0C8
:1003800004030293029B07B05DF804FB0D4B124877
:10039000DA6C42F00802DA64DB6C03F008030393C2
:1003A000039B07B05DF804FB064B0C48DA6C42F087
:1003B0001002DA64DB6C03F010030493049B07B0B3
:1003C0005DF804FB00100240001C004844B3020822
:1003D0000004004800080048000C004800100048D5
:1003E0004B1C70B5044601821FD0C1F303100D46AB
:1003F000FFF782FF00210646284601F0EDF9238A27
:100400000A4A666103F00F03012105F00F0552F857
:100410002330A36101FA05F506F1180206F1100177
:10042000C4E9011228362560E66070BDF8B4020800
:10043000B0F9100001F07CBA30B4446981B9816927
:10044000226891FAA1F3B3FA83F303205B0000FA68
:1004500003F322EA030391FAA1F1236030BC704751
:100460008369226893FAA3F1B1FA81F193FAA3F3B5
:100470000325B3FA83F349005B0005FA01F101207B
:10048000984022EA01030343236030BC704700BF59
:10049000194B2DE9F0414C2505FB0035DFF85C8058
:1004A0000E462F4600243A68012303FA04F0104256
:1004B00015D06A6BD8F8141003FA02F211420ED06C
:1004C000E969C8F81420686848B10969DFF830E0C4
:1004D00011424FF0020109D1DEF800309847013493
:1004E000A64205F10405DED1BDE8F081DEF800206A
:1004F00019469047F3E700BFEC20002000040140BC
:100500000023002001210020FFF7C2BF012108467F
:10051000FFF7BEBF01210220FFF7BABF0121032070
:10052000FFF7B6BF01210420FFF7B2BF052108463F
:10053000FFF7AEBF06210846FFF7AABF012917D073
:10054000022914D14AB18389134903F00F02C86804
:10055000012393400343CB60704782890E4802F029
:100560000F01C36801228A4023EA0203C360704777
:1005700083893AB1084A03F00F0390689940014318
:1005800091607047044803F00F038268994022EAA3
:1005900001018160704700BF00040140B0F90C30D8
:1005A00003F00C0202F1804202F5803203F00301F5
:1005B000F0B496680E4D0F278C0007FA04F126EA76
:1005C0000106C3F30311A140314391602C6809492E
:1005D0003B40012202FA03F323432B6090F90030E1
:1005E00003F01F005B098240F0BC41F823207047F4
:1005F0000004014000E100E02DE9F04F0C4601311C
:1006000085B067D09A46374B374D91461A6E04F045
:100610000F0842F001021A6608EB48021B6E05EB58
:10062000820203F00103576803930646039B4FEAD7
:10063000480BC4F30310062F4ED8DFE807F03F4104
:1006400043454749040029490191FFF755FE0BEB4B
:100650000802034605EB82004FF04C0E55F82220AD
:10066000DFF8ACC090F90800307007EBC7050EFB4F
:1006700007FE07EB450515444FF0010B0BFA02FB93
:100680005CF80E2077600CEB8507B4810024B46021
:10069000FB61174B0199C7F804A042EA0B02C7F8A7
:1006A00034804CF80E20C3F80090FFF7FFFD304671
:1006B000FFF774FF204605B0BDE8F08F0D49C3E792
:1006C0000D49C1E70D49BFE70D49BDE70D49BBE73E
:1006D0000D49B9E72046EEE70C4800F001FE4FF067
:1006E000FF30E8E70010024090B302083505020829
:1006F00000230020050502080D0502081505020863
:100700001D050208250502082D05020868B3020828
:10071000EC20002030B48389124D134C296801224B
:1007200003F00F0302FA03F321EA03032B6090F9AD
:1007300000305909203103F01F0302FA03F344F893
:100740002130BFF34F8FBFF36F8F90F900305909FD
:10075000603103F01F039A40002344F8212030BC8D
:10076000836070470004014000E100E08389144980
:1007700003F00F0303EB430370B5446851F82360A3
:10078000FFF7C8FF4C220F4B02FB04F204EBC4013D
:1007900004EB4104012599583444B540A01D21EAD9
:1007A000050504F10C0103EB800003EB840403EB6B
:1007B00081019D500023436063604B6070BD00BFAA
:1007C00090B30208EC2000202DE9F8433B4B3C4D50
:1007D0001A692B60D40702D5DA68D00765D4374B85
:1007E0001C6914F0020403D0DC6814F0020449D13F
:1007F0001A69510702D5DA6852072CD44FF4005118
:10080000304803F0C9FB802105462F4803F0C4FBA4
:10081000284310F0FF0F16D12C4BD3E9000150EA0A
:1008200001030ED06CB1261A4FF0000262EB0107F3
:100830000023274ABB4208BFB24202D2254B264AB8
:100840001A60BDE8F883002CFBD0204B0022C3E9DE
:100850000042BDE8F883DFF88C906FF004021A6163
:10086000D3F82480D9F80030A8EB0303B3F57A7FDE
:10087000C4D302F0B5FE2B6808F57A729A63C9F802
:100880000080BBE715496FF002021A61144A08683C
:100890005C6A116844EA0044A142A9D84FF0FF33D2
:1008A000136000F06FFF2B68A2E70C4A6FF00101A4
:1008B000196113680133136091E700BF0004004021
:1008C000C03200200008004800040048A0040020B6
:1008D00080841E009401002034CD12AB84270020B8
:1008E0000033002004230020284B30B59A6D284C9B
:1008F00042F002029A659A6D83B002F00202019200
:10090000019A9A6B42F002029A639A6B22F00202F9
:100910009A6305F049FE1F4B1F4A1B681F4921605F
:10092000A2FB03239B0C013B4FF6FF7200252046E0
:10093000C4E903256360A56005F0B6F829462046A2
:1009400005F032F82046042105F02EF82268144BF9
:10095000516A19601B68134903F57A7393631D206C
:10096000FFF7A4FC104B4FF000521A602368DA68BE
:1009700042F00102DA60DA6842F004022046DA60EE
:1009800004F0FAFF284603B030BD00BF001002405B
:10099000C03200203002002083DE1B4300040040F0
:1009A00004230020C907020800E100E0034B044AC9
:1009B0001360DA6822F00402DA6070470004004035
:1009C000C0320020034B044A1360DA6842F004028C
:1009D000DA60704700040040C032002000B5064BCA
:1009E00083B0D868019003F03DFC019803B05DF836
:1009F00004EB03F069BE00BF0823002000B5064BDE
:100A000083B09868019003F02DFC019803B05DF865
:100A100004EB03F059BE00BF0823002000B5064BCD
:100A200083B05868019003F01DFC019803B05DF895
:100A300004EB03F049BE00BF0823002000B5064BBD
:100A400083B01868019003F00DFC019803B05DF8C5
:100A500004EB03F039BE00BF08230020F8B590F97D
:100A60005C5090F95D4006460F462846FFF71EFC95
:100A700039462046FFF71AFC96F86C30002B0CBF65
:100A800020211021002D1FDB05F1604202F561429B
:100A9000002CEBB282F800131EDB04F1604000F57D
:100AA0006140E2B280F800130F4802F01F0103F02A
:100AB0001F0301226D09640902FA03F38A4040F81A
:100AC000253040F82420F8BD084A05F00F031A44E9
:100AD000002CEBB21176E0DA044804F00F02104467
:100AE000E2B20176E0E700BF00E100E0FCEC00E0EC
:100AF000234B426D1B680168B3FBF2F303EB8303E6
:100B00009B00416001E0013B02D08A691204FAD4E3
:100B10001C4B99421AD01C4B994209D11B4B9A6B22
:100B200042F480029A639A6B22F480029A637047BF
:100B300003F58063994214D1144B9A6B42F400027E
:100B40009A639A6B22F400029A63704703F5DE33CE
:100B50009A6B42F400129A639A6B22F400129A6321
:100B600070470B4B994209D1084BDA6B42F00202F5
:100B7000DA63DA6B22F00202DA637047704700BF73
:100B80003002002000540040005800400010024095
:100B900000840040574AF8B5436D1668B6FBF3F37E
:100BA000044603EB830340680D469B00271D01E0CC
:100BB000013B02D082691204FAD44F4B9E4253D0BB
:100BC0004E4B9E4236D04E4B00229D42A2603CD1FD
:100BD00023684C4A93427BD04B4A934200F0848076
:100BE0004A4A93427AD04A4A93426CD0454A934249
:100BF0002FD0454A934251D002F58062934240D1B2
:100C0000444AD2F8883023F4403343F48033C2F8A6
:100C100088300021384603F0A9FD00230122C4E9F1
:100C20000423C4E908333846E360A36103F0DEF926
:100C30006565F8BD384B9D423FD0314B9D4239D060
:100C4000364B9D4234D00023A36023682D4A934243
:100C5000CFD102F5DE32D2F8883023F4405343F48A
:100C60008053C2F88830D4E72B4B9D4229D0244BC7
:100C70009D4224D0294B9D42E5D1294BA360236896
:100C8000B4E7234A9342C4D1224AD2F89C3023F0DD
:100C9000030343F00103C2F89C30BAE71D4AD2F8BF
:100CA000883023F4404343F48043C2F88830B0E7EF
:100CB0001C4BE3E71C4BA3608AE71C4BDEE71C4B95
:100CC000F9E71C4BDAE74FF4000003F07BFDBCE7CB
:100CD0004FF4801003F076FD23687DE74FF4800029
:100CE00003F070FD23687EE74FF4001003F06AFD07
:100CF000236875E73002002000B4C404006CDC02F5
:100D000040420F000054004000580040005C00408A
:100D10000084004000100240801A0600A0860100F6
:100D20006B4EC130553EA02016085000210C80109B
:100D3000270E81003A14D110F0B50E46044685B056
:100D400067493046154600F053FB6649074628467A
:100D500000F04EFBA4F858600146A4F85A503846FB
:100D600000F034FB604B2060984222D05F4B9842E9
:100D700045D05F4B984268D05E4B984200F08C8023
:100D8000636D0BB95C4B63652046FFF7B1FE616D87
:100D9000FFF700FF00234FF0007284F86D3084F8F5
:100DA0006C3084F86E30226684F86430A36605B037
:100DB000F0BD03F5DE33002284F850209A6D4849D7
:100DC00042F400129A659B6D03F4001300933046C1
:100DD000009B00F0D9FA4349284600F0D5FA0321D8
:100DE000304600F0A5FD2846032100F0A1FD42F2A7
:100DF0001F032068A4F85C303C4B9842B9D103F53E
:100E0000DC33012284F850209A6D354942F4800287
:100E10009A659B6D03F4800301933046019B00F0BB
:100E2000B3FA3049284600F0AFFA0321304600F00B
:100E30007FFD2846032100F07BFD42F2212320683C
:100E4000A4F85C302A4B984296D103F5DA3302229B
:100E500084F850209A6D224942F400029A659B6DF5
:100E600003F4000302933046029B00F08DFA1D4903
:100E7000284600F089FA0321304600F059FD284643
:100E8000032100F055FD44F648132068A4F85C30B7
:100E9000184B98427FF474AF032703F5C63384F8E8
:100EA0005070DA6D0E4942F00202DA65DB6D03F034
:100EB000020303933046039B00F066FA0949284673
:100EC00000F062FA3946304600F032FD39462846D5
:100ED00000F02EFD45F25343A4F85C3050E700BF0C
:100EE0007CAE0208F8AD02080054004000580040F3
:100EF000005C004000840040A0860100012383665E
:100F00000020704738B590F86C300546002B39D179
:100F1000426853685C0507D441F2010301E0013BDC
:100F200002D091698807FAD54FF48043536041F2AB
:100F3000010301E0013B2DD091698906FAD52023F8
:100F4000D361536823F47F7323F003035360136862
:100F500023F001031360146814F00104FBD113683B
:100F6000296E43F00103B1F1007F136001D12046E7
:100F700038BD2846B5F95A20B5F95810FFF7DCFE00
:100F8000204638BDB0F95A20B0F95810FFF7D4FE0A
:100F9000002038BD6FF0010038BD00BF38B50446F1
:100FA000051DC260284603F021F894F85030032B49
:100FB00015D8DFE803F00E1012020A490A4A20464B
:100FC00042F82350FFF74AFD2846BDE8384003F0B9
:100FD00035B90649F2E70649F0E70649EEE7002190
:100FE000ECE700BFDD090208082300203D0A0208E3
:100FF0001D0A0208FD09020830B5044683B094F8C2
:101000006830043853B9B4F95620B4F95410FFF7D6
:1010100093FE022384F8603003B030BDA568B4F9B4
:101020005620B4F954100190FFF786FE002DF0D041
:101030000023012184F86810019819462A46FFF719
:10104000ADFF022384F8603003B030BD012904D025
:1010500011B9012380F86A30704780F86910704731
:10106000002380F869307047002380F86A307047A9
:1010700003F0E4B870B54FF08073054616460430AF
:1010800092B203F071F8D0B90E4B6A6D1C6895F8F6
:101090006E30B4FBF2F406FB0444C4EB04146400A9
:1010A00053B1013C01E0013C09D0012000F070FB8C
:1010B00095F86E30002BF6D10CB1304670BD002093
:1010C00070BD00BF3002002030B5446890F86C302D
:1010D000656883B003BBEB0107D541F2010301E072
:1010E000013B20D0A2691006FAD581B945F0807580
:1010F00045F48035656041F2010301E0013B12D007
:10110000A2695207FAD5606AC0B203B030BD25F0BB
:10111000807545F4C035EDE701220DF10701FFF7B9
:10112000A9FF03B030BD4FF0FF3003B030BD00BFAA
:1011300070B54FF0807305461646043092B202F047
:10114000A9FFD0B90E4B6A6D1C6895F86D30B4FBE1
:10115000F2F406FB0444C4EB0414640053B1013CF4
:1011600001E0013C09D0012000F012FB95F86D3040
:10117000002BF6D10CB1304670BD002070BD00BF11
:101180003002002030B5436890F86C405D6883B051
:101190000191002C4FD10246806EA0B1C1F309002D
:1011A0009466C90740EA050256BF22F4806242F401
:1011B000105242F4005222F0407242F48032012078
:1011C0005A6003B030BD5868C20107D541F2010230
:1011D00001E0013A35D099690D06FAD5019D05F473
:1011E0007F42B2F57F4F0CBF20F0807040F08070DE
:1011F00040F4803008BF0124586041F2010201E050
:10120000013A1ED09969C907FAD5EDB29D6241F243
:10121000010201E0013A14D09969C807FAD53CB13E
:1012200041F2010201E0013A0BD099694906FAD571
:10123000012003B030BD012201A9FFF779FF03B0FF
:1012400030BD022003B030BD026838B5136823F00A
:10125000FE03136090F95950044690F9580002F0CB
:1012600063FE284602F060FE022384F8603038BD39
:1012700008B500F00DF8962000F0A8FA962000F0CE
:10128000A5FAF8E7EFF31080C04300F001007047C3
:10129000EFF3108272B6064B196819B9054902F0CE
:1012A00001020A701A681A6801321A60704700BF9A
:1012B0001C23002099270020074B1A6852B1EFF336
:1012C00010821A68013A1A601B681BB9034B1B781D
:1012D00003B962B6704700BF1C2300209927002085
:1012E0000FB4012008B500F0A7F900BF38B50C46CF
:1012F0000546FFF775F8013400D138BD28460021B6
:10130000FFF79AF828460021BDE83840FFF790B86B
:1013100070B50C4616460546FFF762F8013400D159
:1013200070BD28460021FFF787F831462846BDE802
:101330007040FFF77DB800BF70B50D4616460446F5
:10134000FFF74EF8013511D066B9E36822681A60DC
:1013500020460121FFF770F820460021BDE87040CB
:10136000FFF766B8A36822681A60F1E770BD00BF96
:101370000022FFF7E1BF00BF08B505F015F9BDE891
:10138000084002F01DB900BF431C1BD0B1F900306A
:1013900010B50446581C04D10FE031F90C3F5A1C1B
:1013A0000BD09C42F9D12046896800F015FA2046FE
:1013B0000021BDE8104000F0BBBABDE81040024873
:1013C000FFF78EBF704700BF50B40208884203D0B9
:1013D000421C09D0013100D1704708B50348FFF71E
:1013E0007FFF4FF0FF3008BD0846704764B4020825
:1013F000421C15D008B5B1F900305A1C04D109E0DF
:1014000031F90C3F5A1C05D09842F9D14868411C6B
:1014100000D008BD0348FFF763FF4FF0FF3008BD61
:10142000704700BF78B40208421C15D008B5B1F966
:1014300000305A1C04D109E031F90C3F5A1C05D088
:101440009842F9D18868411C00D008BD0348FFF7D5
:1014500047FF4FF0FF3008BD704700BF98B4020847
:1014600008B506480221032201F062FF0348BDE8E7
:1014700008404FF4165102F02BB800BF683200202C
:10148000022801DC0020704738B50446033C07F011
:10149000E3FE0E4A52F8243009250021056042F887
:1014A00024107BB11A68184613699847041EA8BF18
:1014B000002000DB38BD07F0CFFE644204604FF02F
:1014C000FF3038BD4FF0FF3038BD00BF2023002073
:1014D000F8B506460C46154607F0BEFE0923022E57
:1014E000036010DC154B1B68FBB155B16E1E144F29
:1014F0002644013C14F8011F384601F0FFFFB442B6
:10150000F8D12846F8BD0F4B033E53F8260088B1AA
:1015100003682A46DB6821469847051EF1DA07F082
:101520009BFE6B4203602846F8BDFFF799FF002D34
:10153000DCD1E6E74FF0FF35E3E700BF8024002071
:10154000683200202023002070B504460E46154660
:1015500007F082FE0923022C036009DC104B1B6894
:10156000C3B1104801F0B8FF01243070204670BDAF
:101570000D4B033C53F8240078B103682A469B685E
:1015800031469847041EF1DA07F066FE63420360B5
:10159000204670BDFFF764FFE3E74FF0FF34E5E757
:1015A00080240020683200202023002070B50446EB
:1015B0000D46164607F050FE0923022C03600BDD92
:1015C000084B033C53F8240040B1036832462946D7
:1015D000DB69BDE870401847002070BD4FF0FF3058
:1015E00070BD00BF2023002008B5012000F024F8C2
:1015F00008B5FFF7C1FEFEF7F7F908BD704700BF59
:1016000008B5FFF7FBFFBDE80840F6F723BF00BFB2
:10161000074D08B52B680446986807F0D3FE2B6881
:10162000D86807F0CFFE04B9FEE7FFF721FEFBE71D
:10163000340200200120704708B5FFF7E9FF00BF22
:101640000120704710B5FAF789FF044608B120461B
:1016500010BD0248FFF744FEF9E700BFBCB4020822
:1016600008B1FAF7A1BF704738B5036804461B6894
:101670000D46984763681D6038BD00BF036870B5AC
:10168000DB68054698476B685B6883B12A681C680D
:1016900053689847201A00286A680DDCD2E90010C8
:1016A000836853600029F0D040688847EBE72B68D7
:1016B000BDE870409B6818472B6852681B6910682A
:1016C000BDE87040184700BF2DE9F04107460E46BF
:1016D00015469846FFF7DCFD796835604C68C6F81A
:1016E0000480D4B1002203E0A36822467BB11C46EB
:1016F0002368EB1A002BF7DAB4604AB93B684E60F6
:1017000028461B699847BDE8F041FFF7D5BDB36097
:101710009660BDE8F041FFF7CFBDB460EEE700BFD3
:1017200038B505460C46FFF7B3FD6A685368A34217
:101730000AD02BB19A68A24211D01346002BF9D1DE
:10174000BDE83840FFF7B8BD9B6853606BB12A68AD
:10175000186813699847BDE83840FFF7ADBDA26827
:101760009A60BDE83840FFF7A7BD2B689B68984793
:10177000E6E700BF03685B68184700BF0048704792
:10178000DCB402080148FFF779BF00BFDCB40208EF
:1017900038B5044604F086FFB4F57A7F054605DACD
:1017A00004F080FF431BA342FAD338BDFFF76AFD64
:1017B0000028F5D00448E31780FB0420C3EBA010F9
:1017C000FEF790FAECE700BFD34D62104FF47A7346
:1017D00003FB00F0FFF7DCBFF8B500F00F02534B3E
:1017E0000646C0F3031053F822400D46FEF784FD71
:1017F00005F00703826894FAA4F7B7FA87F794FA1A
:10180000A4F14FF0030EB1FA81F17F004FF0020C0A
:1018100049000EFA07F70CFA01F122EA07020A431F
:10182000634582604FD073454BD0A3F10107B7FAEF
:1018300087F77F09026894FAA4F6B6FA86F694FA56
:10184000A4F14FF0030CB1FA81F1760049000CFAD3
:1018500006F607FA01F122EA0602013B0A43012BD0
:10186000026005D843682A074CBF2343A343436063
:10187000C5F30115012D10D0022D0ED0C26894FAC7
:10188000A4F3B3FA83F303215B0001FA03F322EA22
:10189000030394FAA4F4C360F8BDC36894FAA4F2F5
:1018A000B2FA82F294FAA4F40321B4FA84F4520056
:1018B000640001FA02F2A54023EA02031D43C56059
:1018C000F8BD1F46B6E7B6B23607C5F3032117D5F4
:1018D000466A220A92FAA2F7B7FA87F792FAA2F2B8
:1018E0004FF00F0CB2FA82F2BF000CFA07F7920029
:1018F00001FA02F226EA07010A4342621F4699E70B
:10190000026A94FAA4F7B7FA87F794FAA4F64FF0AC
:101910000F0CB6FA86F6BF000CFA07F7B60022EAFB
:101920000702B1400A4302621F4683E7F8B4020887
:1019300000F00F02324B70B5C0F3031053F8224091
:101940000D46FEF7D9FC066894FAA4F1B1FA81F1CC
:1019500094FAA4F203234900B2FA82F28B405200B7
:101960003340D340013B012B31D905F0FD03012B5E
:1019700017D0052D35D0022D33D0C26894FAA4F3C8
:10198000B3FA83F303215B0001FA03F322EA0303B2
:1019900094FAA4F4C36070BD23EA0403012D4360EC
:1019A000E9D1C36894FAA4F2B2FA82F294FAA4F4E8
:1019B000B4FA84F4520003256400012105FA02F20E
:1019C00001FA04F423EA02032343C36070BDEB1E53
:1019D000022B4368E0D82343032D4360E1D0052D5B
:1019E000CBD1C36894FAA4F2B2FA82F294FAA4F4C6
:1019F000B4FA84F45200032564000221DEE700BF3C
:101A0000F8B40208B0F904000021FFF7E5BE00BFFA
:101A100030B507EE101A274B02681A60B5EEC07A8F
:101A2000F1EE10FA89B0044626D4F7EE007AB4EE4F
:101A3000677AF1EE10FAC8BFB0EE677AD4ED037A98
:101A4000227DA568F8EE677A602067EE877A511EDE
:101A5000FCEEE77A019017EE903A00200329B3FBE1
:101A6000F5F3CDE90500CDE90230C4ED047A049028
:101A7000079004D909B030BD9FED0F7ADEE76FF013
:101A8000030505EB82050B482A4601A904F07EF800
:101A900058B9637D074829461BB104F04DF909B0D8
:101AA00030BD03F0B5FF09B030BD0448FFF718FCA6
:101AB000EFE700BF302400200000000038B5020826
:101AC0002DE9F0412DED028B624CC2680368236062
:101AD00086B0064600200D460090002A7FD19FED7B
:101AE0005E8A196A41F21112114205D1196A40F257
:101AF0004442114200F09880584F694601A803F013
:101B000027FB3B6831688B4200F0A1800023013342
:101B1000DBB2984657F833208A42F8D1002900F00A
:101B2000928007EBC8073B79002B78D103F0ECFAE1
:101B3000049F00900123B360494B002F63D1A3FBA6
:101B400000124FEA400EA3FB0E3E900C4FEA9E4E51
:101B5000421E691E6260E1600B464FF000084FF6BE
:101B6000FE7CB3F5803F02D2B2F5803F1AD3B36852
:101B70005B0000FB03F2B3600FB10EFB03F2B1FB9D
:101B8000F3F3634502F1FF324FF00108E9D8B2F5F3
:101B9000803F4ED2B3F5803F4FF00108E7D2B2F557
:101BA000803FE4D2B8F1000F01D06260E36000230F
:101BB00028482361A36003F093FF00283FD118EE6B
:101BC000101AF5603046FFF723FF2268136843F0D0
:101BD0000103136006B0BDEC028BBDE8F08107EE97
:101BE000902A96ED047AF8EE677AB8EE477AF7EE27
:101BF000006A87EE278AB4EE668AF1EE10FAC8BF53
:101C0000B0EE668A6DE74FEA400EA3FB0E2E4FEA58
:101C10009E4EA3FB0030800C0EF1FF3299E703F0DB
:101C200085FA059F009085E71A6822F001021A6084
:101C300062E70C486260E360FFF752FBB7E70948D0
:101C4000FFF74EFBBBE70848FFF74AFB69E74FF099
:101C5000000863E7302400200000000068B5020897
:101C600083DE1B4338B5020850B5020830B5044680
:101C700087B00D4608463349FFF7BAFB314920606B
:101C80002846FFF7D1FB23682F4AC0F30431934263
:101C9000C0F34040217560752CD0B3F1804F1BD14B
:101CA0002A4B9A6D42F001029A659B6D03F0010385
:101CB0000293029B23492846FFF766FB002301227B
:101CC000204644F62061C4E90333A580A26007B032
:101CD000BDE83040FFF7F4BE1D4A934215D11B4BBF
:101CE0009A6D42F002029A659B6D03F00203039322
:101CF000039BDFE7154B1A6E42F400621A661B6EF7
:101D000003F400630193019BD4E7124A93420AD182
:101D10000E4B1A6E42F480321A661B6E03F4803347
:101D20000493049BC6E70C4A9342C3D1074B1A6E37
:101D300042F400321A661B6E03F400330593059BD0
:101D4000B8E700BF00AF0208002C014000100240BD
:101D500000040040004001400044014007EE101A1A
:101D6000D0ED037AB8EEC77AF8EE677AC7EE277A35
:101D700017EE901AFFF74CBE70B40F4E336893B154
:101D8000002504E01C68891A1D468CB123469A6818
:101D90008A42F7D981609A680360511A996025B127
:101DA000286070BC704703608160306070BC704711
:101DB00004608160F4E700BFD4310020094B1B6848
:101DC00010B44FF6FE724FF47A74591E04FB0010E3
:101DD000B0FBF3F0904228BF104680B25DF8044B90
:101DE000704700BF9CB2020800B5DFF808C000DFF2
:101DF0005DF804FB9121020808B5EFF3108444B9A3
:101E0000EFF305842CB908484FF0FF310068FFF765
:101E1000EBFFDFF818C000DF0446FDF7C1FD2046E8
:101E2000DFF80CC000DFFEE7D0310020D11F020830
:101E3000E91F020838B50D46044600F0F1FC28B150
:101E40002046294600F0F0FC002038BD812038BD36
:101E5000B0B50F4C207800AF08B10020B0BD0D4DDB
:101E60002B6893F8241001F001F82B68DA78FF2A28
:101E700003D1DA6A203282F309886A682AB101F054
:101E8000C7F9012323700020B0BDC5E90023F6E7A0
:101E9000D93100201C320020014B1878704700BF58
:101EA000D931002010B5EFF3108454B9EFF3058455
:101EB0003CB9EFF31484E40703D5DFF810C000DF6A
:101EC00010BD014B187810BDD9310020991E0208B1
:101ED000EFF310836BBBEFF3058353BB90B589B071
:101EE00000AFFFF7DFFF28B91B4C246814B164680A
:101EF00004B1A047EFF3148404F00304022C22D0B1
:101F0000032C18D0012C1AD007F1200484F309887F
:101F1000124C2478E4071AD5022484F31488BFF302
:101F20004F8FBFF36F8FDFF838C000DF2437BD4617
:101F300090BD82207047094C2478E407F3D5FF2038
:101F40002437BD4690BD054C2478E407EBD4032428
:101F500084F31488E3E700BF0C32002083BC02083E
:101F6000511E020870B538B306682EB3B0F904509C
:101F70001446EA1C92B2062A1ED80B46C168C9B99B
:101F80000A46043545EA0121304600F0ADFF98B11C
:101F90000C4A0D4B0D491B68013852F82050EA6A73
:101FA000516363B19B6853B1E87821469847E86371
:101FB000284670BD0269E4E70025284670BDEC6341
:101FC000284670BD602D00200C320020F91D02084B
:101FD00008B500F043FF18B1024B013853F8200058
:101FE00008BD00BF602D002038B5A0B110F003057A
:101FF000044610D1037873B9084B1B681BB1DB682A
:102000000BB1C06B9847E07800F0CAFFFF2808BF0B
:102010008125284638BD8025284638BD0C32002051
:10202000F8B5EFF3108494BBEFF3058CBCF1000F0F
:1020300027D107460E461546EFF31484E40702D471
:10204000144C2478FCB1EFF3108242B9EFF305820F
:102050002AB9114A4FF0FF311068FFF7C5FE384624
:1020600031462A46DFF834C000DF0446EFF3108023
:1020700038B9EFF3058020B907480068DFF820C0C1
:1020800000DF2046F8BDBDE8F840FFF76BBF002435
:102090002046F8BDD9310020D0310020651F02084C
:1020A000E52102080022FFF7BBBF00BF08B548B119
:1020B000421C08D0074A904208D8FFF77FFE01F083
:1020C000EDF8402008BD4FF6FF70F8E74FF6FE70C0
:1020D000F5E700BF00093D0010B5EFF3108434B9F7
:1020E000EFF305841CB9DFF80CC000DF10BD8220BF
:1020F00010BD0000AD200208830704D130B1D0E943
:102100000413186870470020014670470146704765
:102110002DE9F041154E346804B3A368144F013B18
:10212000A3604FF001082146C3B93B6825683560BC
:1021300018462BB11B78012B02D1FFF77BFE10B1A3
:102140000420FDF71DFC6379012B09D084F804807D
:1021500025B1AB682C462146002BE6D0BDE8F081C6
:10216000E1682046FFF708FEF2E700BFD431002007
:102170003C2A002010B540B1046824B1237823B96B
:10218000204600F04DFC204610BD0024204610BD26
:1021900070B510F003061AD10446C0B10378032BC2
:1021A00015D10D4641B14B1C17D00D4B994211D89A
:1021B0000846FFF703FE0146204600F0B1FC012867
:1021C00006D1002D14BFC1268126304670BD802661
:1021D000304670BD4FF6FE71EEE74FF6FF71EBE74C
:1021E00000093D0010B510F0030403D110B10378CD
:1021F000032B02D08024204610BD00F019FCFF28DC
:1022000008BF8124204610BD30B583B0EFF31084A1
:10221000E4B9EFF30585B5B9EFF31484E4070DD401
:102220000C4C247854B960B1006850B1037853B9AC
:10223000019000F0F5FB019803B030BDDFF818C045
:1022400000DF03B030BD204603B030BD002003B036
:1022500030BD00BFD931002075210208EFF3108393
:1022600023B9EFF305830BB9FFF7BEBD822070479A
:1022700010B5EFF3108434B9EFF305841CB9DFF81F
:102280000CC000DF10BD822010BD0000E521020857
:1022900010B5044660B1016851B1406838B10378A7
:1022A00033B90431890089B200F054FA606810BD76
:1022B000002010BD10B5174C237882B053B1164BD7
:1022C0001B68FF229A70154A0020012310702370AA
:1022D00002B010BD00F022FF0F4B22781B68FF21D7
:1022E0009970002AEFD111460D480192FFF7D0FFF7
:1022F0000C4B019A014619600B481146FFF732FE5C
:102300000A4B02460A481A60FFF77EFF094B186025
:10231000D9E700BFD83100201C320020D93100207D
:10232000A0B202083C2A0020BCB20208342A0020D5
:1023300098B50208D031002010B5EFF3108474B9BD
:10234000EFF305845CB9EFF31484E40703D5DFF8F9
:1023500014C000DF10BDBDE81040FFF7ABBF822006
:1023600010BD0000B52202082DE9F041804684B07E
:1023700088B30378012B20D10C46B9B34B1C42D053
:10238000224B994224D80846FFF718FD02464046E2
:1023900002A900F0EBF9012833D0002002460346E1
:1023A0001020029904460D4616461F46204629462F
:1023B00032463B4604B0BDE8F081002580242E461D
:1023C0002F462046294632463B4604B0BDE8F08100
:1023D0004FF6FE72DBE70546064607468024204698
:1023E000294632463B4604B0BDE8F0810A4602A9C0
:1023F00000F0BCF90128D0D1002002460346204657
:10240000CFE74024F8E74FF6FF72C0E700093D0030
:1024100030B5044685B021B1154612B90B78012BB1
:1024200004D080232046236005B030BD084602A9B1
:1024300000F002FA042808BF102201AB14BF019576
:10244000019293E8070084E80700204605B030BDFC
:1024500038B504461546EFF3108010B9EFF3058048
:1024600028B120462A46FFF7D3FF204638BD08464C
:102470001146DFF810C000DFC4E90001A260204669
:1024800038BD00006923020800B50A4C85B001A8D8
:1024900021684FF0FF32FFF7DBFF01981028F6D1DB
:1024A0000298DFF814C000DF03460846002BEED088
:1024B0009847ECE73C2A0020F920020810B50446B2
:1024C000008B6378628B0143062B218319D0052B87
:1024D00000D010BD11EA0203FBD0638321EA0201A0
:1024E0002183204600F0F8F801232046628B6370B8
:1024F0000821FCF711FE21460448BDE8104000F019
:1025000007B832EA0103E9D010BD00BFDC3100207A
:1025100030B4027843688C78013AD5B223B90EE022
:102520005A68184662B113469A78A242F8D2022D30
:102530004B60416009D8996030BC886070470346A1
:102540000022022D4A60596003D9002030BC886007
:102550007047184630BC8860704700BF02784368F7
:10256000013A59684160022A07D811B100228860F7
:102570005A6000229A601846704700225A60184636
:10258000704700BF034B5A68426000225860826067
:10259000704700BFDC31002070B4174DEB6833B3D7
:1025A000AC8AA142224601D823E023469C8A2244D9
:1025B00091420CD9DC68002CF7D1891A89B200222B
:1025C000C26070BCD8600361998282827047DE6805
:1025D00094B2C660D860C268036102B11061621A29
:1025E00082829A8A141B2144998270BC70472B46C0
:1025F000E5E71E462B46ECE7F43100202DE9F041DB
:102600001B4EF468002C30D0B58A013DADB2B582C6
:102610005DBB184FA368DFF860802146384633B1B0
:1026200062685A6062680AB193606560A560FFF7EE
:102630006FFFA28AB2826378042B4FF0010104D1AC
:10264000D8F80030E08A0344A382E3686170F36045
:1026500053B11E61C4E903553AB91C462146A3682B
:102660003846002BDCD1E2E72361BDE8F08100BFF2
:10267000F4310020DC3100206432002083682BB16B
:1026800042685A60426842B193607047054B1A46EF
:102690005B68984202D0002BF9D1704743685360C1
:1026A000704700BFDC31002010B584680CB90BE026
:1026B000A4682378002BFBD0FFF7E0FF01462046FB
:1026C000BDE81040FFF724BF4378012B00D010BDB8
:1026D000004CF1E7DC31002003699BB1C268DA608D
:1026E00062B1998A10B4848A2144998200241361CA
:1026F0000023C46003615DF8044B70479A82002395
:1027000003617047704700BF70B4114BDC78EFF382
:102710001086EFF3108272B69A78944208D9551C4D
:102720001A789D70551CAC4214BFEDB200251D7087
:1027300006B962B6DC78944205D903EBC20370BCDB
:10274000C3E90101704770BC0220FDF719B900BF51
:10275000B02900201039002389080122C0E9013383
:10276000C181028083708381704700BF38B583893F
:1027700004467BB915465AB1436843B3274B1968E1
:10278000FFF7C6FE2846082100F042FB012038BDB5
:10279000012038BD4389C289181D01339BB254F80A
:1027A000200008609A42638104BF0023638163684C
:1027B00013B16378022B14D0EFF31080EFF3108382
:1027C00072B6A389013BA38148B962B638BD134AEA
:1027D000126842600121C2E901304170D2E7002055
:1027E00038BD2046FFF7BAFE00210546FCF78AFCFB
:1027F0002389E289E869191D01339BB29A4244F8A2
:102800002100238104BF002323812846FFF764FFB2
:10281000284600F0D1FA002038BD00BF1C3200204D
:10282000C2898089101A704708B5FFF76DFFBDE8AF
:10283000084000F0F5B900BF83890BB9184670470E
:10284000438910B50433044650F823300B604378B5
:10285000022B16D0EFF31082EFF3108372B6A38928
:10286000013BA38102B962B66389E28901339BB25D
:102870009A42638101D0042010BD002363810420AB
:1028800010BD0021FFF740FF00F0CAF9E2E700BFEA
:10289000436870B504460D463BB14678022E41D0E0
:1028A000032E1ED0012E34D070BD8289C3899A4276
:1028B00061D20389043344F82310EFF31082EFF35D
:1028C000108372B683890133838102B962B623898A
:1028D000E28901339BB29A422381E5D1002323810F
:1028E00070BD084600F07AF805460028DCD0204686
:1028F000FFF734FE29460446FCF704FC012363700D
:102900002046FFF7E9FE21461D48BDE87040FFF76D
:10291000FFBDFFF723FE04462A461021FCF7FCFB0F
:102920006670EDE7FFF71AFE00210546FCF7EAFBAB
:102930002389EA69043344F82320EFF31082EFF38C
:10294000108372B6A3890133A38102B962B62389C9
:10295000E28901339BB29A42238104BF0023238181
:10296000012328466B70FFF7B7FE29460448BDE8EF
:102970007040FFF7CDBDBDE870400320FDF700B803
:10298000DC310020002A70B41EDB033222F0030386
:102990000C24B3B11A198A4213D804440144CD1A45
:1029A000E2189542C0E90041836014D300216250CF
:1029B00016461A4495421944F9D20020306070BC82
:1029C0007047012070BC704722F00042D31D23F0F5
:1029D00007031024DDE72646EFE700BFEFF310837F
:1029E00072B6026803F001030AB11168016003B90D
:1029F00062B61046704700BF81420DD343688B42D8
:102A00000AD9EFF3108372B602680A60016013F00E
:102A1000010003D162B67047012070470020704763
:102A200000230322C0E9013302704380C360704772
:102A30004388002B48D02DE9F041374E8268316839
:102A40008A4204463DD1013B9BB24380002B35D1E5
:102A50000B6A98424CD01A462AB1D068A04244D0A2
:102A60000246002AF9D191F8245043B15A681AB1AC
:102A70009278954238BF1546DB68002BF6D18D70F1
:102A800067681FB32046FFF769FD00210546FCF784
:102A900039FB2846FFF720FE2A6A204F31687B6801
:102AA000C4E902524FF00108A4F802802C628A782F
:102AB0009B789A421FD3284600F07EF90020BDE89B
:102AC000F081FF20BDE8F081FF2070471348436884
:102AD0009B78AB42F2D9FFF71BFD336801223846E1
:102AE0005A7000F069F93846ECE7E068D060BAE760
:102AF000C3680B62B7E73846FFF70AFD2946384638
:102B0000FFF706FD3368002083F8018085F8018017
:102B100000F052F90020D5E71C320020DC31002003
:102B2000438870B50446BBB1154E80680D463168C8
:102B3000884217D075B18B7882789A421AD363682D
:102B4000A3B12046FFF7E4FC2846092100F060F914
:102B5000012070BD012070BD094A12688260116AAF
:102B6000C160106201336380002070BD6160C1E903
:102B70000134E9E78370FFF797FD3168DFE700BFB5
:102B80001C320020034A044B1268DA8000221A60CB
:102B9000704700BFB4B202081032002008B5104AD6
:102BA000104B114958681368834209D0D3880988AB
:102BB0001060013B0B449BB29942938004D008BD46
:102BC000938809889942FAD1002306481360FFF7D9
:102BD000C5FCBDE8084001460248FFF799BC00BFAC
:102BE00010320020DC31002064320020426882B1C3
:102BF00010B5FFF7B3FC0446FFF76EFD01216170CD
:102C00002046FCF77FFA21460448BDE81040FFF754
:102C10007FBC428801324280704700BFDC31002017
:102C2000054B1B7823B9054B4FF080521A60704753
:102C3000034B01221A7070479A27002004ED00E030
:102C40009B27002038B51C4B1C4D1868012343708E
:102C5000FFF798FCAA786B78F2B11C4605EBC4012B
:102C60004B681A781846FAB1012A21D0FFF7BEFF47
:102C7000EB780134A34208BF0024EFF31082EFF396
:102C8000108372B6AB78013BDBB2AB700AB962B6A7
:102C9000AB78002BE2D1E3B209486B70FFF75EFC22
:102CA000BDE8384000F078B80989FFF707FCDFE796
:102CB0008968FFF7EDFDDBE71C320020B02900201A
:102CC000DC3100200A4A0B490B480C4B10B4146845
:102CD0000C600B4A002407210460196013685DF83A
:102CE000044B43F07F434FF0FF301360704700BF49
:102CF000D0B2020814E000E018E000E010E000E0CC
:102D000020ED00E0704700BF08B50B4B18680123A9
:102D10004370FFF737FCFFF741FF084A13680133A0
:102D20001360FFF76BFCFFF7F3F90548FFF716FC9C
:102D3000BDE8084000F030B81C32002064320020AA
:102D4000DC310020064B1B68D3E90B329A4203D8D2
:102D50001268044B9A4202D00120FCF711BE704762
:102D60001C320020A52E5AE210B50848FFF7F6FBEA
:102D7000074A084B5060022242701B682BB11B6946
:102D80001BB1BDE81040C06B184710BDDC310020FE
:102D90001C3200200C320020054A064B50600222F3
:102DA00042701B681BB11B690BB1C06B18477047A1
:102DB0001C3200200C32002008B370B5114D82780F
:102DC0000446286883789A4210D9FFF7DBFB29680C
:102DD0000D4B0120022248706C6062701B686BB161
:102DE0001B695BB1E06BBDE870401847012363705D
:102DF00021460648BDE87040FFF78ABB70BDFFF76B
:102E0000B3BF00BF1C3200200C320020DC31002098
:102E100000B970474FF6FF73984270B50C4D0C46E1
:102E200003D001462868FFF7B7FB2B6809485C70A0
:102E3000FFF794FB084B6860022242701B682BB1BD
:102E40001B691BB1BDE87040C06B184770BD00BF67
:102E50001C320020DC3100200C320020024B1868AC
:102E600000B1C078704700BF1C32002038B5B8B13F
:102E7000194B1B88834227D3184B013853F8204045
:102E800014B3174DA1702B6884F824109C420CD009
:102E90002046FFF709FC6378012B17D0002038BDCE
:102EA0000F4D2B68997083F824100E4843689B7867
:102EB0008B42F3D92968FFF72BFB2B6801225A704C
:102EC000FFF752FF002038BDFF2038BD0548FFF74F
:102ED00045FBFFF771FFE1E780BC0208602D002091
:102EE0001C320020DC3100202DE9F84F11F0FF0FDB
:102EF000824627488B461446994608BF01F1010BCC
:102F0000FFF76CFD0746002839D0224B046319886F
:102F10004FEA1B20B86291B31F4B01241D4602E00B
:102F2000A1422CD0344655F8042B661C04F1FF381E
:102F3000002AF5D15FFA8BFB4FF48071C7E90122BB
:102F4000C7E90322C7E9052287F802B087F824B051
:102F5000FC70C7F81C90C7F838903A6287F82520B3
:102F6000398080B151463846FCF77CF80A4B384628
:102F700043F82870FFF720FF2046BDE8F88F0024B3
:102F80002046BDE8F88F0548FFF728FD3863E9E7DC
:102F90009C2D002080BC0208602D0020A02700206E
:102FA0002DE9F84F574F3C68002852D0E378834210
:102FB0004FD0554B1B888342C0F0A180DFF858B139
:102FC000461E5BF82690B9F1000F00F09880484645
:102FD000FFF754FB4846FFF77FFBD9F8204004B3C6
:102FE000DFF830A14FF0010863682046002B75D050
:102FF000FFF7B4FA00210546FCF784F82846FFF7EE
:103000006BFB85F8018029465046FFF781FAE3689B
:103010002A6AE260A560A4F802802C621C46002C9B
:10302000E2D1D9F83010394800244BF82640FFF798
:10303000E3FC49463648C9F83040FFF7DDFC354827
:10304000396842688B7892789A4250D82046BDE819
:10305000F88F00236370FCF774F8E062FFF772FEEC
:103060003B681C6AECB1DFF8AC800126636820463F
:1030700063B3FFF773FA00210546FCF743F82846CF
:10308000FFF72AFB6E7029464046FFF741FAE368D6
:103090002A6AE260A56066802C621C46002CE5D19D
:1030A0003B68DA78196B1C4D1848531E002445F80C
:1030B0002340FFF7A1FC396815480C63FFF79CFC1F
:1030C0003C60FFF751FE2046BDE8F88FE268638060
:1030D000C4E902331446002CC8D1E1E7E2686380FA
:1030E000C4E902331446002C7FF47EAF99E7012334
:1030F0004B70FFF70DFAFFF737FE2046A7E7FF20DA
:10310000BDE8F88F1C32002080BC0208A0270020F8
:103110009C2D0020DC310020602D00202A4B1988D6
:1031200070B539B10023294A184601338B4242F861
:10313000040BFAD1264B27481988274C4022FFF769
:1031400021FC264A264B12881968264842F0004284
:10315000FFF718FC244B254A186811880822FFF74E
:1031600011FC0025224B1F482360C4E90155C4E926
:103170000355C4E90555A5622562A584FFF72EFC19
:103180001C4920632046FBF76DFF1B4B1B481E6844
:103190001B4A1C4B4560022161700421C3E90355A1
:1031A000C2E90044017019709D821EB133690BB1F0
:1031B000E06B9847144A154B1278DA7000221A8097
:1031C000BDE87040FFF7DEBC80BC0208602D002027
:1031D0007CBC02089C2D002024320020B8B20208DA
:1031E00098B20208A0270020B80F00207EBC020879
:1031F000000100FF7DF901080C320020DC310020C5
:103200001C320020F431002082BC0208B0290020CA
:1032100008B51E4B1A6842F47F021A601B681B0235
:1032200003F07F43DB43B3FA83F3194A194812686A
:103230000168DBB2C3F10803C2F30222934298BFD4
:10324000531C6FF0807202FA03F303F07F4321F006
:103250007F4213430360FFF735FD0F4B00281860D2
:1032600012DB00F1604000F56440FF2202701A6832
:1032700053099B0003F1604303F5614302F01F0211
:10328000012101FA02F21A6008BD00BF20ED00E042
:103290000CED00E01CED00E0183200200321FFF7E8
:1032A000B7BD00BF00F03CB908B5024C2368984791
:1032B000FCE700BF2402002042681B4970B50346AA
:1032C000B0F91A4006689D6801EBC210D2010134C2
:1032D0008E50D3E9031245605D698160196AC2604E
:1032E0004FF00002A0F8522005618161A0F8502043
:1032F000A0F85A20A0F858200AD0B3F918300133AA
:103300000CBF04230C23436102F07AFF30B970BD77
:103310000823436102F074FF0028F8D0BDE8704034
:103320000248FDF7DDBF00BF842400209CB50208E1
:10333000F0B5044687B008460E465C491546FEF7D0
:1033400057F85B4907462846FEF752F801463846CB
:10335000FEF73CF8574B2060984256D0564B9842A7
:103360003AD1564B9A6B42F400329A639A6B22F42C
:1033700000329A639A6D42F400329A659B6D03F4B1
:1033800000330293029A0123636048493046FDF7F7
:10339000FBFF47492846FDF7F7FF721C03D00121C8
:1033A0003046FEF7C5FA6B1C03D001212846FEF714
:1033B000BFFA00234FF41652C4E90223C4E90433D0
:1033C0002362268365832046FFF776FF3A4B226807
:1033D0009A4260D007B0F0BD03F5806398422AD1CD
:1033E000364B9A6B42F480229A639A6B22F48022C5
:1033F0009A639A6D42F480229A659B6D03F4802350
:1034000003930223039A6360BFE703F558431A6CE2
:1034100042F480421A641A6C22F480421A641A6ED2
:1034200042F480421A661B6E03F48043019300232A
:10343000019A6360A9E7224B984214D11F4B9A6B03
:1034400042F400229A639A6B22F400229A639A6DE6
:1034500042F400229A659B6D03F400230493032336
:10346000049A636091E7174B98428ED1134BDA6B45
:1034700042F00102DA63DA6B22F00102DA63DA6DFC
:1034800042F00102DA65DB6D03F001030593059B51
:103490000523636079E70C4B0C4821464C2201243C
:1034A0001C6007B0BDE8F040F6F72AB8DCB10208AE
:1034B0004CB10208003801400044004000100240B6
:1034C000004C004000800040802400206832002032
:1034D0008160FFF7F1BE00BF4368074ADB01D258A5
:1034E000D3699B06FCD5C368908C0BB9C0B27047FA
:1034F000C0F30800704700BF842400204368074AD7
:10350000DB01D258D3691B06FCD5C36813B9C9B215
:1035100011857047C1F3080111857047842400208C
:1035200008B5FDF743FA0121002001F063F9BDE879
:103530000840FDF747BA00BF08B50C4A836E9342B6
:103540000CD002F5744293420CD0A2F5784293421B
:1035500004D00748FDF7C4FE002008BDBDE80840C0
:1035600001F0D2BDBDE8084001F0E0BD003C0040E4
:10357000B4B50208DFF830D0002103E00B4B5B58F4
:10358000435004310A480B4B42189A42F6D30A4A78
:1035900002E0002342F8043B084B9A42F9D302F0C0
:1035A000D3FFF0F77BF8FEE7008002209CBD020805
:1035B0000002002020040020200400200833002006
:1035C00010B5032000F09CFC0F20FDF78DF910B121
:1035D0000124204610BD044601F00AF9204610BD22
:1035E000034A0449136809680B441360704700BF1D
:1035F000B432002028020020014B1868704700BF39
:10360000B4320020704700BF70B582B00023019330
:10361000002800F0B380856D0446002D00F08880FE
:10362000226893689D0005D5936823F0204323F01A
:103630003F0393609368D80017D45E4B91681B6872
:103640005D489B0921F01041A0FB030321F03F01DD
:103650009B0941F0805191600193019B2BB1019B2B
:10366000013B0193019B002BF9D19368D90051D400
:10367000A36D43F01003A365E36D43F00103E3651D
:10368000936813F0040F4FF00100A36D49D1DB06DE
:1036900047D4A36D23F4817343F00203A3659368B9
:1036A000DE070AD4454B9B68DD0706D444496568AC
:1036B0008B6823F47C132B438B60D4E90215636B76
:1036C0002B430B43657E94F8201043EA45330129D0
:1036D00043EA01434DD0A16A21B1E56A01F470715A
:1036E00029430B43D568374929400B43D36093687E
:1036F000590723D593682369012B42D0136B23F01C
:103700000F031363A36D23F0030343F00103A365C9
:1037100002B070BD936813F0040F4FF00000A36D6A
:10372000B5D0A36D012043F01003A36502B070BDB6
:10373000FFF768FFE56584F8545071E793681B074D
:10374000D9D494F83030267ED168E56C5B0043EA2A
:10375000863321F480412B4321F006010B43D360D3
:1037600094F83830012B14D0136923F0010313614E
:10377000C1E7616A013943EA4143ACE7012002B085
:1037800070BD116BE36921F00F01013B0B43136323
:10379000B8E7D4E90F361169656C21F4FF6121F0B7
:1037A000040133430B43A16C2B430B4343F0010350
:1037B0001361A0E730020020632D3E050000045095
:1037C0000003045007C0F0FFF8B54569082D064610
:1037D0000C4604D00368DB68DD073FD40425FFF7FF
:1037E0000BFF0746326801E0601C24D113682B42AE
:1037F000FAD0B36D43F40073B365D36813F4406F2C
:103800000FD1737E6BB9136819070AD5B36D23F412
:103810008073B365B36DDB0403D4B36D43F0010370
:10382000B365082DD06816D010F4804006BF0C2375
:1038300013600020F8BDFFF7DFFEC01BA04201D8D7
:10384000002CCFD1B36D002243F0040386F854203E
:10385000B3650320F8BD15600020F8BD836D43F00B
:10386000200383650120F8BD0368186C704700BF12
:10387000F0B490F8542082B00346012A4FF00000C3
:10388000019000F025811C68012083F85400A56890
:1038900015F004053FD14A68052A46D902F01F0CED
:1038A0001F26920906FA0CF602F00C05F74304F104
:1038B000300208685659C0F384603E4000FA0CF0AC
:1038C00030435051A268550740F19280A2680A68BF
:1038D000A068C00738D51546C94A154232D0C94A32
:1038E000C94990688D4200F0E07628D0C7498D42E2
:1038F00000F0F280C6498D4224D110F4800021D11D
:10390000C4498C421ED1916821F0E071314341F4E9
:103910008001916003E09A6D42F020029A650022D6
:1039200083F8542002B0F0BC7047023A032A00F238
:10393000E981DFE812F0EB00F100F700E20001029C
:1039400040F106810020EAE7CE68B348D4F8B050D1
:10395000DFF8D0C206F01807F840C2F3120725EAD4
:103960000705104028436645C4F8B0001546B3D19A
:10397000002F00F0DD8092FAA2F0B0FA80F0013062
:1039800000F01F00092800F2178192FAA2F0B0FAA5
:1039900080F092FAA2F5B5FA85F5013501300126DD
:1039A00005F01F05800606FA05F500F0F8402843EB
:1039B00092FAA2F2B2FA82F2324402F01F0202EB51
:1039C000420212050243D70D04F1140507F0040763
:1039D0008E687859C2F304524FF0070C0CFA02FCBF
:1039E00020EA0C0006FA02F202437A510D6873E7EE
:1039F000A26812076AD48A680D68B2F1004F00F01D
:103A0000C880EF0D07F0040704F11406C5F3045550
:103A1000B8594FF0070C0CFA05FCAA4020EA0C003C
:103A20000243BA51626922F0004262610E69E068A5
:103A3000042E18D004F16007DFF8ECC157F82620F7
:103A40000D6802EA0C0CC0F3C1004A69400005F0A1
:103A5000F845824045EA0C052A4342F0004247F807
:103A600026200A6834E70A68206E206EC2F3120529
:103A7000C0F38460002D40F0E780C2F38466B0425A
:103A800000F00C81606E656E04F16000C5F3846522
:103A900004F16407B54200F024818568856800F16F
:103AA0000807C5F38465C2F38466AE4200F00A815C
:103AB000C568C5680C30C5F38465C2F38466AE4240
:103AC0007FF406AF026822F0004202600A68FFE657
:103AD000022002B0F0BC704710F080707FF432AF6B
:103AE000A1F1F7418C427FF42DAF916821F0E07194
:103AF000314341F08071916011E74FF480724A6068
:103B00004FF0000C6FF01F070425D0E60C20486032
:103B100084466FF4F837CAE61220486084466FF492
:103B2000F807C4E61820486084466FF0F857BEE6F0
:103B3000920E501C00F01F06092E77D88006012532
:103B400000F0F840B54006EB46022843120539E77D
:103B500030498C427FF4F6AE9168304C304821F009
:103B6000E071314341F40001916022689209A0FBA9
:103B70000212920902EB420292000192019A002A7B
:103B80003FF4E0AE019A013A0192019A002AF9D17C
:103B9000D8E6E80D04F1140200F00400C5F3045562
:103BA0008658072707FA05F526EA05058550626954
:103BB00042F00042626139E792FAA2F5B5FA85F562
:103BC00092FAA2F0B0FA80F001300135012600F03F
:103BD0001F00AD0606FA00F005F0F845054392FA1D
:103BE000A2F0B0FA80F0304400F01F0000EB40007B
:103BF000A0F11E02120542F000722A43E3E600BF64
:103C00000000088000030450000052C7000084CB6D
:103C10000100008000000450FFFF07003002002078
:103C2000632D3E0500007F4000F0FF0306EB4602D7
:103C300085061E3A012005F0F84500FA06F6120541
:103C4000354342F00072D8E792FAA2F5B5FA85F54D
:103C5000A84223D0606E656E04F16000C5F38465F0
:103C600004F1640792FAA2F6B6FA86F6AE4238D0AC
:103C70008568856800F10807C5F3846592FAA2F6A5
:103C8000B6FA86F6AE421DD0C568C5680C30C5F3DD
:103C9000846592FAA2F6B6FA86F610E7226E2046FE
:103CA00022F0004240F8602F0A68656E656EC2F32C
:103CB0001206C5F3846504F16407002ED2D1C2F365
:103CC0008466E7E63A6822F000423A600A68C5680E
:103CD000C568C2F31206C5F384650C30002ED8D136
:103CE000EBE63A6822F000423A600A688568856827
:103CF000C2F31206C5F3846500F10807002E3FF4F5
:103D0000D2AEBBE70620486084466FF4F867CEE584
:103D100003689A68D20701D5002070479968164A4F
:103D2000114270B504461CD19A68144E324042F0DC
:103D300001029A60FFF760FC05460CE09A68D10723
:103D400004D49A68324042F001029A60FFF754FCB2
:103D5000431B022B05D823681A68D207EED5002032
:103D600070BDA36D43F01003A365E36D43F0010341
:103D7000E365012070BD00BF3F000080C0FFFF7FF2
:103D800038B503689D6815F0040533D190F85430B8
:103D9000012B04462ED0012380F85430FFF7B8FFE2
:103DA00050BBA36D23F4706323F0010343F48073CD
:103DB000A365A36DDA0448BFE36D226852BFE065D6
:103DC00023F00603E3651C210023116084F85430BE
:103DD000D3689B0105D5A36D23F4405343F480536E
:103DE000A365936823F0004323F03F0343F00403EB
:103DF000936038BD022038BD84F8545038BD00BFF0
:103E000038B503689A68910702D59B68002038BDD1
:103E10009A68D20726D59A6802F00D02012A044654
:103E200009D0A36D43F01003A365E36D43F00103D4
:103E3000E365012038BD9A6822F0004222F03F027B
:103E400042F0020203219A601960FFF7D5FB054694
:103E500004E0FFF7D1FB401B0228E2D823689B68EF
:103E6000DB07F6D4002038BD30B590F8543083B06D
:103E70000022012B01923FD0012380F854300446E8
:103E80000D46FFF7BDFFA36DE0B923F4885323F07F
:103E90000203226843F00203A365936823F04043C2
:103EA00005F0804523F03F032B4343F0004393602C
:103EB0009368002B0EDBA36D23F0030343F0010393
:103EC000A36502E043F01003A365002384F8543097
:103ED00003B030BD019B01330193019BB3F5912FDA
:103EE000E6D3A36D23F0120343F010030022A36571
:103EF00084F854200120EBE7022003B030BD00BF5E
:103F00000849CA6810B400024FF6FF04224000F4CA
:103F1000E063134343F0BF6343F400335DF8044BA5
:103F2000CB60704700ED00E04309074920330122D0
:103F300000F01F0002FA00F041F82300BFF34F8F9A
:103F4000BFF36F8F704700BF00E100E090F82520BD
:103F5000022A03D00422C263012070470168426C28
:103F600070B50C68066C856B24F00E040C600C6850
:103F700024F001040C6002F01C02012101FA02F29B
:103F80000024726080F8251080F8244015B1A847FD
:103F9000204670BD284670BD0369194214BF012038
:103FA0000020704711F0010307D090F8413003F072
:103FB0002803282B0CBF4223F2238A0709D590F847
:103FC000412002F02802282A0CBF43F0440343F0AA
:103FD000F4034A0701680A6848BF43F0B80322EABD
:103FE00003030B60704700BF704700BF00284FD02D
:103FF00070B590F84130044603F0FF02002B42D028
:104000002368E068242284F841201968626821F05E
:10401000010122F0706219601A619A68012822F485
:1040200000429A60A2682AD042F4044202289A60B0
:1040300004BF4FF400625A605968A569D4E90426A8
:1040400041F0007141F4004159603243D868E169A0
:1040500042EA0522256A20F400402943D860DA604C
:1040600019601968002241F001012025196062647D
:1040700084F84150226384F84220104670BD42F417
:1040800000429A60D8E780F84020FFF7ADFFB7E71D
:10409000012070472DE9F04190F8415005F02805C6
:1040A000282D3AD104468846002939D01746002ADF
:1040B00036D005211E46FFF775FF90F84030012BE2
:1040C00034D090F8413001222A2B80F840202FD0A4
:1040D00023682349292284F84120202284F84220A1
:1040E000002262645A6822F400425A606785608D3B
:1040F000E6629A692085D20348BF08224FF000008B
:10410000C4F82480616348BFDA6184F840001A680B
:1041100042F0FA021A60BDE8F0810120BDE8F081AA
:104120004FF4007363640120BDE8F0810220F5E7DD
:104130000221FFF737FF03681A681104C9D51A680E
:10414000C06B22F400421A600028C2D0054B836382
:10415000FFF7FCFE0028BBD0E06B836B9847B7E706
:104160007D450208454702082DE9F04190F841508D
:1041700005F02805282D3AD104468846002939D073
:104180001746002A36D006211E46FFF70BFF90F88F
:104190004030012B34D090F841300121292B80F898
:1041A00040102FD0236823492A2284F8412020225E
:1041B00084F84220002262645A6822F400425A6065
:1041C0006785608DE6629A692085D20358BF082210
:1041D0004FF00000C4F82480616358BFDA6184F8AE
:1041E00040001A6842F0FC021A60BDE8F08101202C
:1041F000BDE8F0814FF4007363640120BDE8F081F5
:104200000220F5E7FFF7CEFE03681A685104CAD50D
:104210001A68806B22F480421A600028C3D0064BD3
:104220008363FFF793FE0028BCD0A06B836B984795
:10423000B8E700BF7D4502084547020890F84130C5
:10424000202B01D00220704702680549282380F8FE
:1042500041301368416343F0B80313600020704796
:104260007D4502080268436B9169126803B11847E3
:10427000704700BF38B5002580F8425090F84130B3
:10428000292B04D090F841302A2B0DD038BD28229C
:10429000212380F8412001210363FFF783FE80F88A
:1042A0004050FCF7DDFE38BD2822222380F8412053
:1042B00002210363FFF776FE80F84050FCF7D4FE3E
:1042C00038BD00BFF8B503689E699A699968DF68D0
:1042D000120C02F0FE04C268022AC6F300460DD199
:1042E00084EAD11414F00604C1F3090211D1816CDF
:1042F00001318164816C022917D0F8BD0421FFF7D8
:1043000051FE00232246314680F84030FCF79EFEE5
:10431000F8BD0421FFF746FE002307F0FE023146F8
:1043200080F84030FCF792FEF8BD082784643146DF
:10433000DF6180F84040FCF789FEF8BD08B5154BF9
:10434000C362202200230363436380F8412080F886
:1043500042304B0712D50268436A526A1A70436AA8
:10436000028D013343624AB1438D013B9BB24385C9
:10437000436C013A43F00403028543640721FFF7CD
:1043800011FE026810210023D16180F84030FCF753
:104390006FFE08BD0000FFFF70B5344A90F8413051
:1043A000002580F84250C2624585426C283B11438B
:1043B000022B044641642ED80321FFF7F3FD2C4B5A
:1043C0004363282280F8412005632268136813F4B0
:1043D000804312D01368A06B23F480431360C8B1EC
:1043E000244B8363002384F84030FFF7AFFD88B18E
:1043F000A06BBDE87040836B1847116811F4004151
:1044000017D194F84130602B27D084F84010204613
:10441000FCF7F2FD70BD0721FFF7C4FD90F84130B5
:10442000602B1CBF202380F84130002303634363CB
:10443000CBE71168E06B21F4004111600028E9D05E
:104440000C4A826384F84030FFF780FD0028E1D0F9
:10445000E06BBDE87040836B1847202384F8401060
:1044600084F841302046FCF7EFFE70BD0000FFFFEE
:104470007D450208454702080368202270B51E6882
:10448000DA610D4607210446FFF78CFD03683948C1
:10449000596841F4004159605A6802405A609A696B
:1044A000910744BF00229A629A69D20703D49A699D
:1044B00042F001029A61700445D5A26B1AB11268EC
:1044C000526892B262856A0709D5626A5B6A1370A4
:1044D000636A228D013325F00405636262BB638D3C
:1044E0009BB21BB1636C43F004036364002323633A
:1044F00084F84230666C63635EBBE36A1E4DAB4278
:104500000DD194F8413084F84060222B4FF0200305
:1045100084F8413020462AD0FCF7A2FD70BD204629
:10452000FFF7A8FE2023E56284F8406084F841305C
:104530002046FCF79DFD70BD638D013B013A9BB2A7
:1045400022856385CBE73104BDD5E26B002AB6D165
:10455000B9E7616C2046FFF71FFF94F84130282B24
:10456000DCD129462046BDE87040FFF7E7BEFCF7E6
:104570007BFD70BD00E800FE0000FFFFF8B590F87D
:104580004030C66A012B7DD017460123CA06044677
:104590000D4680F840301AD5FB0618D5438D9BB2E6
:1045A000002B5CD190F84130282B00F0858094F8E6
:1045B0004130292B23684FF01001D96168D0AA0639
:1045C00001D5BB0659D4002084F84000F8BD680727
:1045D00010D42A072ED53B072CD594F8413003F090
:1045E0002803282B64D0216808200023C86184F8A0
:1045F0004030E4E77907ECD5638D9BB27BB121684D
:10460000636A496A1970638D606A218D013B9BB2B0
:104610000130013925F00405638560622185638DD1
:104620009BB2002BCBD116F5803FC8D02046FFF7B8
:1046300021FEC4E7A807C2D5B907C0D5638D9BB2D8
:1046400013B3606A236810F8011B9962638D218D92
:104650006062013B9BB2013963852185AFE7036846
:104660001021D961436C43F00403436436F0807336
:10467000A5D1416CFFF790FEA1E729462046FFF740
:10468000FBFEA0E70220F8BD36F08073CED096E79F
:1046900016F5803F93D099698A0744BF002199623B
:1046A0009969CE07C2D4996941F001019961BDE7CA
:1046B0002046FFF707FE82E7B6F1007F7FF477AF71
:1046C000FFF73CFE7BE700BF03689A69196810B4E6
:1046D000D4052FD50C061FD5416C41F00101416472
:1046E0004FF480745105DC6129D5416C4FF480642E
:1046F00041F0080192054164DC6106D5426C4FF43B
:10470000007142F002024264D961416C11F00B0F5A
:104710000CD15DF8044B70475405F6D49405F4D5DC
:104720000906EBD4416C11F00B0FF2D05DF8044B8D
:10473000FFF732BE5405F1D50906D6D4E5E7920558
:10474000DCD4E2E7806A08B5D0E90E1200238B635F
:10475000936390F84130602B02D0FCF74DFC08BD0C
:10476000202380F84130FCF76FFD08BD90F8412010
:10477000202A21D130B4D4B290F84020012A034637
:104780001CD01A68242083F84100106820F0010032
:104790001060106820F480501060106801431160B0
:1047A0001168002541F00101116083F8414083F850
:1047B0004050284630BC704702207047022030BC71
:1047C000704700BF084B09491A6E42F001021A6691
:1047D0001B6E82B003F001030193019B4B681843E9
:1047E000486002B0704700BF001002400000014066
:1047F000704700BF0E4B10B55B690C4660B99A0557
:1048000011D40C4A1369012C23F00403136108D05E
:1048100040BF20BF20BF10BD9B05F2D400F014F8AC
:10482000EFE730BF10BD00F017F80028E9D010BD49
:104830000070004000ED00E0024B186800F4C0601A
:10484000704700BF00700040024A136843F4804381
:1048500013607047007000401149124B0A681248FB
:1048600022F4804210B40A601C684A69322303FBB8
:1048700004F3A0FB0303900508D59B0C013300E073
:1048800023B14A69920503F1FF33F9D4044B5DF873
:10489000044B5B6913F4007F14BF032000207047B2
:1048A000007000403002002083DE1B4330B5204DF5
:1048B000AB6DDB0083B004461CD5FFF7BDFFB0F540
:1048C000007F29D0802C13D82FD0A4F17004B4FA23
:1048D00084F4640917490B6823F0070323430B6032
:1048E000086800F00700001B18BF012003B030BDAE
:1048F0000324EFE7AB6D43F08053AB65AB6D03F082
:1049000080530193019BFFF797FFAB6DB0F5007FDC
:1049100023F08053AB65D5D1802C04D9A02C8CBF5B
:1049200002240124D6E70024D4E70224D2E700BF02
:104930000010024000200240284A9368D26813F019
:104940000C0308D00C2B38D0042B34D0082B24486F
:1049500018BF00207047214A1168090754BFD2F8D8
:10496000942012681F4954BFC2F30322C2F30312FA
:1049700051F8220003B30C2B2DD1184BDB6803F048
:104980000303022B25D0164A032B08BF1046134BF6
:10499000D968DA68DB68C3F34163C2F30622C1F366
:1049A00002110133013100FB02F05B00B0FBF1F0BA
:1049B000B0FBF3F070470C48704702F00302012A85
:1049C000C9D0064BDB6803F00303022B4FF0000055
:1049D000D9D10548DBE70020704700BF0010024036
:1049E00000127A0024B602080024F400002800F027
:1049F00024822DE9F043994A03689568D6680446F5
:104A0000D80683B005F00C0506F003062ED5002D60
:104A100000F02B810C2D00F02581A3698F4F002B16
:104A200000F088813B6843F001033B60FEF7E4FD42
:104A3000804606E0FEF7E0FDA0EB0800022800F249
:104A400089813B689B07F5D53B6843F008033B60D1
:104A50003B68226A23F0F00313433B607B68E26902
:104A600023F47F4343EA02237B602368D90700F1E4
:104A7000CB80990723D5042D00F04C810C2D00F03C
:104A80004681E368754E002B00F0A981336843F43A
:104A900080733360FEF7B0FD074605E0FEF7ACFD1E
:104AA000C01B022800F2568133685B05F6D5736897
:104AB000226923F0FE4343EA026373602368190707
:104AC00019D56369654E002B00F04881D6F8943003
:104AD00043F00103C6F89430FEF78EFD074605E06B
:104AE000FEF78AFDC01B022800F23481D6F894300C
:104AF0009A07F5D523685E073FD5584B9A6DD000CD
:104B000000F16B819A6D42F080529A659B6D03F0C3
:104B100080530193019B0126514F3B68D90540F119
:104B2000EC81A368012B00F06C81052B00F00F8253
:104B30004A4FD7F8902022F00102C7F89020D7F80A
:104B4000902022F00402C7F89020002B40F06081F2
:104B5000FEF752FD41F28839804606E0FEF74CFD33
:104B6000A0EB0800484500F2F580D7F89030980790
:104B7000F4D4002E40F078812368990618D5636A32
:104B8000364E002B00F05B81D6F8983043F00103DD
:104B9000C6F89830FEF730FD074605E0FEF72CFD1D
:104BA000C01B022800F2D680D6F898309A07F5D5B7
:104BB000A06A28B30C2D00F0D881022800F05A8199
:104BC000264B1A6822F080721A601A68120103D408
:104BD000DA6822F00302DA60204CE36823F088737D
:104BE00023F48033E360FEF707FD054605E0FEF79A
:104BF00003FD401B022800F2AD8023689B01F6D420
:104C0000002003B0BDE8F083082D76D00C2D72D0C3
:104C10006368B3F5803F00F0CB80B3F5A02F00F0C0
:104C200089810E4F3A6822F480323A603A6822F461
:104C300080223A60002B40F0C080FEF7DDFC804609
:104C400006E0FEF7D9FCA0EB0800642800F28280A1
:104C50003B689803F5D423680BE700BF00100240BF
:104C600000700040012E7FF4D8AEAD4B1B68990751
:104C70003AD4AB4B206A1A68120756BFD3F8943067
:104C80001B681B0903F0F00398427BD9FFF70EFE67
:104C900000282CD1A24B1A6842F008021A601A6848
:104CA000216A22F0F0020A431A605A68E16922F48C
:104CB0007F4242EA01225A60FFF73EFE984A994934
:104CC0009268C2F3031203468A5C974897490068CA
:104CD00002F01F02D3400B60FBF706FE40B92368C9
:104CE000D9077FF5C6AE8FE7A369002BC1D101209C
:104CF00003B0BDE8F083032E8AD1894A126892037B
:104D00007FF5B7AE6268002A7FF4B3AEEFE7022EFC
:104D10007FF4B7AE824A1268520502D5E268002AD3
:104D2000E5D07F4920694A6822F0FE4242EA0062EB
:104D30004A60C4E63B6823F001033B60FEF75CFC7D
:104D400080463B689807CAD5FEF756FCA0EB0800E2
:104D50000228F6D9032003B0BDE8F083D6F89430DA
:104D600023F00103C6F89430FEF746FC074604E042
:104D7000FEF742FCC01B0228ECD8D6F894309B0703
:104D8000F6D4B7E6664B1A6842F008021A601A6851
:104D900022F0F00202431A605A68E16922F47F426D
:104DA00042EA01225A60FFF781FD002884D09EE785
:104DB0005B4A136843F480331360FEF71DFCDFF891
:104DC0006081074604E0FEF717FCC01B6428C1D8C9
:104DD000D8F800309B03F6D53DE700269CE6336803
:104DE00023F480733360FEF707FC074604E0FEF708
:104DF00003FCC01B0228ADD833685805F7D42368DC
:104E00005DE6474AD2F8903043F00103C2F8903093
:104E1000FEF7F2FBDFF80881074641F2883904E02B
:104E2000FEF7EAFBC01B484594D8D8F890309B07A2
:104E3000F6D5002E3FF4A0AE16E001207047D6F85C
:104E4000983023F00103C6F89830FEF7D5FB0746EB
:104E500005E0FEF7D1FBC01B02283FF67BAFD6F87A
:104E600098309B07F5D4A3E62D4A936D23F0805329
:104E7000936581E62A4D2B6823F080732B60FEF743
:104E8000BBFB064605E0FEF7B7FB801B02283FF69A
:104E900061AF2B689801F6D4E968254BE26A676B2D
:104EA000A66B206B0B401343D4E90F1243EA072390
:104EB00043EAC6630138490843EA0013013952083E
:104EC00043EA4153013A43EA4263EB602B68144ED4
:104ED00043F080732B60EB6843F08073EB60FEF768
:104EE0008BFB044605E0FEF787FB001B02283FF61C
:104EF00031AF33689901F6D582E63B6843F480739D
:104F00003B60FEF779FB80463B68DA053FF509AE6A
:104F1000FEF772FBA0EB08000228F5D91AE700BFE4
:104F2000001002400CB602082C02002030020020C3
:104F30008C809D0103F18043A3F53C331A6842F451
:104F400080221A601A6842F480321A6035E7214BD9
:104F5000D3F8902042F00402C3F89020D3F89020B8
:104F600042F00102C3F8902052E701283FF4C0AE9E
:104F7000184BE26ADB6803F0030191427FF4B7AE9D
:104F8000216B03F070020139B2EB011F7FF4AFAE69
:104F9000616B03F4FE42B2EB012F7FF4A8AEA16B6C
:104FA00003F07842B2EBC16F7FF4A1AEE26B52081E
:104FB000013A03F4C001B1EB425F7FF498AE226C7A
:104FC0005208013A03F0C063B3EB426F14BF0120F3
:104FD00000208DE600100240002800F08180454A44
:104FE000136803F007038B422DE9F0410D46044698
:104FF0000CD2136823F007030B431360136803F00C
:1050000007038B4202D00120BDE8F0812368DA0754
:105010003FD4990706D53849A0688A6822F0F00283
:1050200002438A6033490A6802F00702AA4209D99A
:105030000A6822F007022A430A600A6802F007029F
:10504000AA42E0D15A0706D52B49E0688A6822F4C3
:10505000E06202438A601B0707D5274A21699368EB
:1050600023F4605343EAC1039360FFF765FC224ACF
:10507000224C92682249C2F303120346A25C2148E3
:1050800002F01F02D340BDE8F04100680B60FBF75F
:105090002BBC6268184B032A1B6823D0022A1CD041
:1050A0002ABB9E07AFD5144EB36823F00303134306
:1050B000B360FEF7A1FA41F28838074604E0FEF734
:1050C0009BFAC01B404510D8B368626803F00C031C
:1050D000B3EB820FF3D123689BE79F03E3D492E7FE
:1050E000012070479B01DED48DE703208CE7580533
:1050F00089D5D8E700200240001002400CB6020813
:10510000300200202C020020054B064A9B6806490D
:10511000C3F302230868D35C03F01F03D840704731
:10512000001002401CB6020830020020054B064A5F
:105130009B680649C3F3C2230868D35C03F01F03CE
:10514000D8407047001002401CB602083002002010
:105150000E4B0F2202609A6802F0030242609A68C6
:1051600002F0F00282609A6802F4E062C2609B681A
:10517000DB0810B403F4E063054C036123685DF8B9
:10518000044B03F007030B60704700BF00100240A0
:1051900000200240D0E900315A68B1F5827F22F048
:1051A000E0025A6013D0826AB2F5005F07D11A6834
:1051B00022F400521A601A6842F400521A60012266
:1051C000002380F85D2080F85C30032070478268FF
:1051D000B2F5004F02D0B2F5806FE4D11A6822F028
:1051E00040021A60DFE700BF2DE9F843DDF82090A8
:1051F00080460E4615461F46D8F8003001E07A1C5E
:105200000AD19C6836EA04020CBF01240024AC4297
:10521000F5D10020BDE8F883FEF7EEF9A0EB090018
:10522000B842E9D34046BDE8F843FFF7B3BF00BF3B
:105230002DE9F843DDF8209080460D4616461F46BE
:10524000D8F8002001E07B1C0BD194682C40B442BC
:1052500012D0B5F5C06FF6D1002EF4D1137B7B1CB4
:10526000F3D0FEF7C9F9A0EB0900B842E8D34046F5
:10527000BDE8F843FFF78EBF0020BDE8F88300BF0C
:1052800030B585B00B460092039115464FF4C051DE
:1052900000220446FFF7CCFF039B80B9024600952D
:1052A000802120460393FFF79FFF039B024630B9FE
:1052B00000954FF4C0612046FFF7BAFF20B1236E7E
:1052C00043F020032366032005B030BD704700BFC4
:1052D00000286ED0F0B590F85D3083B0044603F03E
:1052E000FF02002B56D02268E768022384F85D3065
:1052F0001368B7F5E06F23F0400313603AD9B7F5B0
:10530000706F58D1216BA06A002948D10221216316
:105310004FF0000ED4E9046563680195A5682B433E
:10532000019D33432B43D4E906563343266A334366
:1053300005F40076334303430229136003D1136855
:1053400043F400631360636A616B3B432D0C05F00B
:1053500004050B432B4343EA0E03B0F5005F536093
:1053600004BFE36A136100200123206684F85D30E6
:1053700003B0F0BD16D0216B0020A06219B14FF42C
:10538000805EC7E7A16A01230846236319464FF4EC
:10539000805EBFE780F85C20FFF798FFA3E74FF03F
:1053A000000EB7E7216B0029ECD0A06A4FF4805EB5
:1053B000B0E701207047206B0023A3620028A5D02E
:1053C00001469E461846A5E72DE9F04F044690F8A1
:1053D0005C0083B001280C9E00F0B7809B4601233F
:1053E00084F85C3088469246FEF706F994F85DC072
:1053F000D4E90071BCF1010FD7F800E07A680546E6
:105400005FFA8CF012D0B1F5827F0AD00227012218
:105410000023384684F85D2084F85C3003B0BDE892
:10542000F08FA368002BF1D10428EFD1B8F1000F61
:1054300000F09080BAF1000F00F08C80BBF1000FFB
:1054400000F0888094F85D30C4F840A0042B1CBFA5
:10545000052384F85D30A36AA4F844B00020B3F5B6
:10546000005F2066C4E91300A4F846B0C4F8388091
:10547000A4F83CB0A4F83EB007D13B6823F4005335
:105480003B603B6843F400533B60E368B3F5E06F77
:105490007B6861D8BBF1010F40F2E88023F48053B0
:1054A0007B603B68580640F1E88069B9E38F9BB2A6
:1054B000012B40F25381414631F8023BFB60E38F00
:1054C000A163023B9BB2E3870EF0040802F00809D7
:1054D0000127E38F9BB22BB9B4F846309BB2002B67
:1054E00000F0A38022689368990705D5E38F9BB2EB
:1054F00013B1002F40F0F980936813F001031BD023
:10550000B4F8461089B2B9B1B4F8461089B201298D
:1055100040F2DD80206CD16820F8021BB4F8461000
:105520002064023989B2A4F84610B4F8461089B252
:10553000012940F2FF801F46FEF75EF8401BB04293
:10554000C7D3731CC5D0032761E70227384603B0D1
:10555000BDE8F08F01275AE723F480537B603B6856
:105560005B0603D43B6843F040033B60002979D1DC
:10557000414631F8023BFB60E38FA163013B9BB2E4
:10558000E3870EF0040702F008094FF00108E38FEB
:105590009BB223B9B4F846309BB2002B45D02268A9
:1055A00093689B0707D5E38F9BB223B1B8F1000F37
:1055B0001DD14FF00008936813F001030FD0B4F829
:1055C000461089B259B1216CD26821F8022BB4F887
:1055D00046202164013A92B29846A4F84620FEF78C
:1055E0000BF8401BB042D2D3701CD0D0ABE7A16BFC
:1055F00031F8023BD360E38FA163013B9BB2E387A9
:10560000E38F9BB2002BD4D1A36AB3F5005FD0D156
:1056100037B9B9F1000F03D0136843F40073136076
:10562000136843F480531360C3E7A36AB3F5005FC4
:105630002FD023689F6817F0100707D0226E4FF60F
:10564000EF7142F002022266012799602A46314634
:105650002046FFF715FE00283FF4D9AE202323662D
:105660000127D4E6BBF1010F8BD181E743F48053CE
:105670007B603B6858063FF519AF3B6843F0400339
:105680003B6000293FF412AFBBF1010F7FF41CAF68
:105690000CE701220095114633462046FFF7A4FD92
:1056A000002866D1E368B3F5706F236866D0226B7B
:1056B000197B022ABED101220095114633462046AD
:1056C000FFF792FD002854D123681A7BB2E7216CC2
:1056D000127B0A70B4F84620216C013A92B2013173
:1056E0001F46A4F84620216426E7E38F9BB2012BD6
:1056F00028D9A16B31F8023BD360E38FA163023B51
:105700009BB2E387E78FBFB2D7B9A36AB3F5005F57
:105710007FF4F2AEB8F1000F06D1B9F1000F03D05B
:10572000136843F400731360136843F480531360E9
:105730000027E1E6516841F480511F465160FBE6C5
:105740000027D9E6A36B1B781373E38FA16B226844
:10575000013B9BB20131E387A163D3E798F80030A6
:105760003B73E38FA16B013B9BB20131E387A163E4
:10577000AAE6236E43F002032366E4E6DA6859E7FB
:10578000036A23F001030362F0B4036A4668826986
:10579000144F8D680C6822F4803223F0020322F04B
:1057A0007302B84243EA050342EA040206D00E4CF3
:1057B000A04203D004F58064A0420BD1CC6823F052
:1057C00008032343D1E9054526F440762C4323F012
:1057D00004032643496846608261F0BC416303626A
:1057E000704700BF002C014000400140036A23F4D1
:1057F00080730362F0B4026A4668C369154F8D680E
:105800000C6823F4803322F4007223F07303B8424F
:1058100042EA052243EA040313D00F4CA04202D00F
:105820000E4CA04206D1D1E9054526F440562C4342
:1058300046EA041649684660C361F0BCC16302626F
:105840007047CC6822F4006242EA042222F48062AB
:10585000E9E700BF002C0140004001400044014046
:10586000036A23F480530362F0B4026A4668C36992
:10587000104F8D680C6823F0807322F4005223F4DB
:10588000E643B84242EA053243EA042306D00A4C12
:10589000A04203D004F58064A04204D14C6926F4F0
:1058A000804646EA841649684660C361F0BC0164DC
:1058B00002627047002C014000400140036A23F45B
:1058C00080330362F0B4026A4668436D104F8D68FE
:1058D0000C6823F4803322F4003223F07003B842C2
:1058E00042EA054243EA040306D00A4CA04203D030
:1058F00004F58064A04204D14C6926F4803646EA5F
:105900000426496846604365F0BC816502627047C1
:10591000002C014000400140036A23F4801303621D
:10592000F0B4026A4668436D104F8D680C6823F02E
:10593000807322F4001223F4E043B84242EA055295
:1059400043EA042306D00A4CA04203D004F5806445
:10595000A04204D14C6926F4802646EA8426496890
:1059600046604365F0BCC16502627047002C01408F
:1059700000400140704700BF0223026880F83D30BC
:105980009168084B0B40062B06D0B3F5803F03D03F
:10599000136843F001031360012380F83D300020B9
:1059A000704700BF0700010003680122186A01F078
:1059B0001F0102FA01F120EA010010B418621A6A0C
:1059C0000F4C1143A342196206D00E4A934203D0F2
:1059D00002F58062934203D15A6C42F400425A6449
:1059E0009968094A0A40062A06D0B2F5803F03D0DA
:1059F0001A6842F001021A6000205DF8044B7047FB
:105A0000002C01400040014007000100704700BF2A
:105A1000FFF7CABF234A0368904270B427D0B0F1A1
:105A2000804F0FD0A2F5943290420BD002F59E32F7
:105A3000904233D002F5806290422FD04D698C683D
:105A40000A680AE04A68CE684D698C6823F07003E2
:105A5000134323F440730A68334323F080032B433A
:105A600003600123C462826270BC436170474D6869
:105A7000CC684A6923F070032B4323F4407323431B
:105A800023F08003134303608B68C3620B68836257
:105A90000B690363012370BC43617047CC684A699A
:105AA000EBE700BF002C0140C0B110B590F83D30CD
:105AB000044603F0FF0263B10223214684F83D301F
:105AC00051F8040BFFF7A6FF012384F83D300020B6
:105AD00010BD80F83C20FFF74DFFEDE70120704737
:105AE000C0B110B590F83D30044603F0FF0263B139
:105AF0000223214684F83D3051F8040BFFF78AFF5A
:105B0000012384F83D30002010BD80F83C20FFF7D1
:105B10007DFFEDE701207047036A23F01003036265
:105B2000F0B4026A46688369154F8D680C6823F0EB
:105B3000807322F0200223F4E643B84242EA0512C1
:105B400043EA042313D00F4CA04202D00E4CA042D3
:105B500006D1D1E9054526F440662C4346EA840681
:105B6000496846608361F0BC816302627047CC681B
:105B700022F0800242EA041222F04002E9E700BF6C
:105B8000002C0140004001400044014038B590F82D
:105B90003C30012B00F0AA800D460223012104466F
:105BA00080F83C1080F83D30142A1DD8DFE802F060
:105BB0000B1C1C1C3C1C1C1C551C1C1C6D1C1C1C8C
:105BC000861C1C1C230000682946FFF7D9FD2368AA
:105BD0002869996941F008019961996921F00401E6
:105BE00099619A6902439A610123002084F83D304B
:105BF00084F83C0038BD00682946FFF78DFE236815
:105C00002869596D41F400615965596D21F480612D
:105C100059655A6D42EA00225A650020012384F832
:105C20003D3084F83C00E5E700682946FFF774FF43
:105C300023682869996941F400619961996921F49F
:105C4000806199619A6942EA00229A6100200123E9
:105C500084F83D3084F83C00CCE700682946FFF723
:105C6000C5FD23682869D96941F00801D961D9695E
:105C700021F00401D961DA690243DA6100200123CD
:105C800084F83D3084F83C00B4E700682946FFF70B
:105C9000E7FD23682869D96941F40061D961D969B0
:105CA00021F48061D961DA6942EA0022DA610020D8
:105CB000012384F83D3084F83C009BE700682946C6
:105CC000FFF7FCFD23682869596D41F0080159650B
:105CD000596D21F0040159655A6D02435A6500203F
:105CE000012384F83D3084F83C0083E7022038BD6E
:105CF0000368104810B404221C6A01F01F0102FA64
:105D000001F124EA01041C621A6A114319625A6CF7
:105D100042F400425A649A681040062806D0B0F552
:105D2000803F03D01A6842F001021A6000205DF83B
:105D3000044B704707000100FFF7DABF704700BF50
:105D4000F8B50446B94823682569A2686669E1691F
:105D50002A431D68324328400A4302431A605A68A6
:105D6000E668B348A56922F44052324383425A6040
:105D700078D09868226AAF4E20F430602A430243FC
:105D8000B3429A6010D0AC4A93421DD0AB4A9342C2
:105D900000F0EF80AA4A934200F0B780012300226E
:105DA000C4E918221846F8BDA64BD3F8883003F092
:105DB0000303013B022B40F2D580B1F5004F00F008
:105DC000FF80FFF7B3F9B1E09E4B9F4AD3F88830CC
:105DD00003F00C03D35CB1F5004F26D0082B15D887
:105DE00001A252F823F000BF5F5F0208C35D020802
:105DF000435F02080D5E0208295F02080D5E02087B
:105E00000D5E02080D5E0208F95E02080123002201
:105E1000A2F110004FF6EF718842BFD82168CA6026
:105E20000022C4E918221846F8BD082B06D8DFE87E
:105E300003F0BCC7CA05D5050505B3000123002240
:105E4000A2F110004FF6EF718842A7D8206822F027
:105E50000F01C2F342020A43C2600022C4E91822C1
:105E60001846F8BD9A68774922F430622A439A604E
:105E7000D1F8885005F44065B5F5006F00F08980D1
:105E80000AD8002D71D0B5F5806F87D1FEF754FD8B
:105E9000042140B9034682E7B5F5406F7FF47EAF39
:105EA00008214FF40040626802EB420383423FF650
:105EB00075AFB0EB023F3FF671AF08293FF66EAF0A
:105EC00001A353F821F000BF736002089D5D020832
:105ED000596002089D5D0208096002089D5D020884
:105EE0009D5D02089D5D0208E35F0208302B7FF490
:105EF00055AFB1F5004F4FD061684A0802F5004236
:105F00000023B2FBF1F292B282E74E4BD3F8883015
:105F100003F0C003802B11D038D8EBB1402B7FF4B5
:105F20003DAFB1F5004F59D0FEF706FD6268002382
:105F300000EB5200B0FBF2F292B269E7B1F5004F0C
:105F400041D061684A0802F5740202F5105200233C
:105F5000B2FBF1F292B25BE7B1F5004F25D0FFF74B
:105F6000D3F8E3E7394AD35C35E7FFF7CDF82946A4
:105F70008FE7344BD3F8883003F03003202BDDD08B
:105F8000B4D8002BE8D0102BCBD007E7C02BB0D073
:105F900004E72F48022186E761684A0802F580324B
:105FA0000023B2FBF1F292B24AE7FFF7ADF8626864
:105FB000530803EB40000023B0FBF2F292B23FE73C
:105FC000FFF7B4F8F3E761684A0802F1F47202F5EA
:105FD00090420023B2FBF1F292B231E7FEF7ACFC43
:105FE000E5E7500810F500004FF00001494100239B
:105FF00001F0C4F8A0F54072164B9A423FF6CEAEBF
:1060000022680023D060CAE6FEF796FC62684FF46F
:10601000807356080027E3FB0067304639460023AB
:1060200001F0ACF8A0F54072E6E700BFF369FFEFBE
:10603000008000400038014000440040004800401B
:10604000004C004000100240D4B50208D0B5020850
:106050000024F400FFFC0F0007485308C0184FF05D
:10606000000141F10001002301F088F8A0F5407221
:10607000C2E7FFF749F8C9E7000024F4436ADA07EA
:1060800010B406D50168846A4A6822F400322243BB
:106090004A609C0706D50168C46A4A6822F48032C7
:1060A00022434A60590706D50168046B4A6822F406
:1060B000802222434A601A0706D50168446B4A6869
:1060C00022F4004222434A60DC0606D50168846B54
:1060D0008A6822F4805222438A60990606D50168B4
:1060E000C46B8A6822F4005222438A605A0609D59A
:1060F0000168046C4A6822F480122243B4F5801FC0
:106100004A600BD01B0606D50268816C536823F4E5
:1061100000230B4353605DF8044B70474A68446C9E
:1061200022F4C00222434A60ECE700BF2DE9F843A5
:10613000089F80460E4615469946D8F8002001E093
:106140007B1C0AD1D46936EA04030CBF0124002465
:10615000AC42F5D00020BDE8F883FDF74DFAA0EB86
:106160000900B84201D8002FE7D1D8F800301A68EA
:1061700022F4D0721A609A68202122F001020024D1
:106180009A600320C8F8741088F87040C8F8781036
:10619000E1E700BF70B50446002682B0C667FDF790
:1061A0002BFA23681A68120705460AD41B685B0796
:1061B00016D420230020636784F87000A36702B020
:1061C00070BD6FF07E430093324603464FF40011DA
:1061D0002046FFF7ABFF78B923681B685B07E8D55B
:1061E0006FF07E4200922B4600224FF48001204641
:1061F000FFF79CFF0028DCD0032002B070BD00BF79
:1062000070B3436F10B504462BB322682423636731
:10621000136823F0010313602046FFF791FD012866
:1062200017D0636A8BB923685A6822F490425A6087
:106230009A6822F02A029A601A6842F00102204607
:106240001A60BDE81040FFF7A5BF2046FFF716FF14
:10625000E9E7012010BD80F87030FFF76FFDD4E74B
:10626000012070470268136823F0400310B51360E3
:106270000446FFF72DF828B92268136843F040035D
:10628000136010BD0148FBF72BF8F5E7E4B50208F1
:106290002DE9F04F87B004460E4608464949BDF93E
:1062A000408017461D46FBF7A3F84749814638460C
:1062B000FBF79EF84549034628460193FBF798F8FB
:1062C000434982464046FBF793F8019B83461946B3
:1062D0004846FBF77BF8594681465046FBF776F86F
:1062E00001464846FBF772F83A4BA066984259D0EF
:1062F000394B984240D1394B9A6D42F480429A65AD
:106300009B6D03F480430493049A242384F864303F
:106310002C493046FBF738F82B493846FBF734F860
:106320002A492846FBF730F8B8F1FF3FA4F86C7013
:10633000A4F86E60A4F87050A4F872802ED024499E
:106340004046FBF721F8A36E2360382000234FF46A
:10635000827507214FF4E062E0612046C4E904330E
:10636000C4E908336560A360A362E162E26007B03C
:10637000BDE8F04FFFF776BF03F580639842C7D1C1
:10638000164B9A6D42F400429A659B6D03F40043EC
:106390000593059B332384F86430B9E74FF4007309
:1063A000A361D0E703F560431A6E42F480521A6687
:1063B0001B6E03F4805303932323039A84F8643001
:1063C000A6E700BF2CB00208CCAF02088CB00208D0
:1063D000ECB00208003001400038004000100240DC
:1063E00010290CBF4FF470614FF4E061012AC160C5
:1063F00018D0022A1DD0CAB102210122C0E904121C
:106400008269B2F5007F05D0002B14BF00224FF443
:1064100080228261002B14BF00234FF482734360FB
:10642000FFF720BF0021C0E90412E9E7C0E9042218
:10643000E6E70021C0E90421E2E700BF70B50D46A0
:106440000646FDF779F800EBD073B5EB630F1CDA65
:106450005A10002302EBD2740133B5EB640FDBB2A8
:106460004FEA640208DA072BF4D13823F36130468F
:10647000BDE87040FFF7F6BE054A32F81330F3610D
:106480003046BDE87040FFF7EDBE0023EEE700BFE9
:10649000FCB5020830B5C36887B0B3F5706F4FF034
:1064A000FF3403910CBF022301230025009405AAA9
:1064B00003A90595FEF788FF10B9059807B030BD10
:1064C0002046FBE710B5002496B0214605A84422DB
:1064D000CDE902440494F4F79BF901216846CDE923
:1064E0000014FEF779FD08B116B010BD0223142286
:1064F0004FF48070CDE90F3340210593119315932C
:106500000890072304240DEB0200CDE91223099122
:106510001494FEF76BFA03460028E5D121460322C6
:1065200068460F24CDE902330493CDE90042FEF71B
:1065300053FD03460028D7D1102205A80B930F93D3
:106540000592FEF753FACFE738B5144C144BD4F844
:106550008820144942F47002C4F888201A68002583
:1065600042F001021A609D601A6822F0A85222F4DB
:1065700010224FF480501A60D8601A684FF0005013
:1065800022F480221A609D614FF4CA72A060F2F773
:10659000B7FFBDE83840FFF795BF00BF00ED00E052
:1065A0000010024000E00008254B25491A682548E4
:1065B000120754BFD3F894301B688A6854BFC3F3E2
:1065C0000323C3F3031302F00C02082A50F823300C
:1065D0000FD00C2A0FD01C49042A08BF0B46184ABA
:1065E0001A4892681A49C2F30312825CD3400B60C6
:1065F0007047184BF3E7C868CA6800F00301C2F39C
:106600000212022902F1010215D0032910D1114B07
:10661000B3FBF2F30A4AD168D268C2F34162013295
:10662000C1F30621520003FB01F3B3FBF2F3D6E7FB
:10663000B3FBF2F3EEE7044BB3FBF2F3EAE700BF80
:106640000010024024B602080024F4000CB6020830
:106650003002002000127A0030B4084D084C094A7C
:1066600009490A4B002028602060012410600C605A
:10667000074A1A6030BCFAF737B900BFB8320020B9
:10668000BC3200200033002088270020C0320020C8
:1066900000040040024B1B6803B17047FFF7DCBFEA
:1066A0008827002038B5114B114A1B681149116029
:1066B000C3B111490F4C0D68626A104B104842EA91
:1066C00005421A601D680268954207D20A680132C5
:1066D0000A600968626A42EA01421A601A68026046
:1066E000186838BDFFF7B8FFE3E700BF8827002030
:1066F000C03200200004004084270020B83200206F
:10670000BC32002010B50446FFF7CCFFA0420CD2EB
:10671000084B09491C601A68084B0B6092B25A6317
:10672000DA6842F00202DA6010BDBDE81040FBF703
:1067300029B800BF00330020C03200200004004010
:10674000034B044A1360DA6822F00202DA607047F1
:1067500000040040C0320020044B054A13601A694F
:10676000920744BF6FF002021A61704700040040B4
:10677000C032002081F0004102E000BF83F00043FE
:1067800030B54FEA41044FEA430594EA050F08BFCC
:1067900090EA020F1FBF54EA000C55EA020C7FEA90
:1067A000645C7FEA655C00F0E2804FEA5454D4EB0D
:1067B0005555B8BF6D420CDD2C4480EA020281EAD7
:1067C000030382EA000083EA010180EA020281EA0F
:1067D0000303362D88BF30BD11F0004F4FEA013161
:1067E0004FF4801C4CEA113102D0404261EB410170
:1067F00013F0004F4FEA03334CEA133302D05242F6
:1068000063EB430394EA050F00F0A780A4F10104B1
:10681000D5F1200E0DDB02FA0EFC22FA05F28018EB
:1068200041F1000103FA0EF2801843FA05F35941D1
:106830000EE0A5F120050EF1200E012A03FA0EFC50
:1068400028BF4CF0020C43FA05F3C01851EBE3717A
:1068500001F0004507D54FF0000EDCF1000C7EEB97
:1068600000006EEB0101B1F5801F1BD3B1F5001FD5
:106870000CD349085FEA30004FEA3C0C04F10104F4
:106880004FEA445212F5800F80F09A80BCF1004F1D
:1068900008BF5FEA500C50F1000041EB045141EA9F
:1068A000050130BD5FEA4C0C404141EB010111F4A0
:1068B000801FA4F10104E9D191F0000F04BF01464B
:1068C0000020B1FA81F308BF2033A3F10B03B3F129
:1068D00020020CDA0C3208DD02F1140CC2F10C02B9
:1068E00001FA0CF021FA02F10CE002F11402D8BF17
:1068F000C2F1200C01FA02F120FA0CFCDCBF41EAE3
:106900000C019040E41AA2BF01EB0451294330BDB1
:106910006FEA04041F3C1CDA0C340EDC04F114048E
:10692000C4F1200220FA04F001FA02F340EA030065
:1069300021FA04F345EA030130BDC4F10C04C4F1AB
:10694000200220FA02F001FA04F340EA030029468B
:1069500030BD21FA04F0294630BD94F0000F83F4D5
:10696000801306BF81F480110134013D4EE77FEAB8
:10697000645C18BF7FEA655C29D094EA050F08BF04
:1069800090EA020F05D054EA000C04BF19461046E5
:1069900030BD91EA030F1EBF0021002030BD5FEA29
:1069A000545C05D14000494128BF41F0004130BD51
:1069B00014F580043CBF01F5801130BD01F00045A5
:1069C00045F0FE4141F470014FF0000030BD7FEA18
:1069D000645C1ABF194610467FEA655C1CBF0B4613
:1069E000024650EA013406BF52EA033591EA030F2A
:1069F00041F4002130BD00BF90F0000F04BF002122
:106A0000704730B54FF4806404F132044FF0000554
:106A10004FF0000150E700BF90F0000F04BF0021CD
:106A2000704730B54FF4806404F1320410F0004533
:106A300048BF40424FF000013EE700BF42004FEA2E
:106A4000E2014FEA31014FEA02701FBF12F07F43AB
:106A500093F07F4F81F06051704732F07F4208BF62
:106A6000704793F07F4F04BF41F40021704730B569
:106A70004FF4607401F0004521F000411CE700BFB5
:106A800050EA010208BF704730B54FF000050AE038
:106A900050EA010208BF704730B511F0004502D539
:106AA000404261EB41014FF4806404F132045FEA3B
:106AB000915C3FF4D8AE4FF003025FEADC0C18BFE4
:106AC00003325FEADC0C18BF033202EBDC02C2F1D6
:106AD000200300FA03FC20FA02F001FA03FE40EA68
:106AE0000E0021FA02F11444BDE600BF70B54FF06C
:106AF000FF0C4CF4E06C1CEA11541DBF1CEA13554A
:106B000094EA0C0F95EA0C0F00F0DEF82C4481EAB1
:106B1000030621EA4C5123EA4C5350EA013518BFD1
:106B200052EA033541F4801143F4801338D0A0FBBE
:106B300002CE4FF00005E1FB02E506F00042E0FB6B
:106B400003E54FF00006E1FB03569CF0000F18BF71
:106B50004EF0010EA4F1FF04B6F5007F64F5407419
:106B600004D25FEA4E0E6D4146EB060642EAC621AC
:106B700041EA55514FEAC52040EA5E504FEACE2E19
:106B8000B4F1FD0C88BFBCF5E06F1ED8BEF1004F1C
:106B900008BF5FEA500E50F1000041EB045170BD98
:106BA00006F0004646EA010140EA020081EA0301DC
:106BB000B4EB5C04C2BFD4EB0C0541EA045170BDD8
:106BC00041F480114FF0000E013C00F3AB8014F152
:106BD000360FDEBF002001F0004170BDC4F100049B
:106BE000203C35DA0C341BDC04F11404C4F120051C
:106BF00000FA05F320FA04F001FA05F240EA020077
:106C000001F0004221F0004110EBD37021FA04F6AC
:106C100042EB06015EEA430E08BF20EAD37070BD66
:106C2000C4F10C04C4F1200500FA04F320FA05F0C5
:106C300001FA04F240EA020001F0004110EBD370C7
:106C400041F100015EEA430E08BF20EAD37070BD37
:106C5000C4F1200500FA05F24EEA020E20FA04F310
:106C600001FA05F243EA020321FA04F001F00041BF
:106C700021FA04F220EA020000EBD3705EEA430E30
:106C800008BF20EAD37070BD94F0000F0FD101F05F
:106C90000046400041EB010111F4801F08BF013C98
:106CA000F7D041EA060195F0000F18BF704703F0D6
:106CB0000046520043EB030313F4801F08BF013D5D
:106CC000F7D043EA0603704794EA0C0F0CEA135519
:106CD00018BF95EA0C0F0CD050EA410618BF52EAD3
:106CE0004306D1D181EA030101F000414FF00000D9
:106CF00070BD50EA410606BF1046194652EA4306E7
:106D000019D094EA0C0F02D150EA013613D195EA5A
:106D10000C0F05D152EA03361CBF104619460AD1A2
:106D200081EA030101F0004141F0FE4141F47001AC
:106D30004FF0000070BD41F0FE4141F4780170BD9C
:106D400070B54FF0FF0C4CF4E06C1CEA11541DBF01
:106D50001CEA135594EA0C0F95EA0C0F00F0A7F803
:106D6000A4EB050481EA030E52EA03354FEA013130
:106D700000F088804FEA03334FF0805545EA131343
:106D800043EA12634FEA022245EA111545EA10650B
:106D90004FEA00260EF000419D4208BF964244F1A2
:106DA000FD0404F5407402D25B084FEA3202B61AC1
:106DB00065EB03055B084FEA32024FF480104FF495
:106DC000002CB6EB020E75EB030E22BFB61A754609
:106DD00040EA0C005B084FEA3202B6EB020E75EB9C
:106DE000030E22BFB61A754640EA5C005B084FEA04
:106DF0003202B6EB020E75EB030E22BFB61A7546D1
:106E000040EA9C005B084FEA3202B6EB020E75EBDB
:106E1000030E22BFB61A754640EADC0055EA060E9C
:106E200018D04FEA051545EA16754FEA06164FEADF
:106E3000C30343EA52734FEAC2025FEA1C1CC0D18B
:106E400011F4801F0BD141EA00014FF000004FF018
:106E5000004CB6E711F4801F04BF01430020B4F1D9
:106E6000FD0C88BFBCF5E06F3FF6AFAEB5EB030C91
:106E700004BFB6EB020C5FEA500C50F1000041EB8E
:106E8000045170BD0EF0004E4EEA113114EB5C045B
:106E9000C2BFD4EB0C0541EA045170BD41F480112E
:106EA0004FF0000E013C90E645EA060E8DE60CEA36
:106EB000135594EA0C0F08BF95EA0C0F3FF43BAF53
:106EC00094EA0C0F0AD150EA01347FF434AF95EA0A
:106ED0000C0F7FF425AF104619462CE795EA0C0FEE
:106EE00006D152EA03353FF4FDAE1046194622E7BB
:106EF00050EA410618BF52EA43067FF4C5AE50EA95
:106F000041047FF40DAF52EA43057FF4EBAE12E784
:106F10004FF0FF3C06E000BF4FF0010C02E000BF65
:106F20004FF0010C4DF804CD4FEA410C7FEA6C5C48
:106F30004FEA430C18BF7FEA6C5C1BD001B050EAEB
:106F4000410C0CBF52EA430C91EA030F02BF90EAD6
:106F5000020F0020704710F1000F91EA030F58BF95
:106F6000994208BF90422CBFD8176FEAE37040F0F7
:106F7000010070474FEA410C7FEA6C5C02D150EA95
:106F8000013C07D14FEA430C7FEA6C5CD6D152EA50
:106F9000033CD3D05DF8040B704700BF8446104615
:106FA00062468C461946634600E000BF01B5FFF714
:106FB000B7FF002848BF10F1000F01BD4DF808EDE4
:106FC000FFF7F4FF0CBF012000205DF808FB00BFB5
:106FD0004DF808EDFFF7EAFF34BF012000205DF80F
:106FE00008FB00BF4DF808EDFFF7E0FF94BF01205C
:106FF00000205DF808FB00BF4DF808EDFFF7CEFF5D
:1070000094BF012000205DF808FB00BF4DF808ED9B
:10701000FFF7C4FF34BF012000205DF808FB00BF6C
:107020004FEA410C7FEA6C5C02D150EA013C0AD184
:107030004FEA430C7FEA6C5C02D152EA033C02D176
:107040004FF0000070474FF0010070474FEA4102D7
:1070500012F5001215D211D56FF47873B3EB6252AA
:1070600012D94FEAC12343F0004343EA505311F0D1
:10707000004F23FA02F018BF404270474FF0000063
:10708000704750EA013005D111F0004008BF6FF0A1
:10709000004070474FF00000704700BF4A0011D217
:1070A00012F5001211D20DD56FF47873B3EB625262
:1070B0000ED44FEAC12343F0004343EA505323FA6E
:1070C00002F070474FF00000704750EA013002D1E3
:1070D0004FF0FF3070474FF0000070474FEA410219
:1070E000B2F1E04324BFB3F5001CDCF1FE5C0DD926
:1070F00001F0004C4FEAC0024CEA5070B2F1004F70
:1071000040EB830008BF20F00100704711F0804F72
:1071100021D113F13872BCBF01F00040704741F437
:1071200080114FEA5252C2F11802C2F1200C10FA3B
:107130000CF320FA02F018BF40F001004FEAC1231F
:107140004FEAD32303FA0CFC40EA0C0023FA02F3C3
:107150004FEA4303CCE77FEA625307D150EA013399
:107160001EBF4FF0FE4040F44000704701F0004069
:1071700040F0FE4040F40000704700BF53B94AB9E8
:10718000002908BF00281CBF4FF0FF314FF0FF302F
:1071900000F0D0B9ADF1080C6DE904CE00F064F850
:1071A000DDF804E0DDE9022304B070472DE9F8437F
:1071B00082EAE274A4EBE2741546E20758BFDFF8F6
:1071C000609006460F4652BF4FF000088046894641
:1071D000640832463B463046394613D0FFF786FCFA
:1071E000E30706460F46F3D54046494632463B463E
:1071F000FFF77CFC64088046894632463B463046B1
:107200003946EBD1002D07DA42464B4600200449AF
:10721000FFF796FD8046894640464946BDE8F8831B
:107220000000F03FD0B500220D4B06460F46FFF799
:107230005DFCFFF733FF0446FFF7DEFB0022094B3E
:10724000FFF754FC02460B4630463946FFF796FAE4
:10725000FFF724FF0022234610431946D0BD00BF8C
:107260000000F03D0000F0412DE9F047089E044683
:107270008846002B4BD18A42154667D9B2FA82F272
:107280004AB1C2F1200701FA02F320FA07F795404C
:1072900047EA030894404FEA154E230CB8FBFEF76B
:1072A0001FFA85FC0EFB178843EA084307FB0CF125
:1072B000994209D9EB1807F1FF3080F01B81994200
:1072C00040F21881023F2B445B1AA4B2B3FBFEF0DC
:1072D0000EFB103344EA034400FB0CFCA44509D91F
:1072E0002C1900F1FF3380F00781A44540F204819E
:1072F00002382C4440EA0740A4EB0C0400271EB1DE
:10730000D4400023C6E900433946BDE8F0878B42EC
:1073100009D9002E00F0EB800027C6E900013846AD
:107320003946BDE8F087B3FA83F7002F47D18B4287
:1073300002D3824200F2FA80841A61EB0303012037
:107340009846002EE0D0C6E90048DDE702B9FFDE2E
:10735000B2FA82F2002A40F08F80491B4FEA154EA4
:107360001FFA85F80127B1FBFEFC230C0EFB1C1154
:1073700043EA014308FB0CF1994207D9EB180CF1E1
:10738000FF3002D2994200F2CD808446591AA3B24E
:10739000B1FBFEF00EFB101443EA044408FB00F8B6
:1073A000A04507D92C1900F1FF3302D2A04500F205
:1073B000B6801846A4EB080440EA0C409FE7C7F1EA
:1073C000200CBB4022FA0CFE4EEA030E01FA07F431
:1073D00020FA0CF521FA0CF34FEA1E482543B3FBC3
:1073E000F8F92C0C08FB19331FFA8EFA44EA034310
:1073F00009FB0AF49C4202FA07F200FA07F10BD9E2
:107400001EEB030309F1FF3080F087809C4240F2BD
:107410008480A9F1020973441B1BADB2B3FBF8F0E1
:1074200008FB103345EA034400FB0AFAA24508D9D9
:107430001EEB040400F1FF336BD2A24569D9023878
:10744000744440EA0940A0FB0289A4EB0A044C45BD
:10745000C2464B4654D351D0002E69D0B1EB0A0539
:1074600064EB030404FA0CFCFD40FC404CEA050507
:10747000C6E90054002747E7C2F1200320FA03F7CA
:10748000954001FA02F021FA03F34FEA154E384312
:10749000010CB3FBFEF71FFA85F80EFB173341EA28
:1074A000034107FB08F38B4204FA02F407D9691879
:1074B00007F1FF3C2FD28B422DD9023F2944CB1A32
:1074C00081B2B3FBFEF00EFB103341EA034100FB37
:1074D00008F38B4207D9691800F1FF3C17D28B42A1
:1074E00015D902382944C91A40EA07473BE737460D
:1074F000304609E70746E7E61846FBE64145ABD2CA
:10750000B8EB020A69EB0E0201381346A4E76046A5
:10751000E9E7184695E76746D1E781467CE70238F8
:107520002C4447E7ACF1020C2B442FE7384608E720
:107530003746E9E6704700BF30B5214A21F00043E5
:10754000934287B01BDD1F4A934205DD02460B467E
:10755000FFF714F907B030BD02AAEAF709FB00F003
:107560000303012B11D0022B23D0DBB10124DDE971
:107570000423DDE902010094EBF70AFBEAE70022AD
:107580000023EAF7DDFD07B030BDDDE904450093D7
:10759000DDE9020122462B46EBF7FAFA01F1004140
:1075A00007B030BDDDE90423DDE90201EAF7C8FDDB
:1075B000D0E7DDE90423DDE90201EAF7C1FDEDE7EB
:1075C000FB21E93FFFFFEF7F21F0004319467047A1
:1075D00030B51F4A21F00043934287B01CDD1D4A9D
:1075E000934205DD02460B46FFF7C8F807B030BDF1
:1075F00002AAEAF7BDFA00F003000128DDE904233E
:1076000012D002281CD0A0B1DDE90201EAF798FDF2
:1076100001F1004107B030BD002300930022002398
:10762000EBF7B6FA07B030BDDDE90201EAF788FDF5
:10763000DCE70124DDE902010094EBF7A9FAD5E7C4
:107640000124DDE902010094EBF7A2FAE0E700BFB4
:10765000FB21E93FFFFFEF7F30B5144A21F00043E3
:10766000934287B019DD124A934205DD02460B466C
:10767000FFF784F807B030BD02AAEAF779FA4400B0
:1076800004F00204C4F10104DDE90423DDE9020190
:107690000094EBF735FB07B030BD012300930022C7
:1076A0000023EBF72DFB07B030BD00BFFB21E93F06
:1076B000FFFFEF7F334A21F000439342D0B50646E7
:1076C0000F460C460DDD02460B4600202E49FFF703
:1076D00037FB002F4FF000022B4B2EDBFFF750F84B
:1076E000D0BD2A4A934207DD27490020002CF7DA53
:1076F00001F100431946D0BDB3F1725F20DB244A8B
:10770000934226DDFFF760FF02460B46FFF738F88D
:10771000EBF7DAFC00224FF08043FFF731F8024626
:107720000B4600204FF08041FFF70AFB02460B4654
:1077300000201549FFF722F8D8E7FFF71FF8D0BD62
:107740000022114BFFF71CF832463B46FFF7CEF9FB
:10775000D0BDFFF739FF00224FF04043FFF7C6F9D5
:10776000EBF7B2FC00224FF08043064601F10047E0
:10777000FFF706F802460B4630463946FFF7E0FAB7
:10778000B4E700BFFFFFEF7F0000F03FFFFF354091
:10779000FFFFEF3F70B5C1F30A56A6F2FF33132B7C
:1077A0000A4608DC002B1BDB0F4C44FA03F30020D5
:1077B00022EA030170BD332B044607DDB3F5806F69
:1077C000F8D102460B46FEF7DBFF70BD4FF0FF33EA
:1077D000A6F2134623FA06F6114624EA060070BD07
:1077E000002002F0004170BDFFFF0F0000B585B022
:1077F000234A0190019B23F0004393421DDDB3F126
:10780000FF4F08DBDDED017A77EEE77A17EE900A9D
:1078100005B05DF804FB02A900F032FE00F003029F
:10782000012A14D0022A22D0D2B10122039902984F
:1078300001F048FB07EE900AE8E7002100F078FF2E
:1078400007EE900A17EE900A05B05DF804FB039965
:10785000029801F037FB07EE900AF1EE677AD5E760
:107860000399029800F064FF07EE900ACEE70399AF
:10787000029800F05DFF07EE900AF1EE677AC5E727
:10788000D80F493F00B585B0244A0190019B23F0F1
:10789000004393421EDDB3F1FF4F08DBDDED017ABB
:1078A00077EEE77A17EE900A05B05DF804FB02A9BF
:1078B00000F0E6FD00F00300012816D0022823D0D6
:1078C000D0B10399029800F033FF07EE900AF1EE71
:1078D000677AE7E70022002101F0F4FA07EE900A48
:1078E00017EE900A05B05DF804FB0399029800F0CA
:1078F0001FFF07EE900AD5E701220399029801F0D5
:10790000E1FA07EE900ACDE701220399029801F00F
:10791000D9FA07EE900AF1EE677AC3E7D80F493F2C
:107920002DE9F043DFF898808BB004460D46E8F768
:10793000C3F898F90030013306460F462BD0224693
:107940002B4620462946FFF76BFB814618BB204695
:107950002946FFF739FE0022164BFFF757FBD0B13F
:10796000154B164801930122CDF820900092CDE9E5
:107970000445CDE9024501F0FBFA98F90030022BED
:10798000CDE906010CD0684601F0F0FA40B1089B41
:107990005BB9DDE90667304639460BB0BDE8F083D8
:1079A00001F05AFC21230360F1E701F055FC089B2C
:1079B0000360EEE70000F03F54B60208D8B40208B6
:1079C000060400202DE9F0438BB004460D46E8F78D
:1079D000C7FA244B93F90080B8F1FF3F06460F46E3
:1079E0000ED022462B4620462946FFF719FB81463A
:1079F00030B900221C4B20462946FFF7E9FA20B98E
:107A0000304639460BB0BDE8F08300220023012147
:107A10000091164ECDF8209010461946CDE9044548
:107A2000CDE902450196FFF78BF9B8F1020FCDE9D8
:107A300006010CD0684601F099FA40B1089B5BB989
:107A4000DDE90667304639460BB0BDE8F08301F04A
:107A500003FC21230360F1E701F0FEFB089B0360B8
:107A6000EEE700BF060400200000F03F5CB602080D
:107A70002DE9F043DFF898808BB004460D46E8F717
:107A8000FBFA98F90030013306460F462BD0224608
:107A90002B4620462946FFF7C3FA814618BB2046ED
:107AA0002946FFF791FD0022164BFFF7AFFAD0B140
:107AB000154B164801930122CDF820900092CDE994
:107AC0000445CDE9024501F053FA98F90030022B44
:107AD000CDE906010CD0684601F048FA40B1089B98
:107AE0005BB9DDE90667304639460BB0BDE8F08387
:107AF00001F0B2FB21230360F1E701F0ADFB089B2D
:107B00000360EEE70000F03F64B60208D8B4020854
:107B100006040020E8F7E0BC2DE9F04FDFF8CCA028
:107B20008BB004460D46E8F7C7FD9AF900300133E3
:107B300006460F4637D022462B4620462946FFF7F9
:107B40006FFA834678BB20462946FFF73DFD0022A9
:107B5000244B80468946FFF74FFA20B340464946FA
:107B60000022204BFFF752FA9AF9006060B3CDE98A
:107B70000445CDE902450121002200231A4F00915E
:107B8000CDF820B0104619460197FFF7D9F8022E1C
:107B9000CDE906010CD0684601F0E8F940B1089B38
:107BA0006BB9DDE90667304639460BB0BDE8F08FAA
:107BB00001F052FB21230360089B002BF1D001F060
:107BC0004BFB089B0360ECE7022308900093064FF1
:107BD000CDE90445CDE9024520462946002200238F
:107BE000D2E700BF0000F03F6CB602080604002098
:107BF0002DE9F04F8BB01D4606460F46144600F0A7
:107C00006DFA294B93F900A0BAF1FF3F80468946EF
:107C100035D022462B4620462946FFF701FA70BB95
:107C200032463B4630463946FFF7FAF9834630BBC9
:107C30000022002320462946FFF7C0F9F8B11B4B6C
:107C4000CDF820B00122CDE90267CDE90445CDE9A8
:107C50000023BAF1000F17D0002200231046194666
:107C6000FFF76EF8BAF1020FCDE906010ED101F06F
:107C7000F3FA21230360089B83B9DDE906894046B6
:107C800049460BB0BDE8F08FCDE90667684601F0C4
:107C90006DF90028EBD0089B002BEED001F0DCFA48
:107CA000089B0360E9E700BF0604002080B60208D5
:107CB0002DE9F0438BB004460D46E8F7ADFF364B97
:107CC00093F90060731C804689460DD022462B46EE
:107CD00020462946FFF7A4F930B9002200232046A8
:107CE0002946FFF793F920B1404649460BB0BDE85D
:107CF000F0832A4B0890CDE90245CDE90445019374
:107D0000DEB9274F4FF06046204629460022002367
:107D1000CDE90667FFF752F9002835D0022300931A
:107D2000684601F023F9B8B1089BD3B9DDE90689AB
:107D3000404649460BB0BDE8F0831A4B0022CDE91E
:107D400006232046294600220023FFF737F968B1B1
:107D500002239E420093E3D101F07EFA22230360C6
:107D6000E2E701F079FA089B0360DFE70123022EC6
:107D700000930BD101F070FA212303600A4801F04F
:107D8000F7F8CDE90601CFE701230093684601F03B
:107D9000EDF80028F2D1EDE70604002088B60208CD
:107DA000FFFFEFC70000F0FFD8B402082DE9F04351
:107DB0008BB004460D46E9F7FBF8374B93F90060AA
:107DC000731C804689460ED022462B462046294603
:107DD000FFF726F9074630B900220023204629463E
:107DE000FFF700F920B9404649460BB0BDE8F083E3
:107DF0002A4B0897CDE90245CDE904450193DEB948
:107E0000274F4FF060462046294600220023CDE947
:107E10000667FFF7D3F8002835D0022300936846A1
:107E200001F0A4F8B8B1089BD3B9DDE90689404652
:107E300049460BB0BDE8F0831A4B0022CDE906237A
:107E40002046294600220023FFF7B8F868B1022334
:107E50009E420093E3D101F0FFF922230360E2E7A1
:107E600001F0FAF9089B0360DFE70123022E00937B
:107E70000BD101F0F1F9212303600B4801F078F8F0
:107E8000CDE90601CFE701230093684601F06EF8C3
:107E90000028F2D1EDE700BF060400208CB60208EE
:107EA000FFFFEFC70000F0FFD8B402082DE9F04350
:107EB0002B4E8BB080468946EAF77EF896F9003063
:107EC000013304460D4603D001F04AF8074620B1BD
:107ED000204629460BB0BDE8F0834046494601F0F4
:107EE0003FF80028F4D01F4B96F900400897032272
:107EF000CDE90023CDE90489CDE902894046494610
:107F00000022002364B9FFF781F84FF06042E8B126
:107F1000154BCDE90623684601F028F868B908E05A
:107F2000FFF774F8002298B1104B022CCDE906231C
:107F3000F1D101F091F922230360089B53B9DDE9E7
:107F40000645204629460BB0BDE8F083084BE0E724
:107F5000084BEAE701F080F9089B0360EFE700BFF8
:107F60000604002098B60208FFFFEF470000F07FEC
:107F7000FFFFEFC70000F0FF2DE9F04F8BB0044684
:107F80000D4600F0BDF9294B93F900A0BAF1FF3F6F
:107F900006460F4612D022462B4620462946FFF7BA
:107FA0003FF8834650B94FF000084FF000092046D3
:107FB000294642464B46FFF70BF820B93046394672
:107FC0000BB0BDE8F08F0122194BCDF820B0009224
:107FD000CDE90445CDE902450193BAF1000F17D070
:107FE00042464B4640464946FEF7AAFEBAF1020F0A
:107FF000CDE906010ED101F02FF921230360089B82
:1080000073B9DDE90667304639460BB0BDE8F08F3D
:10801000CDE90689684600F0A9FF0028EFD1EAE71C
:1080200001F01AF9089B0360EBE700BF060400208B
:10803000A0B6020810B52DED028B8AB008EE100A2A
:1080400000F06EFB234B93F90040631C09D0B4EEA3
:10805000488AF1EE10FA04D6B5EEC08AF1EE10FAB5
:1080600003D40AB0BDEC028B10BD01231A4A009361
:1080700018EE100A002301920893FEF7DFFC00229D
:10808000CDE90401CDE902010023ACB11046194647
:10809000FEF756FE022CCDE906010FD101F0DCF807
:1080A00021230360089B7BB9DDE90601FFF716F881
:1080B0000AB0BDEC028B10BDCDE90623684600F086
:1080C00055FF0028EED1E9E701F0C6F8089B0360F0
:1080D000EAE700BF06040020A8B602082DE9F04731
:1080E00023F0004E5EEA020620D07E4E21F00048CA
:1080F000B04589461ADC564216437B4F4EEAD67687
:10810000BE42144612D8F0451D46944682460746A4
:1081100001F0004612DC0FDB90420DD30ED1734B01
:10812000F60F03EBC603D3E9000105E0FEF7DEFC22
:1081300002460B46FEF704FEBDE8F087B8F5801F47
:108140003BDB4FEA2852A2F2FF32BEF5801F80F2DD
:108150008F80BEF1000F40F09F80002C23466449C1
:1081600004DD5B00002B01F1FF31FADC614B9A4228
:1081700070DBC9F3130343F480135E4881425BDB79
:10818000C5F3130444F48014501A07E052EA0503BF
:1081900021D0EB0F03EB42036F0001381A1BA7EB52
:1081A0000C05F8B1674538BF02F1FF32002AEDDA5D
:1081B000FA0F02EB43037F00EFE7B8F1000F5CD149
:1081C000BAF1000F53464A4ABFDD5B00002B02F1B3
:1081D000FF32FADCB9E7454BF60F03EBC606D6E9EA
:1081E0000001A9E7674538BF02F1FF32002ABCBF92
:1081F0003D461A4652EA0503EDD03F48824208DC6C
:10820000EB0F03EB4202824201F1FF314FEA4505D9
:10821000F6DD384B99424EDA5B1A142B54DC01F22E
:108220001E41DD4002FA01F142FA03F31E4341EA26
:108230000502314610467FE7401A1F2826DC01F26E
:108240001E450EFA00FE24FA05F504FA00FC45EA84
:108250000E0499E79F1A1F2F27DC02F21E4308FA2B
:1082600007F82AFA03F30AFA07F743EA080384E750
:108270004FEA2E51A1F2FF3178E71E4A4FEAC82398
:108280005B00002B02F1FF32FADC5EE71B4D6D1A3A
:10829000AC404FF0000C77E716494FEACE235B0065
:1082A000002B01F1FF31FADC60E7144B9B1A0AFA4C
:1082B00003F3002761E7A2F58012164301F2FF33B2
:1082C00046EA0351284637E71F2B07DC01F21E411F
:1082D00002FA01F125FA03F20A43AAE7074B591AF9
:1082E0000A41A6E7FFFFEF7F0000F07F98A1020898
:1082F000EDFBFFFF02FCFFFFFFFF0F00E2FBFFFFB4
:108300005E4A8A432DE9F04104460D4600F095800F
:1083100000290B460646844656DD0F1500F0A58061
:10832000C3F31303A7F2FF3743F480134FEADC7261
:10833000F80702EB43034FEA4C0504D5ED0F05EBBC
:1083400043034FEA8C0500267F10B44616224FF4F3
:1083500000110CEB010098424FEAD5744FEA450535
:1083600003DC1B1A00EB010C0E44013A04EB43033F
:108370004FEA5101EDD11046964620244FF00042BD
:1083800009E051D05B00013C03EBD5734FEA520288
:108390004FEA450537D0634502EB0E01F1DD0029B8
:1083A00001EB020E0ADBE046A3EB0C03A94288BFF7
:1083B00003F1FF336D1A1044C446E3E7BEF1000F2A
:1083C000F1DB0CF10108EFE721F00042024329D074
:1083D000002942D10146CA0A153B4905002AFAD0B4
:1083E00012F4801001D044E060465200D40200F143
:1083F000010CF9D5CCF1200401FA0CFCE1401F1A64
:1084000041EA02038CE72B4321D14408731003F1A6
:108410007F53F20703F5001348BF44F0004403EB19
:1084200007512046BDE8F081A942ABD8002901EBF5
:10843000020EC3DB98460023BCE702460B46FEF75C
:1084400055FB22462B46FEF79BF9BDE8F081411C07
:1084500016BF421C01365408D8E70246FEF78EF9D3
:1084600002460B46FEF76CFCDCE71A4631463B46FB
:10847000B6E78C4620244FF0FF30BFE70000F07FC6
:1084800070B5994A20F00044944286B06BDD974A5B
:10849000944206461CDC002824F00F04DFED947A99
:1084A000944A07EE100A64DD944277EE677A00F092
:1084B000D5809FED917A77EEC76A012077EEE67A54
:1084C000C1ED006A77EEC77AC1ED017A06B070BDE2
:1084D0008A4A94420D4660DDB4F1FF4F80F2B480C9
:1084E000E215863AA4EBC25307EE903ABDEEE77A66
:1084F000DFED836AB8EEC77A77EEC77A8DED037A3F
:1085000067EEA67ABDEEE77AB8EEC77A77EEC77A5D
:108510008DED047A67EEA67AF5EE407AF1EE10FA68
:10852000CDED057A40F0CC80B5EE407AF1EE10FA50
:108530000CBF01230223734901910221009103A87A
:10854000294600F07FF9002E11DA95ED007AD5ED7D
:10855000017AB1EE477AF1EE677A404285ED007A12
:10856000C5ED017A03E0002208604A60002006B0F1
:1085700070BD944277EE277A00F08F809FED5E7A8F
:1085800077EE876A4FF0FF3077EEE67AC1ED006A4A
:1085900077EE877AC1ED017AE9E700F07DFD9FED86
:1085A0005A6A9FED535ADFED546A07EE100AF6EE51
:1085B000007AE7EE067AFDEEE77AB8EEE76A17EEA4
:1085C000900AF1EE465AF0EE477A1F28E5EE857ADA
:1085D00026EE267A54DD77EEC76A16EE903AE41559
:1085E000C3F3C753E31A082B54DD9FED487ADFED40
:1085F000486AB0EE675AA5EE875A77EEC57AE5EE7F
:10860000877AD6EE267A75EE676AB0EE677A16EE4E
:10861000903AC3F3C753E41A192C53DCC5ED006A32
:10862000F0EE457A77EEE67A002E77EEC77AC5ED62
:10863000017A9CDAF1EE666AF1EE677AC5ED006ABE
:10864000C5ED017A404292E707EE900A77EEE77AAD
:108650000020C1ED017AC1ED007A88E7DFED2B6AD9
:108660009FED2B7A77EEE67A012077EEC76A77EEF8
:10867000E67AC1ED006A77EEC77AC1ED017A76E756
:10868000421E244B53F8223024F0FF029A4277EE28
:10869000C76AA2D0C5ED006AC4E7DFED1C6A9FED92
:1086A0001C7A77EEA67A4FF0FF3077EE876A77EE86
:1086B000E67AC1ED006A77EE877AC1ED017A56E776
:1086C000032338E7DFED146ADFED144AF0EE457A54
:1086D000E5EEA67A35EE677AA5EEA67A96EE247ACE
:1086E00077EEC76AD6E700BFD80F493FE3CB164005
:1086F000800FC93FD00FC93F43443537800F4943EE
:1087000000008043B8B8020884F9223F004435379E
:1087100008A3852E38B8020800A3852E32318D2497
:1087200007EE900AF1EEE77A17EE900A704700BF65
:1087300020F00043B3F1485F06EE100A06EE901AEF
:108740002EDAFDEEC67A17EE903A002B5FD026EEB9
:10875000067ADFED343A9FED344ADFED344A9FED7F
:10876000345ADFED347ADFED345AA7EE234AE7EED0
:10877000044AA7EE245AE7EE057AE7EE275A65EE9B
:10878000875A66EEC66AB6EE006AE7EE256AF7EE2D
:10879000007AD7EE066A77EEE67A17EE900A70470F
:1087A00026EE067ADFED1F3A9FED1F4ADFED1F4AE6
:1087B0009FED1F5ADFED1F7ADFED1F5A1F4AA7EE0C
:1087C000234A9342E4EE074AA4EE875AE5EE077A7D
:1087D000E7EE875A65EE875AD3DD194A93421BDCD0
:1087E00003F17F4307EE903AB7EE005A35EE675A31
:1087F00066EEC66AB6EE006AE7EE256AD7EE067A3E
:1088000077EEE67A75EE677A17EE900A7047F7EE24
:10881000007A17EE900A7047B6EE075AF5EE027A24
:10882000E6E700BF4ED747ADF6740F317CF293B444
:10883000010DD037610BB6BAABAA2A3D9999993E82
:108840000000483F2DE9F04F2DED048BD7B003F128
:10885000FF390293D31E48BF131DBA4C649D059186
:10886000DB1023EAE37354F82560039303F1010856
:10887000A2EBC80816EB09028646A3EB090316D43F
:108880001A449FEDB17A6598511C1AAA002BA4BF17
:1088900050F8234007EE904A03F10103ACBFF8EE15
:1088A000E77AF0EE477A8B42E2EC017AEED1029B56
:1088B000002E4FEA83044FEA860A1DDB1AAB181913
:1088C00043AA7346191902EB0A0742ADF446B9F1FF
:1088D000000FDFED9D7A09DB02466346F3EC016A87
:1088E00032ED017A8B42E6EE877AF7D1E5EC017A38
:1088F000BD4200F10400EAD1AAF1080306ADEB186D
:1089000004939FED939ADFED918A009605ABB346F1
:1089100074449A4442AF76464FEA8B0356AA1A44EF
:10892000BBF1000F52ED146A16DD07EB8B022946EE
:1089300066EE897AB0EE667AFDEEE77A32ED016A8C
:10894000F8EEE77ABA42A7EEE87A77EE866ABDEEED
:10895000C77AA1EC017AEBD1414616EE900A019359
:1089600000F0F8FB08EE100AF4EE007A68EE277AC1
:1089700017EE900A00F094FB07EE100AF2EE007A70
:10898000A7EE678AB8F1000F019BFDEEC89AF0EEE2
:10899000487AB8EEE98A37EEC88A40F3C6800BF110
:1089A000FF3CC8F1080255F82C1041FA02F000FA19
:1089B00002F2891A45F82C1019EE90CA8444C8F1C5
:1089C000070209EE90CA41FA02F2002A48DD19EEC8
:1089D000901ABBF1000F01F1010109EE901A40F36A
:1089E0003682D5F800C0BCF1000F40F09B80BBF18F
:1089F000010F20D0AE4601205EF8041F00F1010CEB
:108A0000002900F09980E6468C467146CCF5807CC2
:108A10008B4545F820C00CDD55F821002B4405EBB3
:108A2000810100E00868C0F1FF0041F8040B9942A1
:108A3000F8D14FF0010CB8F1000F0EDDB8F1010FC5
:108A400000F02E81B8F1020F07D10BF1FF3155F87C
:108A5000213003F03F0345F82130022A00F009815C
:108A6000B5EE408AF1EE10FA40F08680009B0BF1E3
:108A7000FF3C63450EDC0BF18041013905EB8101C0
:108A8000002051F80439514540EA0300F9D100288B
:108A900040F00F81009B013B55F82330002B40F044
:108AA000FC80049B4FF0010C53F804290CF1010CDD
:108AB000002AF9D0DC440BF1010EE64530DC039BC3
:108AC000029A0EEB03015A4403EB0C0B1AAB01F1B3
:108AD000804103EB8202659B013903EB810107EBC7
:108AE0008E0E03EB8B0B51F8043F9FED177A07EEC8
:108AF000903AF8EEE77A1046B9F1000FE0EC017A0F
:108B000009DB334601E072ED017AF3EC016AA3421E
:108B1000A6EEA77AF7D15945AEEC017A0246E2D12A
:108B2000E346F9E60121002070E715D10BF1FF3291
:108B300055F82220121248E7E34560467FF45CAF07
:108B40008C4678E70CBC020800000000000080435F
:108B50000000803B0000C93FF6EE007AB4EEE78AE1
:108B6000F1EE10FA80F25D81B5EE408AF1EE10FA76
:108B70004FF000023FF47AAFC8F1000118EE100A7E
:108B80000192009E00F0E6FA5FED106A019A07EE8E
:108B9000100AB4EEE67AF1EE10FAC0F25B815FEDF6
:108BA000147A67EE277A0BF10103FDEEE77A08F1FC
:108BB0000808F8EEE77AA7EEE67AFDEEE77ABDEE72
:108BC000C77A17EE101A45F82B1017EE901A45F8D1
:108BD000231041464FF07E50CDE9002300F0BAFA51
:108BE000019B009A002B07EE100AC0F24A819F00F9
:108BF00042A907F1040E5FED2A6A0F44381D05EB08
:108C00000E0171ED017AF8EEE77AA94267EE877AF4
:108C100027EE267A60ED017AF3D10DF1B8081FED49
:108C2000336AC44603F101090025002EC0F2048115
:108C3000A24CDFEDA37A3846B0EE467A002103E07D
:108C4000A94208DCB4EC017AF0EC016A01318E42F1
:108C5000E6EE877AF4DA01354D45ECEC017AA7F1BE
:108C60000407E2D16499032955D8DFE801F0CAB7B7
:108C7000B75DF7EE007A37EEC88ABCF1000F3FF41B
:108C8000EFAE17EE900A4146019200F063FA07EE4C
:108C9000900A019A38EE678AE2E64FF0010C09E784
:108CA0000BF1FF3155F8213003F07F0345F82130F7
:108CB000D3E655F82C10009E6346A8F10808002959
:108CC00087D10CF18041013905EB810151F804098C
:108CD000013BA8F108080028F8D07AE7DFED787AA0
:108CE000002A40F0BF809DED2E7A0599002BC1ED42
:108CF000007A77EE677A0BDD2FA80121B0EC017ABC
:108D000001318B4277EE877AF8DA002A40F0B6809C
:108D1000059BC3ED017A19EE903A03F0070057B0B6
:108D2000BDEC048BBDE8F08F002B40F3C4809C00A9
:108D300056A921440DF1B80803F1804051ED286A8D
:108D4000013808EB830171ED017A37EEA67A884588
:108D500077EEC77A81ED007A77EEA67AF0EE476A71
:108D6000C1ED017AEFD1012B40F3A58056AB1C4435
:108D70008000031D54ED286A43442FA973ED017A46
:108D800037EEA67A994277EEC77A83ED007A77EECE
:108D9000A67AF0EE476AC3ED017AEFD10830DFED35
:108DA000487A08EB000308F1080833ED017A98458A
:108DB00077EE877AF9D1DDED2E6A9DED2F7A2AB113
:108DC000F1EE666AB1EE477AF1EE677A059BC3ED84
:108DD000006A83ED017AC3ED027A9CE7002BFFF66F
:108DE0007DAF2EA800EB8301DFED357A043131ED44
:108DF000017A884277EE877AF9D1002A3FF473AF7F
:108E000030E0DFED2F7AC6443EED017AF04577EE93
:108E1000877AF9D10AB1F1EE677A059BC3ED007A42
:108E200079E719EE902ABBF1000F02F1010209EE79
:108E3000902A3ADD0222D4E5DFED217A01354D4555
:108E4000ECEC017AA7F104077FF4EFAE0AE74FF0EC
:108E5000000CF0E5BDEEC77A5B4617EE101A45F838
:108E60002B10B6E6DDED2E6A0599B1EE677A002B80
:108E700076EEE77A81ED007A3FF73EAFF1EE677A62
:108E800046E7649903293FF646AF01A050F821F068
:108E9000A18E0208DD8D0208DD8D0208298D0208F1
:108EA000DFED077A002AB6D1B7E7F7EE007A37EEA2
:108EB000C88A0222D4E5DFED027A7CE7E4BB02082F
:108EC0000000000020F00043B3F1485F07EE900A75
:108ED00006EE101A04DABDEEE77A17EE103A23B365
:108EE00027EEA77A9FED174ADFED174A9FED175A35
:108EF000DFED175ADFED176AE7EE044A27EE874ADF
:108F0000A4EE875AE5EE075AE5EE876A82B166EE6F
:108F1000C46AF6EE005AE6EE256ADFED0F5A96EEC9
:108F2000876AA4EE256A77EEC67A17EE900A704734
:108F30009FED0A6AA7EE266AE6EE047A17EE900A1B
:108F4000704700BFD3C92E2F342FD7B21BEF38364E
:108F5000010D50B98988083CABAA2A3EABAA2ABEAB
:108F600041F0004101F58010C00F704700207047AC
:108F700000200149704700BF0000F87F2DE9F04153
:108F8000C1F30A57A7F2FF35132D82B002460B46F4
:108F90000C464FEAD178064633DC002D4EDB3C49C7
:108FA000294103EA0100104326D049080B4052EA48
:108FB00003060CD04FF48023132D24EA010143FA59
:108FC00005F444EA01040CBF4FF000460026314985
:108FD00001EBC8082346D8E9004532462046294619
:108FE000FDF7CEFBCDE9000122462B46DDE900016D
:108FF000FDF7C4FB02460B461046194602B0BDE819
:10900000F081332D07DDB5F5806FF5D1FDF7B8FBA5
:1090100002460B46F0E7A7F213474FF0FF31F94045
:109020000842E9D049080842D1D04FF0804320EAF5
:10903000010143FA07F741EA0706C8E721F00041BA
:109040000143D9D0C3F3130101434E420E43114DE6
:109050005C0C360B640406F4002305EBC80243EAFB
:109060000401D2E900450B46024629462046FDF799
:1090700087FBCDE9000122462B46DDE90001FDF723
:109080007DFB21F00041024641EAC873B4E700BF0E
:10909000FFFF0F00E8A1020820F00040704700BF6A
:1090A00082B00190019A22F00041CB0D7F3B162B3C
:1090B00020DC002B10462EDB234919410A4224D024
:1090C000DFED227A9DED017A77EE277AF5EEC07A10
:1090D000F1EE10FA19DD002A04DA4FF4000242FA28
:1090E00003F3184420EA010307EE903A17EE900AC2
:1090F00002B07047B1F1FF4FDDED017AF6D377EEA4
:10910000A77A17EE900A02B07047DDED017A17EEEC
:10911000900A02B07047DFED0D7A9DED017A77EE8F
:10912000277AF5EEC07AF1EE10FAEEDD002A02DBC6
:10913000DFED077ADAE7FFEE007A002918BFB0EE1C
:10914000677AF0EE477AD1E7FFFF7F00CAF24971F4
:109150000000000000B52DED028B83B00190019B53
:1091600033F000421DD0B2F1FF4F0FD2B2F5000F25
:1091700020D3D20D0A44FE2A2CDC002A3DDD23F048
:10918000FF4343EAC25307EE903A03E007EE900A2A
:1091900077EEA77A17EE900A03B0BDEC028B5DF86C
:1091A00004FBDDED017A17EE900A03B0BDEC028BF3
:1091B0005DF804FB9DED017ADFED1B7A1B4B67EE3A
:1091C000277A9942CDED017A10DB019BC3F3C75298
:1091D000193ACFE79FED168A019918EE100A00F0B0
:1091E00035F807EE900A67EE887AD3E7DFED117A5B
:1091F0009DED017A67EE277ACCE712F1160F06DAB9
:109200004CF250339942E5DC9FED0A8AE4E71932CB
:1092100023F0FF4343EAC2539FED077A07EE903AEB
:1092200067EE877AB6E700BF0000004CB03CFFFF56
:10923000CAF249716042A20D0000003303F00043FE
:1092400021F0004242EA0301704700BF01F00041F3
:1092500020F0004008437047014B1868704700BF7A
:10926000340200208A892DE9F041054610070C469A
:1092700058D44B68002B05DC0B6C002B02DC002063
:10928000BDE8F081E66A002EF9D0002312F4805286
:109290002F68216A2B6032D0606DA3895A0705D5EB
:1092A0006368C01A636B0BB1236CC01A00230246BB
:1092B000E66A216A2846B047431CA38906D129687B
:1092C0001D2948D8294ACA40D60744D500226260E1
:1092D000D9042269226004D5421C01D12B6803B94C
:1092E0006065616B2F600029C9D004F14403994285
:1092F00002D02846F3F7A6F900206063C0E70123F7
:109300002846B047411CC8D12B68002BC5D01D2B67
:1093100001D0162B01D12F60B1E7A38943F04003A0
:10932000A381ADE70F69002FA9D093070E6808BF8E
:109330004B690F6018BF0023A6EB07088B60B8F1DC
:10934000000F9CDD43463A46216AA66A2846B0478C
:10935000002806DCA38943F04003A3814FF0FF30CF
:109360008EE70744A8EB0008E9E700BF01004020B2
:1093700038B50B6905460C46DBB118B183690BB9EA
:1093800000F05CF80C4B9C4209D16C68B4F90C30CD
:109390007BB121462846BDE83840FFF763BF074B45
:1093A0009C4201D1AC68F1E7054B9C4208BFEC68D8
:1093B000ECE7002038BD00BF38BC020858BC0208EA
:1093C00018BC0208014620B9044B0549186800F092
:1093D000B9BA044B1868FFF7CBBF00BF78BC0208CE
:1093E0007193020834020020002310B50446C0E93E
:1093F0000033836081814366C281C0E904338361A5
:10940000194608225C30F1F703FA054B6362054BFD
:10941000A362054BE362054B2462236310BD00BFCA
:109420004F9A0208719A0208A99A0208CD9A020876
:10943000014900F087BA00BF71930208836910B533
:10944000044633BBC0E912330365124B124A1B6852
:109450008262984204BF0123836100F01FF86060BC
:10946000204600F01BF8A060204600F017F800220C
:10947000E06004216068FFF7B7FF01220921A068BE
:10948000FFF7B2FF02221221E068FFF7ADFF0123D0
:10949000A36110BD78BC020831940208F8B51B4BDB
:1094A0001E68B369074613B93046FFF7C7FF483651
:1094B000D6E90134013B03D5336833B13668F7E7A9
:1094C000B4F90C506DB16834F4E70421384600F06B
:1094D00023FA30600028F1D10C233B60044620467B
:1094E000F8BD0B4B6566C4E90055A560C4E90335BA
:1094F000C4E905550822294604F15C00F1F788F912
:10950000C4E90D55C4E91255E9E700BF78BC02086B
:109510000100FFFF70B50D4E0D4CA41BA4100025DB
:10952000A54209D10B4E0C4C00F064FBA41BA41007
:109530000025A54205D170BD56F825309847013564
:10954000EEE756F8253098470135F2E70804002089
:1095500008040020080400201C040020024B0146DF
:10956000186800F04ABA00BF3402002038B5074C32
:109570000023054608461146236000F0FFF8431C0F
:1095800002D1236803B12B6038BD00BF0433002033
:10959000084B37B51C68084D236A002B08BF2B46C3
:1095A000009313460A460146204600F09BFA03B09A
:1095B00030BD00BF340200209802002038B5074CAF
:1095C000054608461146002222601A46F7F780FF3A
:1095D000431C02D1236803B12B6038BD0433002043
:1095E00038B5064C0023054608462360F7F748FFC8
:1095F000431C02D1236803B12B6038BD0433002023
:1096000038B5074C054608461146002222601A4626
:10961000F7F7CCFF431C02D1236803B12B6038BDA0
:109620000433002038B5074C054608461146002291
:1096300022601A46F7F788FF431C02D1236803B162
:109640002B6038BD04330020002815D00060416035
:109650008260C360046145618661C76144460462FB
:109660004C464462544684625C46C4626446046369
:109670006E46466374468463002906D0C46B043C7E
:10968000043925680D60B442F9D1946BA646566B37
:10969000B546002B06D0D46B043C043B1D68256006
:1096A000B442F9D1146BA446D46AA346946AA24684
:1096B000546AA146146AA046D76996695569146927
:1096C000D36851681068926870470060416082609A
:1096D000C360046145618661C761444604624C46CB
:1096E0004462544684625C46C462644604636E46C7
:1096F000466374468463C46B043C043925680D607A
:10970000B442F9D1C7698669456904697047006048
:1097100041608260C360046145618661C7614446FF
:1097200004624C464462544684625C46C4626446A9
:1097300004636C4644637446846304697047846BB5
:10974000A646446BA546046BA446C46AA346846A35
:10975000A246446AA146046AA046C769866945696B
:109760000469C3688268006841687047024B5822E8
:109770001A604FF0FF30704704330020024B58222C
:109780001A604FF0FF30704704330020FEE7F7F710
:1097900067BFC3689A68C26002B1506042685A608D
:1097A0000A68824203D10B60986043607047426848
:1097B000916881420CBF9360D360F5E78368DA68F3
:1097C000826002B1506042685A600A68824203D1E6
:1097D0000B60D860436070474268D16881420CBF1B
:1097E000D3609360F5E7037833B943685B688342DD
:1097F00002D1DB6818467047836823B1DA68002A13
:10980000F8D01346FAE743689A688242F2D11846C4
:109810005B68F9E7C3681BB19A686AB11346FBE756
:1098200042680346D168994202D113465268F9E76B
:10983000D9688A4218BF134618467047FFF7D3BF4E
:109840002DE9F0471F4603F1040900230C464A6046
:10985000C1E902330B7018B3974291601BD1796054
:10986000FC604FF001084FF0000A7B68A34245D02E
:1098700066683278002A41D17568AB689E4227D16C
:10988000EB6893B11A7882B986F8008083F800807B
:109890002A702C46E9E7BB689342E2D1B960E0E761
:1098A000D160FB689342DCD1DAE7F368A34204D1CC
:1098B00049463046FFF76DFF34466368494683F8F2
:1098C0000080284685F800A0FFF778FF2546E0E7EE
:1098D00013B11A78002AD7D0B368A34204D14946FD
:1098E0003046FFF76BFF34466368494683F80080D3
:1098F000284685F800A0FFF74CFFE7E701221A7021
:10990000BDE8F08708B500F000F808B50620FFF7BD
:1099100025FE0120F7F77CFE70B54A1E68255543E9
:109920000E4605F17401F2F787FE044640B10021AE
:10993000C0E900160C30A06005F16802F0F768FF7E
:10994000204670BD2DE9F8438046894600F1480461
:10995000002614B93046BDE8F883D4E90175013F0B
:1099600001D52468F5E7AB89012B07D9B5F90E308D
:10997000013303D029464046C84706436835EEE721
:10998000D0F8EC00704782B001B901A942B14BB1E7
:1099900013780B601278101C18BF012002B07047BA
:1099A0001046FBE76FF00100F8E730B50024A24253
:1099B00001D1002007E0035D01340D1915F8015CA9
:1099C000AB42F4D0581B30BD884210B501EB020306
:1099D00007D8421E99420AD011F8014B02F8014FF4
:1099E000F8E78342F5D98118D21AD34200D110BDCD
:1099F00013F8014D01F8014DF7E71F2938B504466A
:109A00000D4604D9162303604FF0FF3038BD426C79
:109A100012B152F821304BB9204600F016F82A4610
:109A200001462046BDE83840FFF7A0BD012B0AD013
:109A3000591C03D1162303600120E7E7002442F8F4
:109A40002540284698470020E0E7FFF78FBE10B575
:109A50000C46B1F90E10FFF7E5FD0028ABBF636DB2
:109A6000A3891B1823F48053ACBF6365A38110BD89
:109A70002DE9F0411F468B89DB0505460C4616464D
:109A800005D502230022B1F90E10FFF7B9FDA38915
:109A9000B4F90E1023F48053A38132463B46284686
:109AA000BDE8F041FFF78ABD10B50C46B1F90E10C4
:109AB000FFF7A6FD431CA38915BF606523F48053FF
:109AC00043F48053A38118BFA38110BDB1F90E10D8
:109AD000FFF786BD034613F8012B002AFBD1181AA5
:109AE000013870472DE9F0478046894692461E4668
:109AF0000F463D46089815F8014BFFF741FF2044FB
:109B0000437813F0080332D12D2C32D17C78BD1C60
:109B10000122002E5DD0102E09D1302C07D12B78D8
:109B200003F0DF03582B4FD16C7810260235002A42
:109B300014BF4FF000416FF000410027B1FBF6FC6D
:109B4000384606FB1C1EA4F13003092B17D81C460F
:109B5000A64223DD7B1C07D084451CD301D1A6453A
:109B600019DB00FB0640012715F8014BEBE72F46F8
:109B7000BFE72B2C04BFBD1C7C781A46C9E7A4F1B3
:109B80004103192B01D8373CE2E7A4F16103192BFB
:109B900004D8573CDCE74FF0FF37E5E77B1C08D1E2
:109BA0002223C8F800300846BAF1000F07D1BDE8FB
:109BB000F08702B14042BAF1000FF8D00FB105F1C1
:109BC000FF39CAF80090F2E73024002EAFD1082602
:109BD000ADE7302CA3D00A26A9E749B1FF2A85BFFB
:109BE0008A2303600A704FF0FF3098BF012070474E
:109BF00008467047F8B500BFF8BC08BC9E467047E1
:109C0000F8B500BFF8BC08BC9E46704700000000D5
:109C10000000000000000000000000000000000044
:109C20000108010842424242010801083ED8E98D7C
:109C30009D37010875380108B9380108E138010875
:109C400019730108757A010809690108F96C01089E
:109C5000056D01081D6D01083D4F0108116D0108DA
:109C60006D690108D96C0108355C0108554F010880
:109C7000C9520108F5510108A5510108F95301081D
:109C8000714C0108754E0108854E0108994E010876
:109C9000B54E01087D570108DD560108B55C010885
:109CA0000D5D0108D5840108D984010810A30208BC
:109CB000E0A2020868A20208B0A2020840A30208BB
:109CC000ACA30208DCA30208D4A50208F5670108CA
:109CD000C96901089D670108755F0108F5840108DD
:109CE000ED840108F1840108E55A010819590108B9
:109CF00089590108295001083D5001085D500108AB
:109D0000ED5001080151010839510108CD4A0108FF
:109D1000E14E0108F54E0108F94E0108014F010816
:109D20000D4F0108154F0108254F01082D4F01085F
:109D3000354F0108CD580108FD580108BD690108DB
:109D4000C96D0108F56D0108616E0108695F0108C0
:109D5000815F010865660108A5480108B14801084E
:109D600009490108114901082D4E0108394E010821
:109D700081490108294B01081D4D0108314B01089B
:109D80009D4B0108594C0108694C0108A95801086C
:109D9000455401086D54010895540108ED5401081B
:109DA00019550108CD520108C5530108FD5201089B
:109DB0002D530108555301087D5301089D53010897
:109DC000395A01085D5A0108815A0108A55A01084B
:109DD000C55A0108AD580108BD5801085D57010872
:109DE0006D57010879550108C14E0108A1550108B8
:109DF000595601086D56010881560108955601080B
:109E0000A9560108BD560108D14E0108D94E0108D6
:109E1000DD8401083D4F01084D4F0108554F0108F1
:109E2000BD4F0108C14F0108C54F0108D94F0108B6
:109E30000D50010811500108215001084D51010831
:109E4000595101085D510108E55B0108295D0108D0
:109E5000415D0108655D0108B95D0108D95D010832
:109E6000F5380108093901081D390108313901089F
:109E700045390108593901086D390108813901084E
:109E8000B16E0108D96E0108ED6E0108016F01087D
:109E9000156F0108296F01083D6F0108516F010816
:109EA000F9390108FD390108153A0108293A010874
:109EB000413A0108553A0108D13D01080D3F01081A
:109EC000B93A0108BD3A0108ED3A0108193B010809
:109ED000993B0108A53B0108E93B01085D3C0108ED
:109EE000753C01089D3C0108A53C0108E567010897
:109EF000E96701082D3F0108313F01083D3F010896
:109F0000413F0108453F01084D3F0108513F01080D
:109F1000553F0108753F0108913F0108B93F01080D
:109F2000BD3F0108C53F0108D93F0108E53F0108D1
:109F3000E93F0108656F0108D16F010861700108F0
:109F4000C1700108C9700108D1700108E1700108F1
:109F5000F170010881670208D16F02080D700208D4
:109F60007D670208416D0208ED6A02081973010855
:109F700099760108397701084D7701088D77010836
:109F800095770108A1770108A9770108B177010841
:109F9000B9770108C1770108E1770108097801085C
:109FA000857801089D780108A5780108BD78010829
:109FB0008D750108A5750108B5750108BD75010805
:109FC000C1750108C575010811760108617601089F
:109FD00095790108C1790108057A0108317A0108EB
:109FE000B17A0108A17B0108C97B0108317C010815
:109FF000857C0108917C0108BD810108E97B01088D
:10A00000ED7B010829840108B984010899E700085B
:10A0100051E80008C984010815A90108F5A901083B
:10A02000A1880108A9880108B1880108B58801083C
:10A03000C988010851950108D588010805890108DA
:10A040007D8C01082589010889890108FD8C01089A
:10A05000AD8E0108C58E0108ED8E010879A50108B5
:10A06000F98E0108598F0108C1A301084DA6010806
:10A07000A58F0108A5900108D9A601086DA30108C4
:10A0800031A3010859A30108D5A70108D1920108FD
:10A09000B993010899940108B19401080DA8010829
:10A0A000F9A6010831AA01088DAA010800000000E4
:10A0B00001000000000000000A0000000000000095
:10A0C0006400000000000000E80300000000000041
:10A0D0001027000000000000A08601000000000022
:10A0E00040420F0000000000809698000000000031
:10A0F00000E1F5050000000000CA9A3B00000000E6
:10A1000000E40B540200000000E87648170000004D
:10A110000010A5D4E800000000A0724E180900004D
:10A1200000407A10F35A00004FBB610567ACDD3F79
:10A13000182D4454FB21E93F9BF681D20B73EF3F6E
:10A14000182D4454FB21F93FE2652F227F2B7A3CE6
:10A15000075C143326A6813CBDCBF07A8807703C9F
:10A16000075C143326A6913C000000000000E03F8D
:10A17000000000000000E0BF0000E0FE422EE63FCD
:10A180000000E0FE422EE6BF763C7935EF39EA3D2D
:10A19000763C7935EF39EABD000000000000000090
:10A1A000000000000000008000000040FB21F93F9B
:10A1B000000000002D44743E000000809846F83CEA
:10A1C0000000006051CC783B00000080831BF03918
:10A1D0000000004020257A38000000802282E3360B
:10A1E000000000001DF3693500000000000030434E
:10A1F00000000000000030C33031323334353637D0
:10A200003839616263646566000000006661696CEC
:10A210006564207479706520636865636B20666F80
:10A220007220257020402570000000005654202523
:10A2300070202D206F626A74797065202564206318
:10A240006C6173734E6F202564000000756E686149
:10A250006E646C656420657863657074696F6E2CDC
:10A260002076616C75653A000C0003F9000000006F
:10A270000100000000000000ED450108355C010808
:10A2800061440108D5450108A1450108954501082B
:10A2900089450108B54501086D697373696E6720CA
:10A2A00070726F7065727479206F6E202570000077
:10A2B0000C0003F900000000010000000000000095
:10A2C000ED450108355C010855440108414301088A
:10A2D000454301085143010855430108594301080A
:10A2E0000C0003F900000000010000000000000065
:10A2F000ED450108355C0108CD450108A94201087A
:10A30000B1420108B5420108B9420108FD42010805
:10A310000C0003F900000000010000000000000034
:10A32000ED450108355C0108E54501088942010851
:10A330009142010895420108E94501089942010846
:10A340000C0003F900000000010000000000000004
:10A35000ED450108355C0108DD4501086143010850
:10A3600071430108E1450108D9450108814301080D
:10A370005B4E61746976652025705D005B52656691
:10A380004F626A6563742076743D257020636C3D6E
:10A39000256420737A3D25645D0000005B257320F1
:10A3A0002570203D2025735D00000000080004F9A1
:10A3B000000000000300000000000000ED4501085F
:10A3C000355C01080000000089430108000000001E
:10A3D0000000000000000000000000000C0002F976
:10A3E000000000000200000000000000ED45010830
:10A3F000355C010800000000D145010800000000A4
:10A4000000000000000000000000000010A302088F
:10A410000700626F6F6C65616E00000010A3020898
:10A420000900756E646566696E656400ACA3020818
:10A43000000000000000000010A30208000000005F
:10A4400010A30208080066756E6374696F6E0000E1
:10A4500010A302080900756E646566696E65640084
:10A4600010A302080800496E66696E6974790000DD
:10A4700010A3020803004E614E00000010A3020862
:10A4800009002D496E66696E6974790010A302088F
:10A4900004006E756C6C000010A302080400747256
:10A4A0007565000010A30208050066616C73650005
:10A4B00010A3020808005B4F626A6563745D0000C8
:10A4C00010A302080A005B46756E6374696F6E5DC7
:10A4D0000000000010A3020806006E756D62657230
:10A4E0000000000010A3020806006F626A65637432
:10A4F0000000000010A302080600737472696E6702
:10A50000000000006763416C6C6F6328256429209C
:10A510002825642F256420667265653B202564200C
:10A520006D617820626C6F636B29202D3E206E6513
:10A530007720626C6F636B002D2D4D41524B0000F4
:10A5400052503A25702F25640000000052473A25EA
:10A55000702F25640000000047432025642F2564E8
:10A5600020667265653B202564206D6178426C6FC2
:10A57000636B0000474320626C6F636B202564624D
:10A5800020402025700000005265665265664C6FC1
:10A5900063616C20257020763D257000526566430E
:10A5A0006F6C6C656374696F6E2025702073697AB7
:10A5B000653D2564000000005265665265636F7258
:10A5C000642025702073697A653D25642062797462
:10A5D000657300000C0005F9000000000400000095
:10A5E00000000000016901080D6801087167010899
:10A5F000B967010800000000000000000000000032
:10A600000000000076617269616E74206E6F7420C4
:10A61000737570706F727465643A20257300000062
:10A620005265664D61702025702073697A653D25FD
:10A63000640000005365676D656E743A2025702CC8
:10A64000206C656E6774683A2025642C2073697AE3
:10A65000653A2025640000002D3E2025640000009E
:10A660004572726F723A202564205B25645D00009C
:10A67000526566416374696F6E2025702070633D7A
:10A6800025582073697A653D25640000140004F99B
:10A690000000000008000000000000000168010840
:10A6A0003D68010885670108C967010800000000CE
:10A6B000000000000000000000000000080004F995
:10A6C000000000000700000000000000056901080C
:10A6D0002D6801087D670108C567010800000000BA
:10A6E0000000000000000000000000000C0004F961
:10A6F000000000000600000000000000F9670108EB
:10A70000F96B010869670108B567010800000000DE
:10A71000000000000000000000000000525325640B
:10A720003A25702F25640000756E6B6E6F776E0092
:10A730000A444D4553473A0A000000000A0A000047
:10A740001E0000000A0000000E0000000F000000C4
:10A75000080000001D0000001F000000160000009F
:10A760000D0000002E0000001C0000001200000080
:10A77000730000002F00000018000000110000000E
:10A78000100000000400000071000000190000002B
:10A7900007000000060000000100000000000000AB
:10A7A00070000000B1820108D1820108DD82010839
:10A7B00000030C0F30333C3FC0C3CCCFF0F3FCFFA1
:10A7C00000112233445566778899AABBCCDDEEFF91
:10A7D000526566496D6167652025702073697A65E9
:10A7E0003D25642078202564000000000C0004F959
:10A7F000000000000500000000000000F9840108CE
:10A80000FD84010861670108B167010800000000CC
:10A810000000000000000000000000000000000038
:10A8200000000000F570010801B0010805B0010842
:10A8300009B0010845B7010811B0010825B00108A9
:10A8400015CE0108F5D1010800000000000000004D
:10A85000F570010801B0010845B2010809B001080E
:10A8600045B701089DB00108B1B001083DC8010815
:10A87000ADC70108F5C70108B1C7010855B0010807
:10A8800039B201087DCB01082A2A2A20434F4441CE
:10A890004C2050414E4943203A205B25645D000026
:10A8A000000000000000000035B301083DB30108BE
:10A8B000A1B301085DB30108000000000000000022
:10A8C000D1E201083DE30108A5E1010801E4010826
:10A8D000BDE10108EDB3010829E2010839E20108F0
:10A8E00049E2010855E2010851E40108D5B2010826
:10A8F00065E20108DDB201082DE6010875E20108F4
:10A90000F5E60108E5B20108EDB20108F5B201086B
:10A91000E1E50108FDB201084DE7010839B301087E
:10A920004DB30108C1E3010841E601086DE60108E5
:10A93000C9E401081DE50108CDE5010899E6010813
:10A94000A5E401080000000000000000F570010807
:10A9500001B0010805B0010809B0010845B70108B8
:10A96000CDB6010809B70108000000000000000092
:10A9700031B9010811B9010829B9010801B9010863
:10A9800009B9010821B9010819B901083078000096
:10A99000444D455347206C696E6520746F6F206C81
:10A9A0006F6E67210A000000250000003F3F3F0056
:10A9B0000D0A00000000000000000000F570010812
:10A9C00001B0010805B0010809B0010845B7010848
:10A9D0003DC7010855C7010839C70108000000003C
:10A9E00000000000F570010801B0010805B0010881
:10A9F00009B0010845B70108BDC70108D5C701085E
:10AA00003DC80108ADC70108F5C70108B1C7010875
:10AA1000B5C70108B5C701087DCB010800000000DB
:10AA200000000000F570010801B0010805B0010840
:10AA300009B0010845B7010800000000000000004F
:10AA400015CE0108E9150208000000000000000012
:10AA50000000000000000000E9CE0108E9CE010876
:10AA6000E91502080000000000000000F570010870
:10AA700001B0010805B0010809B0010845B7010897
:10AA8000C5D10108D9D1010815CE0108F5D10108B9
:10AA90000000000000000000F570010889D20108E4
:10AAA00005B0010875D3010845B7010859D201085E
:10AAB0006DD2010851D20108CDD301080000000079
:10AAC0000000000061D4010801B7010829BB01089A
:10AAD00071D401080000000000000000F1D9010855
:10AAE0006DD50108D5D4010875D4010805D7010832
:10AAF00091D70108F4FFFFFF00000000F570010886
:10AB000001B0010805B0010809B0010845B7010806
:10AB100089D70108A5D70108000000000000000047
:10AB2000F570010801B0010805B0010809B001087D
:10AB300045B70108BDDA0108D1DA010861DA010878
:10AB40000000000000000000B5E00108F9E0010885
:10AB500005E10108C1E00108D9E00108A1ED010803
:10AB60001DEF0108BDED010841EE0108FDED0108F2
:10AB7000DDED010869E0010811E10108FCFFFFFFBC
:10AB80000000000015F30108C5F301088DE001087D
:10AB90003DE101088DE20108ADE20108B9E20108DA
:10ABA000000201000000000000000000D1E20108E6
:10ABB0003DE30108A5E1010801E40108BDE1010848
:10ABC000D5E7010829E2010839E2010849E2010854
:10ABD00055E2010851E40108D5B2010865E2010817
:10ABE000DDB201082DE6010875E20108F5E601086D
:10ABF000E5B20108EDB20108F5B20108E1E501088E
:10AC0000FDB201084DE70108BDE20108C1E20108FB
:10AC1000C1E3010841E601086DE60108C9E4010845
:10AC20001DE50108CDE5010899E60108A5E4010844
:10AC30000000000000000000E1E9010865FA0108D9
:10AC4000D5FA010879E9010801EA0108B5E9010826
:10AC5000C9E901081CFFFFFF00000000C1E901086D
:10AC6000D9E90108F9E90108D9EF010831F0010833
:10AC700095E9010825EA0108000000000000000035
:10AC800091EA0108A5EA010805EB010825EB010896
:10AC900031EB01080000000000000000AD71010868
:10ACA00089740108EDEA0108F9EA010835EB0108A9
:10ACB000F9EB0108000000000000000081ED010830
:10ACC00089ED010889ED010891ED010899ED010870
:10ACD000A1ED01081DEF0108BDED010841EE0108DD
:10ACE000FDED0108DDED010855F0010859F00108FE
:10ACF00061F00108000000000000000015F30108E9
:10AD0000C5F30108D5F2010861F301080000000055
:10AD10000000000079F60108A9F601084572726F7B
:10AD20007220696E697469616C697A696E672074F2
:10AD30006865206D75746578206F626A6563740A52
:10AD4000000000000000000000000450035000005C
:10AD50000100000000000450036000000200000039
:10AD600000000450037000000300000000000450C5
:10AD70000380000004000000000004500390000065
:10AD8000050000000000045003A0000006000000C1
:10AD90000000045003B00000070000000000045051
:10ADA00003C00000100000000000045003F0000089
:10ADB000110000000000045003000100FFFF00002C
:10ADC000FFFFFFFF00000000F00000000000045043
:10ADD00003000100F1000000000004500310010016
:10ADE000F20000000000045003200100FFFF0000FB
:10ADF000FFFFFFFF0000000007000000005C0040B4
:10AE00000A04000009000000005400400A04000089
:10AE100016000000005400400A0400001601000063
:10AE2000008400400A0500001800000000540040A3
:10AE30000A0400001A010000005800400A04000043
:10AE40001A000000008400400A0300001D000000FA
:10AE5000005800400A04000020000000005C004090
:10AE60000A04000020010000008400400A020000E3
:10AE7000FFFF0000FFFFFFFF000000000A000000CE
:10AE8000005400400A04000014000000005C004070
:10AE90000A04000017000000005400400A040000EB
:10AEA00017010000008400400A050000190000009E
:10AEB000005400400A0400001B010000005800403C
:10AEC0000A0400001B000000008400400A03000088
:10AED0001E000000005800400A040000210000008D
:10AEE000005C00400A0400002101000000840040D2
:10AEF0000A020000FFFF0000FFFFFFFF000000004C
:10AF000000000000000000401211000001000000DD
:10AF1000000000401221000002000000000000407C
:10AF20001231000003000000000000401241000048
:10AF300005000000000000401211000006000000A3
:10AF400000440140121E000007000000002C0140D8
:10AF50001211020008000000002C01401211000034
:10AF600009000000002C0140122100000A0000002E
:10AF7000002C0140123100000B000000002C0140A9
:10AF80001241000010000000002C014012210200BC
:10AF900011000000002C01401231020018000000D6
:10AFA00000440140121E00001A0000000000004092
:10AFB000123100001B0000000000004012410000A0
:10AFC000FFFF0000FFFFFFFF000000000600000081
:10AFD00000300140020500000B000000003001407D
:10AFE00002050000140000000030014002050000CE
:10AFF00014010000003C0040020600001E0000009A
:10B000000038004002050000220000000038004027
:10B01000020500002B000000003C0040020600007A
:10B02000FFFF0000FFFFFFFF00000000070000001F
:10B0300000300140020500000C000000003001401B
:10B04000020500001500000000300140020500006C
:10B0500015010000003C0040020600001F00000037
:10B0600000380040020500002300000000380040C6
:10B07000020500002C000000003C00400206000019
:10B08000FFFF0000FFFFFFFF0000000001000000C5
:10B0900000300140020500000500000000300140C2
:10B0A000020500001300000000300140020500000E
:10B0B00013010000003C0040020600001A000000DE
:10B0C00000380040020500001D000000003800406C
:10B0D000020500002A000000003C004002060000BB
:10B0E000FFFF0000FFFFFFFF000000000400000062
:10B0F000003001400205000004010000003C004057
:10B10000020600000F0000000030014002050000B0
:10B110000F010000003C004002060000100000008B
:10B120000030014002050000190000000038004016
:10B13000020500001C00000000380040020500006D
:10B14000FFFF0000FFFFFFFF000000000100000004
:10B15000004C0040120800000300000000440040C2
:10B1600012070000030100000080004012080000E8
:10B170000A00000000380140120700000F00000024
:10B180000044004012030000170000000038014096
:10B19000120700001A0000000080004012080000A2
:10B1A0001B000000004800401207000020000000C3
:10B1B00000800040120800002B0000000048004002
:10B1C000120700002B010000004C00401208000094
:10B1D000FFFF0000FFFFFFFF000000000000000075
:10B1E000004C004012080000020000000044004033
:10B1F0001207000002010000008000401208000059
:10B20000090000000038014012070000160000008D
:10B2100000380140120700001A00000000480040FA
:10B22000120700001B000000008000401208000010
:10B2300021000000008000401208000024000000EF
:10B2400000480040120700002A00000000480040AB
:10B25000120700002A010000004C00401208000004
:10B26000FFFF0000FFFFFFFF0000000052545820C6
:10B270006572726F7220636F64653A203078253092
:10B2800038582C207461736B2049443A203078255B
:10B290003038580A0000000010020000E8030000E7
:10B2A00004000000C80F0020E80F0020F80F002065
:10B2B0000810002005000100000200018924020896
:10B2C000020000000100000020030000402A0020CE
:10B2D0007F3801000000000000000000B5FB0108FD
:10B2E00065FA0108D5FA010805FA0108B1FA010862
:10B2F000000000000000000055FD01087DFD010870
:10B30000E9FC01080000000000000000DDFD01086C
:10B3100005FE0108D1FD010800000000000000004A
:10B320000000000000000000E915020843616E6E95
:10B330006F7420696E697469616C697A6520414433
:10B34000430A000050696E6D6170206572726F7201
:10B350003A2077726F6E6720706F7274206E756D11
:10B360006265722E00000000496E7465727275701D
:10B3700074496E206572726F723A2070696E206E29
:10B380006F7420737570706F727465642E0A00009C
:10B3900000000000000000000600000000000000A7
:10B3A0000100000007000000000000000200000093
:10B3B0000800000000000000030000000900000079
:10B3C00000000000040000000A000000000000006F
:10B3D000050000001700000001000000050000004B
:10B3E0001700000002000000050000001700000028
:10B3F000030000000500000017000000040000002A
:10B40000050000001700000000000000060000001A
:10B4100028000000010000000600000028000000D5
:10B4200002000000060000002800000003000000E9
:10B4300006000000280000000400000006000000D4
:10B4400028000000050000000600000028000000A1
:10B45000636F756C64206E6F742070696E6F7574A5
:10B460000000000070696E6D6170206D69732D6D54
:10B47000617463680000000070696E6D6170206E19
:10B480006F7420666F756E6420666F7220706572CF
:10B490006970686572616C0070696E6D6170206EB4
:10B4A0006F7420666F756E6420666F722066756EAD
:10B4B0006374696F6E0000003A2570004F7065720A
:10B4C00061746F72206E6577206F7574206F6620CF
:10B4D0006D656D6F72790D0A00000000E4B402081A
:10B4E0002824002095660208A56602084167020824
:10B4F0005967020805670208010000000200000009
:10B5000004000000080000001000000020000000FF
:10B510004000000080000000000100000002000068
:10B5200000040000000800000010000000200000DF
:10B53000004000000080000043616E6E6F7420695F
:10B540006E697469616C697A652050574D0A000014
:10B55000556E6B6E6F776E2050574D20696E737409
:10B56000616E636500000000000000400000000004
:10B570000004004000000000002C01400100000019
:10B5800000400140010000000044014001000000B3
:10B5900000000000020000007024002043616E6E75
:10B5A0006F7420696E697469616C697A65205541B0
:10B5B00052540A00434C4B3A2053504920696E7351
:10B5C00074616E6365206E6F742073657400000093
:10B5D00004020800001010100410101002101010C7
:10B5E0000800000043616E6E6F7420696E697469B3
:10B5F000616C697A65205350490000000000080022
:10B600001000180020002800300038000000000062
:10B610000000000001020304060708090000000002
:10B6200001020304A0860100400D0300801A0600F9
:10B6300000350C0040420F0080841E0000093D00D0
:10B6400000127A000024F40000366E010048E80180
:10B65000006CDC0261636F730000000061636F7354
:10B66000680000006173696E000000006174616E23
:10B6700068000000636F7368000000006578700068
:10B68000666D6F64000000006C6F67006C6F67315F
:10B6900030000000706F770073696E680000000072
:10B6A00073717274000000007371727466000000A0
:10B6B000FB21F93FFB2109407CD91240FB211940B5
:10B6C0007A6A1F407CD92240BBFD2540FB212940DE
:10B6D0003A462C407A6A2F405C4731407CD9324050
:10B6E0009C6B3440BBFD3540DB8F3740FB2139403C
:10B6F0001BB43A403A463C405AD83D407A6A3F40F3
:10B700004C7E40405C4741406C1042407CD94240F6
:10B710008CA243409C6B4440AC344540BBFD45404B
:10B72000CBC64640DB8F4740EB584840FB214940A1
:10B7300083F9A200444E6E00FC291500D157270062
:10B74000DD34F50062DBC0003C9995004190430078
:10B750006351FE00BBDEAB00B761C5003A6E24004A
:10B76000D24D42004906E00009EA2E001C92D100A9
:10B77000EB1DFE0029B11C00E83EA700F535820054
:10B7800044BB2E009CE98400B4267000417E5F001B
:10B79000D6913900538339009CF439008B5F8400C3
:10B7A00028F9BD00F81F3B00DEFF97000F98050049
:10B7B000112FEF000A5A8B006D1F6D00CF7E3600EF
:10B7C00009CB2700464FB7009E663F002DEA5F0079
:10B7D000BA277500E5EBC7003D7BF100F73907009C
:10B7E00092528A00FB6BEA001FB15F00085D8D007A
:10B7F000300356007BFC4600F0AB6B0020BCCF0052
:10B8000036F49A00E3A91D005E619100081BE60072
:10B8100085996500A0145F008D40680080D8FF0006
:10B8200027734D0006063100CA561500C9A87300DB
:10B830007BE260006B8CC000000FC93F000F4940E5
:10B8400000CB9640000FC9400053FB4000CB16418F
:10B8500000ED2F41000F49410031624100537B410F
:10B86000003A8A4100CB9641005CA34100EDAF4114
:10B87000007EBC41000FC94100A0D5410031E2412A
:10B8800000C2EE410053FB4100F20342003A0A427B
:10B890000083104200CB164200141D42005C23427C
:10B8A00000A5294200ED2F4200363642007E3C4280
:10B8B00000C74242000F4942A2000000F900000008
:10B8C000830000006E0000004E00000044000000F5
:10B8D0001500000029000000FC0000002700000007
:10B8E00057000000D1000000F50000003400000007
:10B8F000DD000000C0000000DB000000620000006E
:10B9000095000000990000003C000000430000008A
:10B910009000000041000000FE0000005100000007
:10B9200063000000AB000000DE000000BB00000070
:10B93000C500000061000000B70000002400000006
:10B940006E0000003A000000420000004D000000C0
:10B95000D2000000E00000000600000049000000E6
:10B960002E000000EA00000009000000D1000000E5
:10B97000920000001C000000FE0000001D000000FE
:10B98000EB0000001C000000B100000029000000D6
:10B99000A70000003E000000E80000008200000058
:10B9A00035000000F50000002E000000BB00000084
:10B9B0004400000084000000E90000009C0000003A
:10B9C0007000000026000000B40000005F000000CE
:10B9D0007E000000410000003900000091000000DE
:10B9E000D600000039000000830000005300000072
:10B9F00039000000F40000009C00000084000000FA
:10BA00005F0000008B000000BD000000F900000096
:10BA1000280000003B0000001F000000F8000000AC
:10BA200097000000FF000000DE000000050000009D
:10BA3000980000000F000000EF0000002F00000041
:10BA4000110000008B0000005A0000000A000000F6
:10BA50006D0000001F0000006D00000036000000B7
:10BA60007E000000CF00000027000000CB00000097
:10BA700009000000B70000004F0000004600000071
:10BA80003F000000660000009E0000005F00000014
:10BA9000EA0000002D0000007500000027000000F3
:10BAA000BA000000C7000000EB000000E500000045
:10BAB000F10000007B0000003D00000007000000D6
:10BAC00039000000F70000008A000000520000006A
:10BAD00092000000EA0000006B000000FB00000084
:10BAE0005F000000B10000001F0000008D0000009A
:10BAF0005D00000008000000560000000300000088
:10BB00003000000046000000FC0000007B00000048
:10BB10006B000000AB000000F0000000CF00000050
:10BB2000BC000000200000009A000000F4000000AB
:10BB3000360000001D000000A9000000E300000026
:10BB400091000000610000005E000000E6000000BF
:10BB50001B000000080000006500000099000000C4
:10BB6000850000005F00000014000000A00000003D
:10BB700068000000400000008D000000FF00000091
:10BB8000D8000000800000004D000000730000009D
:10BB90002700000031000000060000000600000041
:10BBA0001500000056000000CA00000073000000ED
:10BBB000A8000000C900000060000000E2000000D2
:10BBC0007B000000C00000008C0000006B00000043
:10BBD0000200000003000000040000000600000056
:10BBE0000000C93F0000F0390000DA370000A2333E
:10BBF0000000842E0000502B0000C2270000D0223D
:10BC00000000C41F0000C61B000044170400000011
:10BC10000700000009000000000000000000000014
:10BC20000000000000000000000000000000000014
:10BC30000000000000000000000000000000000004
:10BC400000000000000000000000000000000000F4
:10BC500000000000000000000000000000000000E4
:10BC600000000000000000000000000000000000D4
:10BC7000000000000000000038020020CC0300009B
:10BC80000F0010014300504F534958002E00002070
:10BC9000202020202020202028282828282020207C
:10BCA000202020202020202020202020202020882C
:10BCB0001010101010101010101010101010100490
:10BCC00004040404040404040410101010101010E0
:10BCD00041414141414101010101010101010101D4
:10BCE00001010101010101010101101010101010EA
:10BCF00042424242424202020202020202020202A4
:10BD000002020202020202020202101010102000BF
:10BD10000000000000000000000000000000000023
:10BD20000000000000000000000000000000000013
:10BD30000000000000000000000000000000000003
:10BD400000000000000000000000000000000000F3
:10BD500000000000000000000000000000000000E3
:10BD600000000000000000000000000000000000D3
:10BD700000000000000000000000000000000000C3
:10BD800000000000000000000000000000000000B3
:04BD900000000000AF
:08BD94000879FE7F01000000A8
:10BD9C0000000000A10D0C007F0000000833002003
:10BDAC0031F9010800000000010000000010000043
:10BDBC0018100020A532020801000000100000003D
:10BDCC0000093D00380200200000000038BC0208C9
:10BDDC0058BC020818BC020800000000000000005B
:10BDEC000000000000000000000000000000000047
:10BDFC000000000000000000000000000000000037
:10BE0C000000000000000000000000000000000026
:10BE1C000000000000000000000000000000000016
:10BE2C0000000000000000004300000000000000C3
:10BE3C0000000000000000000000000000000000F6
:10BE4C0000000000000000004300000000000000A3
:10BE5C0000000000000000000000000000000000D6
:10BE6C000000000000000000430000000000000083
:10BE7C0000000000000000000000000000000000B6
:10BE8C000000000000000000430000000000000063
:10BE9C000000000000000000000000000000000096
:10BEAC000000000000000000430000000000000043
:10BEBC000000000000000000000000000000000076
:10BECC000000000000000000430000000000000023
:10BEDC000000000000000000000000000000000056
:10BEEC000000000000000000430000000000000003
:10BEFC000000000000000000000000000000000036
:10BF0C000000000000000000DB9B0208879902087B
:10BF1C00000000008EBC02088CBC02088DBC02081C
:10BF2C008DBC02088DBC02088DBC02088DBC0208B9
:10BF3C008DBC02088DBC02088DBC02088DBC0208A9
:10BF4C00FFFFFFFFFFFFFFFFFFFFFFFFFFFF0000F3
:10BF5C00010041534349490000000000000000006B
:10BF6C0000000000000000000000000000000000C5
:10BF7C00000041534349490000000000000000004C
:10BF8C0000000000000000000000000000000000A5
:10BF9C00000000000004010081360108CD67010893
:10BFAC00CD7401085982010891FC01085D36010825
:04BFBC000000000081
:040000050802357543
:00000001FF
